{"type": "FeatureCollection", "features": [{"id": "5", "type": "Feature", "properties": {"NAME_FULL": "People's Republic of Olvana", "NAME_SHORT": "Olvana", "CODE": "PRO", "DEMONYM": "Olvanese", "LANGUAGE": "Olvanese", "STATUS": "NOTIONAL", "REGION": "Indo-Pacific", "DATASET": "DATE"}, "geometry": {"type": "MultiPolygon", "coordinates": [[[[105.76626278418587, 18.75784142967001], [105.76547868491201, 18.75745628423323], [105.76441491000031, 18.7589785830001], [105.76626278418587, 18.75784142967001]]], [[[110.68506920700025, 20.153306381999926], [110.71094811300026, 20.07518138200021], [110.72445722700036, 20.063869533000116], [110.7527775400003, 20.047512111000117], [110.77466881600026, 20.020209052000098], [110.78834069100037, 20.010402736000174], [110.8698836600002, 19.997015692000105], [110.89014733200014, 19.999172268000166], [110.89307701900015, 20.001654364000217], [110.89380944100037, 20.004380601000094], [110.89633222700019, 20.004584052000155], [110.90430748800003, 19.999172268000166], [110.92066491000043, 20.012030341000127], [110.93458092500015, 19.995062567000048], [110.97706139400037, 19.86587148600006], [110.9831649100002, 19.80776601800028], [110.99683678500031, 19.749172268000052], [111.00001061300037, 19.721665757000096], [110.99439537900008, 19.694281317000048], [110.99659264400026, 19.686590887000023], [111.01050866000043, 19.683783270000163], [111.0163680350002, 19.678045966000298], [111.03467858200025, 19.64223867400017], [111.02035566500007, 19.635972398000035], [111.00912519600018, 19.641750392999995], [110.99333743600022, 19.643011786000216], [110.97730553500043, 19.640773830000114], [110.96583092500026, 19.635972398000035], [110.91358483200025, 19.58368561400016], [110.88770592500038, 19.550604559000078], [110.87647545700037, 19.53978099200009], [110.85865319100009, 19.53481679900017], [110.84278405000026, 19.539943752000056], [110.82984459700037, 19.55206940299996], [110.82178795700003, 19.567775783000116], [110.81853274800045, 19.59105052300015], [110.82569420700014, 19.603257554000038], [110.84115644600041, 19.607977606000134], [110.86264082100018, 19.608710028000132], [110.84766686300026, 19.62246328300006], [110.82642662900037, 19.621771552000098], [110.80632571700022, 19.61273834800022], [110.79444420700014, 19.60126373900016], [110.80355879000035, 19.589178778000075], [110.81299889400015, 19.563381252000056], [110.82178795700003, 19.554103908000172], [110.80738366000043, 19.53058502800019], [110.80250084700009, 19.517401434000078], [110.80062910200041, 19.49542877799996], [110.79623457100035, 19.484605210000268], [110.78549238400029, 19.471909898000035], [110.77230879000018, 19.461655991999976], [110.76026451900026, 19.457912502000056], [110.76026451900026, 19.451646226000094], [110.76449629000018, 19.440822658000172], [110.7575789720002, 19.430894273000206], [110.74512780000026, 19.422674872000186], [110.73243248800037, 19.416937567000048], [110.72437584700037, 19.415961005000042], [110.70622806100033, 19.418280341000127], [110.69825280000015, 19.416937567000048], [110.69499759200045, 19.411810614000103], [110.68580162900031, 19.393052476000037], [110.6814884770003, 19.388983466000184], [110.6696883470002, 19.38174062700017], [110.67066491000031, 19.365057684000135], [110.67603600400042, 19.34674713700008], [110.67790774800022, 19.334377346000053], [110.66602623800037, 19.31976959800022], [110.6413680350002, 19.3124453800001], [110.63672936300026, 19.29653554900011], [110.6326603520003, 19.26447174700013], [110.62159264400026, 19.23065827000005], [110.6062931650003, 19.19985586100006], [110.58904056100044, 19.176703191999934], [110.58033287900031, 19.15517812700017], [110.57585696700033, 19.157049872000073], [110.5686141290002, 19.163072007000153], [110.54908287900031, 19.151760158000116], [110.5444442070002, 19.15005117400011], [110.51010175900018, 19.15005117400011], [110.5022078790002, 19.153143622000186], [110.49691816500041, 19.159898179000095], [110.49048912900031, 19.166571356000077], [110.47917728000021, 19.169256903000132], [110.47917728000021, 19.163072007000153], [110.48975670700025, 19.152980861000117], [110.49756920700025, 19.141546942000048], [110.50733483200031, 19.13222890800023], [110.52418053500031, 19.128322658000116], [110.53565514400015, 19.13222890800023], [110.54151451900026, 19.138617255000042], [110.54623457100018, 19.139878648000206], [110.55494225400008, 19.128322658000116], [110.55681399800022, 19.120021876999942], [110.55494225400008, 19.087347723000107], [110.56234785200019, 19.10236237200013], [110.57545006600031, 19.15005117400011], [110.58228600400037, 19.15005117400011], [110.56999759200022, 19.100897528000075], [110.56723066500035, 19.065578518000052], [110.56324303500043, 19.055650132000153], [110.54753665500027, 19.040187893000223], [110.53077233200025, 19.018377997000073], [110.51807701900015, 18.99347565300019], [110.50993899800045, 18.964341539000145], [110.50709069100043, 18.93032461100006], [110.50806725400031, 18.922186591000127], [110.51238040500021, 18.91351959800005], [110.51335696700022, 18.906398830000285], [110.5091251960003, 18.897772528000075], [110.50001061300031, 18.895738023000206], [110.4908960300001, 18.895656643000223], [110.4865828790002, 18.892482815000164], [110.48389733200014, 18.887193101000037], [110.47771243600033, 18.88523997600015], [110.47046959700032, 18.884263414000202], [110.46558678500043, 18.88190338700025], [110.46314537900025, 18.875148830000114], [110.46127363400018, 18.85602448100002], [110.45875084700043, 18.848334052000098], [110.45435631600037, 18.844468492000203], [110.44109134200022, 18.836493231000134], [110.43458092500003, 18.83038971600007], [110.43148847700036, 18.821478583000044], [110.43580162900037, 18.814154364000046], [110.44190514400026, 18.80825429900011], [110.44507897200032, 18.80365631700016], [110.45093834700043, 18.80499909100007], [110.4650171230004, 18.804510808999964], [110.4808048840004, 18.800970770000276], [110.49284915500033, 18.793117580000114], [110.5008244150003, 18.802923895000106], [110.50245201900015, 18.81122467700021], [110.49968509200045, 18.837551173999998], [110.49341881600031, 18.86261627800019], [110.49366295700037, 18.876044012000307], [110.50342858200037, 18.88190338700025], [110.5100203790002, 18.868597722999937], [110.53443444100031, 18.785630600999923], [110.51905358200037, 18.783107815000108], [110.50717207100041, 18.783514716000127], [110.49854576900003, 18.781642971000053], [110.49284915500033, 18.77204010600019], [110.4865828790002, 18.77204010600019], [110.4690047540002, 18.777167059000078], [110.45036868600044, 18.75653717700027], [110.42457116000043, 18.70376211100023], [110.43100019600018, 18.692450262000193], [110.42676842500026, 18.68089427300015], [110.41602623800003, 18.67055898600006], [110.40349368600033, 18.662787177000155], [110.38868248800014, 18.675034898000206], [110.34449303500008, 18.664618231000134], [110.33521569100026, 18.673325914000202], [110.34538821700045, 18.680853583000157], [110.36866295700031, 18.68593984600011], [110.41089928500031, 18.69013092700004], [110.41089928500031, 18.697495835000097], [110.40349368600033, 18.70376211100023], [110.3972274100002, 18.70376211100023], [110.38013756600031, 18.690497137000136], [110.32732181100044, 18.67934804900011], [110.30787194100037, 18.662787177000155], [110.30103600400042, 18.662787177000155], [110.27084394600041, 18.66815827000022], [110.22722415500021, 18.642157294000015], [110.15699303500026, 18.580796617000146], [110.12110436300037, 18.55581289300011], [110.10328209700032, 18.539374091000127], [110.0881453790002, 18.504339911000045], [110.07064863400018, 18.50202057500013], [110.03419030000038, 18.511948960000154], [110.03419030000038, 18.505764065000108], [110.04615319100031, 18.495917058999964], [110.07406660200019, 18.489081122000073], [110.08253014400037, 18.47776927299998], [110.0813094410002, 18.464544989000046], [110.06983483200014, 18.42698802300032], [110.06820722700041, 18.40892161700009], [110.0613712900003, 18.40892161700009], [110.06072024800028, 18.42959219000005], [110.05323326900026, 18.44061920800027], [110.04460696700045, 18.440130927000098], [110.0402938160002, 18.42597077000022], [110.04444420700014, 18.41136302300015], [110.05111738400029, 18.399644273000263], [110.05258222700041, 18.390204169000242], [110.0402938160002, 18.382269598000164], [110.02621504000041, 18.38060130400015], [109.99512780000003, 18.38231028900009], [109.96859785200019, 18.389837958000044], [109.96859785200019, 18.405503648000206], [109.97592207100018, 18.406642971000053], [109.98707116000031, 18.40399811400016], [110.0003361340004, 18.403021552000155], [110.01368248800014, 18.40892161700009], [110.01986738400029, 18.417669989000103], [110.02344811300037, 18.42938873900016], [110.02393639400037, 18.441229559000192], [110.02051842500026, 18.450506903000075], [110.0173445970002, 18.44497304900017], [110.00928795700025, 18.434800523000092], [110.00619550900018, 18.42938873900016], [110.00318444100043, 18.43357982000009], [109.9925236340004, 18.443060614000103], [109.99236087300034, 18.439642644999992], [109.99284915500044, 18.43276601800011], [109.9925236340004, 18.42938873900016], [109.98194420700037, 18.435492255000156], [109.97738691500041, 18.431463934000192], [109.97364342500032, 18.423081773000206], [109.96517988400018, 18.41632721600007], [109.95801842500015, 18.41437409100007], [109.95411217500003, 18.414252020000163], [109.94874108200037, 18.415228583000044], [109.9153751960003, 18.416815497000073], [109.89828535200041, 18.414252020000163], [109.88209069100009, 18.40753815300019], [109.83545983200037, 18.382269598000164], [109.82520592500026, 18.38589101800011], [109.8215438160002, 18.391669012000193], [109.81959069100037, 18.39777252800019], [109.81446373800026, 18.402085679000095], [109.7956649100002, 18.40517812700017], [109.7762150400003, 18.40403880400015], [109.75904381600043, 18.40037669500009], [109.74610436300037, 18.395900783000116], [109.75001061300026, 18.37360260600019], [109.72657311300026, 18.303778387000023], [109.73178144600018, 18.27301666900013], [109.7177840500002, 18.27309804900011], [109.71338951900015, 18.279852606000077], [109.71159915500033, 18.287990627000113], [109.70460045700037, 18.292222398000206], [109.69678795700037, 18.28986237199996], [109.67042076900026, 18.27301666900013], [109.67042076900026, 18.265570380000156], [109.68620853000033, 18.267645575000188], [109.69402103000033, 18.267157294000015], [109.71192467500026, 18.25873444200016], [109.7177840500002, 18.258449611000117], [109.73454837300022, 18.259995835000154], [109.73926842500015, 18.25873444200016], [109.74146569100043, 18.250799872000186], [109.7385360040002, 18.243231512000136], [109.73178144600018, 18.234198309000135], [109.72803795700014, 18.22467682500013], [109.71900475400031, 18.21482982000032], [109.7087508470002, 18.207220770000106], [109.70118248800026, 18.20408763200004], [109.6906844410002, 18.209173895000106], [109.68433678500043, 18.221136786000045], [109.67725670700031, 18.245062567000048], [109.66374759200033, 18.237616278000075], [109.62907962300022, 18.227362372000186], [109.6219181650003, 18.220851955000057], [109.61915123800026, 18.21727122600015], [109.60613040500033, 18.208889065000164], [109.60206139400037, 18.20408763200004], [109.60352623800026, 18.19879791900013], [109.61304772200043, 18.183050848000278], [109.61573326900015, 18.176174221000167], [109.60132897200037, 18.1812197940003], [109.58765709700026, 18.18158600499993], [109.5760197270003, 18.17747630400015], [109.56804446700033, 18.169338282999945], [109.56120853000044, 18.169338282999945], [109.56251061300026, 18.17698802299998], [109.56804446700033, 18.193182684000135], [109.5657658210003, 18.201361395000163], [109.56120853000044, 18.20579661700009], [109.55648847700041, 18.209214585000097], [109.5544539720002, 18.2140567080001], [109.55323326900037, 18.21767812700017], [109.54859459700043, 18.21767812700017], [109.54761803500031, 18.220851955000057], [109.5496525400003, 18.22553131700016], [109.5544539720002, 18.22882721600007], [109.55909264400015, 18.230536200000245], [109.56120853000044, 18.230780341000127], [109.56332441500007, 18.238023179000265], [109.5662541020003, 18.242987372000186], [109.56657962300011, 18.24884674699996], [109.56120853000044, 18.25873444200016], [109.55225670700003, 18.244777736000174], [109.53882897200026, 18.236761786000045], [109.52955162900008, 18.227687893000052], [109.53394616000037, 18.210353908000172], [109.51075280000015, 18.21360911700009], [109.47868899800034, 18.192694403000132], [109.46501712300022, 18.20408763200004], [109.47803795700037, 18.212795315000108], [109.48471113400018, 18.221502997000073], [109.49268639400015, 18.22809479400007], [109.5096134770003, 18.230780341000127], [109.51026451900015, 18.238592841000127], [109.5065210300001, 18.252752997000073], [109.50017337300045, 18.25950755399998], [109.49293053500037, 18.245062567000048], [109.48072350400008, 18.264797268000166], [109.46273847700036, 18.27968984600011], [109.4399520190002, 18.288967190000164], [109.33350670700025, 18.30426666900013], [109.21810957100018, 18.305650132000096], [109.19060306100033, 18.29970937700017], [109.17310631600043, 18.28815338700008], [109.16260826900037, 18.287827867000146], [109.14966881600009, 18.29970937700017], [109.1438908210003, 18.31415436400016], [109.14234459700009, 18.328680731000077], [109.13949629000041, 18.34072500200017], [109.12916100400042, 18.347479559000135], [109.13599694100037, 18.361151434000078], [109.12208092500038, 18.358221747000243], [109.1111759770003, 18.36127350499993], [109.10157311300014, 18.366034247000243], [109.09164472700041, 18.36859772300005], [109.00074303500043, 18.36717357000009], [108.99089603000021, 18.36871979400013], [108.97901451900026, 18.374823309000192], [108.96778405000038, 18.384466864000274], [108.96094811300026, 18.393866278000075], [108.95281009200028, 18.402289130000156], [108.93734785200041, 18.40892161700009], [108.88591556100022, 18.426662502000113], [108.87598717500015, 18.4331729190003], [108.86866295700003, 18.443833725999923], [108.83106530000003, 18.468695380000156], [108.79558353000021, 18.486558335000154], [108.77556399800045, 18.493068751999942], [108.7551375660002, 18.496975002000056], [108.71070397200026, 18.49966054900011], [108.6949975920001, 18.504828192000218], [108.68490644600041, 18.51520416900013], [108.67725670700014, 18.5324160830001], [108.67408287900042, 18.554836330000057], [108.67945397200032, 18.57225169500026], [108.68718509200033, 18.5878360050001], [108.69092858200025, 18.604722398000092], [108.6971134770003, 18.683294989000217], [108.69361412900031, 18.719875393000166], [108.6833602220002, 18.75617096600007], [108.66814212300022, 18.788641669000015], [108.64942467500015, 18.813625393000052], [108.63697350400031, 18.825100002000113], [108.62745201900026, 18.835882880000213], [108.62387129000018, 18.84918854400013], [108.62891686300014, 18.868231512000307], [108.6472274100002, 18.903225002000227], [108.65381920700014, 18.92104726800011], [108.65626061300037, 18.943996486000174], [108.65357506600031, 18.964341539000145], [108.65040123800026, 18.973578191999934], [108.64600670700014, 18.977484442000048], [108.64258873800026, 18.982814846000167], [108.64258873800026, 19.018459377000056], [108.61524498800037, 19.1016299500003], [108.62907962300045, 19.11090729400013], [108.64429772200043, 19.12417226800028], [108.65691165500021, 19.139797268000223], [108.66309655000032, 19.15623607000026], [108.67896569100031, 19.152044989000103], [108.68344160200019, 19.15005117400011], [108.68344160200019, 19.15623607000026], [108.67603600400031, 19.162176825000188], [108.67188561300037, 19.17300039300028], [108.66993248800014, 19.194077867000203], [108.6639103520003, 19.209621486000117], [108.65007571700022, 19.21279531500005], [108.63428795700025, 19.212551174000055], [108.62208092500026, 19.217718816999934], [108.62175540500033, 19.228094794000015], [108.6307072270003, 19.237982489000046], [108.63795006600031, 19.248968817000105], [108.62696373800026, 19.274969794000185], [108.63168379000018, 19.286281643000223], [108.64112389400037, 19.29490794500009], [108.64942467500015, 19.299627997000186], [108.64730879000018, 19.303534247000073], [108.64478600400031, 19.310370184000192], [108.6496688160002, 19.311224677000098], [108.66260826900015, 19.309719143000052], [108.66456139400015, 19.314276434000078], [108.66309655000032, 19.32050202000005], [108.66684004000041, 19.325181382000153], [108.67725670700014, 19.32758209800022], [108.67725670700014, 19.334377346000053], [108.66928144600007, 19.34373607000009], [108.67253665500021, 19.351263739000046], [108.6795353520003, 19.35809967700004], [108.68344160200019, 19.365423895000163], [108.68653405000026, 19.377875067000048], [108.69434655000026, 19.380316473000107], [108.71452884200022, 19.375921942000048], [108.72917728000021, 19.377997137000023], [108.7522078790002, 19.386948960000268], [108.7629500660002, 19.388983466000184], [108.77068118600022, 19.394354559000078], [108.79029381600043, 19.42316315300019], [108.79818769600041, 19.425848700000074], [108.81788170700037, 19.43919505399998], [108.82748457100018, 19.444240627000113], [108.86980228000044, 19.457912502000056], [108.90333092500038, 19.493353583000157], [108.92448978000021, 19.506252346000053], [108.93734785200041, 19.492010809000078], [108.94483483200031, 19.492010809000078], [108.94483483200031, 19.498846747000073], [108.94076582100035, 19.514105536000045], [108.95655358200037, 19.534613348000107], [108.99268639400003, 19.567775783000116], [109.00220787900031, 19.58722565300019], [109.00847415500044, 19.59707265800006], [109.01587975400042, 19.60126373900016], [109.0670679050001, 19.608710028000132], [109.0788680350002, 19.61273834800022], [109.1033634770003, 19.62628815300019], [109.11841881600031, 19.631170965999956], [109.12891686300037, 19.64020416900013], [109.13257897200043, 19.64223867400017], [109.13355553500031, 19.643377997000186], [109.15650475400031, 19.64964427299998], [109.19206790500039, 19.67845286700009], [109.20582116000031, 19.698431707999987], [109.20492597700019, 19.718573309000192], [109.21119225400042, 19.724798895000163], [109.21851647200037, 19.722967841000184], [109.24398847700019, 19.729925848000107], [109.25896243600022, 19.731634832999987], [109.27271569100031, 19.729396877000113], [109.28321373800037, 19.724798895000163], [109.30046634200022, 19.71112702000005], [109.3073836600002, 19.71112702000005], [109.2981876960003, 19.72679271000004], [109.28158613400018, 19.74433014500022], [109.27466881600037, 19.757228908000172], [109.29420006600043, 19.75950755400021], [109.29420006600043, 19.765692450000017], [109.28679446700045, 19.765692450000017], [109.28679446700045, 19.77317942899998], [109.2957462900003, 19.774644273000206], [109.30046634200022, 19.776841539000145], [109.3073836600002, 19.786851304000095], [109.29737389400015, 19.786851304000095], [109.28923587300045, 19.787909247000186], [109.2815047540002, 19.790187893000052], [109.27320397200032, 19.793646552000155], [109.26099694100026, 19.778713283000116], [109.2356063160002, 19.762355861000287], [109.21013431100022, 19.749741929000038], [109.19752037900031, 19.745835679000095], [109.18132571700045, 19.73598867400011], [109.17481530000026, 19.730373440000164], [109.17017662900042, 19.724798895000163], [109.16334069100026, 19.724798895000163], [109.16724694100031, 19.74274323100002], [109.16334069100026, 19.790269273000035], [109.1668400400003, 19.805487372000186], [109.17554772200032, 19.814032294000015], [109.1867781910002, 19.82001373900016], [109.19752037900031, 19.82782623900016], [109.20093834700032, 19.83258698100002], [109.20736738400035, 19.843573309000078], [109.21119225400042, 19.848293361000003], [109.21949303500043, 19.854681708000044], [109.2248641290002, 19.855536200000017], [109.2295028000002, 19.85537344000005], [109.2356063160002, 19.85883209800005], [109.24870853000039, 19.86884186400016], [109.2517195970002, 19.874701239000103], [109.25269616000043, 19.885891017999995], [109.25513756600009, 19.898342190000108], [109.26156660200019, 19.90082428600016], [109.27051842500003, 19.900091864000103], [109.28003991000031, 19.902899481000134], [109.30372155000026, 19.921698309000192], [109.31137129000007, 19.919501044000015], [109.31421959700032, 19.89984772300005], [109.32129967500026, 19.892035223000278], [109.33790123800014, 19.889878648000092], [109.36882571700045, 19.889308986000003], [109.39576256600031, 19.869533596000167], [109.41260826900015, 19.861395575000188], [109.42750084700009, 19.865383205000057], [109.4436141290002, 19.8729922550001], [109.45533287900042, 19.864935614000046], [109.46265709700037, 19.849310614000274], [109.46501712300022, 19.8340518250003], [109.4724227220002, 19.8340518250003], [109.47950280000015, 19.84418366100016], [109.4939884770003, 19.850165106000077], [109.51140384200039, 19.855047919000242], [109.52702884200033, 19.861965236000117], [109.53296959700009, 19.852606512000307], [109.5450952480004, 19.853745835000154], [109.5617781910002, 19.85740794500009], [109.5817163420001, 19.855698959999984], [109.5817163420001, 19.861965236000117], [109.52930748800026, 19.875474350999923], [109.52019290500027, 19.88247304900011], [109.51563561300031, 19.905218817000048], [109.52540123800014, 19.91185130399998], [109.5544539720002, 19.910345770000163], [109.5574650400003, 19.917303778000132], [109.55225670700003, 19.92747630399998], [109.54460696700022, 19.933335679000095], [109.54078209700026, 19.927150782999945], [109.53736412900025, 19.92446523600023], [109.53093509200045, 19.930121161000045], [109.52588951900015, 19.940375067000105], [109.52702884200033, 19.951361395000163], [109.5813908210003, 19.984808661000216], [109.59571373800026, 19.993150132000153], [109.61166425900029, 19.997870184000078], [109.62631269600018, 19.997951565000164], [109.63624108200031, 19.99233633000017], [109.64258873800003, 19.99233633000017], [109.6521102220002, 20.002183334999984], [109.66814212300022, 20.00690338700025], [109.6866968110001, 20.007879950000188], [109.70460045700037, 20.006577866999976], [109.71290123800014, 20.01007721600007], [109.71900475400031, 20.010646877000056], [109.72559655000038, 20.006577866999976], [109.72836347700007, 19.997870184000078], [109.71989993600033, 19.98529694200016], [109.72559655000038, 19.978664455000057], [109.72559655000038, 19.97182851800011], [109.72217858200037, 19.966131903000132], [109.71810957100041, 19.957505600999923], [109.72559655000038, 19.957505600999923], [109.73755944100031, 19.97809479400007], [109.76368248800037, 19.97435130400015], [109.80762780000003, 19.951361395000163], [109.81055748800014, 19.965521552000155], [109.81169681100039, 19.981838283000116], [109.81592858200014, 19.991197006999926], [109.8279728520003, 19.984849351000207], [109.83513431100033, 19.973334052000155], [109.83855228000044, 19.958441473000107], [109.83838951900037, 19.94326406500005], [109.83545983200037, 19.9308535830001], [109.85466556100022, 19.941351630000156], [109.8703719410002, 19.953355209999984], [109.88038170700031, 19.967596747000186], [109.88331139400015, 19.984849351000207], [109.89527428500043, 19.985174872000186], [109.91480553500031, 19.990220445000148], [109.92090905000038, 19.988592841000127], [109.92660566500018, 19.984320380000042], [109.92945397200026, 19.986151434000192], [109.93132571700028, 19.990139065000164], [109.93458092500015, 19.99233633000017], [109.9426375660002, 19.990912176999984], [109.9433699880002, 19.98745351800011], [109.94223066500018, 19.98289622600015], [109.94467207100041, 19.978664455000057], [109.95720462300011, 19.96727122600015], [109.97242272200009, 19.948187567000105], [109.97559655000015, 19.93227773600006], [109.9515080090004, 19.9308535830001], [109.95997155000038, 19.917792059000135], [109.97380618600033, 19.908921616999976], [109.9900822270003, 19.905951239000217], [110.00619550900018, 19.910345770000163], [110.00619550900018, 19.916571356000304], [109.9921981130002, 19.925360419000185], [110.0012313160002, 19.93284739800015], [110.01465905000015, 19.940863348000278], [110.01368248800014, 19.957505600999923], [110.05030358200025, 19.974066473000107], [110.06820722700041, 19.978664455000057], [110.07634524800022, 19.979152736000003], [110.08961022200037, 19.97809479400007], [110.10254967500026, 19.973944403000132], [110.10987389400026, 19.964992580000114], [110.12273196700022, 19.97431061400016], [110.13689212300034, 19.99673086100006], [110.14958743600044, 20.006577866999976], [110.13884524800034, 20.002630927000098], [110.12330162900025, 19.989691473000278], [110.11548912900008, 19.984849351000207], [110.1049910820002, 19.982977606000134], [110.06820722700041, 19.984849351000207], [110.11491946700022, 20.001939195000034], [110.12973066500018, 20.012762762000023], [110.1374617850002, 20.02435944200016], [110.14966881600043, 20.055812893000166], [110.15699303500026, 20.06736888200021], [110.1711531910002, 20.06077708500004], [110.2086694670001, 20.04950592700004], [110.22217858200031, 20.047512111000117], [110.23259524800045, 20.0445010440003], [110.24512780000038, 20.03831614800015], [110.2609969410002, 20.033148505000042], [110.28052819100009, 20.033270575000188], [110.29517662900031, 20.039374091000184], [110.31690514400037, 20.057359117000203], [110.3249617850002, 20.061224677000098], [110.34473717500003, 20.058050848000164], [110.35889733200025, 20.049790757000153], [110.36898847700041, 20.03864166900013], [110.3767195970002, 20.026434637000193], [110.3767195970002, 20.020209052000098], [110.36817467500038, 20.007798570000205], [110.3751733730004, 19.996771552000155], [110.3972274100002, 19.978664455000057], [110.40251712300028, 19.964341539000145], [110.40650475400042, 19.935939846000224], [110.41089928500031, 19.92340729400013], [110.41773522200026, 19.92340729400013], [110.4143986340004, 19.932074286000102], [110.41334069100031, 19.934312242000203], [110.41089928500031, 19.93768952000022], [110.41089928500031, 19.94391510600019], [110.41773522200026, 19.94391510600019], [110.41773522200026, 19.951361395000163], [110.41456139400037, 19.957993881999926], [110.40943444100043, 19.98004791900013], [110.40707441500018, 19.984849351000207], [110.39714603000021, 19.98704661700009], [110.39063561300037, 19.99306875200017], [110.38648522200043, 20.001898505000042], [110.38298587300034, 20.012762762000023], [110.38331139400037, 20.014146225999923], [110.37818444100009, 20.03986237199996], [110.3767195970002, 20.043850002000056], [110.37501061300003, 20.063625393000166], [110.37647545700025, 20.07196686400016], [110.38298587300034, 20.081040757000153], [110.42457116000043, 20.047512111000117], [110.43116295700003, 20.050604559000192], [110.47022545700037, 20.031805731000134], [110.4959416020003, 20.02350495000013], [110.5275985040002, 20.020209052000098], [110.5275985040002, 20.012762762000023], [110.5207625660002, 20.012762762000023], [110.5207625660002, 20.006577866999976], [110.53565514400015, 19.999579169000185], [110.55054772200009, 19.98847077000022], [110.56413821700028, 19.98452383000017], [110.57545006600031, 19.999172268000166], [110.58033287900031, 19.979722398000092], [110.59864342500026, 19.943996486000174], [110.60271243600022, 19.927150782999945], [110.60580488400029, 19.923163153000075], [110.61296634200028, 19.925726630000156], [110.61988366000043, 19.932359117000146], [110.62322024800045, 19.940741278000303], [110.62134850400031, 19.95001862199996], [110.6184188160002, 19.957220770000106], [110.61784915500021, 19.963934637000023], [110.62322024800045, 19.97182851800011], [110.60914147200032, 19.98989492400011], [110.60645592500026, 20.007635809000135], [110.60092207100035, 20.02106354400013], [110.57886803500043, 20.026434637000193], [110.57081139400037, 20.030666408000116], [110.57016035200019, 20.04026927299998], [110.57227623800026, 20.050726630000042], [110.5720320970002, 20.05752187700017], [110.56617272200026, 20.0695254580001], [110.56934655000015, 20.079779364000103], [110.59310957100035, 20.10732656500005], [110.60417728000044, 20.110825914000145], [110.64014733200037, 20.108343817000048], [110.65202884200022, 20.117010809000192], [110.6707462900003, 20.15497467700004], [110.67790774800022, 20.16356028900003], [110.68506920700025, 20.153306381999926]]], [[[110.44263756600043, 20.66351959800005], [110.44752037900042, 20.658351955000114], [110.4627384770003, 20.654771226000264], [110.47136478000021, 20.647365627000056], [110.47632897200043, 20.631577867000146], [110.47803795700037, 20.610785222999937], [110.47584069100009, 20.595933334999984], [110.47120201900015, 20.59259674699996], [110.46485436300003, 20.590765692000275], [110.45728600400008, 20.58685944200016], [110.45167076900026, 20.589178778000246], [110.44809004000041, 20.59625885600019], [110.43921959700037, 20.62946198100002], [110.43580162900037, 20.638495184000192], [110.4266056650003, 20.642889716000184], [110.41765384200028, 20.654771226000264], [110.42204837300034, 20.662258205000057], [110.43002363400018, 20.662014065000108], [110.4333602220002, 20.663763739000103], [110.4333602220002, 20.667425847999937], [110.43702233200037, 20.667914130000042], [110.44263756600043, 20.66351959800005]]], [[[107.3844507170001, 20.812811591000184], [107.38355553500031, 20.799302476000037], [107.38021894600018, 20.79755280200004], [107.37525475400031, 20.80394114800015], [107.36890709700032, 20.80719635600019], [107.36085045700037, 20.80589427299998], [107.35027103000033, 20.81093984600011], [107.34213300900029, 20.828436591000184], [107.34107506600043, 20.842596747000073], [107.34498131600031, 20.84251536700009], [107.35710696700022, 20.82933177300015], [107.36963951900015, 20.825913804000265], [107.38119550900007, 20.818915106000077], [107.3844507170001, 20.812811591000184]]], [[[106.99447675900018, 20.851752020000276], [107.0051375660002, 20.84202708500004], [107.01140384200033, 20.84202708500004], [107.0124617850002, 20.85879140800006], [107.0227156910002, 20.86225006700016], [107.03598066500018, 20.8573672550001], [107.0461531910002, 20.848863023000206], [107.0461531910002, 20.84202708500004], [107.04297936300014, 20.83136627800019], [107.05494225400042, 20.823919989000046], [107.07097415500044, 20.820298570000148], [107.08033287900008, 20.82151927299998], [107.0871688160002, 20.82151927299998], [107.09099368600033, 20.81476471600024], [107.0954695970002, 20.809027411000045], [107.10084069100031, 20.804266669000185], [107.10767662900037, 20.800441799000055], [107.08676191500018, 20.80512116100016], [107.08033287900008, 20.807847398000035], [107.08033287900008, 20.800441799000055], [107.08521569100037, 20.797186591000184], [107.08814537900008, 20.794419664000145], [107.09400475400025, 20.787420965999956], [107.08220462300028, 20.789374091000184], [107.0750431650003, 20.796047268000166], [107.06609134200045, 20.81411367400017], [107.0625106130002, 20.80560944200016], [107.0628361340004, 20.798285223000164], [107.06666100400037, 20.79214101800028], [107.07349694100043, 20.787420965999956], [107.07349694100043, 20.780585028000132], [107.06031334700032, 20.77594635600002], [107.05046634200028, 20.77594635600002], [107.04175866000031, 20.779933986000117], [107.03191165500027, 20.787420965999956], [107.03687584700032, 20.766262111000174], [107.06739342500026, 20.74974192899998], [107.07349694100043, 20.73216380400015], [107.06609134200045, 20.73216380400015], [107.06609134200045, 20.738959051999984], [107.05982506600031, 20.738959051999984], [107.0550236340004, 20.721665757000096], [107.0461531910002, 20.70425039300011], [107.0461531910002, 20.725978908000172], [107.0388289720002, 20.72345612199996], [107.0358992850002, 20.721665757000096], [107.03191165500027, 20.718491929000038], [107.03191165500027, 20.725978908000172], [107.02564537900031, 20.718491929000038], [107.02125084700037, 20.723618881999926], [107.01823978000033, 20.725978908000172], [107.01823978000033, 20.73216380400015], [107.03931725400008, 20.73216380400015], [107.03931725400008, 20.738959051999984], [107.03532962300028, 20.741197007000153], [107.03443444100031, 20.742173570000034], [107.03419030000026, 20.74335358300027], [107.03191165500027, 20.746405340999956], [107.02564537900031, 20.746405340999956], [107.02564537900031, 20.738959051999984], [107.01823978000033, 20.738959051999984], [107.01482181100027, 20.74359772300022], [107.0086369150003, 20.74892812700017], [107.0051375660002, 20.753241278000075], [106.9978133470002, 20.753241278000075], [107.00228925900018, 20.74249909100007], [107.0051375660002, 20.738959051999984], [107.0051375660002, 20.73216380400015], [106.98511803500031, 20.74526601800011], [106.96241295700037, 20.77496979400007], [106.94996178500043, 20.787420965999956], [106.92107181100033, 20.804592190000164], [106.9099227220002, 20.81854889500022], [106.91285241000031, 20.836900131999926], [106.93628991000031, 20.844671942000105], [106.94312584700043, 20.848863023000206], [106.94678795700037, 20.855536200000188], [106.94654381600031, 20.862860419000185], [106.94809004000018, 20.870266017999995], [106.9573673840004, 20.876776434000078], [106.94996178500043, 20.869330145000106], [106.9636336600002, 20.856105861000174], [106.99447675900018, 20.851752020000276]]], [[[107.34603925900018, 20.88816966400003], [107.35132897200043, 20.885931708000157], [107.3554793630002, 20.887111721000167], [107.36597741000008, 20.88841380399998], [107.38217207100041, 20.887884833000044], [107.39234459700026, 20.884670315000164], [107.39519290500021, 20.87856679900017], [107.39275149800045, 20.8745791690003], [107.38990319100043, 20.87177155200004], [107.38990319100043, 20.869533596000167], [107.38998457100041, 20.86741771000021], [107.38786868600022, 20.864976304000038], [107.37452233200014, 20.85932037999993], [107.36768639400026, 20.85838450700004], [107.36109459700032, 20.859686591000127], [107.35417728000021, 20.86473216400009], [107.34351647200026, 20.877346096000167], [107.34058678500043, 20.87539297100011], [107.33545983200014, 20.876939195000148], [107.33253014400003, 20.883286851000094], [107.33383222700041, 20.888251044000015], [107.33920332100018, 20.890366929000038], [107.34603925900018, 20.88816966400003]]], [[[106.8400985040002, 20.879868882000153], [106.84555097700041, 20.866034247000073], [106.8816024100002, 20.82151927299998], [106.88648522200043, 20.79612864800015], [106.87354576900015, 20.78953685100015], [106.85621178500037, 20.792873440000108], [106.84750410200007, 20.79730866100016], [106.8425399100002, 20.813625392999995], [106.82252037900037, 20.853501695000148], [106.81959069100026, 20.876776434000078], [106.81421959700043, 20.868109442000105], [106.81267337300022, 20.85932037999993], [106.81462649800045, 20.850531317000048], [106.81959069100026, 20.84202708500004], [106.81218509200022, 20.84202708500004], [106.79932701900015, 20.849676825000074], [106.78386478000021, 20.85236237200013], [106.77068118600027, 20.8585879580001], [106.76563561300014, 20.876776434000078], [106.77361087300045, 20.90497467700027], [106.78541100400042, 20.93081289300028], [106.82455488400018, 20.91518789300011], [106.83594811300026, 20.90241120000013], [106.8400985040002, 20.879868882000153]]], [[[110.60954837300034, 20.897284247000243], [110.58920332100041, 20.883490302000155], [110.57569420700037, 20.888820705], [110.56348717500038, 20.903469142999995], [110.54753665500027, 20.917710679000095], [110.57488040500033, 20.94745514500005], [110.58961022200043, 20.959377346000167], [110.60271243600022, 20.964911200000245], [110.59587649800022, 20.958726304000095], [110.60613040500033, 20.95384349200026], [110.6179305350002, 20.95237864799998], [110.62794030000038, 20.94863515800006], [110.63249759200033, 20.936672268000052], [110.63038170700014, 20.925767320000148], [110.62452233200037, 20.91518789300011], [110.60954837300034, 20.897284247000243]]], [[[107.47722415500021, 20.814520575000188], [107.46387780000003, 20.81411367400017], [107.48023522200043, 20.849514065000108], [107.48194420700014, 20.865383205000228], [107.47071373800026, 20.876776434000078], [107.47071373800026, 20.88300202000005], [107.49146569100031, 20.883775132000267], [107.50562584700043, 20.88739655200004], [107.51612389400015, 20.895656643000223], [107.52540123800037, 20.910305080000114], [107.5495711600002, 20.956122137000023], [107.55323326900026, 20.972357489000274], [107.55640709700032, 20.969183661000216], [107.55795332100018, 20.96605052300015], [107.55941816500041, 20.958726304000095], [107.55347741000008, 20.935939846000167], [107.54517662900031, 20.919134832999987], [107.49781334700043, 20.85317617400017], [107.49170983200037, 20.84202708500004], [107.48462975400025, 20.821722722999937], [107.47722415500021, 20.814520575000188]]], [[[107.7928166020003, 20.99225495000013], [107.7928166020003, 20.98602936399999], [107.7823999360001, 20.989935614000103], [107.77914472700019, 20.99225495000013], [107.77295983200031, 20.99225495000013], [107.77800540500021, 20.9726016300001], [107.7707625660002, 20.957220770000276], [107.75611412900031, 20.945705471000053], [107.73829186300003, 20.93764883], [107.75717207100041, 20.97101471600007], [107.75879967500026, 20.982611395000106], [107.75342858200003, 20.98867422100011], [107.74341881600031, 20.994086005000042], [107.73764082100018, 21.00324127800019], [107.74512780000015, 21.020168361000003], [107.75806725400031, 21.016587631999926], [107.7928166020003, 20.99225495000013]]], [[[107.8274031910002, 20.989081122000073], [107.81771894600035, 20.98826732000009], [107.81657962300028, 21.00584544500032], [107.82569420700037, 21.024969794000185], [107.84213300900018, 21.035589911000045], [107.8562931650003, 21.033270575000188], [107.8527938160002, 21.019924221000053], [107.84441165500044, 21.011867580000228], [107.8274031910002, 20.989081122000073]]], [[[107.53272545700037, 21.040594794000185], [107.53272545700037, 21.020168361000003], [107.54639733200014, 21.03489817899998], [107.55225670700025, 21.03823476800011], [107.55836022200037, 21.034735419000015], [107.55453535200041, 21.021551825000074], [107.53907311300014, 20.98602936399999], [107.52881920700031, 20.95091380400015], [107.52222741000031, 20.93642812700017], [107.51172936300026, 20.923976955000057], [107.49756920700014, 20.916327216000127], [107.48145592500026, 20.912543036000216], [107.45704186300014, 20.910305080000114], [107.41211998800037, 20.899481512000023], [107.39503014400015, 20.897284247000243], [107.39503014400015, 20.903509832999987], [107.42432701900026, 20.915350653000075], [107.45118248800037, 20.92999909100007], [107.4742944670001, 20.946722723000164], [107.49170983200037, 20.964911200000245], [107.48902428500031, 20.976060289000202], [107.4924422540002, 20.99144114800015], [107.50473066500007, 21.020168361000003], [107.5090438160002, 21.017401434000135], [107.51978600400008, 21.013373114000274], [107.52263431100033, 21.02228424700013], [107.53272545700037, 21.040594794000185]]], [[[109.1052352220002, 21.024481512000307], [109.10092207100007, 21.021185614000274], [109.09595787900025, 21.022040106000077], [109.09050540500044, 21.04193756700016], [109.09986412900031, 21.060695705000228], [109.12273196700022, 21.065415756999926], [109.13624108200037, 21.051011460000154], [109.1276961600002, 21.032171941999934], [109.1125594410002, 21.02708567900021], [109.1052352220002, 21.024481512000307]]], [[[110.38982181100022, 21.095892645000276], [110.40040123800026, 21.063910223000278], [110.40821373800026, 21.048244533000116], [110.41773522200026, 21.040594794000185], [110.42318769600018, 21.051418361000174], [110.43213951900037, 21.057277736000117], [110.44410241000031, 21.059963283000172], [110.45875084700043, 21.06110260600002], [110.45191491000031, 21.06110260600002], [110.4728296230004, 21.06167226800011], [110.48406009200045, 21.06785716400009], [110.49293053500031, 21.075995184000192], [110.50709069100043, 21.082220770000163], [110.52637780000026, 21.082098700000188], [110.5388289720002, 21.07306549699996], [110.54558353000027, 21.057359117000203], [110.54753665500027, 21.037258205000057], [110.54379316500018, 21.022772528000075], [110.52686608200037, 20.989203192000048], [110.5207625660002, 20.972357489000274], [110.52222741000043, 20.962591864000046], [110.52564537900037, 20.951076565000164], [110.52605228000033, 20.941595770000106], [110.51693769600007, 20.93764883], [110.50798587300022, 20.940375067000048], [110.5026961600002, 20.94749583500004], [110.50017337300028, 20.957505601000094], [110.49968509200045, 20.96865469000005], [110.4930119150003, 20.977972723000164], [110.47689863400035, 20.990423895000106], [110.45769290500044, 21.00120677299998], [110.44141686300026, 21.00584544500032], [110.36304772200009, 21.00584544500032], [110.33366946700039, 20.99628327000005], [110.2986759770003, 20.98065827000005], [110.26661217500032, 20.97264232000009], [110.2458602220002, 20.98602936399999], [110.26189212300022, 20.992987372000186], [110.26539147200009, 21.004339911000045], [110.25928795700037, 21.016994532999945], [110.2458602220002, 21.027573959999984], [110.26482181100033, 21.03310781500022], [110.27507571700033, 21.034328518000052], [110.28736412900031, 21.033840236000117], [110.28736412900031, 21.040594794000185], [110.27637780000015, 21.041164455000114], [110.27068118600044, 21.0448672550001], [110.26954186300003, 21.051581122000243], [110.27312259200028, 21.06110260600002], [110.29021243600033, 21.05426666900013], [110.30990644600018, 21.05292389500005], [110.32691491000043, 21.057440497000186], [110.33521569100026, 21.068589584999984], [110.32211347700024, 21.06403229400013], [110.30795332100035, 21.06085846600007], [110.29542076900026, 21.063055731000077], [110.28736412900031, 21.074448960000154], [110.34262129000041, 21.07465241100016], [110.3713485040002, 21.080959376999942], [110.38982181100022, 21.095892645000276]]], [[[107.58961022200032, 21.008124091000184], [107.57960045700014, 20.983140366999976], [107.55941816500041, 20.98602936399999], [107.57007897200043, 20.989935614000103], [107.57146243600033, 20.996161200000074], [107.56885826900003, 21.004950262000023], [107.56690514400037, 21.016750392999995], [107.57007897200043, 21.02667877800019], [107.5841577480004, 21.039699611000287], [107.58741295700014, 21.05093008000017], [107.58904056100033, 21.073309637000307], [107.5910750660002, 21.08177317900015], [107.59424889400026, 21.089056708000157], [107.5979110040002, 21.09398021000004], [107.62126712300028, 21.116034247000186], [107.6282658210003, 21.12018463700008], [107.6320906910002, 21.118841864000274], [107.63184655000015, 21.11196523600006], [107.59595787900037, 21.03912995000013], [107.58961022200032, 21.008124091000184]]], [[[110.47917728000021, 21.184637762000023], [110.49293053500031, 21.183905341000127], [110.50416100400042, 21.187689520000106], [110.52637780000026, 21.20083242400011], [110.53223717500003, 21.203314520000106], [110.53785241000043, 21.204494532999945], [110.5432235040002, 21.204169012000136], [110.5496525400003, 21.202460028000132], [110.56617272200026, 21.19334544500032], [110.5686141290002, 21.191473700000074], [110.55543053500043, 21.17682526200025], [110.55005944100031, 21.168443101000094], [110.54753665500027, 21.156724351000207], [110.55494225400008, 21.156724351000207], [110.57732181100022, 21.19098541900007], [110.59400475400042, 21.20278554900011], [110.61695397200032, 21.198919989000046], [110.61695397200032, 21.191473700000074], [110.59945722700007, 21.178290106000304], [110.5769149100002, 21.130926825000188], [110.56519616000031, 21.112616278000303], [110.5432235040002, 21.104966539000145], [110.52068118600022, 21.111802476000094], [110.50586998800026, 21.126857815000108], [110.50709069100043, 21.14370351800011], [110.49659264400037, 21.146307684000305], [110.48902428500043, 21.150091864000046], [110.48357181100027, 21.155829169000185], [110.47917728000021, 21.164129950000188], [110.47291100400042, 21.164129950000188], [110.47917728000021, 21.150458075000074], [110.46143639400015, 21.151068427000098], [110.44947350400008, 21.156236070000205], [110.44532311300014, 21.165676174000055], [110.45191491000031, 21.178452866999976], [110.44336998800031, 21.177883205000114], [110.42611738400029, 21.179103908000116], [110.41773522200026, 21.178452866999976], [110.41773522200026, 21.184637762000023], [110.43433678500008, 21.18659088700008], [110.44483483200037, 21.19379303599993], [110.45264733200014, 21.201483466000127], [110.46216881600031, 21.205145575000188], [110.48780358200003, 21.208644924000282], [110.49984785200041, 21.206284898000035], [110.49626712300034, 21.195217190000164], [110.4709578790002, 21.193670965999956], [110.46338951900037, 21.19074127800019], [110.47917728000021, 21.184637762000023]]], [[[107.52898196700045, 21.203314520000106], [107.53272545700037, 21.198919989000046], [107.53907311300014, 21.198919989000046], [107.54590905000026, 21.20270416900013], [107.58057701900015, 21.211981512000307], [107.60320071700045, 21.219305731000134], [107.6062117850002, 21.21743398600006], [107.60157311300026, 21.205145575000188], [107.59034264400015, 21.193060614000103], [107.5573836600002, 21.17177969000022], [107.54712975400037, 21.156724351000207], [107.53907311300014, 21.156724351000207], [107.5241805350002, 21.15997955900025], [107.50416100400031, 21.139715887000136], [107.47071373800026, 21.095892645000276], [107.45964603000021, 21.090236721000167], [107.43531334700032, 21.081447658000116], [107.4228621750002, 21.074774481000134], [107.38868248800003, 21.04751211100023], [107.37289472700019, 21.059556382000153], [107.3796492850002, 21.08193594000022], [107.39429772200032, 21.106838282999945], [107.40251712300034, 21.126613674000225], [107.40447024800034, 21.138128973000107], [107.41342207100018, 21.16632721600007], [107.41830488400018, 21.196682032999945], [107.42505944100031, 21.19676341400003], [107.43238366000031, 21.188544012000136], [107.43531334700032, 21.189276433999964], [107.43637129000018, 21.197739976000037], [107.44117272200026, 21.203273830000114], [107.45020592500026, 21.205145575000188], [107.44581139400037, 21.212062892999995], [107.44483483200025, 21.227484441999934], [107.44654381600043, 21.25315989799998], [107.44906660200041, 21.265326239000274], [107.45167076900015, 21.271470445000034], [107.45533287900031, 21.275702215999956], [107.45915774800011, 21.27724844000022], [107.46306399800022, 21.277411200000188], [107.46713300900018, 21.276516018000166], [107.47136478000027, 21.27448151200025], [107.48161868600033, 21.2667910830001], [107.50473066500007, 21.23924388200021], [107.51140384200022, 21.23480866099993], [107.51807701900037, 21.2335879580001], [107.52320397200009, 21.230861721000053], [107.52540123800037, 21.22215403900026], [107.52564537900042, 21.214016018000052], [107.5266219410002, 21.20799388200004], [107.52898196700045, 21.203314520000106]]], [[[107.8093367850002, 21.347154039000145], [107.71143639400015, 21.307562567000105], [107.71436608200025, 21.310126044000185], [107.72584069100031, 21.323472398000092], [107.78394616000037, 21.356350002000113], [107.80030358200037, 21.36245351800011], [107.8134871750002, 21.360500393000052], [107.81560306100033, 21.358099676999984], [107.8182072270003, 21.35407135600002], [107.81934655000015, 21.350246486000117], [107.81706790500021, 21.348537502000113], [107.8093367850002, 21.347154039000145]]], [[[107.99830162900042, 21.39752838700008], [107.95948326900003, 21.37384674699996], [107.94418379000007, 21.36810944200016], [107.93620853000033, 21.376410223000164], [107.9299422540002, 21.376410223000164], [107.92237389400015, 21.37262604400013], [107.85425866000008, 21.350409247000186], [107.8411564460003, 21.348537502000113], [107.84359785200036, 21.358832097999937], [107.84815514400032, 21.37026601800028], [107.85352623800026, 21.36025625200017], [107.85499108200014, 21.355943101000094], [107.85938561300037, 21.36408112200013], [107.86524498800014, 21.37010325700004], [107.87281334700009, 21.374212958000157], [107.85222415500044, 21.375311591000184], [107.8269149100002, 21.37026601800028], [107.8269149100002, 21.376410223000164], [107.86011803500026, 21.38621653900009], [107.86866295700025, 21.390082098000107], [107.99830162900042, 21.40375397300005], [107.99830162900042, 21.39752838700008]]], [[[111.93848717500038, 21.652573960000154], [111.94516035200036, 21.650132554000095], [111.95093834700032, 21.651109116999976], [111.95582116000008, 21.656398830000057], [111.9626570970002, 21.65761953300006], [111.98951256600009, 21.65778229400013], [111.9998478520003, 21.653998114000046], [112.0073348320002, 21.643947657999945], [112.0073348320002, 21.636542058999964], [111.9998478520003, 21.621161200000017], [111.98145592500026, 21.612046617000203], [111.92904707100018, 21.601874091000184], [111.9197697270003, 21.601874091000184], [111.90967858200037, 21.600531317000105], [111.89747155000038, 21.595526434000135], [111.88819420700025, 21.588934637000193], [111.87110436300037, 21.57322825700004], [111.86329186300037, 21.568264065000164], [111.82243899800034, 21.561997789000202], [111.80933678500008, 21.565497137000193], [111.81006920700014, 21.568345445000148], [111.81690514400003, 21.571356512000136], [111.82243899800034, 21.575100002000056], [111.84205162900031, 21.60683828300006], [111.8450626960003, 21.623968817000048], [111.83529707100007, 21.643947657999945], [111.84717858200003, 21.647406317000048], [111.88379967500026, 21.650132554000095], [111.89600670700003, 21.653957424000055], [111.91586347700041, 21.662746486000174], [111.92823326900037, 21.66445547100011], [111.93140709700026, 21.662298894999992], [111.93433678500037, 21.657456773000092], [111.93848717500038, 21.652573960000154]]], [[[112.62378991000014, 21.633286850999923], [112.61646569100014, 21.619208075000188], [112.60718834700037, 21.6160342470003], [112.57992597700036, 21.615545966000127], [112.56714928500014, 21.61762116099993], [112.55591881600037, 21.62343984600011], [112.54908287900014, 21.6164004580001], [112.5392358730004, 21.598944403000075], [112.53492272200049, 21.595526434000135], [112.52540123800043, 21.598863023000092], [112.51929772200026, 21.606675523000092], [112.51823978000016, 21.61676666900013], [112.52426191500047, 21.626898505000156], [112.55982506600026, 21.64838287999993], [112.56788170700031, 21.66063060100015], [112.55591881600037, 21.678127346000053], [112.57781009200016, 21.683010158000116], [112.62012780000032, 21.70449453300006], [112.64535566500024, 21.7128360050001], [112.65455162900014, 21.69847239800015], [112.65137780000032, 21.688299872000073], [112.64332116000014, 21.678168036000045], [112.63795006600026, 21.66445547100011], [112.6499129570002, 21.649318752000113], [112.65040123800031, 21.640448309000078], [112.62378991000014, 21.633286850999923]]], [[[112.86255944100037, 21.769435940000108], [112.8681746750002, 21.75755442900015], [112.86255944100037, 21.745591539000316], [112.83179772200037, 21.73590729400007], [112.82056725400037, 21.726507880000042], [112.81251061300031, 21.717108466000184], [112.79753665500016, 21.70587799700013], [112.80046634200016, 21.689764716000127], [112.8071395190002, 21.67129140800023], [112.81055748800031, 21.65761953300006], [112.80323326900032, 21.63816966400009], [112.79444420700042, 21.623114325000074], [112.79346764400043, 21.60822174700013], [112.81055748800031, 21.589300848000164], [112.79965254000024, 21.579087632000153], [112.79021243600039, 21.577582098000107], [112.76490319100037, 21.581854559000192], [112.76148522200026, 21.583685614000103], [112.7583113940002, 21.588080145000163], [112.75611412900003, 21.593736070000148], [112.75367272200037, 21.6073672550001], [112.74968509200039, 21.60879140800006], [112.74390709700026, 21.60879140800006], [112.73715254000012, 21.61261627800019], [112.73438561300043, 21.628729558999964], [112.76758873800043, 21.66347890800023], [112.77442467500032, 21.691717841000184], [112.75961347700013, 21.686346747000243], [112.73666425900024, 21.68109772300005], [112.71558678500037, 21.680243231000247], [112.70622806100027, 21.688381252000056], [112.71168053500048, 21.702541408000172], [112.72437584700015, 21.715806381999926], [112.74781334700015, 21.73334381700016], [112.76490319100037, 21.731756903000132], [112.77751712300005, 21.772650458000157], [112.79566491000014, 21.766831773000035], [112.8076278000002, 21.772772528000132], [112.82113691500035, 21.774807033000172], [112.8502710300005, 21.77431875200017], [112.84400475400037, 21.77431875200017], [112.86255944100037, 21.769435940000108]]], [[[113.26775149800028, 21.886460679000095], [113.25847415500016, 21.880438544000015], [113.25074303500014, 21.883205471000053], [113.23462975400037, 21.893459377000113], [113.22974694100037, 21.89874909100007], [113.22584069100026, 21.900824286000102], [113.22169030000032, 21.914129950000017], [113.23170006600026, 21.934475002000113], [113.24773196700016, 21.943182684000078], [113.25766035200024, 21.94660065300019], [113.26783287900037, 21.943304755000156], [113.27515709700049, 21.931545315000108], [113.27800540500016, 21.925034898000092], [113.28093509200028, 21.92283763200021], [113.28565514400054, 21.918117580000114], [113.28370201900032, 21.913519598000164], [113.27865644600035, 21.90737539300028], [113.27515709700049, 21.897528387000136], [113.26775149800028, 21.886460679000095]]], [[[113.77592108400017, 21.985858782000093], [113.76447678300042, 21.966817927000193], [113.7482056480003, 21.972788470000296], [113.73905611400039, 21.985972906000313], [113.73627928000042, 21.997162124000283], [113.74550153700034, 21.997795254000266], [113.75685926600022, 22.000390400000185], [113.77174662900006, 22.000343410000198], [113.77592108400017, 21.985858782000093]]], [[[114.30250084700015, 22.044867255000042], [114.22242272200015, 22.02167389500005], [114.20671634200039, 22.025783596000167], [114.2168074880002, 22.032171942000105], [114.27165774800028, 22.05052317900015], [114.28296959700026, 22.052557684000192], [114.29297936300031, 22.057806708000157], [114.29542076900032, 22.062811591000127], [114.29859459700026, 22.067124742000203], [114.30420983200042, 22.069281317000218], [114.3100692070002, 22.068589585000154], [114.30933678500014, 22.062567450000074], [114.30681399800005, 22.057196356000304], [114.30534915500027, 22.050279039000202], [114.30250084700015, 22.044867255000042]]], [[[113.3935653000002, 22.071600653000075], [113.39893639400043, 22.06850820500017], [113.4126082690002, 22.075995183999964], [113.4103296230004, 22.063544012000023], [113.39144941500035, 22.027533270000163], [113.39893639400043, 22.021918036000272], [113.40162194100003, 22.01845937700017], [113.40267988400024, 22.014349677000098], [113.40577233200054, 22.0070254580001], [113.32349694100026, 22.011948959999984], [113.30941816500035, 22.024115302000155], [113.34359785200013, 22.06850820500017], [113.35279381600003, 22.073146877000113], [113.36329186300009, 22.075995183999964], [113.3727319670005, 22.0801455750003], [113.37777754000024, 22.089016018000166], [113.38266035200013, 22.089585679000095], [113.38404381600037, 22.08812083500021], [113.38404381600037, 22.085394598000164], [113.3852645190002, 22.082180080000114], [113.38721764400043, 22.078192450000074], [113.38990319100026, 22.07469310100015], [113.3935653000002, 22.071600653000075]]], [[[113.53891035200013, 22.08209870000013], [113.48471113400012, 22.071356512000023], [113.47022545700054, 22.07762278900009], [113.47396894600035, 22.08812083500021], [113.47348066500012, 22.098537501999942], [113.46599368600016, 22.101507880000042], [113.4648543630002, 22.108140367000203], [113.47152754000012, 22.11408112200013], [113.51889082100024, 22.12726471600007], [113.52711022200037, 22.125881252000227], [113.5327254570002, 22.1203067080001], [113.53093509200039, 22.11294179900011], [113.52711022200037, 22.106105861000287], [113.53256269600035, 22.095363674000282], [113.54761803500026, 22.092596747000186], [113.53891035200013, 22.08209870000013]]], [[[113.36475670700054, 22.15790436399999], [113.35401451900043, 22.130845445000148], [113.33619225400025, 22.10049062700017], [113.31364993600027, 22.076402085000154], [113.2890731130002, 22.06850820500017], [113.27914472700036, 22.07469310100015], [113.26880944100037, 22.088324286000102], [113.2641707690002, 22.10492584800005], [113.27173912900025, 22.120021877000056], [113.27914472700036, 22.123195705000114], [113.2897241550005, 22.125474351000037], [113.29867597700024, 22.12856679900011], [113.30274498800031, 22.133978583000044], [113.3042098320002, 22.141831773000035], [113.30844160200047, 22.148627020000163], [113.3149520190002, 22.153998114000103], [113.32309004000012, 22.15790436399999], [113.32797285200036, 22.145819403000075], [113.33545983200042, 22.14887116100016], [113.34717858200031, 22.156439520000163], [113.36475670700054, 22.15790436399999]]], [[[113.55860436300009, 22.163031317000105], [113.56942793100029, 22.16075267100007], [113.57406660200024, 22.16075267100007], [113.57406660200024, 22.156113999000127], [113.57178795700042, 22.152899481000077], [113.56788170700054, 22.150580144999992], [113.56324303500014, 22.150580144999992], [113.5602319670005, 22.14154694200016], [113.56763756600026, 22.139064846000167], [113.57252037900025, 22.13731517100007], [113.57797285200013, 22.139634506999926], [113.57797285200013, 22.138088283000286], [113.57488040500027, 22.13503652600008], [113.57976321700039, 22.131903387000136], [113.58594811300031, 22.131944078000004], [113.58668053500037, 22.12954336100006], [113.58749433700018, 22.12722402600008], [113.58749433700018, 22.124863998999956], [113.58594811300031, 22.124090887000136], [113.58358808700041, 22.123317776000192], [113.57748457100024, 22.126654364000046], [113.57797285200013, 22.120917059000078], [113.57406660200024, 22.11937083500004], [113.57097415500016, 22.12014394700003], [113.56674238400024, 22.123358466000184], [113.56666100400025, 22.117377020000163], [113.56519616000037, 22.112616278000075], [113.5663354830001, 22.107692776000192], [113.56324303500014, 22.106919664000202], [113.55738366000037, 22.111151434000192], [113.55225670700054, 22.107692776000192], [113.55152428500014, 22.106146551999984], [113.54916425900024, 22.105373440000164], [113.54680423300033, 22.105373440000164], [113.54371178500014, 22.107692776000192], [113.54110761800041, 22.113267320000148], [113.54525800900012, 22.114243882000096], [113.54232832100024, 22.14073314000018], [113.54224694100026, 22.140814520000163], [113.53410892000045, 22.148789781000175], [113.5322371750002, 22.15253327000005], [113.5322371750002, 22.152614651000135], [113.53443444100026, 22.161200262000023], [113.54143313900045, 22.162339585000097], [113.54297936300031, 22.16380442900015], [113.55290774800028, 22.165838933999964], [113.55860436300009, 22.163031317000105]]], [[[113.5538029310004, 22.211493231000304], [113.55559329500034, 22.2075462910002], [113.5568139980004, 22.20355866099993], [113.55152428500014, 22.204413153000132], [113.54843183700018, 22.202053127000283], [113.54916425900024, 22.1997337910002], [113.55071048300044, 22.19896067900021], [113.5571395190002, 22.202460028000075], [113.5538029310004, 22.196641343000124], [113.5538029310004, 22.195868231000134], [113.55225670700054, 22.19741445500017], [113.55071048300044, 22.195868231000134], [113.55152428500014, 22.19419993700012], [113.55152428500014, 22.191880601000037], [113.55152428500014, 22.191107489000046], [113.55152428500014, 22.18956126500018], [113.54843183700018, 22.188055731000134], [113.54297936300031, 22.18419017100001], [113.53988691500024, 22.182643947000145], [113.53598066500012, 22.182643947000145], [113.53288821700016, 22.178697007000096], [113.52890058700018, 22.178697007000096], [113.52483157600022, 22.173814195000205], [113.52475019600024, 22.17373281500005], [113.51986738400035, 22.183701890000236], [113.51986738400035, 22.183742580000228], [113.52019290500016, 22.184881903000075], [113.52214603000016, 22.190497137000136], [113.52483157600022, 22.193060614000274], [113.52540123800009, 22.193630276000135], [113.5303654310004, 22.20152415600012], [113.5352482430003, 22.2075462910002], [113.53370201900043, 22.210760809000078], [113.53207441500024, 22.210760809000078], [113.53288821700016, 22.20917389500005], [113.52735436300031, 22.2075462910002], [113.52434329500034, 22.21255117400017], [113.52890058700018, 22.213853257000153], [113.52890058700018, 22.214626368999973], [113.5352482430003, 22.214626368999973], [113.53646894600024, 22.217067776000306], [113.53891035200013, 22.22077057500013], [113.5445255870003, 22.217678127000056], [113.5445255870003, 22.21613190300019], [113.55071048300044, 22.213853257000153], [113.5538029310004, 22.211493231000304]]], [[[114.11744225400025, 22.221869207999987], [114.12574303500026, 22.213446356000134], [114.13282311300031, 22.21613190300019], [114.13282311300031, 22.20994700700004], [114.12574303500026, 22.20522695500017], [114.13819420700054, 22.206040757000153], [114.14966881600014, 22.206040757000153], [114.15463300900035, 22.203599350999923], [114.1430770190002, 22.19611237199996], [114.13908938900045, 22.191107489000046], [114.14535566500012, 22.178697007000096], [114.13738040500016, 22.17877838700008], [114.11085045700031, 22.177069403000075], [114.11410566500012, 22.18573639500022], [114.11410566500012, 22.21613190300019], [114.10425866000014, 22.215969143000223], [114.10637454500045, 22.22239817899998], [114.10670006600026, 22.235785223000278], [114.11329186300031, 22.233343817000048], [114.11744225400025, 22.221869207999987]]], [[[114.21558678500026, 22.28563060100015], [114.2217716810004, 22.279364325000188], [114.2281193370003, 22.280910549000055], [114.23585045700054, 22.27781810100015], [114.24366295700054, 22.264593817000218], [114.25147545700054, 22.259059963000084], [114.25147545700054, 22.248887437000064], [114.24529056100039, 22.241888739000274], [114.24903405000032, 22.232530015000236], [114.25375410200013, 22.22398509300018], [114.24903405000032, 22.22239817899998], [114.25611412900025, 22.203599350999923], [114.24366295700054, 22.201280015000066], [114.24048912900025, 22.20522695500017], [114.23275800900024, 22.211493231000304], [114.23267662900025, 22.22199127799996], [114.22950280000032, 22.2335879580001], [114.22266686300031, 22.23883698100019], [114.2168074880002, 22.23432037999993], [114.22266686300031, 22.232530015000236], [114.22266686300031, 22.224758205000057], [114.21867923300033, 22.22398509300018], [114.21176191500012, 22.21613190300019], [114.21867923300033, 22.20600006700016], [114.21558678500026, 22.19896067900021], [114.21949303500014, 22.191880601000037], [114.20769290500027, 22.18956126500018], [114.20606530000032, 22.20522695500017], [114.20932050900012, 22.2075462910002], [114.20655358200042, 22.212388414000202], [114.19605553500037, 22.2075462910002], [114.19141686300043, 22.20994700700004], [114.19605553500037, 22.215318101000037], [114.18905683700018, 22.219224350999923], [114.19369550900024, 22.225531317000048], [114.19141686300043, 22.2309837910002], [114.18270918100006, 22.232530015000236], [114.18384850400025, 22.241034247000073], [114.17115319100026, 22.233303127000056], [114.16724694100037, 22.227850653000132], [114.16488691500012, 22.227850653000132], [114.16260826900032, 22.233303127000056], [114.16098066500024, 22.240383205], [114.15219160200024, 22.245021876999942], [114.13599694100026, 22.24575429900017], [114.12907962300028, 22.248887437000064], [114.12501061300031, 22.256740627000056], [114.12354576900054, 22.26137929900017], [114.11882571700016, 22.26919179900017], [114.11255944100026, 22.271511135000196], [114.1133732430003, 22.27781810100015], [114.11565188900056, 22.279364325000188], [114.12045332100024, 22.281683661000045], [114.12907962300028, 22.28563060100015], [114.13908938900045, 22.288723049000055], [114.14991295700042, 22.28563060100015], [114.15707441500012, 22.281683661000045], [114.16570071700039, 22.279364325000188], [114.17888431100016, 22.279364325000188], [114.18816165500039, 22.287176825000188], [114.1967879570002, 22.29185618700012], [114.20639082100035, 22.288234768000052], [114.21558678500026, 22.28563060100015]]], [[[114.05176842500032, 22.328517971000224], [114.05022220100034, 22.319932359000006], [114.04615319100026, 22.323146877000056], [114.03834069100026, 22.32457103100012], [114.03142337300028, 22.32457103100012], [114.02963300900024, 22.30898672099994], [114.01270592500032, 22.311346747000186], [114.01270592500032, 22.298081773000263], [114.0221460300005, 22.301906643000166], [114.01758873800031, 22.289048570000034], [114.01889082100035, 22.264593817000218], [114.00416100400025, 22.264593817000218], [113.99537194100003, 22.267767645000276], [114.00725345100022, 22.252101955000114], [113.99244225400037, 22.24119700700004], [114.01498457100024, 22.227077541000085], [114.00017337300028, 22.21613190300019], [113.98194420700031, 22.208238023000263], [113.9806421230004, 22.215318101000037], [113.9806421230004, 22.237250066999934], [113.96908613400001, 22.237250066999934], [113.9595646490003, 22.237250066999934], [113.94564863400024, 22.237250066999934], [113.92839603000039, 22.22398509300018], [113.92147871200041, 22.22398509300018], [113.91830488400035, 22.219224350999923], [113.92839603000039, 22.216905015000066], [113.92839603000039, 22.210760809000078], [113.91911868600027, 22.205023505000213], [113.90626061300043, 22.204006251999942], [113.89405358200054, 22.215318101000037], [113.89250735800044, 22.22239817899998], [113.88396243600027, 22.21999746300014], [113.87370853000027, 22.213080145000106], [113.85914147200026, 22.20140208500004], [113.84644616000037, 22.197088934000135], [113.83920332100035, 22.204901434000135], [113.83790123800031, 22.2179629580001], [113.83733157600011, 22.228623765000123], [113.83920332100035, 22.23419830900025], [113.84921308700041, 22.23419830900025], [113.84921308700041, 22.244126695000148], [113.85678144600013, 22.24599844000022], [113.85678144600013, 22.252264715999956], [113.85059655000032, 22.256740627000056], [113.85059655000032, 22.256781317000048], [113.85108483200031, 22.257106838000254], [113.8598738940002, 22.263454493999973], [113.86695397200026, 22.268988348000107], [113.86760501400045, 22.27073802299998], [113.87680097700036, 22.272284247000243], [113.88396243600027, 22.279364325000188], [113.89250735800044, 22.292710679000095], [113.91130618600027, 22.292710679000095], [113.92147871200041, 22.29185618700012], [113.92839603000039, 22.284857489000103], [113.93864993600005, 22.288723049000055], [113.96192467500032, 22.30117422099994], [113.97673587300028, 22.298081773000263], [113.98373457100013, 22.30902741099993], [113.99244225400037, 22.31057363500014], [113.99952233200054, 22.32225169500009], [114.01734459700015, 22.335516669000185], [114.0205184250002, 22.328517971000224], [114.04379316500024, 22.345770575000017], [114.04932701900032, 22.34223053600016], [114.05486087300005, 22.336330471000224], [114.05176842500032, 22.328517971000224]]], [[[113.62337888300033, 22.439872186000173], [113.63488321100021, 22.438044736000165], [113.6495954840002, 22.438565703000165], [113.65786970800048, 22.43202334500012], [113.65782457200021, 22.423751330000186], [113.65329326100027, 22.4137284440003], [113.64242195800023, 22.41142060300018], [113.64234696300014, 22.400189680999972], [113.63144949100035, 22.396102116000236], [113.62118666100048, 22.391419026999927], [113.61227218300041, 22.3979615880001], [113.61044137500039, 22.41333744600007], [113.61181578900027, 22.430470252000134], [113.62337888300033, 22.439872186000173]]], [[[113.64183151700013, 22.601623679000056], [113.62801481900033, 22.595784940000215], [113.60260957400021, 22.611521289000223], [113.5624271510004, 22.655683249000276], [113.52533118000053, 22.683182073000182], [113.49136813500013, 22.705773852000107], [113.47651141600022, 22.7195143240001], [113.47653944900026, 22.731267681000134], [113.50208046400019, 22.736111940000114], [113.52550121900026, 22.7448727700002], [113.54675920200032, 22.741884151000136], [113.55950467400044, 22.73499972200011], [113.563707368, 22.720302998000193], [113.5732039430003, 22.700697745000127], [113.57532173500022, 22.698734278000302], [113.60393909400022, 22.68495169000016], [113.63568652400045, 22.656474951000234], [113.64510971700031, 22.625115360000166], [113.64183151700013, 22.601623679000056]]], [[[113.4878035820002, 22.89280833500004], [113.52702884200039, 22.846625067000105], [113.54672285200013, 22.834865627000056], [113.57300866000026, 22.830064195000148], [113.57642662900037, 22.82391998900016], [113.58765709700015, 22.794623114000046], [113.59351647200026, 22.784816799000225], [113.60287519600035, 22.772447007000096], [113.60279381600037, 22.762640692000048], [113.59457441500035, 22.756089585000268], [113.57984459700037, 22.753729559000192], [113.55827884200028, 22.75787995000013], [113.54460696700028, 22.768784898000035], [113.53565514400032, 22.784328518000052], [113.52857506600026, 22.802150783000172], [113.52116946700016, 22.7879092470003], [113.50611412900025, 22.798041083000157], [113.49529056100016, 22.813869533000116], [113.48080488400001, 22.84931061399999], [113.47396894600035, 22.84931061399999], [113.47315514400054, 22.825384833000044], [113.45590254000035, 22.830755926999984], [113.4340926440002, 22.849066473000164], [113.40211022200015, 22.882879950000017], [113.39616946700028, 22.898098048999998], [113.40512129000012, 22.908107815000108], [113.43295332100035, 22.912014065000164], [113.47559655000032, 22.900702216000298], [113.4878035820002, 22.89280833500004]]], [[[113.55354151500023, 22.885811368000304], [113.54501369100024, 22.879960560000086], [113.52375724500041, 22.896679122000137], [113.50995973500028, 22.92121648000017], [113.50575350000031, 22.95160944700018], [113.51537583800052, 22.96922034900018], [113.52920975100028, 22.960353838000287], [113.52918592300034, 22.948594041000092], [113.54513977500028, 22.93776231400011], [113.55359928200028, 22.911280871000088], [113.55354151500023, 22.885811368000304]]], [[[117.12256920700031, 23.465521551999984], [117.13409051900021, 23.460469009000178], [117.14179358900037, 23.449653305000027], [117.13736671400011, 23.419564709999975], [117.12878132000026, 23.399369184000193], [117.10694420700031, 23.403550523000035], [117.08287717300027, 23.411144377000255], [117.04889680300016, 23.404709558000093], [117.0239363940002, 23.414536851000094], [117.01544726200018, 23.416249271000197], [117.00400864500011, 23.419758833000174], [116.99244515000021, 23.41921278300009], [116.96934496400024, 23.418945630999985], [116.94809769200049, 23.4218052450002], [116.94298929100023, 23.430062179000174], [116.95311006600025, 23.44208701800011], [116.96763467800031, 23.453148053000007], [116.98218834700037, 23.459458726000207], [116.98878014400032, 23.455633856000077], [116.99390709700037, 23.44830963700008], [117.00025475400014, 23.441555080000114], [117.01002037900037, 23.438950914000145], [117.01742597700024, 23.44188060100015], [117.0268573010004, 23.443854630000146], [117.03757899000016, 23.446900552000102], [117.04434843200033, 23.464467225000078], [117.04908330000035, 23.474083690000043], [117.0629988940002, 23.4784610050001], [117.0708113940002, 23.475327867000203], [117.07154381600003, 23.47308991099993], [117.09032773100012, 23.46107740200017], [117.10214777500028, 23.46799307900011], [117.10894473700012, 23.48229427600029], [117.12585215700017, 23.482691873000192], [117.12256920700031, 23.465521551999984]]], [[[117.00513756600037, 23.56293366100016], [117.00928795700031, 23.554999091000184], [117.00367272200015, 23.546210028000132], [116.99586022200015, 23.538519598000107], [116.99293053500026, 23.53388092700027], [116.9878035820002, 23.52411530200004], [116.97095787900037, 23.514634506999926], [116.95093834700015, 23.517401434000192], [116.93726647200049, 23.526271877000056], [116.9360457690002, 23.53554922100028], [116.94654381600026, 23.539455471000167], [116.95777428500026, 23.54490794500032], [116.96753991000048, 23.55434804900011], [116.97437584700037, 23.559393622000073], [116.97852623800031, 23.559271552000098], [116.98585045700054, 23.560451565000108], [116.9956160820002, 23.563544012000307], [117.00513756600037, 23.56293366100016]]], [[[117.43482506600026, 23.750718491999976], [117.44778172300028, 23.742251607000128], [117.46890066700041, 23.753090464000138], [117.50416100400025, 23.749904690000164], [117.52666076500032, 23.74010690500012], [117.5161912760002, 23.716277715000274], [117.49594160200013, 23.720160223000164], [117.48415604000024, 23.71079304400024], [117.47654291000026, 23.689431710000065], [117.47983528300028, 23.662678062000168], [117.4672191850002, 23.65793373700012], [117.4448348320002, 23.664943752000056], [117.43266955400031, 23.660117014000207], [117.42114944500042, 23.64646441900021], [117.41776554900002, 23.627465821000158], [117.41537519600024, 23.608221747000073], [117.42383873800009, 23.601996161000102], [117.43155864400023, 23.582630235000238], [117.37446006000027, 23.57265430500007], [117.32048272800012, 23.574015926000243], [117.33781909800041, 23.59646257200012], [117.3691253110004, 23.622357128000147], [117.39372806100016, 23.67918528900003], [117.3867293630002, 23.684881903000132], [117.3754988940002, 23.6893985050001], [117.36394290500027, 23.6914737000003], [117.35613040500027, 23.6893985050001], [117.34644616000037, 23.684759833000157], [117.34050540500027, 23.68895091400009], [117.34245853000027, 23.699652411000102], [117.37668889000031, 23.728865309000298], [117.37566165500016, 23.747300523000092], [117.37924238400001, 23.74681224200009], [117.37273196700039, 23.766750393000166], [117.38591556100027, 23.774155992000146], [117.40430748800031, 23.774155992000146], [117.41358483200042, 23.77167389500005], [117.41976972700013, 23.754299221000053], [117.43482506600026, 23.750718491999976]]], [[[118.13786868600005, 24.53652578300006], [118.1630965500002, 24.531968491999976], [118.18140709700026, 24.535101630000042], [118.18230228000016, 24.522650458000157], [118.18930097700024, 24.50307851800028], [118.18873131600026, 24.494126695000034], [118.18083743600027, 24.483465887000307], [118.17164147200015, 24.47846100500027], [118.16391035200024, 24.471909898000092], [118.16081790500016, 24.456935940000164], [118.15381920700042, 24.43707916900007], [118.13648522200015, 24.42926666900007], [118.11402428500026, 24.430609442000048], [118.09205162900025, 24.43846263200004], [118.0810653000002, 24.44521719000005], [118.07341556100039, 24.452704169000015], [118.06999759200016, 24.46027252800019], [118.07203209700037, 24.46747467700004], [118.0815535820002, 24.47260162999993], [118.09343509200028, 24.47467682500013], [118.1030379570002, 24.47988515800006], [118.10621178500026, 24.494126695000034], [118.08228600400014, 24.482326565000164], [118.07471764400043, 24.483954169000185], [118.07203209700037, 24.497870184000078], [118.07520592500043, 24.512152411000272], [118.0893660820002, 24.538397528000075], [118.09253991000014, 24.556219794000185], [118.11207116000014, 24.545599677000155], [118.13786868600005, 24.53652578300006]]], [[[119.52279707100024, 25.208441472999937], [119.53402754000012, 25.207220770000106], [119.54346764400054, 25.209377346000224], [119.55103600400014, 25.209458726000207], [119.5610457690002, 25.20864492400017], [119.56755618600039, 25.204901434000078], [119.56324303500037, 25.198797919000185], [119.55339603000027, 25.1952578800001], [119.54818769600024, 25.185980536000045], [119.54867597700024, 25.172430731000077], [119.54216556100016, 25.165350653000303], [119.52898196700039, 25.165350653000303], [119.51734459700049, 25.1714541690003], [119.51091556100039, 25.182318426999984], [119.51295006600003, 25.191392320000148], [119.51270592500032, 25.198797919000185], [119.50326582100035, 25.203802802000098], [119.49293053500014, 25.20050690299996], [119.48894290500027, 25.19627513200004], [119.46119225400037, 25.20331452000005], [119.44947350400014, 25.214341539000145], [119.44467207100013, 25.229071356000077], [119.44654381600037, 25.235988674000055], [119.45435631600037, 25.238470770000106], [119.45818118600027, 25.24111562700017], [119.47038821700016, 25.25218333500004], [119.47608483200054, 25.25055573100019], [119.4814559250002, 25.245021877000056], [119.48666425900001, 25.24485911700009], [119.49170983200031, 25.241400458000214], [119.49642988400024, 25.231350001999942], [119.50261478000039, 25.221014716000127], [119.51197350400025, 25.213446356000077], [119.52279707100024, 25.208441472999937]]], [[[119.30258222700013, 25.422919012000193], [119.29688561300031, 25.422919012000193], [119.28834069100026, 25.443670966000184], [119.2856551440002, 25.454738674000055], [119.28158613400035, 25.463812567000048], [119.28150475400037, 25.482896225999923], [119.30372155000043, 25.53774648600023], [119.30502363400035, 25.543361721000053], [119.30746504000035, 25.54682037999993], [119.31031334700015, 25.548651434000078], [119.31820722700036, 25.55707428600016], [119.32129967500043, 25.561224677000098], [119.33171634200016, 25.571275132000267], [119.3432723320002, 25.57330963700025], [119.34652754000012, 25.566717841000184], [119.34595787900037, 25.56110260600002], [119.35206139400043, 25.55223216400009], [119.3491317070002, 25.544012762000193], [119.34359785200013, 25.515366929000095], [119.33472741000026, 25.48969147300005], [119.33057701900032, 25.467352606000134], [119.33480879000024, 25.449896552000155], [119.3349715500002, 25.437974351000037], [119.32601972700036, 25.43398672099994], [119.31373131600014, 25.429917709999984], [119.30258222700013, 25.422919012000193]]], [[[119.78028405000032, 25.617417709999984], [119.79200280000043, 25.60455963700008], [119.80372155000032, 25.61074453300006], [119.81348717500032, 25.608832098000164], [119.82292728000027, 25.601385809000192], [119.83285566500024, 25.590887762000136], [119.8169051440002, 25.579820054000095], [119.83008873800043, 25.572007554000095], [119.85515384200039, 25.565130926999984], [119.87452233200042, 25.556789455000114], [119.86247806100016, 25.54629140800006], [119.84652754000024, 25.536322333000214], [119.83448326900032, 25.549139716000184], [119.81861412900037, 25.545803127000056], [119.8046981130002, 25.532619533000116], [119.79883873800043, 25.515814520000106], [119.80640709700037, 25.495835679000038], [119.83969160200013, 25.479152736000174], [119.84652754000024, 25.461167710000154], [119.82105553500014, 25.467515366999976], [119.79460696700028, 25.463039455], [119.77198326900032, 25.450588283000116], [119.75782311300043, 25.43325429900011], [119.75733483200042, 25.421332098000164], [119.76002037900025, 25.41063060100015], [119.75733483200042, 25.404933986000174], [119.73991946700016, 25.4077822940003], [119.7221785820002, 25.413804429000038], [119.70386803500014, 25.42357005400021], [119.69304446700016, 25.43764883000017], [119.69776451900043, 25.4566104190003], [119.70101972700013, 25.459947006999926], [119.70899498800043, 25.46564362200013], [119.71176191500012, 25.469549872000186], [119.71225019600013, 25.473578192000275], [119.71225019600013, 25.480210679000038], [119.71159915500016, 25.48623281500005], [119.70997155000032, 25.48786041900007], [119.69988040500027, 25.482326565000164], [119.68921959700015, 25.48045482000009], [119.67847741000026, 25.482326565000164], [119.6684676440002, 25.48786041900007], [119.67774498800009, 25.50120677299998], [119.68620853000027, 25.507717190000164], [119.69605553500014, 25.509344794000185], [119.7485457690002, 25.502590236000174], [119.76636803500026, 25.50625234600011], [119.77833092500009, 25.522040106000077], [119.75879967500032, 25.530747789000145], [119.72632897200026, 25.52513255400015], [119.71615644600013, 25.536322333000214], [119.71762129000024, 25.54490794500009], [119.7304793630002, 25.581000067000105], [119.72706139400043, 25.590887762000136], [119.71876061300009, 25.591253972999937], [119.70923912900025, 25.585598049000055], [119.70264733200031, 25.57729726800028], [119.69271894600001, 25.594224351000037], [119.6987410820002, 25.612616278000075], [119.71363366000037, 25.63060130400015], [119.7304793630002, 25.64614492400011], [119.74545332100013, 25.649074611000174], [119.75049889400043, 25.65298086100006], [119.76351972700013, 25.659491278000075], [119.7817488940002, 25.65916575700004], [119.77702884200039, 25.652085679000265], [119.77588951900043, 25.63572825700004], [119.78028405000032, 25.617417709999984]]], [[[119.39063561300043, 25.966986394999992], [119.38111412900003, 25.966986394999992], [119.37159264400032, 25.971584377000113], [119.34595787900037, 25.976385809000192], [119.31202233200031, 25.986761786000102], [119.30201256600003, 25.991848049000055], [119.2905379570002, 25.995266018000166], [119.27328535200047, 25.997137762000307], [119.25757897200026, 26.001450914000316], [119.25074303500037, 26.012396551999984], [119.24683678500026, 26.0265567080001], [119.23755944100026, 26.03758372600015], [119.22673587300017, 26.047674872000186], [119.21778405000032, 26.059027411000102], [119.20923912900014, 26.098578192000048], [119.2212020190002, 26.089544989000046], [119.24333743600039, 26.057074286000045], [119.25757897200026, 26.04755280200004], [119.27222741000014, 26.042059637000193], [119.30543053500014, 26.03595612200013], [119.36980228000016, 26.014227606000134], [119.40121504000047, 25.996039130000156], [119.40495853000039, 25.97793203300006], [119.39063561300043, 25.966986394999992]]], [[[119.63884524800028, 26.070502020000106], [119.62037194100026, 26.06419505399998], [119.56527754000012, 26.080471096000053], [119.55396569100003, 26.095648505000042], [119.57488040500016, 26.119533596000167], [119.59937584700026, 26.128119207999987], [119.61312910200024, 26.121161200000188], [119.62696373800043, 26.107896226000094], [119.63892662900037, 26.08856842700021], [119.6440535820002, 26.078436591000184], [119.63884524800028, 26.070502020000106]]], [[[120.36304772200037, 26.963039455000285], [120.36890709700015, 26.95567454600024], [120.37387129000035, 26.943589585000154], [120.37769616000048, 26.93984609599994], [120.384206576, 26.937974351000094], [120.38567142000045, 26.935166734000234], [120.35254967500032, 26.923773505000156], [120.32683353000027, 26.939683335000097], [120.3185327480004, 26.948594468000124], [120.32024173300022, 26.958197332999987], [120.32219485800033, 26.9621035830001], [120.32618248800031, 26.961778062000064], [120.33708743600027, 26.970038153000075], [120.34489993600027, 26.97195058800031], [120.35092207100013, 26.971177476000094], [120.35531660200047, 26.968858140000236], [120.35751386800018, 26.96605052299998], [120.36304772200037, 26.963039455000285]]], [[[121.1034787230002, 27.460070018999943], [121.10336493000011, 27.451879507000115], [121.0931237550003, 27.45289444100007], [121.07471580200024, 27.45672183200014], [121.06648675400015, 27.454983920000245], [121.06945127100028, 27.446761769000148], [121.0765170340004, 27.438498163000133], [121.0672635550003, 27.43677010400029], [121.05915926700027, 27.444133394000232], [121.0500876250004, 27.456055828000103], [121.04610864400024, 27.465199494000103], [121.05340295400015, 27.473320017000276], [121.07400226300024, 27.479483886000196], [121.08314306000022, 27.473018559000195], [121.09433796400037, 27.466534876000082], [121.1034787230002, 27.460070018999943]]], [[[121.1875106130002, 27.845933335000154], [121.18539472700047, 27.84381745000013], [121.18034915500016, 27.842271226000094], [121.17505944100026, 27.843695380000156], [121.17302493600005, 27.8410098330001], [121.17481530000032, 27.825873114000103], [121.17123457100035, 27.81879303600016], [121.16000410200024, 27.818508205000114], [121.14747155000032, 27.824367580000057], [121.13843834700015, 27.82485586100006], [121.13005618600039, 27.820502020000163], [121.11638431100005, 27.81781647300005], [121.09799238400001, 27.81781647300005], [121.09603925900035, 27.82786692900015], [121.11402428500037, 27.844142971000167], [121.13306725400025, 27.84715403900009], [121.14918053500026, 27.845770575000188], [121.1567488940002, 27.84878164300011], [121.15259850400037, 27.85276927300015], [121.15365644600013, 27.85643138200004], [121.15870201900043, 27.858140367000146], [121.16797936300043, 27.859686591000184], [121.18165123800043, 27.86465078300023], [121.18848717500032, 27.863714911000045], [121.18970787900025, 27.855292059000192], [121.18930097700036, 27.848293361000003], [121.1875106130002, 27.845933335000154]]], [[[121.11133873800031, 27.983791408000172], [121.1274520190002, 27.977484442000218], [121.13965905000032, 27.965765692000105], [121.13917076900032, 27.956976630000156], [121.12582441500035, 27.951361395000163], [121.10328209700026, 27.946193752000056], [121.09294681100027, 27.947739976000094], [121.08334394600013, 27.954738674000282], [121.07178795700031, 27.957261460000097], [121.04932701900054, 27.95087311400016], [121.04468834700026, 27.951971747000186], [121.04021243600027, 27.957953191999934], [121.04517662900014, 27.96747467700004], [121.06478925900012, 27.981431382000096], [121.07016035200024, 27.98289622600015], [121.07569420700042, 27.981390692000105], [121.08082116000037, 27.980658270000276], [121.11133873800031, 27.983791408000172]]], [[[121.28535242000055, 28.101945631000206], [121.27914472700036, 28.085435289000145], [121.26783287900037, 28.084540106000247], [121.25709069100026, 28.0851504580001], [121.24724368600039, 28.087795315000164], [121.23812910200036, 28.09292226800011], [121.23568769600024, 28.08551666900013], [121.23365319100026, 28.082424221000053], [121.23389733200054, 28.079087632000096], [121.23812910200036, 28.071193752000113], [121.23145592500032, 28.065008856000134], [121.21924889400032, 28.06785716400009], [121.21851240000024, 28.05846334900008], [121.20244170800015, 28.054753871000116], [121.18640047700035, 28.04370018300017], [121.16689887200016, 28.0430819740003], [121.15157280200015, 28.041232470000182], [121.14673393800024, 28.05781095700013], [121.1552352350003, 28.071368142000154], [121.15235145600013, 28.078073949000157], [121.14275149800005, 28.08258698100019], [121.13746178500014, 28.094183661000102], [121.13062584700015, 28.103461005000156], [121.13232919800032, 28.114314296000316], [121.12735929800033, 28.126556316000176], [121.12037194100014, 28.135687567000105], [121.12501061300043, 28.140082098000164], [121.13493899800005, 28.143052476000094], [121.1652832550003, 28.150533523000092], [121.1875311240002, 28.168901841000263], [121.20406983500038, 28.18970744600017], [121.2089755720001, 28.200131985000155], [121.21094811300031, 28.208970445000148], [121.23058760400022, 28.21973251800017], [121.2564025060002, 28.21479830900006], [121.26889341600008, 28.193941892000225], [121.2702405690003, 28.182290473000307], [121.26183975900028, 28.168809099000043], [121.25553061200026, 28.140000892000046], [121.26453571900026, 28.12159491200015], [121.28535242000055, 28.101945631000206]]], [[[121.86459394600013, 29.123846747000186], [121.86736087300005, 29.11579010600019], [121.8610132170005, 29.106838283000172], [121.85352623800031, 29.097560940000164], [121.84205162900014, 29.095038153000075], [121.83725019600013, 29.099798895000163], [121.82667076900043, 29.10797760600019], [121.8144637380002, 29.11538320500017], [121.80250084700026, 29.118638414000316], [121.79273522200015, 29.11855703300006], [121.78581790500027, 29.119696356000077], [121.78272545700042, 29.124660549000055], [121.78353925900024, 29.132879950000017], [121.78598066500024, 29.1437442080001], [121.78980553500037, 29.149847723000164], [121.79623457100013, 29.14940013200021], [121.84392337300028, 29.141913153000246], [121.85678144600001, 29.13426341400026], [121.86215254000035, 29.129584051999984], [121.86459394600013, 29.123846747000186]]], [[[121.95834394600013, 29.101874091000298], [121.93531334700015, 29.06289297100011], [121.92514082100024, 29.063055731000077], [121.91228274800017, 29.07135651200008], [121.88868248800031, 29.07233307500013], [121.90015709700026, 29.09373607000009], [121.88843834700015, 29.110296942000048], [121.87159264400032, 29.126613674000282], [121.86817467500043, 29.14740631700016], [121.8813582690002, 29.160305080000285], [121.90333092500032, 29.16657135600002], [121.92660566500012, 29.16673411700009], [121.94320722700024, 29.161118882000096], [121.95191491000037, 29.152289130000156], [121.95541425900024, 29.143500067000275], [121.9575301440002, 29.11953359600011], [121.95883222700047, 29.108058986000174], [121.95834394600013, 29.101874091000298]]], [[[122.1432397800005, 29.733384507000153], [122.17701256600026, 29.69684479400013], [122.18685957100013, 29.67340729400013], [122.16293379000012, 29.65452708500021], [122.16976972700036, 29.67503489800015], [122.16521243600039, 29.673163153000075], [122.14942467500032, 29.66885000200017], [122.14942467500032, 29.681830145000106], [122.13892662900014, 29.672593492000317], [122.13257897200015, 29.66889069200016], [122.12745201900043, 29.669012762000136], [122.12501061300043, 29.67324453300006], [122.1230574880002, 29.686468817000218], [122.12110436300031, 29.691717841000184], [122.1152449880002, 29.698391018000166], [122.10873457100013, 29.704006252000056], [122.10368899800005, 29.71051666900007], [122.10157311300043, 29.71971263200004], [122.0927840500002, 29.725775458000044], [122.07390384200016, 29.724432684000135], [122.05681399800028, 29.719794012000193], [122.05307050900024, 29.716009833000157], [122.0450952480004, 29.716986395000163], [122.04004967500009, 29.716376044000185], [122.03646894600001, 29.71747467700004], [122.03337649800028, 29.72345612200013], [122.03288821700016, 29.730943100999923], [122.03532962300028, 29.73997630400015], [122.03931725400037, 29.747544664000145], [122.04322350400025, 29.750799872000186], [122.04859459700026, 29.756089585000097], [122.05665123800031, 29.767808334999984], [122.06820722700036, 29.779527085000097], [122.0844832690002, 29.784898179000038], [122.09799238400035, 29.786851304000095], [122.1074324880002, 29.789618231000134], [122.1147567070002, 29.788519598000107], [122.12208092500009, 29.77871328300006], [122.12378991000014, 29.77090078300006], [122.12094160200036, 29.757798570000205], [122.12208092500009, 29.750799872000186], [122.1264754570002, 29.745062567000048], [122.14031009200016, 29.734605210000154], [122.1432397800005, 29.733384507000153]]], [[[122.31470787900014, 29.783677476000037], [122.30836022200049, 29.776271877000056], [122.29558353000027, 29.779120184000078], [122.2724715500002, 29.792141018000052], [122.26539147200026, 29.798000392999995], [122.25131269600013, 29.806097723000107], [122.23755944100037, 29.823797919000242], [122.23267662900014, 29.827826239000103], [122.23170006600003, 29.836249091000127], [122.24773196700039, 29.846096096000167], [122.27116946700039, 29.846828517999995], [122.28419030000009, 29.842840887000193], [122.31202233200042, 29.829046942000105], [122.31039472700013, 29.824611721000053], [122.30469811300043, 29.817450262000193], [122.31218509200039, 29.795152085000268], [122.31470787900014, 29.783677476000037]]], [[[121.99244225400014, 29.908270575000074], [121.97413170700042, 29.89984772300005], [121.94613691500024, 29.90395742400017], [121.93360436300031, 29.921332098000164], [121.94092858200031, 29.937689520000163], [121.95191491000037, 29.948065497000073], [121.95997155000032, 29.953192450000188], [121.9664819670005, 29.951727606000134], [121.97022545700042, 29.94684479400007], [121.97217858200031, 29.944769597999937], [121.9868270190002, 29.929877020000163], [121.99350019600035, 29.918850002000113], [121.99244225400014, 29.908270575000074]]], [[[122.34644616000037, 29.94940827000022], [122.35914147200015, 29.946275132000153], [122.38892662900025, 29.9487979190003], [122.40064537900037, 29.952948309000135], [122.40674889400032, 29.952704169000185], [122.40943444100037, 29.945705471000224], [122.40902754000012, 29.936672268000223], [122.40748131600026, 29.930609442000218], [122.40316816500024, 29.926255600999923], [122.39519290500039, 29.922064520000163], [122.40967858200042, 29.911200262000307], [122.40805097700013, 29.89984772300005], [122.39519290500039, 29.883612372000073], [122.39226321700016, 29.87641022300005], [122.38672936300043, 29.870672919000185], [122.38282311300031, 29.86473216400026], [122.38591556100005, 29.856878973000164], [122.39405358200042, 29.847886460000154], [122.39551842500032, 29.842678127000056], [122.39519290500039, 29.83331940300019], [122.38477623800031, 29.835191148000092], [122.37720787900025, 29.838934637000136], [122.36540774800028, 29.849758205000228], [122.3571069670005, 29.861721096000167], [122.35922285200013, 29.869777736000287], [122.36548912900037, 29.876288153000075], [122.36915123800043, 29.883612372000073], [122.36736087300017, 29.895900782999945], [122.36207116000026, 29.904486395000163], [122.35385175900024, 29.91058991100016], [122.33350670700031, 29.92059967700004], [122.32520592500009, 29.927883205000114], [122.32056725400025, 29.93724192900015], [122.32203209700015, 29.9484317080001], [122.32545006600014, 29.953924872000186], [122.33008873800043, 29.958238023000092], [122.3354598320002, 29.961330471000167], [122.34180748800031, 29.963039455], [122.34644616000037, 29.94940827000022]]], [[[121.8896590500002, 29.983954169000185], [121.87159264400032, 29.976711330000114], [121.86011803500014, 29.978094794000015], [121.84742272200015, 29.982123114000103], [121.83619225400037, 29.98867422100028], [121.82886803500014, 29.99750397300005], [121.82740319100026, 30.00421784100007], [121.82911217500009, 30.009100653000132], [121.8322046230004, 30.01365794500009], [121.83513431100027, 30.01943594000005], [121.83594811300031, 30.025702216000184], [121.83448326900043, 30.038560289000145], [121.83472741000026, 30.044989325000245], [121.8374129570002, 30.055894273000092], [121.84766686300031, 30.083156643000223], [121.85303795700031, 30.087144273000092], [121.86475670700042, 30.08592357000009], [121.87647545700042, 30.081610419000185], [121.8818465500002, 30.076361395000163], [121.88526451900032, 30.061183986000174], [121.89307701900032, 30.05621979400013], [121.90211022200026, 30.053534247000073], [121.90919030000043, 30.044989325000245], [121.91049238400035, 30.024115302000155], [121.90333092500032, 30.001776434000135], [121.8896590500002, 29.983954169000185]]], [[[122.17359459700037, 30.102240302000098], [122.18246504000024, 30.09857819200016], [122.19369550900024, 30.099798895000163], [122.20386803500037, 30.099554755000042], [122.22934004000035, 30.091620184000135], [122.2387801440002, 30.086615302000098], [122.24537194100037, 30.0801455750003], [122.24968509200028, 30.073431708000157], [122.25611412900025, 30.068182684000192], [122.2695418630002, 30.06606679900017], [122.28956139400043, 30.06732819200016], [122.29712975400025, 30.062567450000074], [122.30014082100013, 30.048732815000164], [122.30420983200042, 30.041978257000153], [122.32252037900014, 30.031927802000155], [122.32748457100035, 30.02448151200008], [122.32667076900054, 30.010809637000136], [122.32097415500027, 30.005926825000074], [122.31324303500026, 30.00348541900007], [122.30697675900012, 29.99721914300011], [122.30298912900037, 29.986314195000034], [122.30103600400037, 29.975897528000132], [122.30014082100013, 29.952460028000132], [122.29363040500039, 29.933783270000276], [122.27784264400054, 29.939927476000264], [122.2456160820002, 29.969875393000052], [122.22917728000039, 29.97866445500017], [122.18474368600027, 29.99445221600024], [122.14421634200028, 30.000392971000167], [122.09896894600035, 30.0144717470003], [122.07740319100037, 30.017645575000188], [122.06527754000012, 30.015936591000184], [122.04883873800031, 30.00739166900013], [122.0346785820002, 30.002020575000188], [122.03052819100026, 29.999335028000303], [122.02572675900001, 29.9972598330001], [122.01905358200042, 29.99721914300011], [122.01050866000014, 30.000311591000184], [122.00961347700013, 30.004339911000045], [122.01172936300043, 30.008449611000117], [122.0122176440002, 30.011419989000217], [122.01124108200042, 30.01508209800005], [122.01351972700024, 30.02582428600016], [122.0122176440002, 30.031927802000155], [122.00879967500032, 30.033392645000106], [121.99545332100001, 30.036566473000164], [121.99170983200031, 30.03807200700004], [121.97681725400003, 30.053656317000048], [121.97339928500026, 30.059963283000172], [121.97185306100027, 30.06769440300019], [121.97380618600027, 30.072577215999956], [121.97730553500014, 30.077337958000214], [121.98031660200013, 30.084621486000174], [121.98080488400012, 30.090073960000097], [121.97803795700042, 30.10708242400017], [121.96550540500016, 30.12970612200013], [121.96314537900025, 30.142401434000192], [121.97461998800031, 30.148016669000185], [122.08741295700031, 30.147528387000307], [122.10328209700026, 30.14370351800011], [122.11744225400025, 30.1359317080001], [122.1323348320002, 30.123765367000203], [122.14079837300028, 30.121323960000097], [122.16480553500014, 30.12051015800006], [122.16976972700036, 30.117254950000188], [122.17359459700037, 30.102240302000098]]], [[[122.3999129570002, 30.2746035830001], [122.4077254570002, 30.265936591000127], [122.4106551440002, 30.254706122000186], [122.40853925900001, 30.243963934000078], [122.39584394600024, 30.239447333000044], [122.38453209700015, 30.250148830000057], [122.38355553500037, 30.261542059000135], [122.38062584700026, 30.263739325000188], [122.37501061300031, 30.26215241100016], [122.35718834700049, 30.247748114000046], [122.34571373800043, 30.241929429000265], [122.3291121750002, 30.239081122000186], [122.31568444100026, 30.240301825000245], [122.30534915500027, 30.240139065000278], [122.29476972700013, 30.236721096000167], [122.28337649800028, 30.235256252000113], [122.27759850400003, 30.235541083000157], [122.27833092500032, 30.240627346000053], [122.28744550900024, 30.247788804000038], [122.30250084700015, 30.252101955000114], [122.3129988940002, 30.259955145000106], [122.31861412900003, 30.26837799700013], [122.32398522200026, 30.27216217700027], [122.33187910200024, 30.27366771000004], [122.34205162900037, 30.27362702000005], [122.38257897200026, 30.277167059000305], [122.3999129570002, 30.2746035830001]]], [[[122.21452884200039, 30.247300523000035], [122.20232181100016, 30.241929429000265], [122.18799889400043, 30.243638414000145], [122.17408287900025, 30.24799225500027], [122.13770592500009, 30.254624742000203], [122.11402428500014, 30.26508209800022], [122.07357832100024, 30.29140859600011], [122.08399498800031, 30.30243561400016], [122.08790123800031, 30.30565013200004], [122.09571373800043, 30.31069570500017], [122.10417728000016, 30.314154364000046], [122.12208092500009, 30.31928131700016], [122.14722741000037, 30.321478583000214], [122.1528426440002, 30.322699286000272], [122.16602623800043, 30.33169179900011], [122.19467207100013, 30.338568427000098], [122.21143639400032, 30.346625067000048], [122.22510826900043, 30.332342841000127], [122.21876061300031, 30.326076565000164], [122.22046959700015, 30.320705471000053], [122.22787519600013, 30.316351630000156], [122.2387801440002, 30.313137111000174], [122.20386803500037, 30.29140859600011], [122.20386803500037, 30.285142320000148], [122.22380618600039, 30.278876044000185], [122.2319442070002, 30.277736721000167], [122.21957441500012, 30.27045319200016], [122.21705162900014, 30.262518622000186], [122.21753991000026, 30.25458405200004], [122.21452884200039, 30.247300523000035]]], [[[122.29078209700026, 30.471665757000096], [122.29948978000016, 30.47134023600023], [122.31128991000014, 30.472642320000148], [122.3374129570002, 30.45848216400026], [122.34880618600016, 30.460638739000046], [122.36915123800043, 30.476996161000272], [122.36850019600035, 30.463202215999956], [122.37468509200016, 30.457342841000184], [122.38542728000027, 30.456203518000166], [122.39893639400032, 30.456488348000107], [122.41098066500024, 30.45213450700004], [122.41651451900054, 30.441595770000163], [122.42310631600014, 30.414943752000113], [122.40406334700026, 30.41864655200027], [122.36378014400043, 30.433417059000135], [122.34799238400024, 30.435980536000045], [122.30600019600024, 30.423163153000132], [122.28541100400014, 30.422064520000276], [122.27279707100035, 30.435980536000045], [122.27735436300031, 30.4367129580001], [122.28711998800031, 30.442206122000186], [122.27800540500039, 30.445746161000102], [122.27377363400012, 30.451361394999992], [122.27279707100035, 30.45929596600007], [122.27279707100035, 30.46946849200009], [122.27662194100014, 30.479803778000132], [122.28003991000026, 30.482611395000163], [122.28711998800031, 30.483140367000203], [122.29078209700026, 30.471665757000096]]], [[[122.47291100400003, 30.71723053600016], [122.48438561300043, 30.714667059000078], [122.49634850400037, 30.716782945000148], [122.50196373800009, 30.718980210000154], [122.50961347700024, 30.721177476000264], [122.52458743600005, 30.723578192000105], [122.52930748800031, 30.720770575000074], [122.52637780000043, 30.714178778000075], [122.53109785200013, 30.704413153000246], [122.52475019600001, 30.701808986000117], [122.49317467500032, 30.703111070000034], [122.4873153000002, 30.70184967700004], [122.47437584700015, 30.702582098000164], [122.46656334700037, 30.699123440000164], [122.46306399800028, 30.696356512000193], [122.46070397200026, 30.69403717700004], [122.45525149800028, 30.693996486000117], [122.44516035200024, 30.69676341400026], [122.43197675900012, 30.697984117000317], [122.4272567070002, 30.703924872000073], [122.43262780000032, 30.714829820000148], [122.43474368600005, 30.72711823100019], [122.42920983200031, 30.738023179000265], [122.42994225400037, 30.74306875200017], [122.44076582100035, 30.74103424699996], [122.45801842500032, 30.73065827000022], [122.47291100400003, 30.71723053600016]]], [[[121.85108483200031, 31.293931382000096], [121.83472741000026, 31.29254791900013], [121.82341556100039, 31.30239492400017], [121.81324303500037, 31.320786851000207], [121.79420006600026, 31.36880117400017], [121.80445397200026, 31.374701239000103], [121.83773847700013, 31.375148830000114], [121.85377037900037, 31.3729922550001], [121.86784915500016, 31.366197007000096], [121.87794030000009, 31.354315497000243], [121.8818465500002, 31.33661530200004], [121.87745201900032, 31.319647528000132], [121.86622155000032, 31.304185289000202], [121.85108483200031, 31.293931382000096]]], [[[121.78003991000014, 31.325181382000096], [121.76636803500014, 31.32062409100024], [121.75163821700016, 31.330511786000045], [121.72046959700026, 31.357733466000127], [121.59880618600027, 31.42914459800022], [121.58448326900032, 31.441392320000148], [121.59115644600024, 31.445868231000247], [121.60254967500032, 31.444240627000227], [121.61817467500032, 31.443793036000045], [121.69125410200013, 31.419175523000035], [121.72559655000032, 31.402736721000053], [121.74594160200024, 31.388495184000192], [121.76238040500016, 31.373765367000146], [121.77418053500014, 31.359198309000305], [121.78223717500032, 31.341782945000148], [121.78003991000014, 31.325181382000096]]], [[[121.91288969500022, 31.45633220700006], [121.85137350400021, 31.43917890500029], [121.81732579100014, 31.446650375000104], [121.78335209000011, 31.46568610000014], [121.73023522200037, 31.484767971000053], [121.71016757600023, 31.495077027000036], [121.68462982400001, 31.50680704500013], [121.61468863000027, 31.521581675000107], [121.57154381600014, 31.52936432500013], [121.54134135200036, 31.55378512900012], [121.51745636400017, 31.56839191100005], [121.48462975400014, 31.579901434000135], [121.40461395300031, 31.613714639000193], [121.37552303300015, 31.634133802000065], [121.3447371750002, 31.641302802000098], [121.31446373800043, 31.65558502800019], [121.30290774800028, 31.671454169000242], [121.28589928500014, 31.70404694200016], [121.22451110300017, 31.73766662000031], [121.2055782580004, 31.75661880300015], [121.1866305340003, 31.77411598200007], [121.17628760400032, 31.78432289200009], [121.18144309100035, 31.795980353000175], [121.19516035200013, 31.805243231000077], [121.2193007450004, 31.829472772000145], [121.26406453300035, 31.841076794000116], [121.32256352100035, 31.829330658000117], [121.36208870500025, 31.817608154000084], [121.38613317100032, 31.811735768000176], [121.42388503800032, 31.79563906300018], [121.47530402100006, 31.7707699190002], [121.5009655790002, 31.75032878200011], [121.53517581600045, 31.728409827000235], [121.57109123000043, 31.71375243200015], [121.60524304800015, 31.69182439200017], [121.62570177100031, 31.67575615300018], [121.64105310100024, 31.665520354000137], [121.66322259500043, 31.6523516700002], [121.7212267020002, 31.63031279100022], [121.84407535200012, 31.607946968000192], [121.91896634, 31.5784628560001], [121.9800856750004, 31.540295811000078], [121.9865983960002, 31.50389726200018], [121.9778506040002, 31.47777100200011], [121.91288969500022, 31.45633220700006]]], [[[119.90137780000032, 32.0824649110001], [119.9018660820002, 32.07339101800011], [119.89031009200028, 32.07538483300016], [119.85873457100013, 32.101548570000034], [119.84351647200026, 32.108140366999976], [119.81519616000026, 32.11522044500015], [119.80486087300017, 32.12030670800027], [119.79517662900014, 32.12055084800022], [119.79200280000043, 32.1217715520001], [119.78711998800031, 32.1295840520001], [119.78834069100037, 32.13361237200019], [119.79127037900014, 32.13686758000006], [119.79200280000043, 32.14227936400016], [119.79102623800043, 32.16547272300011], [119.79883873800043, 32.17869700700004], [119.80990644600013, 32.18911367400011], [119.81934655000043, 32.20376211100006], [119.78931725400025, 32.21149323100008], [119.74984785200013, 32.228013414000145], [119.71949303500014, 32.24957916900007], [119.71615644600013, 32.272650458000214], [119.75082441500047, 32.29311758000023], [119.78532962300028, 32.2916934270001], [119.81430097700036, 32.27558014500005], [119.83285566500024, 32.25214264500005], [119.87501061300031, 32.155218817000105], [119.88070722700013, 32.125189520000106], [119.90137780000032, 32.0824649110001]]], [[[120.7587996750002, 37.907538153000075], [120.75456790500016, 37.89667389500016], [120.74659264400032, 37.897894598000164], [120.73698978000016, 37.90460846600024], [120.72632897200015, 37.90884023600006], [120.72242272200026, 37.919094143000166], [120.72706139400043, 37.94765859600028], [120.7345483730004, 37.94765859600028], [120.74838300900001, 37.938706773000206], [120.75733483200042, 37.92267487200007], [120.7587996750002, 37.907538153000075]]], [[[120.62289472700024, 37.94879791900013], [120.61841881600037, 37.94700755400004], [120.61548912900037, 37.94830963700019], [120.6093856130002, 37.95502350500027], [120.60189863400001, 37.969305731000134], [120.60678144600024, 37.97988515800023], [120.61898847700013, 37.9811465520001], [120.62582441500035, 37.97256094000011], [120.62566165500039, 37.9586856140001], [120.62289472700024, 37.94879791900013]]], [[[120.72730553500048, 37.96942780200004], [120.72046959700026, 37.96401601800011], [120.7091577480004, 37.965765692000105], [120.70053144600035, 37.96987539300005], [120.69499759200028, 37.97467682500013], [120.6909285820002, 37.98143138200027], [120.68824303500014, 37.98525625200017], [120.69019616000037, 37.99062734600011], [120.70411217500043, 37.98965078300006], [120.72006269600024, 37.98094310100009], [120.72730553500048, 37.96942780200004]]], [[[120.77328535200013, 38.1597354190003], [120.76124108200031, 38.15802643400019], [120.75456790500016, 38.15818919500026], [120.74659264400032, 38.161851304000095], [120.73878014400032, 38.17560455900019], [120.7426863940002, 38.18756745000013], [120.76042728000027, 38.170477606000304], [120.77271569100037, 38.16543203300017], [120.77328535200013, 38.1597354190003]]], [[[120.80648847700036, 38.28823476800005], [120.80005944100026, 38.28750234600005], [120.79997806100027, 38.29389069200016], [120.80274498800031, 38.2984072940003], [120.80738366000026, 38.30487702000022], [120.81983483200031, 38.31366608300027], [120.83375084700026, 38.31256745000002], [120.83619225400037, 38.30426666900007], [120.82837975400037, 38.29881419500009], [120.8243921230004, 38.298325914000316], [120.82048587300028, 38.297512111], [120.81332441500035, 38.29376862200019], [120.80648847700036, 38.28823476800005]]], [[[120.92457116000014, 38.38686758000006], [120.92318769600024, 38.38324616100016], [120.91724694100014, 38.38442617400017], [120.9142358730004, 38.38410065300019], [120.90756269600024, 38.38515859600005], [120.90691165500027, 38.392564195000034], [120.91781660200024, 38.39545319200005], [120.92457116000014, 38.38686758000006]]], [[[108.22088950000006, 40.85163760000012], [108.22168350000021, 40.84725520000006], [108.22063210000027, 40.84167120000029], [108.21859360000019, 40.83654130000002], [108.21885110000017, 40.83111880000007], [108.21912999999995, 40.82587440000009], [108.22050330000008, 40.82282179999993], [108.22479480000027, 40.821977400000264], [108.22988030000022, 40.821457800000076], [108.23241229999991, 40.820077600000275], [108.23636050000027, 40.81606660000023], [108.24101680000024, 40.81296480000009], [108.24704640000016, 40.81043120000004], [108.25356960000005, 40.80914820000015], [108.25936320000017, 40.8088396], [108.27129359999998, 40.810122700000306], [108.28099250000008, 40.811194599999965], [108.28517670000008, 40.81108089999998], [108.29227919999994, 40.810333800000194], [108.30307240000019, 40.80989529999994], [108.31176280000017, 40.80817370000017], [108.31888670000023, 40.8074754000001], [108.32643980000023, 40.80728050000016], [108.3354520000002, 40.80796260000028], [108.34224199999994, 40.80891310000004], [108.35025780000007, 40.81121080000008], [108.35626600000018, 40.811275800000146], [108.36055749999997, 40.80978160000012], [108.37235920000018, 40.803642300000035], [108.37755200000015, 40.80149820000008], [108.38905330000017, 40.79834699999992], [108.39639180000017, 40.797599800000114], [108.40613359999992, 40.79769730000021], [108.41523170000028, 40.79626780000024], [108.42347140000027, 40.79350619999997], [108.42733380000027, 40.79129679999994], [108.43080990000027, 40.785220800000104], [108.43574520000004, 40.779469100000085], [108.44613070000031, 40.772189399999945], [108.44939230000017, 40.76806170000003], [108.45424170000013, 40.760813299999995], [108.45763200000016, 40.75736760000001], [108.46505640000021, 40.75648990000002], [108.47239490000004, 40.75457189999997], [108.47861760000012, 40.751516000000265], [108.48518370000022, 40.74637920000015], [108.48848820000023, 40.74224990000005], [108.48956100000021, 40.741111800000056], [108.49213600000024, 40.73642950000004], [108.49295140000021, 40.73207190000011], [108.4954834000003, 40.73015319999996], [108.50149150000021, 40.72852720000009], [108.51483820000016, 40.72690110000002], [108.53110310000017, 40.726283100000046], [108.53745460000022, 40.72956780000004], [108.54852670000025, 40.73060850000019], [108.55655190000027, 40.730445900000234], [108.56118670000023, 40.72693360000005], [108.56577870000024, 40.72094919999995], [108.57376090000002, 40.71467150000012], [108.57946870000018, 40.70676660000015], [108.58204360000002, 40.70292769999992], [108.58354560000015, 40.697982300000206], [108.58521930000006, 40.69124689999995], [108.58885370000024, 40.685107200000004], [108.59714980000007, 40.678962000000126], [108.60369440000017, 40.668351200000245], [108.60768550000017, 40.66465650000026], [108.61302850000027, 40.659675700000264], [108.61004590000005, 40.652773700000296], [108.61347910000006, 40.64904560000019], [108.62015249999996, 40.6473036000001], [108.62378950000016, 40.64691280000011], [108.62860679999994, 40.64644880000009], [108.64191050000028, 40.64832930000006], [108.65371230000028, 40.646864000000164], [108.65875480000022, 40.644454400000086], [108.66487019999994, 40.63444060000023], [108.67381810000029, 40.630450999999994], [108.68626350000028, 40.62479990000014], [108.69652029999997, 40.62209640000009], [108.71048930000029, 40.621917199999984], [108.71752740000017, 40.61908319999998], [108.72390030000003, 40.609212300000024], [108.73174190000015, 40.60783240000006], [108.73880150000019, 40.61122069999993], [108.74769690000005, 40.614646100000016], [108.7569494, 40.618307700000116], [108.76577290000017, 40.61982890000024], [108.77396530000016, 40.61673100000024], [108.77398250000016, 40.61423750000017], [108.77390740000016, 40.60944840000002], [108.77090330000027, 40.604431000000034], [108.76394030000023, 40.5938572], [108.76311420000008, 40.586940200000015], [108.7627816000001, 40.58046239999999], [108.76368280000025, 40.573503300000084], [108.7568378000002, 40.56317730000012], [108.75602240000023, 40.55864540000016], [108.75859739999993, 40.552401400000065], [108.76707310000029, 40.5492220000001], [108.7771582000002, 40.54943400000025], [108.78430360000021, 40.55179810000027], [108.79086970000031, 40.55706410000005], [108.80260700000014, 40.56216660000018], [108.81329300000021, 40.56014520000008], [108.82131810000021, 40.56171020000005], [108.82893560000025, 40.564660700000104], [108.8377547, 40.562704600000075], [108.84685279999997, 40.5566728], [108.84859080000024, 40.55426000000023], [108.85087610000016, 40.55191220000029], [108.85422349999999, 40.551855200000205], [108.85879280000023, 40.55424849999997], [108.87810460000009, 40.56031300000029], [108.8919675000003, 40.56199540000023], [108.90158060000005, 40.558792100000005], [108.90021670000021, 40.540576000000044], [108.90240149999994, 40.537255100000095], [108.91444379999996, 40.53516990000003], [108.94696289999996, 40.53648280000016], [108.95173910000028, 40.53547880000002], [108.95737920000028, 40.53061290000011], [108.96362890000029, 40.525592200000006], [108.97252090000006, 40.5271757000001], [108.99127020000009, 40.532119100000045], [108.99397610000017, 40.541008799999986], [109.00015590000027, 40.541856800000176], [109.01376810000016, 40.54506740000005], [109.03114079999995, 40.54537890000006], [109.03549580000004, 40.54626760000008], [109.03967289999997, 40.5472812000001], [109.0510808000003, 40.546987799999954], [109.06634990000015, 40.5446139], [109.08435700000024, 40.54013260000016], [109.09646690000017, 40.53421040000006], [109.10513700000024, 40.52839440000025], [109.11422490000024, 40.52672280000013], [109.1295028000003, 40.53233319999998], [109.1445559, 40.534237100000155], [109.15712220000023, 40.533009900000025], [109.16259800000017, 40.52914150000004], [109.16266820000027, 40.52257789999999], [109.16014090000004, 40.51678759999999], [109.16431790000019, 40.51233110000004], [109.17670960000015, 40.512237899999946], [109.1914725000002, 40.5123684000003], [109.21002000000027, 40.51576020000027], [109.21384600000027, 40.51676090000029], [109.22198950000029, 40.51673420000003], [109.22676330000002, 40.51403900000014], [109.2272196000003, 40.510569800000155], [109.2206777000003, 40.50832680000002], [109.21665410000026, 40.50389770000021], [109.21508210000025, 40.496254299999976], [109.21535540000008, 40.48900320000007], [109.21735610000025, 40.48406430000017], [109.22578050000027, 40.48398420000029], [109.2285707000002, 40.485044600000094], [109.23198260000004, 40.48988859999997], [109.23558950000023, 40.496836100000166], [109.2387257000002, 40.49966700000027], [109.24556220000028, 40.50033640000004], [109.25989240000024, 40.501062900000306], [109.2662159000003, 40.49978290000007], [109.27203900000018, 40.497015400000066], [109.28386710000024, 40.497776499999986], [109.30201870000002, 40.4982954000003], [109.3170768, 40.48526950000024], [109.32326380000018, 40.4819478], [109.33339690000031, 40.47453470000022], [109.34184760000016, 40.470009000000005], [109.34842130000015, 40.46964559999998], [109.35729240000018, 40.471133699999996], [109.37214570000026, 40.47540769999995], [109.3926857000003, 40.47783000000021], [109.40489390000022, 40.47675450000003], [109.41167450000006, 40.47642810000002], [109.4252357000002, 40.4768198000001], [109.4290981000002, 40.48282610000001], [109.42969890000018, 40.484719299999995], [109.4252357000002, 40.494445400000245], [109.42369080000026, 40.496925700000304], [109.43124390000008, 40.50899940000005], [109.43999860000025, 40.51904830000001], [109.45720430000029, 40.52098140000027], [109.46458579999995, 40.52085090000031], [109.47728870000032, 40.517197000000124], [109.4860504000003, 40.51373229999996], [109.49708970000029, 40.51028290000022], [109.5081878000002, 40.51080230000002], [109.51544040000022, 40.51476490000016], [109.52370550000018, 40.52416740000007], [109.53214390000028, 40.53677520000019], [109.5430098000001, 40.54406650000021], [109.5547427000003, 40.54230959999995], [109.57256080000019, 40.55555270000025], [109.577024, 40.556596100000036], [109.58337540000025, 40.55568310000001], [109.59178680000025, 40.55398760000003], [109.60294480000027, 40.549031200000115], [109.60981130000016, 40.54342220000001], [109.61547610000008, 40.53585580000015], [109.62178800000027, 40.53033520000025], [109.63423350000028, 40.52478990000026], [109.63698010000013, 40.51976600000006], [109.63869670000025, 40.5120012000001], [109.64238740000025, 40.509129900000005], [109.65066670000016, 40.50740890000009], [109.65277290000017, 40.507217900000285], [109.6579742000003, 40.50771710000021], [109.66693500000025, 40.50480650000026], [109.67697720000018, 40.494964400000015], [109.68693350000007, 40.49600540000017], [109.68929050000025, 40.49487799999997], [109.68915340000007, 40.49221670000003], [109.68963380000002, 40.487958900000194], [109.69392540000001, 40.481822500000135], [109.70044850000028, 40.47921110000004], [109.7061133000002, 40.48012510000001], [109.71109150000018, 40.484433800000204], [109.71864460000018, 40.4871756], [109.72514440000009, 40.49421210000031], [109.7294330000002, 40.49486600000023], [109.73723340000026, 40.49168530000014], [109.76024140000004, 40.50172880000014], [109.76280450000002, 40.502847500000144], [109.76749710000018, 40.50316260000011], [109.77393410000002, 40.50443680000001], [109.78212960000008, 40.506220600000006], [109.79233239999996, 40.50525280000005], [109.80078560000021, 40.49998630000022], [109.80470660000009, 40.49977430000007], [109.80773690000018, 40.50519009999999], [109.81696710000006, 40.513180200000136], [109.82387299999999, 40.511715800000104], [109.84385730000025, 40.50381510000011], [109.85700370000018, 40.50597319999997], [109.86565170000017, 40.51019199999996], [109.8788286000003, 40.519219899999996], [109.88910430000016, 40.52424359999998], [109.90144970000023, 40.52932700000031], [109.90729580000004, 40.53019649999993], [109.92172000000016, 40.530115199999955], [109.93734119999999, 40.52867990000004], [109.9596047, 40.521368100000075], [109.97781419999995, 40.515804400000206], [109.98386140000008, 40.513151400000254], [109.9973658000003, 40.504182400000104], [110.00282050000027, 40.499099400000205], [110.00716560000023, 40.49816280000016], [110.01045940000029, 40.497304499999984], [110.01438610000008, 40.497712500000205], [110.01653190000019, 40.49973570000009], [110.01614570000021, 40.50055160000028], [110.01112460000024, 40.504989500000306], [110.0058675000003, 40.51135210000024], [110.00415080000022, 40.5162950000003], [110.00488040000016, 40.51841560000025], [110.00724080000026, 40.51831780000015], [110.01691820000019, 40.51342400000004], [110.02228259999993, 40.51257570000001], [110.02472879999999, 40.51345660000027], [110.03193850000002, 40.51789370000023], [110.04612210000016, 40.52967000000007], [110.05049940000032, 40.530094099999985], [110.05281680000019, 40.52810430000022], [110.05152940000028, 40.524548700000196], [110.04588600000017, 40.52006310000013], [110.0461864000003, 40.51786099999998], [110.05146500000006, 40.515463100000204], [110.05687230000018, 40.513978599999916], [110.06060600000023, 40.514565900000036], [110.06747240000027, 40.519231200000036], [110.07356640000017, 40.52539680000001], [110.0775361000002, 40.52906660000008], [110.07948870000007, 40.52970260000012], [110.08431670000004, 40.52794120000004], [110.10322090000028, 40.51366870000004], [110.11004440000016, 40.50929659999997], [110.113585, 40.508334000000275], [110.11734000000001, 40.50818720000001], [110.1216316, 40.508741900000075], [110.12248990000018, 40.51076490000031], [110.12291900000031, 40.51585460000007], [110.12553690000021, 40.51611559999998], [110.12748950000031, 40.516164499999945], [110.13617990000029, 40.51154790000027], [110.1458787000002, 40.50446740000007], [110.14858240000007, 40.50355370000017], [110.15514850000017, 40.50450000000029], [110.15832420000021, 40.508676700000194], [110.16158580000024, 40.520454599999994], [110.16480440000026, 40.531284600000276], [110.16931050000022, 40.542439], [110.17385960000024, 40.54951550000004], [110.17609120000014, 40.55117859999996], [110.17885919999998, 40.55153730000018], [110.18762350000003, 40.55059640000013], [110.20081040000008, 40.548064400000044], [110.21593809999996, 40.54305860000011], [110.2268171, 40.536829400000045], [110.23108720000022, 40.53280130000019], [110.23200990000015, 40.53107260000013], [110.23284669999993, 40.524532400000055], [110.23256780000014, 40.50751830000007], [110.23282530000029, 40.50138370000002], [110.23441310000021, 40.49490580000014], [110.23849010000004, 40.490483600000175], [110.24698730000023, 40.48563670000004], [110.24984120000028, 40.48310700000019], [110.25112870000021, 40.48163819999996], [110.25059220000003, 40.480316200000004], [110.24331810000018, 40.47708450000016], [110.24074310000032, 40.47466870000011], [110.23936980000019, 40.47186119999998], [110.24087190000029, 40.47037569999998], [110.24844640000032, 40.468645400000185], [110.25258780000013, 40.4697554], [110.25984050000017, 40.47672540000008], [110.2677798000002, 40.48247050000009], [110.27466770000024, 40.48496760000012], [110.28737070000022, 40.48705650000011], [110.2972626000003, 40.49046730000026], [110.30073880000015, 40.49177280000026], [110.30342100000024, 40.49157690000004], [110.3082704000002, 40.489341199999956], [110.31070470000014, 40.48730610000018], [110.31122000000016, 40.486796600000105], [110.31487940000005, 40.4831887000002], [110.31603810000018, 40.48092000000025], [110.31490090000005, 40.47886350000027], [110.30762670000001, 40.475223700000015], [110.29408690000008, 40.46704559999995], [110.29303550000014, 40.46441730000009], [110.29492380000005, 40.46076040000003], [110.29870030000023, 40.45571540000026], [110.30625340000029, 40.44748590000023], [110.31131740000023, 40.44353410000008], [110.3163600000002, 40.442521699999986], [110.32535069999994, 40.44284830000021], [110.33047910000028, 40.443877100000236], [110.33765550000021, 40.447866300000044], [110.3459930000003, 40.45344590000025], [110.35195820000024, 40.456156300000146], [110.3584384000003, 40.45818080000015], [110.3623008000003, 40.45805020000017], [110.36393160000023, 40.45622160000022], [110.36397450000021, 40.452466200000174], [110.36264419999992, 40.44420370000006], [110.36303040000007, 40.43904320000013], [110.36564819999995, 40.435221500000296], [110.36921020000017, 40.43342499999994], [110.37526130000026, 40.4330003], [110.38165570000018, 40.433392300000094], [110.3867197000003, 40.433392300000094], [110.3910112000001, 40.431955000000016], [110.39594650000026, 40.427316200000064], [110.39937970000028, 40.4227425000002], [110.40551660000017, 40.41542390000001], [110.40726310000008, 40.413280500000155], [110.41444299999995, 40.40915020000017], [110.42036530000024, 40.404477100000236], [110.4230260000001, 40.401535900000056], [110.42512890000023, 40.39908479999991], [110.42778960000027, 40.39591459999997], [110.4337549, 40.39258080000002], [110.4395914000001, 40.39058690000007], [110.44529910000023, 40.3893121000001], [110.45049189999997, 40.38941020000004], [110.45482630000015, 40.39006390000014], [110.45894619999996, 40.391632900000104], [110.4619932, 40.39408430000026], [110.4664564000002, 40.39928090000018], [110.47070500000018, 40.40317000000027], [110.47418110000018, 40.40457520000018], [110.47654150000028, 40.40444450000001], [110.4781293000002, 40.40323529999995], [110.47898770000018, 40.40045739999999], [110.48036090000028, 40.39666629999999], [110.47958850000015, 40.39333250000004], [110.47418110000018, 40.38924680000002], [110.47139160000012, 40.38682790000007], [110.47096250000016, 40.38427819999998], [110.47113410000014, 40.381466800000055], [110.47246450000029, 40.37832850000029], [110.4840517000003, 40.36838929999999], [110.48765660000015, 40.36646010000027], [110.49130440000016, 40.36668900000001], [110.49409390000022, 40.368716300000244], [110.49654000000027, 40.37581110000019], [110.50005909999993, 40.38525890000011], [110.50327769999996, 40.38924680000002], [110.50701140000018, 40.39052149999998], [110.50945750000022, 40.39003130000009], [110.5147361, 40.38640300000009], [110.52349090000018, 40.37705349999993], [110.53452010000001, 40.36276520000007], [110.54391860000015, 40.34651140000011], [110.54876800000028, 40.33319810000006], [110.55250160000031, 40.327603800000304], [110.55602070000015, 40.32456110000027], [110.55774660000014, 40.32332749999995], [110.56082720000029, 40.32112550000022], [110.56537620000029, 40.319784000000254], [110.5670929000002, 40.32079830000015], [110.56876660000012, 40.324986400000284], [110.57155599999999, 40.32995940000018], [110.57438850000023, 40.33254380000011], [110.57833670000025, 40.332740100000024], [110.58091160000015, 40.32973030000022], [110.58387280000017, 40.32213990000031], [110.5875206, 40.31307600000014], [110.59056750000025, 40.31003260000023], [110.59515950000002, 40.30882170000024], [110.60249800000025, 40.30862540000015], [110.6072187000002, 40.310588900000255], [110.6116390000002, 40.3137959], [110.61399930000027, 40.31903140000014], [110.61378470000028, 40.32439750000003], [110.61481470000024, 40.32655679999999], [110.61756130000032, 40.3264260000002], [110.62305450000025, 40.32374310000006], [110.62704560000026, 40.318507899999986], [110.6282043, 40.31553020000018], [110.62893390000016, 40.31104709999994], [110.62876220000015, 40.30662910000018], [110.62996380000027, 40.303323600000056], [110.6340837000003, 40.30132710000004], [110.64125060000032, 40.30021429999999], [110.64888950000017, 40.300770700000214], [110.65476890000025, 40.30273440000013], [110.67339419999996, 40.31474490000022], [110.68210600000015, 40.31926050000027], [110.6882429000002, 40.31975130000001], [110.6909036000003, 40.31847520000031], [110.69159030000026, 40.31526839999998], [110.69051739999992, 40.312159699999995], [110.69008819999993, 40.31022890000014], [110.69017410000015, 40.30836359999995], [110.6926846, 40.30754540000015], [110.69969440000023, 40.30865089999992], [110.70150370000016, 40.308936300000084], [110.71364880000016, 40.31202880000001], [110.71751670000009, 40.311986200000035], [110.71989300000024, 40.3110307], [110.72233909999994, 40.306710899999985], [110.72429180000023, 40.298332300000254], [110.72633030000014, 40.29420800000025], [110.72984930000018, 40.29226040000003], [110.73308940000021, 40.2919821000001], [110.73536390000027, 40.29360250000025], [110.74429030000005, 40.30311080000001], [110.74810980000007, 40.30599089999993], [110.7532596000002, 40.30597449999999], [110.76042650000005, 40.302701700000114], [110.76746459999993, 40.29906870000008], [110.7711982000003, 40.29739939999996], [110.7717132000003, 40.29586100000006], [110.77068319999995, 40.293733400000235], [110.76149940000022, 40.28581150000025], [110.75870990000016, 40.28158830000024], [110.7577657, 40.27864170000015], [110.75948230000029, 40.27484370000013], [110.76471800000024, 40.27055430000013], [110.76931000000002, 40.2692773], [110.7734298000002, 40.26888429999997], [110.77570430000009, 40.26957200000004], [110.77956670000032, 40.27222430000012], [110.78291410000014, 40.273894200000086], [110.78664779999997, 40.27304290000018], [110.78819270000008, 40.27071799999999], [110.78960890000002, 40.266133700000125], [110.79063889999998, 40.26393960000013], [110.7917332000003, 40.26174550000013], [110.7941150000002, 40.260402800000065], [110.79802030000019, 40.25932200000017], [110.80892080000024, 40.258306800000014], [110.82409139999993, 40.259731400000305], [110.83325380000025, 40.262498700000094], [110.83745950000025, 40.26488929999999], [110.84059230000008, 40.267017800000076], [110.84179400000022, 40.26996490000005], [110.84145060000026, 40.274974700000314], [110.84209440000024, 40.278052400000036], [110.8439397000003, 40.28279960000009], [110.8483600000003, 40.285091299999976], [110.85720060000028, 40.282046600000115], [110.85668560000028, 40.27530210000003], [110.85037700000021, 40.26940830000018], [110.8481454000003, 40.267312499999946], [110.8471155000002, 40.26469280000009], [110.84741590000016, 40.26272790000024], [110.85106370000017, 40.26079580000027], [110.85668560000028, 40.26059930000014], [110.87307929999992, 40.262760700000115], [110.87994570000018, 40.262695199999996], [110.89174740000016, 40.25774999999993], [110.90028759999996, 40.252804500000025], [110.90796940000018, 40.2461553], [110.91311930000029, 40.244058900000084], [110.91848370000025, 40.24487779999998], [110.92414850000017, 40.24907059999998], [110.93617440000025, 40.2599491000002], [110.94367500000021, 40.26726339999999], [110.95210790000021, 40.27245350000027], [110.95854520000029, 40.2763171000002], [110.96277230000027, 40.2765790000002], [110.96547600000014, 40.27526929999999], [110.96723550000024, 40.27194589999999], [110.9681368000002, 40.2665102000002], [110.9681368000002, 40.25876530000011], [110.96918819999996, 40.25562120000001], [110.97332950000015, 40.253656099999944], [110.97809310000031, 40.25575220000002], [111.00435730000021, 40.26978480000025], [111.01698400000026, 40.278401000000315], [111.0368323000003, 40.293541800000014], [111.04163880000027, 40.29589860000016], [111.04404209999996, 40.29576760000015], [111.04593040000026, 40.29472019999997], [111.0466170000002, 40.29275620000021], [111.04593040000026, 40.28935180000008], [111.04215380000022, 40.28031630000015], [111.0364890000003, 40.27363700000012], [111.0364890000003, 40.2715414000001], [111.0390115000003, 40.268900700000074], [111.04615690000014, 40.26426710000004], [111.04954720000018, 40.26295720000002], [111.05364559999998, 40.26325190000006], [111.06189490000025, 40.263289499999985], [111.08510250000023, 40.26141800000022], [111.0998547000001, 40.258036600000025], [111.11493820000004, 40.25228530000004], [111.13673919999997, 40.24167239999997], [111.14272570000026, 40.238183299999946], [111.16132020000026, 40.22623660000022], [111.1750102000002, 40.2185116], [111.19956730000024, 40.201170899999966], [111.20591880000018, 40.19343480000009], [111.20849370000002, 40.18923860000018], [111.21055360000031, 40.18058310000026], [111.21127370000022, 40.178053600000226], [111.21598360000019, 40.17529100000007], [111.22171160000016, 40.172582400000124], [111.22834320000015, 40.16925729999997], [111.24814750000024, 40.16235059999997], [111.25982040000008, 40.158152500000085], [111.26617190000019, 40.15657810000022], [111.27803919999991, 40.15622890000009], [111.29064560000029, 40.157639300000085], [111.29761930000012, 40.15673730000003], [111.30976439999995, 40.14971780000013], [111.31255390000018, 40.14533849999998], [111.32488010000026, 40.129283400000304], [111.33586640000016, 40.118257400000175], [111.34341950000015, 40.112218600000006], [111.3545775, 40.10197770000019], [111.36453390000014, 40.090028099999984], [111.3731170000001, 40.078995700000235], [111.38029570000026, 40.06194629999999], [111.38684990000002, 40.05232690000025], [111.39131310000022, 40.04759629999995], [111.3957763000002, 40.04628220000012], [111.39869450000003, 40.047070700000006], [111.40144110000028, 40.046413599999994], [111.40401600000018, 40.044836700000076], [111.40590430000026, 40.04286540000004], [111.40847920000016, 40.02959100000004], [111.41036750000023, 40.028276500000175], [111.4126770000002, 40.022444899999925], [111.41318580000001, 40.01960050000014], [111.41191240000018, 40.017102700000066], [111.41208410000019, 40.01499920000009], [111.41431570000026, 40.01223820000007], [111.4132169000003, 40.000597900000116], [111.41345739999991, 39.9952756000003], [111.4153456000002, 39.98462260000008], [111.41465900000026, 39.97830879999992], [111.41654730000016, 39.97212609999997], [111.41860720000022, 39.96370609999997], [111.42066720000014, 39.95265330000012], [111.42032380000018, 39.94844230000024], [111.42289870000025, 39.944231000000116], [111.42719030000023, 39.94146710000024], [111.4319968000002, 39.94054590000002], [111.43508670000023, 39.93844000000024], [111.43594500000017, 39.93449129999999], [111.43508670000023, 39.92804130000013], [111.43594500000017, 39.9248819], [111.43869160000025, 39.922907200000054], [111.44040819999998, 39.91987919999997], [111.44057990000016, 39.91698280000014], [111.43932830000017, 39.91450279999992], [111.43518960000023, 39.909427400000084], [111.43491500000022, 39.906449200000054], [111.43763990000008, 39.90007770000011], [111.43806720000026, 39.89625150000006], [111.43627570000018, 39.89350490000021], [111.43350120000031, 39.89140010000011], [111.42736190000022, 39.890118900000175], [111.42238380000026, 39.88866999999999], [111.41895050000022, 39.885245399999974], [111.41568900000021, 39.87892250000016], [111.40968080000027, 39.865616099999954], [111.40916579999993, 39.860740899999996], [111.40886930000028, 39.85610960000014], [111.40641930000027, 39.84888069999994], [111.40659090000025, 39.84545409999993], [111.40899419999994, 39.84150010000019], [111.41156910000018, 39.838863900000206], [111.41191240000018, 39.83174580000008], [111.40985250000028, 39.82554980000009], [111.4048743000003, 39.82344039999998], [111.39646290000013, 39.82554980000009], [111.39251470000016, 39.82528610000014], [111.38993980000026, 39.82344039999998], [111.38993980000026, 39.82067170000005], [111.39371630000028, 39.808804600000144], [111.39440300000024, 39.805244100000266], [111.39268630000015, 39.80260660000016], [111.38599160000024, 39.79772689999999], [111.37140030000018, 39.79377010000019], [111.36539220000026, 39.79047259999999], [111.3647055000003, 39.78743879999996], [111.36590720000027, 39.78361330000001], [111.37019870000023, 39.777544900000066], [111.37037040000024, 39.77411469999993], [111.36710880000021, 39.7671218000001], [111.35543580000018, 39.756961100000126], [111.35183090000015, 39.751682200000175], [111.35251760000028, 39.7454790000001], [111.35732410000026, 39.73808720000011], [111.35749580000027, 39.73346690000028], [111.3562941000003, 39.725677800000085], [111.35560749999996, 39.72158480000019], [111.35818240000003, 39.71934020000009], [111.36161560000005, 39.719472199999984], [111.36522050000008, 39.72066060000009], [111.36848209999994, 39.71973630000019], [111.36985540000023, 39.71854800000028], [111.37037040000024, 39.71551100000016], [111.37071370000001, 39.710625100000016], [111.37174369999997, 39.70943660000029], [111.37449020000003, 39.70851210000018], [111.38787980000018, 39.704022000000066], [111.39079810000021, 39.70204089999993], [111.39251470000016, 39.69887110000002], [111.39749290000009, 39.68883240000025], [111.40058280000017, 39.68619039999993], [111.40762090000021, 39.683812500000215], [111.41225570000017, 39.683152000000064], [111.4151740000002, 39.68143450000008], [111.41774890000028, 39.677867400000196], [111.42101050000014, 39.67601780000007], [111.42598870000029, 39.67390379999995], [111.43491500000022, 39.67139330000026], [111.43594500000017, 39.66914710000003], [111.43663169999996, 39.666240000000016], [111.43508670000023, 39.66452220000019], [111.43079520000026, 39.66346500000009], [111.42684700000024, 39.66452220000019], [111.42375710000022, 39.666900700000156], [111.4211821000003, 39.667032900000265], [111.41860720000022, 39.66584360000007], [111.41723389999993, 39.663068599999974], [111.41740560000028, 39.65936840000006], [111.4216971000003, 39.652363900000125], [111.4318251000002, 39.64443340000014], [111.43221210000024, 39.64020180000017], [111.43268340000014, 39.63504780000022], [111.43422840000028, 39.63094940000002], [111.44160979999992, 39.62843740000022], [111.44727470000004, 39.628040800000065], [111.45311120000014, 39.62645420000007], [111.4563727000002, 39.62367760000001], [111.45654439999998, 39.6191819], [111.45665390000016, 39.60940909999999], [111.45605960000023, 39.607749600000204], [111.45459170000026, 39.606255900000235], [111.45197949999994, 39.60502560000003], [111.44983780000001, 39.60530670000003], [111.44798320000024, 39.60599810000002], [111.4454107000002, 39.608118299999944], [111.44332650000024, 39.610983100000226], [111.43972160000021, 39.617330600000116], [111.43685570000002, 39.61911000000009], [111.43285510000015, 39.619710800000064], [111.42922800000025, 39.61980130000029], [111.42564530000027, 39.61865300000011], [111.42342500000024, 39.61756620000028], [111.42289870000025, 39.616008299999976], [111.42288650000029, 39.61169020000028], [111.4250402000003, 39.608141300000284], [111.42873519999995, 39.60410600000017], [111.43405670000027, 39.600270300000034], [111.43457170000005, 39.596037700000124], [111.43354180000028, 39.588100700000155], [111.42942190000014, 39.581221300000095], [111.42937640000025, 39.57901370000002], [111.42936160000028, 39.57829590000017], [111.4292502000003, 39.57288570000014], [111.42719760000028, 39.561804400000256], [111.42490250000009, 39.5566975000001], [111.42433219999998, 39.55586120000021], [111.41853949999995, 39.54736580000019], [111.41572950000017, 39.54024080000005], [111.41654730000016, 39.53648840000028], [111.41826390000006, 39.533840500000224], [111.42410039999999, 39.528677000000016], [111.42804860000018, 39.52086480000003], [111.42478700000015, 39.51053539999998], [111.42289870000025, 39.50616480000002], [111.42066720000014, 39.50311840000023], [111.41678870000004, 39.501176700000144], [111.41036750000023, 39.49874740000024], [111.40503250000006, 39.497963200000186], [111.39955280000021, 39.49715779999997], [111.39165639999999, 39.49490589999999], [111.38976810000025, 39.49291890000006], [111.38324500000022, 39.49079930000022], [111.3731170000001, 39.483645199999955], [111.36305099999998, 39.47890380000007], [111.35950140000028, 39.473902899999985], [111.35818240000003, 39.46787720000003], [111.35698080000009, 39.46376900000013], [111.35835410000021, 39.45051500000022], [111.35698080000009, 39.44362200000029], [111.35526420000019, 39.43672820000029], [111.35371920000023, 39.43301590000004], [111.35028600000021, 39.43049669999999], [111.34513610000027, 39.42519290000007], [111.33277650000008, 39.41975610000003], [111.32625340000021, 39.41909300000003], [111.30067580000025, 39.4209496000002], [111.29522480000026, 39.42015309999999], [111.28591300000022, 39.422143000000176], [111.27612830000027, 39.42492770000018], [111.27200840000029, 39.424132100000065], [111.2663213000003, 39.42334030000029], [111.26085040000004, 39.42439730000018], [111.25467060000017, 39.42479510000004], [111.24625920000017, 39.42492770000018], [111.23853440000016, 39.42704930000002], [111.22857810000022, 39.42704930000002], [111.21536010000028, 39.426269700000205], [111.20959570000008, 39.4252778], [111.20293520000001, 39.424713], [111.19883240000019, 39.420021300000315], [111.1932775000003, 39.41891270000025], [111.18222950000029, 39.41909300000003], [111.1769080000002, 39.42015390000006], [111.16935490000014, 39.4226735000002], [111.16654659999995, 39.423087300000134], [111.15867399999996, 39.4179977], [111.15226759999996, 39.41057090000015], [111.14326240000025, 39.40728950000005], [111.13656759999998, 39.405300000000125], [111.13244770000017, 39.40118810000007], [111.12956010000016, 39.393963900000074], [111.12940550000019, 39.38807609999998], [111.12324650000022, 39.38461330000001], [111.11370919999996, 39.37945999999994], [111.10669850000005, 39.37372490000007], [111.10704180000022, 39.371070900000234], [111.10807180000018, 39.36854950000014], [111.11030340000025, 39.36762049999999], [111.12128970000032, 39.36430270000011], [111.13131380000016, 39.36564410000028], [111.13759750000014, 39.367355100000054], [111.14686730000028, 39.36775319999998], [111.14944219999995, 39.36669150000006], [111.15356200000014, 39.36071920000029], [111.15184540000001, 39.349967800000115], [111.14738220000004, 39.34173720000018], [111.14824050000021, 39.33841819999998], [111.15390539999993, 39.334169599999996], [111.15991350000002, 39.3349662], [111.16248840000009, 39.33695770000014], [111.16317510000027, 39.34160450000002], [111.16429070000021, 39.34508020000021], [111.17471070000028, 39.35020689999999], [111.17982620000004, 39.34983509999995], [111.18566270000014, 39.348242100000164], [111.1882376000002, 39.34439240000012], [111.1882376000002, 39.34133900000006], [111.18737930000026, 39.33828540000002], [111.18480440000019, 39.33549730000027], [111.17982620000004, 39.33350570000016], [111.1743331000003, 39.33031900000009], [111.17295980000017, 39.32739779999997], [111.17896790000026, 39.31876610000006], [111.19149920000024, 39.306945700000085], [111.19853730000028, 39.303625000000125], [111.20542790000002, 39.30129720000008], [111.21356380000014, 39.30043830000028], [111.22308490000029, 39.30136679999998], [111.2349295000003, 39.301765300000284], [111.24076600000024, 39.30110110000004], [111.24196769999998, 39.298577200000295], [111.23801940000016, 39.29578750000002], [111.23458620000014, 39.29060620000013], [111.23115300000029, 39.288480500000105], [111.22239829999995, 39.284361700000034], [111.22016670000005, 39.281970100000024], [111.21862170000014, 39.276389199999926], [111.21038200000015, 39.266023500000074], [111.2093520000002, 39.26177050000007], [111.20780700000023, 39.25313070000004], [111.21141190000026, 39.246085200000095], [111.21433019999995, 39.24302750000004], [111.21347190000017, 39.241033300000254], [111.20832200000024, 39.23106130000008], [111.20368720000027, 39.22640729999995], [111.19708140000029, 39.2236403], [111.19167090000025, 39.20831989999999], [111.17862460000009, 39.18091400000009], [111.16495380000015, 39.16836960000029], [111.16239530000001, 39.165495000000305], [111.15878729999991, 39.15682090000007], [111.15768189999994, 39.15416310000006], [111.15751029999996, 39.14910450000002], [111.16163010000031, 39.14444500000013], [111.16609330000028, 39.14098350000029], [111.16763830000025, 39.135790800000166], [111.16712330000024, 39.13139670000021], [111.15897680000018, 39.115333299999975], [111.15854020000029, 39.11035470000019], [111.1564803, 39.10662500000012], [111.15356200000014, 39.103960900000175], [111.14669560000027, 39.100897000000316], [111.14161790000026, 39.09976080000007], [111.13854890000016, 39.097550299999966], [111.13703340000018, 39.09493170000002], [111.13811650000025, 39.09235100000001], [111.14085910000017, 39.0851758], [111.13965750000023, 39.074915200000135], [111.1338210000003, 39.06651899999997], [111.13272330000024, 39.0649897000003], [111.13178120000026, 39.06413999999995], [111.12643960000025, 39.05932150000007], [111.12146139999993, 39.05678890000013], [111.11425160000027, 39.04892380000024], [111.11305000000016, 39.0466574000003], [111.11064670000025, 39.04345770000003], [111.10841510000017, 39.04172449999999], [111.10429519999997, 39.04079120000023], [111.10120530000029, 39.039591200000245], [111.09262229999996, 39.03399109999998], [111.0899307000002, 39.033469099999934], [111.08805060000026, 39.03078280000028], [111.08538380000022, 39.028549200000214], [111.0827257000002, 39.02565100000021], [111.07751610000008, 39.02292290000008], [111.04868320000008, 39.0218165], [111.03168250000016, 39.0186551000001], [111.02412939999994, 39.01732140000024], [111.01588960000015, 39.00865160000001], [111.0066199000002, 39.00278220000001], [110.9904837000002, 38.996245300000055], [110.9839606000001, 38.988640299999986], [110.9740042000002, 38.97502940000004], [110.97469090000016, 38.97062540000019], [110.97932580000014, 38.9647528000001], [110.98200510000015, 38.96210140000011], [110.98310230000016, 38.961015500000144], [110.98928210000025, 38.95887979999998], [110.99254370000028, 38.95500870000018], [110.99477530000019, 38.94980230000016], [110.99323030000005, 38.9424594000003], [111.00095510000028, 38.93631750000014], [111.00730660000016, 38.928038400000275], [111.0064482000002, 38.91855629999998], [111.0025, 38.910275200000115], [111.00232840000001, 38.906000600000084], [111.00421670000031, 38.901725800000065], [111.00953820000024, 38.8965156000001], [111.01108310000018, 38.8913050000001], [111.0105681, 38.88542590000003], [111.00576160000003, 38.88048170000002], [111.00181340000023, 38.87486900000016], [110.9985518000002, 38.87072600000022], [110.99404220000008, 38.86958490000029], [110.99168539999994, 38.86898849999994], [110.98893880000026, 38.86644899999999], [110.98962540000002, 38.862840199999994], [110.99254370000028, 38.858295500000224], [110.99943470000022, 38.85156290000003], [111.00181340000023, 38.844525900000065], [111.00095510000028, 38.83623610000001], [110.99443200000019, 38.827276600000175], [110.99082710000016, 38.823264600000016], [110.98888910000022, 38.81971180000005], [110.98499060000006, 38.81256470000005], [110.98338650000022, 38.81080650000007], [110.98353870000022, 38.80871480000002], [110.98378889999992, 38.806277799999975], [110.98293060000015, 38.80279969999998], [110.98087070000025, 38.797582200000306], [110.9758925000001, 38.78995590000028], [110.97177270000014, 38.78567420000002], [110.96009970000028, 38.782061200000044], [110.95306160000024, 38.77844810000005], [110.95100160000015, 38.77496860000008], [110.95031500000016, 38.77215820000009], [110.95100160000015, 38.768812200000184], [110.9558081000003, 38.76426150000026], [110.95924139999994, 38.761049000000185], [110.95992800000028, 38.75797030000018], [110.96009970000028, 38.755828500000064], [110.95700980000004, 38.74926879999998], [110.94980000000021, 38.73909340000006], [110.93812700000018, 38.726907800000276], [110.93628300000017, 38.72166420000002], [110.92714070000011, 38.71284480000003], [110.9197593000003, 38.711773300000004], [110.91340780000019, 38.706951000000174], [110.90722800000009, 38.699181100000146], [110.905168, 38.69342010000025], [110.9055114000002, 38.688730599999985], [110.90997460000017, 38.67653630000001], [110.91014620000016, 38.66983530000016], [110.90568300000018, 38.66541230000013], [110.88971850000019, 38.65763790000028], [110.88738810000007, 38.65419650000007], [110.8821654000003, 38.633370900000045], [110.87941880000028, 38.63068900000019], [110.87529900000027, 38.62519070000019], [110.87461230000014, 38.62116729999997], [110.87564230000027, 38.61607070000019], [110.87718719999998, 38.61191260000004], [110.87890380000027, 38.60855920000023], [110.88302369999991, 38.606412900000294], [110.88577030000016, 38.60386410000007], [110.88989019999997, 38.59675380000027], [110.88920350000018, 38.59380210000029], [110.8905768000003, 38.588703600000144], [110.89435339999994, 38.58575160000015], [110.89795829999997, 38.584141400000135], [110.9065413000003, 38.58186020000022], [110.91340780000019, 38.580652400000304], [110.91512440000014, 38.579578900000115], [110.91529609999992, 38.57863950000001], [110.91546770000008, 38.57662650000026], [110.91306450000002, 38.57125830000018], [110.90722800000009, 38.567097700000204], [110.90413810000024, 38.56454750000023], [110.90276480000011, 38.55931260000017], [110.90379470000028, 38.549378600000125], [110.90636970000031, 38.54414260000016], [110.90619799999996, 38.53420659999995], [110.9029364000001, 38.521851800000206], [110.89847010000022, 38.51687840000028], [110.89486840000029, 38.51406180000009], [110.88616720000016, 38.514818400000195], [110.88292550000017, 38.513971300000264], [110.87403190000003, 38.514341000000115], [110.87066410000028, 38.51352460000027], [110.86677380000009, 38.51122090000007], [110.86397850000009, 38.50867690000007], [110.86492470000024, 38.50295950000003], [110.86740250000025, 38.49713589999993], [110.86913460000022, 38.4925176000001], [110.86894749999999, 38.488940100000036], [110.86688750000008, 38.477787000000035], [110.86611380000022, 38.474390200000016], [110.86894749999999, 38.46811070000001], [110.872724, 38.46112140000031], [110.872724, 38.458701799999915], [110.87135070000028, 38.45587890000013], [110.86105110000017, 38.448619600000086], [110.85675950000018, 38.44714069999992], [110.8526397, 38.445124100000044], [110.8442282000002, 38.440956099999994], [110.84010840000002, 38.43961159999992], [110.83478690000027, 38.439342700000054], [110.82551720000015, 38.44539300000008], [110.81504580000023, 38.450367300000096], [110.80766440000002, 38.45198049999999], [110.79823680000015, 38.45223030000005], [110.78781900000007, 38.45131570000024], [110.78243020000025, 38.44929179999991], [110.77590700000019, 38.445124100000044], [110.77149830000008, 38.43360340000021], [110.76509499999997, 38.4257776], [110.75873010000021, 38.40984930000013], [110.75467660000021, 38.39898480000005], [110.74854049999999, 38.38702780000017], [110.74238850000029, 38.38039100000009], [110.74138810000028, 38.37931170000013], [110.74051889999993, 38.376546899999994], [110.73708999999991, 38.37273350000015], [110.7295943000002, 38.36816970000018], [110.71750560000027, 38.35846040000007], [110.70071930000029, 38.35216220000018], [110.68870300000026, 38.34556560000004], [110.68114990000026, 38.33748720000028], [110.66748700000005, 38.31649420000002], [110.65856060000027, 38.31191480000001], [110.64087940000019, 38.30369800000017], [110.59041100000024, 38.307873900000004], [110.5794247, 38.30437160000031], [110.56689340000003, 38.286722699999984], [110.56715570000006, 38.28456080000001], [110.56746989999994, 38.28197160000019], [110.56861000000032, 38.2725736000001], [110.56363180000017, 38.247098200000266], [110.56397520000019, 38.22377160000002], [110.56002689999997, 38.21487050000002], [110.55281719999994, 38.20988000000011], [110.5469807, 38.20934050000005], [110.53187449999996, 38.21095910000025], [110.52311970000017, 38.20893580000018], [110.52065250000015, 38.20745540000007], [110.51367840000023, 38.2032705000002], [110.50612530000024, 38.196930100000145], [110.50320699999997, 38.18748599999998], [110.50183370000025, 38.168054300000165], [110.50183370000025, 38.15293720000028], [110.51419340000024, 38.132146000000034], [110.51482710000028, 38.12932120000028], [110.5162533000003, 38.12296360000022], [110.51127509999998, 38.11202420000012], [110.49719890000006, 38.098381500000016], [110.49462400000021, 38.09176179999997], [110.49565390000015, 38.085817100000156], [110.50355030000031, 38.06960179999999], [110.50389370000016, 38.0610873], [110.49771390000024, 38.04581280000025], [110.49548230000016, 38.03459149999992], [110.49714290000026, 38.02356559999998], [110.50080380000009, 38.01782390000028], [110.50200540000003, 38.012819900000125], [110.50801350000012, 38.00740980000012], [110.51432559999995, 38.00695939999997], [110.51831320000002, 38.00240509999992], [110.52055280000025, 37.997318300000245], [110.52123150000028, 37.99577670000002], [110.52331320000019, 37.99132840000004], [110.51888990000015, 37.98379210000019], [110.51728330000026, 37.983059400000116], [110.51179010000016, 37.96831000000009], [110.51213340000015, 37.963708600000245], [110.51899990000021, 37.95274550000016], [110.52929960000029, 37.94638340000006], [110.5648335000003, 37.933792900000185], [110.58577610000026, 37.924043900000186], [110.59049060000007, 37.92002800000006], [110.59418760000028, 37.91510629999999], [110.61709720000027, 37.87780630000003], [110.62405660000019, 37.86647169999992], [110.63288449999999, 37.85465680000027], [110.65615730000002, 37.82350040000023], [110.65924720000027, 37.80302250000017], [110.66886030000018, 37.79488409999999], [110.68022010000004, 37.786265999999955], [110.68173490000015, 37.78511670000029], [110.71074560000011, 37.77941850000008], [110.72465810000017, 37.77218199999993], [110.7373531, 37.765578199999936], [110.74279490000032, 37.761924499999964], [110.74537040000007, 37.760195200000055], [110.74988439999998, 37.75716419999992], [110.75079450000015, 37.75466300000011], [110.75348930000001, 37.7472561000003], [110.75211600000029, 37.74223370000004], [110.75089820000022, 37.7413382000002], [110.74233130000016, 37.73503890000018], [110.71641050000022, 37.73015140000007], [110.70542410000019, 37.72472050000016], [110.69833880000016, 37.719042900000034], [110.69849610000017, 37.71759130000021], [110.69993100000005, 37.7043511], [110.71076349999998, 37.696069100000045], [110.71520880000008, 37.69267020000001], [110.71605110000019, 37.69241190000014], [110.72894170000023, 37.68845909999993], [110.74627950000018, 37.68682900000027], [110.75444100000027, 37.6852782000002], [110.76762590000016, 37.67992579999998], [110.77126220000008, 37.67700050000008], [110.77866700000027, 37.6710432000001], [110.78970990000022, 37.66264430000007], [110.79159809999993, 37.6582957], [110.79002370000023, 37.652465900000095], [110.78182730000009, 37.64611240000022], [110.77614860000028, 37.64505830000002], [110.76602059999999, 37.64511230000005], [110.76237440000011, 37.6442435000003], [110.75829580000016, 37.63831590000012], [110.75738970000015, 37.632481600000006], [110.76121580000017, 37.626090300000214], [110.76293070000014, 37.62322549999993], [110.76569820000014, 37.61587160000005], [110.7663360000002, 37.59983180000023], [110.7691823000003, 37.589086500000235], [110.77706880000022, 37.578977000000066], [110.78267170000015, 37.57290220000016], [110.78833660000026, 37.566371199999935], [110.78969409999996, 37.562531000000206], [110.78970990000022, 37.5586150000002], [110.78684430000027, 37.55484810000007], [110.78218300000003, 37.55180550000023], [110.77966940000027, 37.54859080000017], [110.77803690000019, 37.54650280000004], [110.77652400000005, 37.54415640000008], [110.76488360000025, 37.53640820000027], [110.7653179000003, 37.52928379999997], [110.76662710000028, 37.52062910000012], [110.76076640000014, 37.5129824], [110.75640760000027, 37.507294800000125], [110.75160100000028, 37.492722600000036], [110.75175710000025, 37.48635869999998], [110.75428210000024, 37.47908750000022], [110.75239380000016, 37.47160710000014], [110.75141390000027, 37.46825360000014], [110.74427240000017, 37.453294400000004], [110.73880590000016, 37.449780100000226], [110.7265853000003, 37.44817020000005], [110.7176982000002, 37.44767380000002], [110.70492720000027, 37.444665500000156], [110.69711490000014, 37.444182599999976], [110.68340380000024, 37.442370600000174], [110.66954690000017, 37.44053930000018], [110.65522800000025, 37.43953879999998], [110.64808920000002, 37.43904000000009], [110.64105109999997, 37.43658659999994], [110.63824780000022, 37.43406290000024], [110.63727459999996, 37.42949840000023], [110.63401299999992, 37.4139567000002], [110.63139420000016, 37.40795559999998], [110.62525830000016, 37.3988209000002], [110.62471070000015, 37.39555360000003], [110.62559810000022, 37.38896799999992], [110.62628820000026, 37.36894940000025], [110.63675960000018, 37.359398900000144], [110.66919479999996, 37.354877100000294], [110.68269380000027, 37.35479350000031], [110.69226000000026, 37.350149000000044], [110.69478110000028, 37.345480300000304], [110.69478110000028, 37.33606330000026], [110.68940690000005, 37.32564709999991], [110.67774150000031, 37.31955740000001], [110.67641340000023, 37.31886410000004], [110.67271040000026, 37.31644360000013], [110.67223209999992, 37.30961930000001], [110.68163070000026, 37.299411500000076], [110.68457020000028, 37.29621860000003], [110.6846459000003, 37.29581090000005], [110.68576600000029, 37.287466400000085], [110.68147909999993, 37.28263019999997], [110.67463489999994, 37.280849600000295], [110.66851800000029, 37.28143290000003], [110.66405370000024, 37.28185860000008], [110.65638250000018, 37.28145169999999], [110.65202870000019, 37.277714], [110.64822700000025, 37.270203000000095], [110.64842900000025, 37.26486970000025], [110.64851020000003, 37.26272730000005], [110.6465443000003, 37.25549310000014], [110.64303700000016, 37.25147080000005], [110.63676340000012, 37.24746070000026], [110.63313770000019, 37.24514310000018], [110.63099310000018, 37.24131150000022], [110.62978440000018, 37.2384828000001], [110.62766150000022, 37.233082000000195], [110.62583700000005, 37.230474700000286], [110.61880430000014, 37.223949300000015], [110.60798960000022, 37.21328670000031], [110.59423460000005, 37.19881689999994], [110.5858453000003, 37.187307499999974], [110.57314230000014, 37.1737674000002], [110.56818400000026, 37.170470300000034], [110.56183909999999, 37.16541540000014], [110.5504811000003, 37.15641670000025], [110.54704980000025, 37.154068400000085], [110.53745660000016, 37.1469826], [110.5324388000003, 37.142927600000235], [110.5297582, 37.13731440000015], [110.52862920000024, 37.13054020000027], [110.52876130000016, 37.124965600000166], [110.53077170000023, 37.11637920000027], [110.52593870000021, 37.10870010000008], [110.52035310000025, 37.10433769999992], [110.51378710000017, 37.1007491000002], [110.5059931000003, 37.097289300000284], [110.49996489999995, 37.09451990000031], [110.49434980000024, 37.09014800000023], [110.4886222000003, 37.084354600000154], [110.48222790000023, 37.07345099999998], [110.47386590000002, 37.067598299999986], [110.47073210000008, 37.06498250000027], [110.46792600000026, 37.06095200000021], [110.46448070000014, 37.05412629999995], [110.4548676, 37.043987900000275], [110.44751090000005, 37.0409374000003], [110.44130950000016, 37.04073450000021], [110.43512660000016, 37.04261770000005], [110.42932550000017, 37.04278909999999], [110.4209961000002, 37.040450899999996], [110.41377600000021, 37.036145700000304], [110.41159379999993, 37.032202600000005], [110.41136629999994, 37.02790640000018], [110.41465360000018, 37.024814200000094], [110.42620020000021, 37.0219252], [110.43014840000023, 37.02165100000002], [110.43615649999992, 37.02055460000008], [110.4428513000002, 37.019321100000184], [110.44559790000005, 37.01466090000025], [110.44233640000022, 37.0080813000003], [110.43890310000018, 37.00492840000021], [110.43169340000014, 37.00492840000021], [110.42259530000018, 37.00753300000002], [110.40594410000023, 37.01863579999997], [110.40113760000025, 37.021239900000126], [110.39324120000003, 37.022199300000295], [110.38534480000021, 37.02315860000027], [110.37744840000022, 37.021239900000126], [110.37315680000023, 37.01740220000022], [110.37195520000029, 37.010548700000186], [110.3757317000003, 37.00300920000001], [110.38156820000023, 36.99862220000011], [110.39272620000025, 36.99409780000025], [110.4023393, 36.989573200000166], [110.40766080000031, 36.98381420000004], [110.41538549999996, 36.972432099999935], [110.42087870000029, 36.96159690000013], [110.41967709999994, 36.95144610000011], [110.41675880000025, 36.943351900000096], [110.41178059999993, 36.93484520000004], [110.4081757000003, 36.92318130000007], [110.40560080000023, 36.909456700000305], [110.40542920000024, 36.89476870000021], [110.39890600000018, 36.88721770000018], [110.39203959999992, 36.8843344], [110.38568810000021, 36.884197099999994], [110.37830670000017, 36.88405970000019], [110.37298520000024, 36.883235900000045], [110.37006689999998, 36.87952860000007], [110.37075360000017, 36.87527180000012], [110.3776200000002, 36.87060279999997], [110.3980477, 36.86758150000031], [110.40611580000001, 36.86620820000019], [110.4159005000003, 36.86140130000001], [110.41933370000015, 36.85384700000026], [110.4179604000002, 36.84313230000009], [110.41315390000005, 36.833790100000215], [110.40354089999994, 36.829943000000014], [110.40130930000004, 36.8263704000002], [110.4078324000003, 36.82307259999999], [110.41727380000026, 36.81936240000016], [110.41830380000022, 36.81427760000008], [110.41641549999991, 36.80273269999998], [110.41323270000021, 36.79642190000027], [110.41281060000028, 36.7955850000003], [110.40972070000021, 36.788024199999995], [110.40508580000005, 36.779087700000275], [110.40148100000022, 36.774412900000186], [110.39461450000016, 36.77400039999998], [110.38791970000028, 36.774275399999965], [110.38294149999996, 36.77551290000025], [110.37847830000015, 36.77345030000009], [110.3776200000002, 36.770562700000085], [110.38105320000022, 36.766299900000206], [110.38757640000011, 36.764649700000064], [110.3987344000002, 36.7636871000002], [110.40972070000021, 36.76162420000003], [110.41658720000027, 36.75873619999999], [110.42362530000031, 36.75378499999994], [110.42791679999993, 36.74635760000001], [110.42112419999995, 36.73802550000022], [110.41672040000009, 36.736182800000165], [110.41445370000014, 36.73480210000014], [110.40954900000003, 36.7281988000002], [110.40915689999991, 36.723953200000096], [110.41193430000004, 36.72155310000011], [110.41783759999998, 36.72104420000028], [110.42275170000016, 36.72283349999998], [110.42705850000016, 36.728061200000184], [110.42963340000023, 36.733701900000256], [110.43289500000026, 36.73576550000007], [110.43735820000006, 36.73714120000005], [110.44199300000002, 36.73714120000005], [110.44608780000027, 36.7340976000001], [110.44655580000028, 36.7282407000003], [110.44370960000032, 36.72159449999998], [110.43735820000006, 36.71595289999999], [110.4320986000003, 36.71188799999993], [110.42860340000027, 36.703429700000186], [110.42912580000018, 36.69647750000013], [110.43289500000026, 36.68760090000001], [110.43106450000016, 36.681807500000104], [110.42654350000021, 36.67865280000001], [110.42105030000027, 36.67920340000012], [110.41332560000023, 36.68581140000009], [110.40834740000008, 36.693932800000255], [110.40216760000021, 36.69613510000022], [110.39598780000028, 36.69613510000022], [110.39488160000025, 36.695758799999965], [110.3903230000002, 36.69420809999991], [110.38638750000018, 36.68936339999999], [110.38582230000014, 36.684201200000075], [110.38659630000024, 36.68049819999993], [110.38977279999995, 36.67588830000028], [110.39409950000021, 36.67259490000009], [110.41504220000019, 36.66336960000007], [110.41985360000018, 36.65860420000013], [110.42424520000009, 36.65274610000023], [110.43241630000028, 36.63811210000017], [110.4399136000003, 36.623289300000295], [110.44637020000022, 36.61510010000001], [110.45319250000017, 36.60869309999998], [110.46664770000018, 36.59598569999997], [110.47418560000023, 36.59177260000007], [110.48147230000023, 36.5874855000003], [110.48707520000016, 36.585102100000086], [110.4913415000002, 36.577590800000166], [110.4830201000002, 36.55919849999998], [110.48319180000021, 36.549683800000025], [110.48669220000028, 36.548538300000075], [110.4945983, 36.53800080000025], [110.49578240000028, 36.53213660000017], [110.49613230000028, 36.530403700000306], [110.4953797, 36.52002900000025], [110.49511420000027, 36.5136318000001], [110.49498409999995, 36.5104975000001], [110.49752890000019, 36.50067969999992], [110.4997306000003, 36.493494400000145], [110.49899140000025, 36.49068200000016], [110.4978800000003, 36.487337500000194], [110.49652910000026, 36.48327230000007], [110.49197240000018, 36.47325989999996], [110.48386830000021, 36.469749999999976], [110.4805724000002, 36.466761599999984], [110.47752690000027, 36.46386079999996], [110.47075520000004, 36.458680800000025], [110.46722170000027, 36.45336689999999], [110.46735770000015, 36.44772100000023], [110.47326560000027, 36.43809310000012], [110.48225099999996, 36.43192579999999], [110.48614020000025, 36.425743700000055], [110.48588250000006, 36.42144790000009], [110.48560730000003, 36.41686010000029], [110.48091950000031, 36.402140100000224], [110.48110790000027, 36.39746700000029], [110.48201590000025, 36.39458230000014], [110.47735520000026, 36.386222599999996], [110.47666859999993, 36.38499100000007], [110.46996570000027, 36.37555590000011], [110.46644670000006, 36.37246420000008], [110.46461849999997, 36.370364100000245], [110.46339000000029, 36.3663918000002], [110.46346840000024, 36.36080289999995], [110.46495109999995, 36.353475900000205], [110.46359870000015, 36.34982020000024], [110.45680150000015, 36.34188080000001], [111.1773274330007, 36.38116991600043], [111.78672132900044, 36.412825516000225], [112.09692744400036, 36.74932430800038], [112.50599773700014, 37.01907668800021], [112.9500352490005, 37.24867752500029], [113.42500782300033, 37.34477031000017], [113.92466543500075, 37.240348740000684], [114.44713603900038, 37.26679913300029], [115.14981757000055, 37.28484524700036], [115.64892194000004, 37.237053806000006], [116.12121133400046, 37.05990624600037], [116.49215158900017, 37.06711731800033], [116.80361911200043, 37.33478678700021], [117.25740798800018, 37.34861962600053], [117.67310913500046, 37.29871646700019], [117.93545800000015, 37.278853699999786], [117.9424961000002, 37.2901899000002], [117.95125080000003, 37.291009300000326], [117.96258050000006, 37.29237490000014], [117.96601370000008, 37.29906640000013], [117.9687603000001, 37.311628300000336], [117.98077660000013, 37.31900060000032], [118.00223430000005, 37.32732770000024], [118.01455210000017, 37.329364800000235], [118.02111700000012, 37.329375200000186], [118.04446300000018, 37.32746420000018], [118.0480679000002, 37.32855620000049], [118.05562100000009, 37.33592689999995], [118.06506230000002, 37.34493450000008], [118.08652000000006, 37.357215800000176], [118.10535130000017, 37.36433360000041], [118.11347080000019, 37.3647201000004], [118.12857710000003, 37.36881299999993], [118.1337269000004, 37.36744870000024], [118.14436990000002, 37.35967180000034], [118.14694480000026, 37.35871669999983], [118.15106470000035, 37.3599446999998], [118.15286730000003, 37.36078099999992], [118.2031757000002, 37.38411840000032], [118.21234780000009, 37.38531879999999], [118.22088259999998, 37.386230799999964], [118.23186780000015, 37.389280900000244], [118.23500709999996, 37.39145649999995], [118.23550490000014, 37.39457779999975], [118.2326038000001, 37.41068440000015], [118.23192040000004, 37.41719470000004], [118.24273190000042, 37.44285630000019], [118.25509150000005, 37.46602240000027], [118.2593830000003, 37.47188090000043], [118.26848109999992, 37.487819199999876], [118.27706410000008, 37.49299500000018], [118.2986934999999, 37.502256099999784], [118.30195499999991, 37.505524500000035], [118.30538830000035, 37.507294800000125], [118.30710490000001, 37.51192460000004], [118.30744820000018, 37.52921569999984], [118.31019850000007, 37.53795500000052], [118.31242639999994, 37.5441890000003], [118.31935290000001, 37.558302000000026], [118.3228977, 37.569908899999916], [118.32890590000011, 37.58215330000013], [118.33130910000023, 37.59425970000052], [118.33720690000018, 37.59682989999999], [118.33817559999989, 37.59725199999974], [118.35019190000014, 37.597932099999696], [118.3699329000001, 37.6003802000003], [118.38469580000015, 37.606500200000426], [118.40031700000043, 37.609356000000105], [118.41954309999994, 37.61302759999995], [118.42984280000019, 37.61520330000019], [118.44941219999998, 37.61411540000006], [118.4688099, 37.61030790000018], [118.48271450000016, 37.60541220000027], [118.51430019999998, 37.600516200000015], [118.52116660000002, 37.60024420000008], [118.53146630000015, 37.60405220000001], [118.53798940000001, 37.61098779999992], [118.54760250000038, 37.61465930000014], [118.55275229999995, 37.617650800000206], [118.56339530000014, 37.62580880000036], [118.57421000000022, 37.63083910000017], [118.57661320000011, 37.6304312000002], [118.5884579000001, 37.63763620000003], [118.59377940000047, 37.640626699999814], [118.60253410000018, 37.64171420000025], [118.60995790000015, 37.64536500000003], [118.6188419, 37.64973360000016], [118.6272534000002, 37.65598539999996], [118.63377649999995, 37.66644919999976], [118.64253120000046, 37.67663980000026], [118.65283090000037, 37.68574220000022], [118.66004070000042, 37.70407950000009], [118.6667355000003, 37.71059829999996], [118.66938380000022, 37.716008100000124], [118.67600520000019, 37.72431320000055], [118.67806510000014, 37.7285222000001], [118.68664820000004, 37.730694500000254], [118.69454460000031, 37.733274000000165], [118.7057026, 37.739247300000045], [118.71531560000005, 37.740197499999965], [118.72235380000018, 37.739247300000045], [118.72853359999999, 37.74006180000009], [118.73179510000023, 37.74196219999993], [118.73591500000009, 37.741555000000176], [118.7432964000003, 37.73408850000021], [118.75170780000008, 37.733002499999884], [118.75514110000006, 37.73381700000033], [118.76011929999993, 37.74141919999977], [118.76475410000035, 37.74657740000026], [118.76887400000044, 37.75064940000021], [118.77162060000023, 37.754856900000334], [118.77336290000005, 37.75633629999999], [118.77393800000038, 37.756723100000215], [118.77785190000031, 37.75782920000006], [118.78035810000006, 37.75872490000012], [118.78091600000016, 37.75879279999987], [118.78878670000017, 37.75841950000023], [118.7909840000001, 37.75763920000031], [118.79374770000004, 37.75702840000025], [118.79881169999999, 37.75472119999995], [118.79915510000035, 37.753927200000135], [118.80061420000004, 37.75347930000021], [118.80262260000018, 37.75347930000021], [118.80502590000003, 37.753669299999956], [118.80602150000004, 37.75353360000008], [118.80745490000015, 37.75293640000007], [118.8087681000003, 37.75164700000033], [118.80947190000006, 37.7504932999999], [118.81054480000012, 37.7499911000001], [118.81348880000007, 37.749543200000176], [118.81552299999998, 37.748952799999984], [118.81816660000004, 37.74907490000032], [118.82065560000024, 37.75032370000008], [118.82311900000013, 37.75256319999994], [118.82653500000015, 37.75484329999995], [118.82806280000023, 37.75643810000008], [118.82876660000011, 37.75795130000006], [118.82977940000023, 37.762199100000316], [118.83249170000022, 37.763725799999975], [118.83573610000008, 37.76564600000023], [118.83661160000031, 37.76633809999993], [118.84219060000032, 37.76864500000022], [118.84607010000025, 37.770341200000075], [118.84895399999994, 37.77123670000009], [118.84993250000002, 37.77166420000009], [118.85249019999992, 37.77211869999985], [118.85630970000011, 37.77256649999998], [118.85789760000034, 37.77275650000024], [118.85965709999994, 37.77312280000001], [118.8604552999999, 37.77368589999986], [118.86083300000007, 37.773842], [118.86137370000006, 37.773842], [118.86197450000043, 37.77483929999988], [118.86277280000013, 37.77533450000021], [118.86339070000031, 37.77653530000026], [118.86502150000024, 37.777383300000054], [118.87120130000017, 37.778482300000235], [118.87705499999993, 37.779452399999855], [118.87805060000005, 37.77941850000025], [118.87953550000032, 37.77935069999995], [118.8813980000001, 37.77882830000027], [118.88181000000009, 37.77880800000037], [118.8826683000002, 37.77833310000017], [118.8841703999999, 37.77862479999976], [118.88582690000021, 37.77857730000028], [118.8878353, 37.77899790000009], [118.89178349999997, 37.77994089999993], [118.89380910000023, 37.78086350000024], [118.89564590000032, 37.781202600000256], [118.89770589999989, 37.78111449999989], [118.9024780000002, 37.781202600000256], [118.9053276000003, 37.781677499999944], [118.90834889999996, 37.78219980000034], [118.90980800000011, 37.782450799999765], [118.91075210000042, 37.78230160000021], [118.91131000000019, 37.78230160000021], [118.91272620000007, 37.782539000000156], [118.91388490000008, 37.78267470000003], [118.91585899999995, 37.78316989999996], [118.91671730000007, 37.783556499999975], [118.9183653, 37.78382790000006], [118.92122350000034, 37.783875400000056], [118.92265680000025, 37.78443840000011], [118.92501720000007, 37.78491320000012], [118.92719730000022, 37.785299900000155], [118.92893110000034, 37.78581539999999], [118.93111970000018, 37.78618170000027], [118.93275050000011, 37.78684650000042], [118.93358310000008, 37.78701600000022], [118.93536840000002, 37.78844049999975], [118.93745590000026, 37.78848460000023], [118.9405647000001, 37.78892490000044], [118.94379939999999, 37.78912989999998], [118.94588260000012, 37.789457900000286], [118.94705850000025, 37.78942400000017], [118.94963340000027, 37.789613900000404], [118.9507149000001, 37.789369699999895], [118.95236280000017, 37.78934260000017], [118.95461160000002, 37.789457900000286], [118.9560021000002, 37.789905600000395], [118.95794180000007, 37.790359999999964], [118.95877440000004, 37.790448200000526], [118.96063689999994, 37.79103829999997], [118.96405300000004, 37.79142489999998], [118.97627060000013, 37.7928450000004], [118.99841839999999, 37.79296419999997], [119.01467350000064, 37.79063320000017], [119.0515769000001, 37.779274599999894], [119.07306880000033, 37.773930800000414], [119.10422270000004, 37.76067000000029], [119.1103362, 37.76203000000021], [119.12666370000022, 37.76259449999998], [119.13686730000006, 37.76215040000022], [119.14170120000017, 37.76161180000042], [119.1427541999999, 37.7616691999998], [119.14442980000024, 37.76154820000011], [119.14593860000002, 37.76116120000006], [119.14908950000006, 37.76196810000005], [119.15605700000003, 37.76063490000024], [119.16341190000037, 37.762558700000056], [119.17148860000009, 37.76547640000024], [119.17687870000009, 37.76588349999997], [119.18638020000003, 37.76866530000012], [119.20028479999996, 37.77182020000021], [119.21097069999996, 37.77360450000003], [119.2202193000004, 37.77473450000031], [119.2308348823401, 37.780753710601346], [119.24308307100023, 37.76948233600007], [119.25959745600017, 37.71584741200013], [119.25566353600027, 37.67186657700012], [119.21773647400028, 37.67524798000022], [119.18931322400044, 37.70073456600028], [119.12014099700025, 37.73750786400018], [119.06947218100026, 37.740630649000195], [119.03712772600045, 37.722088826000174], [119.02752700200028, 37.703942931000086], [119.02540081300026, 37.68992311800031], [119.01075280000043, 37.653753973000164], [118.99244225400025, 37.633368231000304], [118.97665449300041, 37.610907294000185], [118.96998131600026, 37.59345123900016], [118.9677840500002, 37.57322825700004], [118.95785566500035, 37.53139883], [118.94459069100026, 37.3781192080001], [118.94947350400003, 37.336167709999984], [118.96119225400014, 37.29564036700009], [118.97242272200026, 37.28066640800006], [118.99048912900003, 37.2747256530003], [119.0147404310004, 37.26984284100024], [119.03012129000035, 37.25779857000015], [119.04273522200026, 37.242377020000106], [119.05860436300043, 37.22760651200031], [119.11500084700015, 37.201117255000156], [119.14551842500032, 37.178859768000166], [119.28711998800009, 37.137274481000134], [119.44117272200015, 37.12055084800011], [119.4751082690002, 37.13328685100004], [119.52450605600029, 37.13906484600017], [119.5385848320002, 37.13760000199994], [119.56348717500032, 37.14179108300027], [119.66073652400019, 37.13760000199994], [119.71680748800043, 37.14158763200004], [119.77059980600029, 37.151841539000145], [119.77890058700018, 37.16705963700019], [119.79184004000047, 37.18056875200017], [119.87745201900054, 37.23383209800028], [119.89730879000047, 37.24941640800006], [119.88672936300031, 37.2846540390002], [119.86353600400025, 37.32192617400028], [119.84628339900019, 37.34369538000004], [119.85889733200054, 37.36017487200024], [119.88233483200031, 37.37075429900028], [119.92896569100037, 37.38458893400019], [119.98829186300031, 37.41327545800016], [119.99781334700026, 37.421820380000156], [120.00904381600014, 37.42234935100015], [120.05982506600026, 37.44041575700015], [120.1875919930003, 37.51178620000013], [120.29761803500014, 37.59788646000004], [120.32252037900037, 37.63239166900013], [120.30640709700049, 37.665187893000166], [120.29379316500024, 37.67031484600005], [120.27857506600003, 37.67243073100008], [120.24756920700031, 37.672593492000146], [120.23536217500032, 37.674750066999934], [120.22291100400014, 37.67942942900021], [120.21566816500024, 37.68406810100015], [120.21998131600037, 37.68626536700009], [120.31185957100024, 37.68626536700009], [120.36850019600035, 37.69472890800017], [120.38599694100026, 37.70453522300005], [120.39136803500026, 37.7067324890001], [120.41098066500024, 37.7121035830001], [120.44312584700026, 37.738185940000164], [120.46338951900054, 37.74774811400016], [120.55616295700031, 37.76137929900028], [120.56454511800018, 37.76434967700021], [120.59359785200013, 37.78188711100012], [120.6352645190002, 37.78872304900017], [120.67432701900043, 37.80198802300009], [120.70492597700036, 37.82094961100012], [120.73804772200049, 37.83397044500009], [120.78492272200026, 37.829657294000185], [120.82162519600035, 37.81732819200005], [120.83668053500037, 37.81598541900007], [120.84644616000014, 37.818101304000265], [120.86597741000048, 37.82754140800006], [120.87769616000037, 37.829657294000185], [120.89942467500043, 37.82705312700028], [120.92579186300031, 37.819281317000105], [120.94076582100024, 37.806463934000135], [120.92880293100006, 37.78872304900017], [120.94092858200054, 37.773993231000134], [120.95687910200024, 37.76089101800011], [120.97535241000037, 37.75136953300017], [120.9946395190002, 37.74774811400016], [121.00538170700031, 37.74428945500006], [121.01148522200015, 37.73590729400007], [121.01612389400043, 37.72573476800005], [121.0219832690002, 37.71670156500005], [121.03256269600035, 37.710394598000164], [121.04354902400019, 37.71035390800017], [121.05469811300031, 37.71271393400025], [121.06666100400025, 37.713568427000155], [121.11329186300031, 37.70823802299998], [121.13795006600026, 37.701157945000034], [121.14852949300041, 37.689398505000156], [121.14242597700024, 37.676825262000136], [121.13217207100013, 37.6644961610001], [121.13013756600037, 37.651800848000164], [121.14852949300041, 37.63788483300027], [121.13550866000014, 37.62628815300013], [121.1343693370003, 37.61054108299999], [121.14210045700031, 37.59467194200016], [121.1553654310004, 37.58258698100008], [121.17164147200015, 37.577093816999934], [121.19149824300007, 37.575181382000096], [121.30811608200031, 37.58124420800027], [121.3447371750002, 37.59080638200027], [121.3745223320002, 37.61054108299999], [121.36060631600003, 37.63133372600009], [121.35401451900043, 37.63788483300027], [121.37216230600018, 37.632717190000164], [121.3935653000002, 37.62246328300006], [121.41407311300031, 37.609686591000184], [121.4297794930003, 37.596869208000214], [121.39844811300031, 37.59487539300022], [121.3814396490003, 37.58299388200027], [121.38168379000012, 37.566107489000274], [121.40170332100001, 37.54905833500004], [121.42457116000014, 37.53632233300016], [121.4467879570002, 37.51959870000013], [121.4639591810004, 37.499457098000164], [121.47071373800031, 37.47646719000011], [121.47689863400012, 37.46800364800009], [121.49146569100037, 37.46295807500013], [121.52222741000014, 37.45970286700009], [121.5371199880002, 37.456244208000214], [121.54981530000043, 37.447821356000134], [121.5703231130002, 37.428656317000105], [121.59164472700024, 37.424465236000174], [121.65162194100037, 37.43707916900013], [121.67611738400001, 37.43919505400015], [121.65487714900041, 37.45770905200027], [121.6342879570002, 37.462388414000145], [121.58741295700042, 37.4535586610001], [121.59278405000009, 37.46385325700015], [121.60254967500032, 37.47186920800016], [121.61304772200037, 37.477280992000146], [121.62142988400024, 37.48016998900016], [121.63502037900003, 37.48126862200019], [121.64478600400025, 37.478461005000156], [121.65235436300031, 37.474676825000245], [121.65943444100037, 37.47272370000019], [121.7324324880002, 37.46173737200013], [121.93783613400024, 37.464260157999945], [121.95728600400025, 37.45970286700009], [121.95728600400025, 37.4535586610001], [121.94906660200024, 37.44839101800022], [121.94459069100037, 37.44074127800019], [121.94459069100037, 37.43252187700017], [121.94979902400019, 37.42560455900019], [121.95728600400025, 37.423814195000034], [121.98804772200015, 37.42560455900019], [121.99740644600024, 37.43406810100004], [121.97779381600037, 37.47166575700015], [121.98121178500026, 37.48016998900016], [121.9946395190002, 37.48672109600017], [122.01636803500014, 37.51756419500009], [122.02564537900003, 37.528021551999984], [122.04379316500024, 37.53392161700032], [122.06153405000032, 37.53717682500019], [122.07178795700042, 37.544501044000185], [122.06714928500014, 37.562730210000154], [122.07333418100029, 37.562730210000154], [122.08204186300031, 37.552923895000106], [122.09506269600024, 37.5491397160003], [122.10946699300041, 37.5522321640002], [122.12183678500014, 37.562730210000154], [122.13949629000035, 37.55060455900008], [122.15186608200031, 37.532863674000225], [122.15259850400025, 37.51455312700017], [122.13550866000048, 37.5006778020001], [122.12989342500009, 37.48346588700019], [122.14144941500024, 37.456610419000185], [122.16211998800031, 37.43309153900026], [122.18319746200018, 37.41815827000022], [122.1977645190002, 37.4323591170002], [122.20972741000014, 37.44733307500013], [122.22421308700018, 37.45799388200021], [122.24537194100037, 37.45970286700009], [122.26181074300018, 37.45091380400004], [122.27857506600037, 37.42389557500019], [122.29647871200041, 37.41815827000022], [122.4570418630002, 37.41815827000022], [122.46151777400041, 37.419623114000274], [122.46607506600037, 37.42267487200019], [122.47120201900032, 37.42536041900007], [122.47803795700031, 37.42560455900019], [122.48218834700015, 37.42267487200019], [122.48495527400041, 37.413804429000095], [122.48804772200026, 37.41193268400008], [122.57056725400003, 37.401556708000214], [122.59164472700024, 37.4043643250003], [122.60092207100024, 37.41502513200015], [122.6123966810004, 37.418605861], [122.66504967500043, 37.41404857000015], [122.68043053500048, 37.41502513200015], [122.68824303500037, 37.409816799000055], [122.68873131600026, 37.38971588700025], [122.67896569100003, 37.37466054900017], [122.65609785200024, 37.38458893400019], [122.61459394600035, 37.37091705900025], [122.58505293100018, 37.35268789300022], [122.57740319100014, 37.3498395850001], [122.57081139400054, 37.34479401200019], [122.59115644600024, 37.3141543640001], [122.59473717500032, 37.29523346600007], [122.5576278000002, 37.3190778670002], [122.54965254000024, 37.319769598000164], [122.54908287900025, 37.31085846600007], [122.56006920700042, 37.2747256530003], [122.56666100400014, 37.266343492000146], [122.58985436300043, 37.24335358300016], [122.59473717500032, 37.236883856000134], [122.59669030000032, 37.22089264500016], [122.60287519600024, 37.209906317000105], [122.61353600400025, 37.203070380000156], [122.62891686300031, 37.1996524110001], [122.62891686300031, 37.19281647300005], [122.58521569100014, 37.188706773000035], [122.57431074300041, 37.18537018400008], [122.56324303500014, 37.17316315300019], [122.56885826900032, 37.165676174000055], [122.57715905000009, 37.15778229400007], [122.57431074300041, 37.144435940000164], [122.5434676440002, 37.15664297100005], [122.51002037900014, 37.15521881700016], [122.48267662900025, 37.13996002800019], [122.47071373800031, 37.11029694200005], [122.46444746200018, 37.11029694200005], [122.46583092500032, 37.14516836100029], [122.46444746200018, 37.151841539000145], [122.45394941500012, 37.15428294500015], [122.44760175900035, 37.14744700700015], [122.44434655000032, 37.13654205900008], [122.44174238400024, 37.11709219000011], [122.43628991000048, 37.09918854400024], [122.43637129000047, 37.08978913000021], [122.4405216810004, 37.08490631700005], [122.44752037900037, 37.082261460000154], [122.45411217500043, 37.077460028000075], [122.4570418630002, 37.0659040390002], [122.44849694100037, 37.057196356000134], [122.41122480600029, 37.03652578300006], [122.40235436300043, 37.02147044499992], [122.40919030000032, 37.00629303599993], [122.42432701900054, 37.00364817900004], [122.43702233200031, 37.01162344000011], [122.43637129000047, 37.02773672100005], [122.46119225400014, 37.03082916900013], [122.51303144600024, 37.02049388200004], [122.54004967500032, 37.02773672100005], [122.52540123800043, 36.94448476800005], [122.5327254570002, 36.925930080000114], [122.52645918100029, 36.91425202000005], [122.51734459700015, 36.90314362200019], [122.50741621200041, 36.89801666900024], [122.49854576900032, 36.90420156500005], [122.50009199300041, 36.91559479400013], [122.50904381600026, 36.92625560100015], [122.51270592500009, 36.93463776200031], [122.49854576900032, 36.93891022300005], [122.49390709700026, 36.932603257000096], [122.47730553500048, 36.925970770000106], [122.45663496200018, 36.92064036700026], [122.43995201900032, 36.91844310100015], [122.43051191500012, 36.92011139500016], [122.42090905000043, 36.92308177300009], [122.41220136800007, 36.924750067000105], [122.40577233200054, 36.9221865910003], [122.40219160200036, 36.91449616100027], [122.40341230600029, 36.90664297100011], [122.40748131600026, 36.90045807500013], [122.41260826900043, 36.89801666900024], [122.42139733200031, 36.89516836100012], [122.42945397200026, 36.888128973000164], [122.43515058700018, 36.87921784100024], [122.43637129000047, 36.870672919000185], [122.43100019600013, 36.86465078300017], [122.42066491000026, 36.86078522300011], [122.40235436300043, 36.85700104400007], [122.39722741000014, 36.85691966400009], [122.39332116000026, 36.859116929000095], [122.38990319100014, 36.86196523600012], [122.38559004000024, 36.86322663000004], [122.37973066500047, 36.86139557500013], [122.37777754000024, 36.857123114000046], [122.37720787900025, 36.852484442000105], [122.37574303500037, 36.8495547550001], [122.37118574300018, 36.84564850500021], [122.36109459700037, 36.83344147300005], [122.35523522200026, 36.82908763200015], [122.31983483200042, 36.82294342700027], [122.20028730600029, 36.842759507000096], [122.18531334700026, 36.84992096600013], [122.18067467500032, 36.8664004580001], [122.18482506600026, 36.884955145000106], [122.19686933700018, 36.89801666900024], [122.26587975400014, 36.89801666900024], [122.25294030000032, 36.905951239000046], [122.21119225400037, 36.91844310100015], [122.17465254000024, 36.9411074890001], [122.1626896490003, 36.94578685100004], [122.17855879000012, 36.98627350500027], [122.17969811300031, 37.005804755000156], [122.16610761800041, 37.0141055360001], [122.14999433700041, 37.00531647300005], [122.1479598320002, 36.985012111000174], [122.14918053500026, 36.962144273000206], [122.14291425900024, 36.94578685100004], [122.12842858200031, 36.94562409100007], [122.11011803500026, 36.9518903670002], [122.09433027400041, 36.95091380400015], [122.08765709700026, 36.92902252800019], [122.08090254000012, 36.91657135600025], [122.06519616000014, 36.90672435100009], [122.04688561300043, 36.900336005000156], [122.03305097700013, 36.89801666900024], [122.03541100400025, 36.91681549700013], [122.03475996200018, 36.94183991100016], [122.03760826900043, 36.96369049700007], [122.04981530000032, 36.9730899110001], [122.05380293100029, 36.97524648600012], [122.04916425900035, 36.97992584800005], [122.0396427740003, 36.984605210000154], [122.0293074880002, 36.986761786000045], [122.00416100400025, 36.986029364000046], [121.96143639400032, 36.99286530200004], [121.92628014400032, 36.993597723000164], [121.91488691500024, 36.98582591400009], [121.92335045700031, 36.96849192900015], [121.94979902400019, 36.93891022300005], [121.91513105600029, 36.92023346600007], [121.78598066500024, 36.89118073100008], [121.77686608200031, 36.88646067900015], [121.75586998800031, 36.872300523000035], [121.75180097700013, 36.866929429000095], [121.75001061300031, 36.85740794500009], [121.74488366000048, 36.84723541900024], [121.73715254000024, 36.83917877800019], [121.72803795700031, 36.83592357000015], [121.7085067070002, 36.83283112200007], [121.6714787120003, 36.819281317000105], [121.64942467500009, 36.816066799000055], [121.64942467500009, 36.822251695000034], [121.67408287900037, 36.83323802300009], [121.68417402400053, 36.83592357000015], [121.68417402400053, 36.842759507000096], [121.65821373800031, 36.84015534100007], [121.63746178500026, 36.83136627800019], [121.62452233200054, 36.81476471600007], [121.62142988400024, 36.78876373900016], [121.63209069100026, 36.761216539000145], [121.6342879570002, 36.74656810100015], [121.62525475400037, 36.74038320500017], [121.61255944100003, 36.74298737200007], [121.60352623800031, 36.749660549000225], [121.59766686300043, 36.7584903020001], [121.59424889400054, 36.767645575000074], [121.58301842500043, 36.762844143000166], [121.57300866000026, 36.763617255000156], [121.56006920700031, 36.767645575000074], [121.5503849620003, 36.76434967700004], [121.5371199880002, 36.75576406500022], [121.5258895190002, 36.75397370000013], [121.5035099620003, 36.7604434270001], [121.49642988400001, 36.77448151200019], [121.50318444100014, 36.788641669000185], [121.52222741000014, 36.79498932500013], [121.5371199880002, 36.795640366999976], [121.5473738940002, 36.79816315300019], [121.5551863940002, 36.803412177000155], [121.56324303500026, 36.812323309000135], [121.57300866000026, 36.81964752800013], [121.5952254570002, 36.826320705000285], [121.60474694100003, 36.83250560100004], [121.60718834700026, 36.84495677300015], [121.58814537900025, 36.84617747600015], [121.56283613400024, 36.8413760440003], [121.54647871200018, 36.83592357000015], [121.53809655000032, 36.8288434920002], [121.53052819100037, 36.819891669000185], [121.52222741000014, 36.81216054900017], [121.51156660200024, 36.80857982000009], [121.4981388680003, 36.81085846599996], [121.4942326180003, 36.816880601000264], [121.49227949300018, 36.823919989000046], [121.48438561300009, 36.82908763200015], [121.45948326900043, 36.828680731000134], [121.45297285200024, 36.81639232000009], [121.4580184250002, 36.8019473330001], [121.4672957690002, 36.79498932500013], [121.47071373800031, 36.78961823100019], [121.46615644600001, 36.77757396000027], [121.45337975400037, 36.75739166900024], [121.44483483200031, 36.75348541900013], [121.43246504000012, 36.7527529970003], [121.40894616000026, 36.75397370000013], [121.3901473320002, 36.746812241999976], [121.37777754000024, 36.731512762000136], [121.3794051440002, 36.71698639500016], [121.40170332100001, 36.712388414000145], [121.3852645190002, 36.70648834800011], [121.36841881600003, 36.70677317900015], [121.3335067070002, 36.712388414000145], [121.31421959700026, 36.71181875200028], [121.1577254570002, 36.668605861000174], [121.12802168100018, 36.650946356000134], [121.08969160200013, 36.61640045800016], [121.0801701180003, 36.61001211100012], [121.06275475400037, 36.61005280200004], [121.04249108200042, 36.62767161700026], [121.03248131600037, 36.62425364800015], [121.03077233200054, 36.617092190000164], [121.03402754000012, 36.59682851800011], [121.03248131600037, 36.58950429900028], [121.0235294930003, 36.583929755000156], [121.01465905000009, 36.584540106000134], [121.00611412900037, 36.58763255400004], [120.99838300900035, 36.58950429900028], [120.94467207100035, 36.591213283000286], [120.92880293100006, 36.596340236000174], [120.93653405000032, 36.611965236000174], [120.93336022200049, 36.62026601800022], [120.92212975400025, 36.62368398600023], [120.90552819100037, 36.62425364800015], [120.8926701180003, 36.62848541900007], [120.8647567070002, 36.64671458500004], [120.85059655000043, 36.650946356000134], [120.82406660200013, 36.643988348000164], [120.77084394600013, 36.61717357000015], [120.75058027400019, 36.61684804900017], [120.74732506600026, 36.60822174700013], [120.74691816500012, 36.603176174000225], [120.75001061300043, 36.5998395850001], [120.75757897200037, 36.596340236000174], [120.74732506600026, 36.57729726800022], [120.74227949300041, 36.55585358300027], [120.75025475400025, 36.540757554000265], [120.77865644600013, 36.541083075000245], [120.79379316500012, 36.550970770000106], [120.8135685560004, 36.5836856140001], [120.82642662900025, 36.596340236000174], [120.85035241000026, 36.60455963700019], [120.86459394600001, 36.597723700000074], [120.89478600400003, 36.561590887000136], [120.9052840500002, 36.5570742860001], [120.91407311300043, 36.55703359600011], [120.92025800900024, 36.553290106000134], [120.92261803500048, 36.53766510600019], [120.92750084700015, 36.5329043640001], [120.93848717500032, 36.53436920800016], [120.95020592500009, 36.54002513200004], [120.95679772200026, 36.54791901200019], [120.96363366000048, 36.54791901200019], [120.9614363940002, 36.53143952000005], [120.95191491000014, 36.51992422100017], [120.94117272200049, 36.509711005000156], [120.93628991000014, 36.49701569200016], [120.93783613400024, 36.487697657999945], [120.94996178500014, 36.45917389500005], [120.93433678500037, 36.45677317900021], [120.91952558700018, 36.456488348000164], [120.9062606130002, 36.45237864800009], [120.89478600400003, 36.43866608299999], [120.9009708990003, 36.427679755000156], [120.90137780000009, 36.41901276200025], [120.89828535200024, 36.411607164000145], [120.89039147200026, 36.3979352890002], [120.88266035200024, 36.38873932500013], [120.87427819100026, 36.38060130400015], [120.86744225400037, 36.37718333500004], [120.84970136800007, 36.38613515800006], [120.84400475400037, 36.42267487200019], [120.82642662900025, 36.43252187700023], [120.83204186300043, 36.45526764500016], [120.80689537900025, 36.463934637000136], [120.77247155000032, 36.46352773600012], [120.75058027400019, 36.45917389500005], [120.74781334700015, 36.455633856000134], [120.74048912900037, 36.44281647300005], [120.73707116000014, 36.43866608299999], [120.73170006600037, 36.436224677000155], [120.71900475400014, 36.43235911700026], [120.71412194100014, 36.428697007000096], [120.68653405000032, 36.3871524110001], [120.69068444100037, 36.370835679000095], [120.70956464900019, 36.34935130400015], [120.72217858200031, 36.33055247600009], [120.70728600400003, 36.32265859599994], [120.69369550900024, 36.32489655200004], [120.66903730600006, 36.334621486000174], [120.66195722700013, 36.33633047100028], [120.64771569100026, 36.33087799700013], [120.64364668100018, 36.3224958350001], [120.64869225400037, 36.31240469000011], [120.66195722700013, 36.3014997420002], [120.65455162900014, 36.2882754580001], [120.66024824300041, 36.277329820000034], [120.67042076900043, 36.265814520000106], [120.67562910200013, 36.25063711100012], [120.68751061300009, 36.18789297100005], [120.69336998800043, 36.17487213700025], [120.70484459700037, 36.15623607000026], [120.69678795700054, 36.14398834800011], [120.62777754000024, 36.116522528000246], [120.62387129000012, 36.11766185100009], [120.6206160820002, 36.12128327000016], [120.6167098320002, 36.12335846600007], [120.59359785200013, 36.10976797100011], [120.56519616000026, 36.11579010600019], [120.55160566500012, 36.11371491100016], [120.54590905000032, 36.09975820500023], [120.5362248060004, 36.091457424000055], [120.5141707690002, 36.08856842700004], [120.4736434250002, 36.08926015800017], [120.46192467500009, 36.08576080900008], [120.43563886800041, 36.06850820500006], [120.42172285200013, 36.06195709800028], [120.36947675900012, 36.04877350500004], [120.35352623800009, 36.040838934000135], [120.33936608200031, 36.04995351800005], [120.32471764400054, 36.05719635600019], [120.30909264400032, 36.061509507000096], [120.29200280000032, 36.06195709800028], [120.29200280000032, 36.06810130400021], [120.30844160200013, 36.07953522300011], [120.31226647200026, 36.09129466400009], [120.31348717500043, 36.10447825700015], [120.32276451900032, 36.11994049700013], [120.3349715500002, 36.136135158000116], [120.36158287900014, 36.19163646000027], [120.34848066500035, 36.21336497600004], [120.33920332100013, 36.2226016300001], [120.32276451900032, 36.226385809000135], [120.31177819100026, 36.2658552100001], [120.30640709700049, 36.27423737200013], [120.28646894600001, 36.26382070500006], [120.2735294930003, 36.234279690000164], [120.27515709700015, 36.20408763200015], [120.29883873800031, 36.19163646000027], [120.28451582100035, 36.175970770000106], [120.26425214900041, 36.180853583000214], [120.24398847700013, 36.1911074890001], [120.2299910820002, 36.19163646000027], [120.2260848320002, 36.1940778670002], [120.22388756600026, 36.196519273000035], [120.22128339900019, 36.19839101800011], [120.21631920700042, 36.19912344000011], [120.21908613400001, 36.22190989800026], [120.18677819100037, 36.219061591000184], [120.14454186300031, 36.208889065000164], [120.11727949300007, 36.209662176999984], [120.11239668100029, 36.217474677000155], [120.1114201180003, 36.222723700000074], [120.10816491000026, 36.225531317000105], [120.0971785820002, 36.226385809000135], [120.09286543100029, 36.22321198100008], [120.08790123800031, 36.21621328300006], [120.08594811300031, 36.209133205000114], [120.0903426440002, 36.205959377000056], [120.10531660200013, 36.2008731140001], [120.10922285200024, 36.18878815300019], [120.10523522200015, 36.17422109600011], [120.0893660820002, 36.147691148000035], [120.08643639400032, 36.13003164300022], [120.08969160200013, 36.11172109600017], [120.10018964900019, 36.09609609600017], [120.1167912120003, 36.08759186400016], [120.13575280000009, 36.08340078300017], [120.15406334700015, 36.07705312700028], [120.16846764400032, 36.06195709800028], [120.17188561300043, 36.04612864800015], [120.17074629000012, 36.00869375200017], [120.17530358200031, 35.99363841400009], [120.18604576900043, 35.98452383000017], [120.1977645190002, 35.98529694200022], [120.2299910820002, 35.99990469000005], [120.2295028000002, 35.972805080000114], [120.2427677740003, 35.973578192000105], [120.2749129570002, 35.99363841400009], [120.28077233200031, 35.998236395000106], [120.28199303500014, 36.00665924700019], [120.28492272200015, 36.0109317080001], [120.2954207690002, 36.00332265800006], [120.30307050900024, 35.99404531500011], [120.30526777400019, 35.9870059270001], [120.30347741000026, 35.98053620000013], [120.29883873800031, 35.97313060100015], [120.28443444100037, 35.962591864000274], [120.24439537900025, 35.95307038000027], [120.22681725400003, 35.94183991100016], [120.1851505870003, 35.903753973000164], [120.17530358200031, 35.89004140800006], [120.17050214900053, 35.90745677300015], [120.17945397200015, 35.920070705], [120.18970787900025, 35.931545315000164], [120.1889754570002, 35.9452578800001], [120.16846764400032, 35.93842194200005], [120.16285241000014, 35.93329498900016], [120.14551842500032, 35.913804429000265], [120.14185631600026, 35.907945054000095], [120.13575280000009, 35.90412018400019], [120.10718834700037, 35.903998114000046], [120.0971785820002, 35.90082428600016], [120.05225670700031, 35.86261627800019], [120.03882897200026, 35.84284088700008], [120.01978600400014, 35.75975169500009], [120.00294030000032, 35.72776927300009], [119.96998131600026, 35.73236725500004], [119.94971764400032, 35.753810940000164], [119.93775475400014, 35.761135158000286], [119.92554772200015, 35.75682200700015], [119.90821373800031, 35.744859117000146], [119.90015709700026, 35.736273505000156], [119.9312443370003, 35.71084219000011], [119.9356388680003, 35.705023505000156], [119.93075605600029, 35.69953034100007], [119.9082951180003, 35.68089427300015], [119.90162194100037, 35.67153554900011], [119.9004826180003, 35.66054922100005], [119.90292402400019, 35.652411200000074], [119.9067488940002, 35.6444766300001], [119.90845787900037, 35.633978583000044], [119.90455162900025, 35.624579169000185], [119.89559980600006, 35.6203067080001], [119.88526451900054, 35.617621161000216], [119.87745201900054, 35.61318594000011], [119.86019941500035, 35.60610586100006], [119.84327233200031, 35.615790106000134], [119.8340763680003, 35.63532135600019], [119.84009850400014, 35.65790436400016], [119.8116154310004, 35.64789459800011], [119.7710067070002, 35.593329169000015], [119.74390709700026, 35.57591380400015], [119.74805748800031, 35.599798895000106], [119.74838300900024, 35.60932038000004], [119.74390709700026, 35.61688873900016], [119.73251386800041, 35.620835679000265], [119.71876061300009, 35.61953359600005], [119.70712324300018, 35.61416250200011], [119.70240319100026, 35.60602448100008], [119.69678795700031, 35.599432684000305], [119.68384850400025, 35.593980210000154], [119.66895592500032, 35.59031810099992], [119.6577254570002, 35.58893463700025], [119.64795983200031, 35.58392975500021], [119.64136803500037, 35.572007554000265], [119.63412519600035, 35.5480410830001], [119.60409589900041, 35.48802317900021], [119.59986412900014, 35.46918366100016], [119.59595787900014, 35.461981512000136], [119.56959069100014, 35.4347598330001], [119.56454511800007, 35.424709377000056], [119.56226647200037, 35.40062083500004], [119.55892988400035, 35.39032623900022], [119.55152428500037, 35.380031643000166], [119.52230879000024, 35.3527285830001], [119.51351972700036, 35.33930084800011], [119.50766035200024, 35.332342841000184], [119.46957441500035, 35.32147858300016], [119.43580162900037, 35.322577216000184], [119.42872155000043, 35.32147858300016], [119.42392011800041, 35.313462632000096], [119.4218856130002, 35.30052317899998], [119.4218856130002, 35.277411200000245], [119.41871178500014, 35.27130768400025], [119.40455162900014, 35.25372955900019], [119.38770592500009, 35.2053897160003], [119.37061608200054, 35.11741771000027], [119.35800214900019, 35.097113348000164], [119.33619225400014, 35.08869049700019], [119.31430097700024, 35.086249091000184], [119.28028405000043, 35.0766055360001], [119.25049889400054, 35.06818268400008], [119.22909589900019, 35.066107489000046], [119.2212020190002, 35.064032294000185], [119.21265709700015, 35.05801015800017], [119.20728600400037, 35.04840729400024], [119.20394941500024, 35.02496979400007], [119.1993107430003, 35.01666901200019], [119.1928817070002, 35.000433661000045], [119.1928817070002, 34.974025782999945], [119.19703209700015, 34.94769928600016], [119.20337975400025, 34.93162669500015], [119.1886976340005, 34.8562741680002], [119.19312584700015, 34.80988190300013], [119.20191491000037, 34.78497955900008], [119.1890568370003, 34.76654694200005], [119.19532311300043, 34.759711005000156], [119.19027754000024, 34.74925364800026], [119.18873131600026, 34.733058986], [119.19223066500012, 34.71820709800005], [119.20337975400025, 34.711900132000096], [119.20980879000035, 34.71857330900008], [119.22095787900025, 34.74941640800023], [119.22934004000024, 34.759711005000156], [119.24179121200018, 34.761664130000156], [119.29135175900001, 34.753485419000185], [119.31177819100026, 34.755072333000044], [119.32496178500014, 34.7599958350001], [119.33505293100029, 34.768500067000105], [119.34669030000009, 34.78082916900007], [119.35800214900019, 34.7746035830001], [119.37558027400019, 34.75934479400013], [119.38770592500009, 34.753485419000185], [119.40145918100029, 34.75112539300011], [119.42823326900032, 34.7499453800001], [119.44223066500024, 34.74603913000021], [119.46322675900024, 34.73236725500027], [119.4742130870003, 34.715277411000045], [119.47274824300041, 34.69814687700017], [119.4565535820002, 34.68455638200004], [119.53174889400043, 34.61570872600015], [119.58871504000024, 34.582220770000106], [119.59986412900014, 34.56854889500016], [119.60922285200013, 34.56273021000004], [119.64096113400001, 34.55052317900015], [119.64096113400001, 34.54572174700007], [119.64144941500035, 34.54083893400008], [119.64340254000024, 34.536566473000164], [119.64771569100014, 34.53384023600012], [119.65845787900025, 34.53156159100013], [119.68531334700015, 34.53384023600012], [119.70533287900037, 34.53115468999994], [119.72885175900035, 34.524115302000155], [119.75123131600026, 34.51422760600008], [119.79525800900012, 34.48167552300009], [119.82618248800031, 34.47040436399999], [119.86207116000014, 34.46580638200027], [119.90503991000037, 34.464911200000074], [119.93995201900032, 34.45791250200028], [119.98292076900054, 34.440741278000075], [120.0229598320002, 34.41937897300011], [120.0787052740003, 34.37750885600025], [120.11817467500043, 34.35960521000004], [120.23975670700031, 34.323675848000164], [120.25709069100026, 34.311835028000075], [120.26400800900012, 34.29075755400015], [120.26669355600029, 34.26630280200004], [120.27418053500014, 34.24453359600005], [120.29883873800031, 34.20425039300011], [120.3093742790004, 34.17407134900009], [120.31721231500023, 34.15212340500028], [120.32496554200043, 34.13645107200017], [120.32522375900021, 34.1112979990001], [120.3482365240003, 34.076849677000155], [120.35352623800009, 34.0607770850001], [120.3584904310004, 34.0534528670002], [120.36532636800018, 34.0456403670002], [120.37134850400037, 34.03603750200011], [120.38502037900025, 33.9704043640001], [120.40796959700037, 33.91681549700019], [120.41334069100026, 33.89736562700011], [120.41260826900032, 33.88751862200007], [120.3984481130002, 33.878973700000074], [120.39966881600014, 33.86933014499999], [120.40707441500012, 33.859767971000224], [120.41895592500043, 33.85537344000011], [120.43140709700015, 33.8460147160003], [120.44336998800009, 33.82469310100015], [120.45093834700026, 33.8014997420002], [120.4497176440002, 33.78644440300019], [120.46412194100037, 33.77496979400013], [120.48243248800043, 33.765122789000316], [120.49830162900025, 33.753322657999945], [120.50489342500032, 33.73558177300015], [120.50586998800043, 33.69717031500005], [120.5117293630002, 33.65672435100021], [120.50269616000014, 33.66156647300028], [120.49512780000032, 33.66217682500013], [120.48902428500026, 33.65839264500022], [120.48373457100024, 33.64996979400007], [120.5259708990003, 33.610663153000075], [120.53907311300043, 33.59467194200005], [120.56324303500026, 33.548000393000166], [120.57325280000043, 33.53327057500019], [120.62777754000024, 33.47801341400026], [120.63436933700018, 33.466945705000114], [120.65211022200037, 33.42812734600017], [120.65577233200042, 33.413153387000136], [120.66195722700013, 33.33803945500017], [120.66724694100037, 33.325100002000056], [120.68002363400024, 33.30801015800017], [120.69507897200026, 33.29315827000005], [120.70728600400003, 33.2868106140001], [120.72046959700026, 33.28497955900019], [120.73788496200052, 33.27928294500015], [120.75025475400025, 33.269598700000245], [120.7475692070002, 33.255804755000156], [120.7426863940002, 33.25267161700009], [120.73707116000014, 33.25092194200022], [120.73218834700015, 33.248236395000106], [120.73023522200026, 33.24213288000004], [120.73251386800018, 33.2371279970003], [120.74252363400024, 33.22776927300009], [120.74439537900014, 33.2241071640002], [120.74350019600024, 33.20864492400017], [120.74008222700013, 33.2055117860001], [120.73023522200026, 33.20490143400008], [120.78524824300007, 33.165025132000096], [120.80697675900024, 33.13776276200019], [120.79224694100026, 33.10871002800013], [120.81251061300031, 33.1057803410003], [120.8189396490003, 33.09218984600017], [120.81959069100014, 33.05410390800017], [120.82593834700026, 33.03017812700017], [120.83375084700026, 33.02562083500021], [120.84644616000014, 33.02985260600019], [120.86744225400037, 33.03237539300011], [120.89014733200031, 33.026109117000146], [120.89576256600037, 33.01357656500005], [120.88851972700036, 32.97772858300016], [120.88868248800043, 32.962713934000305], [120.9078068370003, 32.84389883], [120.9047957690002, 32.81264883000006], [120.88030821400014, 32.772031829000184], [120.85238691500012, 32.75600820500006], [120.8614201180003, 32.71967194200016], [120.86044355600018, 32.68976471600007], [120.85018964900041, 32.69660065300019], [120.84310957100024, 32.70392487200019], [120.8414005870003, 32.711086330000114], [120.84693444100037, 32.71767812700011], [120.84009850400025, 32.72451406499994], [120.83017011800018, 32.70941803599993], [120.83033287900025, 32.69765859600005], [120.86386823800024, 32.67105755700027], [120.90661411500014, 32.6597102730002], [120.9111993270003, 32.630121296000254], [120.94388695400016, 32.60522416300017], [120.9750209670002, 32.59511507700006], [121.02070551400016, 32.56852178800017], [121.04278207100026, 32.55754181600014], [121.06625410200013, 32.54401276200019], [121.08619225400014, 32.536037502000056], [121.0987248060004, 32.52114492400011], [121.10084069100037, 32.497951565000164], [121.10767662900025, 32.497951565000164], [121.12020918100018, 32.507391669000185], [121.15725641600011, 32.49559551700008], [121.17379998200022, 32.48762507900017], [121.19150740800035, 32.478652535000094], [121.21510394400002, 32.47266441400018], [121.27170993600043, 32.447734492000166], [121.35413965600014, 32.41482275900012], [121.3894088840002, 32.38494757500018], [121.40111730900003, 32.35213194900018], [121.4160262380002, 32.26894765800006], [121.41773522200037, 32.255275783000116], [121.41928144600024, 32.25031159100007], [121.41578209700015, 32.24860260600019], [121.40170332100001, 32.24469635600008], [121.37720787900025, 32.241644598000164], [121.3667098320002, 32.23895905200021], [121.3608504570002, 32.231634833000214], [121.36801191500024, 32.22736237200007], [121.39869225400003, 32.16893138200004], [121.42514082100013, 32.16404857000015], [121.4311629570002, 32.15135325700015], [121.43213951900032, 32.133856512000136], [121.4433699880002, 32.11432526200025], [121.44947350400025, 32.11273834800022], [121.4561466810004, 32.115545966000184], [121.46241295700031, 32.11969635600019], [121.4672957690002, 32.1217715520001], [121.47299238400035, 32.11961497600004], [121.48194420700042, 32.11025625200017], [121.48804772200015, 32.108140366999976], [121.49659264400054, 32.11025625200017], [121.53081178900015, 32.108518596000124], [121.55423799100015, 32.102498235000155], [121.59424889400054, 32.08706289300005], [121.65536543100029, 32.062933661000045], [121.6831160820002, 32.04262929900011], [121.71778405000032, 32.025580145000106], [121.72730553500026, 32.01658763200027], [121.76436590100013, 31.99528688200013], [121.79864398300015, 31.970474858000102], [121.82194511600017, 31.952486444000158], [121.8252059250002, 31.927720445000148], [121.8478331150003, 31.904607285000168], [121.87496019900038, 31.863722900000198], [121.87468722000017, 31.825903471000117], [121.90177628000038, 31.786487458000124], [121.92205718300022, 31.7543781290002], [121.93038277800031, 31.726714179000112], [121.91484204100027, 31.706434259000105], [121.87199794100036, 31.690681688000097], [121.81730624900013, 31.690949425000156], [121.74904506100006, 31.711633711000047], [121.70291018200032, 31.720554647000313], [121.67555427200034, 31.72357259400013], [121.65505997000014, 31.732380486000068], [121.60719438800027, 31.748550791000127], [121.57431074300007, 31.765529690000164], [121.55160566500012, 31.773749091000184], [121.52906334700015, 31.779201565000108], [121.51742597700024, 31.783433335000097], [121.50790449300041, 31.79287344000005], [121.50049889400043, 31.802191473000164], [121.49488366000014, 31.806463934000078], [121.48023522200015, 31.810980536000045], [121.4160262380002, 31.840643622000186], [121.31739683400053, 31.883248006000088], [121.28641836400027, 31.890589166000154], [121.22786432600014, 31.86590381200017], [121.18515058700052, 31.836737372000073], [121.11508706100017, 31.796333603000278], [121.0866236200003, 31.801835915000083], [121.06241343500005, 31.81350084900015], [121.03993490600044, 31.819332284000097], [121.00536508300036, 31.82077902700013], [120.97781679200034, 31.814365315999964], [120.95062836200032, 31.825236128000086], [120.94056409400037, 31.84464723700006], [120.94312584700015, 31.86790599200009], [120.94312584700015, 31.87531159100007], [120.94483483200042, 31.884588934000192], [120.94141686300031, 31.8925235050001], [120.92579186300031, 31.895900783000116], [120.91928144600035, 31.89935944200016], [120.91089928500037, 31.917669989000217], [120.90552819100037, 31.92597077000005], [120.84693444100037, 31.991441148000092], [120.81080162900037, 32.02260976800028], [120.74364441600028, 32.03604475700013], [120.63437647600017, 32.07700959800019], [120.56548762200043, 32.076713345000314], [120.52236056200024, 32.08260123700023], [120.49075762900031, 32.08245338200015], [120.42782102700028, 32.05292998700014], [120.36158287900014, 32.025580145000106], [120.3003035820002, 31.971665757000153], [120.2671004570002, 31.948675848000164], [120.22372480600029, 31.936835028000132], [120.1758732430003, 31.936672268000166], [120.1313582690002, 31.943182684000078], [120.09009850400025, 31.955023505000042], [120.0523380870003, 31.970933335000154], [120.02003014400043, 31.990790106000247], [119.99203535200013, 32.01585521000004], [119.92139733200031, 32.108547268000166], [119.91220136800041, 32.123724677000155], [119.90845787900037, 32.138861395000276], [119.91098066500012, 32.15814850500021], [119.92115319100026, 32.19647858300016], [119.92212975400014, 32.217433986000174], [119.9004826180003, 32.19818756700016], [119.88754316500024, 32.213853257000096], [119.87427819100026, 32.26512278900026], [119.86215254000012, 32.28115469000005], [119.84213300900035, 32.29905833500021], [119.81836998800031, 32.313706773000035], [119.79517662900014, 32.31976959800011], [119.78199303500026, 32.32123444200016], [119.75806725400025, 32.32697174700013], [119.74390709700026, 32.32721588700008], [119.6923934250002, 32.31976959800011], [119.67684980600029, 32.328436591000184], [119.66089928500037, 32.34577057500019], [119.64087975400003, 32.35883209800005], [119.6128849620003, 32.354559637000136], [119.64901777400041, 32.336086330000114], [119.66073652400019, 32.32721588700008], [119.67855879000024, 32.30621979400024], [119.68539472700013, 32.29242584800005], [119.67847741000026, 32.286281643000166], [119.67603600400025, 32.278062242000146], [119.65455162900025, 32.23476797100028], [119.64901777400041, 32.2195498720003], [119.6357528000002, 32.211004950000074], [119.61988366000026, 32.20490143400008], [119.60604902400019, 32.19692617400011], [119.62769616000026, 32.189398505000156], [119.64527428500048, 32.19521719000011], [119.65975996200041, 32.20791250200017], [119.67164147200049, 32.22077057500013], [119.69044030000032, 32.23533763200004], [119.70142662900025, 32.23346588700019], [119.71216881600014, 32.222601630000156], [119.73023522200015, 32.210598049000225], [119.75513756600037, 32.20587799699996], [119.77857506600026, 32.20465729400013], [119.7885848320002, 32.198635158000116], [119.76376386800018, 32.16250234600011], [119.76441491000014, 32.143744208000044], [119.77247155000032, 32.126776433999964], [119.78492272200026, 32.11432526200025], [119.85556074300041, 32.08698151200019], [119.86695397200049, 32.07709381700016], [119.9071625170003, 32.0453847130002], [119.93850207500043, 32.01804285100013], [119.96122240600027, 31.990615801000104], [119.97868014300013, 31.968956602000105], [120.00639553200028, 31.950304999000252], [120.03882897200026, 31.943060614000103], [120.1309513680003, 31.912298895000106], [120.17831464900053, 31.904201565000164], [120.2299910820002, 31.908880927000098], [120.3411708560003, 31.956320508000147], [120.41822350400014, 31.969671942000105], [120.43222089900019, 31.975165106000077], [120.45578104300012, 31.982518923000043], [120.45415713800037, 32.00318557000014], [120.45541233500023, 32.02142844200023], [120.46949303500014, 32.025132554000095], [120.51783287900037, 32.01874420800016], [120.60425866000026, 31.991441148000092], [120.67001386800041, 31.998846747000073], [120.68995201900032, 31.99823639500022], [120.75035387400033, 31.978336276000277], [120.77981815900023, 31.91588266800005], [120.80744703300024, 31.873769895999942], [120.82479860100011, 31.828702466000152], [120.80775223800038, 31.80974052200014], [120.75147545700031, 31.82469310100015], [120.73853600400037, 31.836818752000056], [120.72763105600029, 31.850653387000136], [120.71713300900024, 31.861070054000265], [120.7207951180003, 31.831935940000164], [120.73145592500032, 31.813869533000286], [120.74838300900001, 31.80223216400009], [120.83189898000023, 31.77776605700018], [120.89536285100007, 31.763320274000137], [120.94849694100026, 31.75787995000013], [120.98072350400025, 31.75120677299998], [121.01376436400017, 31.74303425700026], [121.06702629300037, 31.72408556200014], [121.14440229000036, 31.68465829100012], [121.21168053500037, 31.627630927000155], [121.24472089900053, 31.600409247000073], [121.32032311300043, 31.504828192000105], [121.34091230600029, 31.490952867000203], [121.3608504570002, 31.477484442000048], [121.41773522200037, 31.452785549000055], [121.44800866000037, 31.426499742000203], [121.54623457100035, 31.366115627000113], [121.63160241000026, 31.335760809000135], [121.66993248800043, 31.31305573100019], [121.72516399500034, 31.281567150000285], [121.77750171300022, 31.214393784000208], [121.87702454800001, 31.099135878000084], [121.95082006200039, 30.982080909000047], [121.97738292300039, 30.914923435999924], [121.9600753780004, 30.874256782000316], [121.90739924100012, 30.857085524000297], [121.81080854200047, 30.853230646000156], [121.73283463300015, 30.84631690600031], [121.63113225500001, 30.83655553300008], [121.54293703800045, 30.816494909000085], [121.49203744900012, 30.7977342330002], [121.45640612300019, 30.78327804999998], [121.41059758600045, 30.76738809500023], [121.35059655000032, 30.713446356000247], [121.3335067070002, 30.703070380000042], [121.26465905000043, 30.689195054000265], [121.22193444100003, 30.674994208000157], [121.20289147200015, 30.665106512000023], [121.17774498800031, 30.645656643000052], [121.15894616000048, 30.636704820000034], [121.14852949300041, 30.62783437700017], [121.1416121750002, 30.617743231000247], [121.13656660200047, 30.608140367000317], [121.1308699880002, 30.599758205000057], [121.12134850400037, 30.593003648000092], [121.10238691500024, 30.589056708000044], [121.04740039100011, 30.582757028000174], [121.02022566300036, 30.571071146000122], [120.99814597000011, 30.55792418700031], [120.97775867700034, 30.543317594000087], [120.94889073600041, 30.506815232000235], [120.93165123800009, 30.473049221000167], [120.92880293100006, 30.4530703800001], [120.93238366000014, 30.439398505000156], [120.93848717500032, 30.43073151200008], [120.93954511800007, 30.4219424500003], [120.92880293100006, 30.40810781500022], [120.92164147200015, 30.405218817000275], [120.90170332100024, 30.403550523000263], [120.89478600400003, 30.40127187700017], [120.90455162900025, 30.3886172550001], [120.90902754000012, 30.38442617400017], [120.91513105600029, 30.380764064999937], [120.91513105600029, 30.374579169000185], [120.90072675900035, 30.373602606000247], [120.88819420700042, 30.368557033000172], [120.85058016300025, 30.33021752800005], [120.83179130300027, 30.305250446000173], [120.81073172600031, 30.296567702000118], [120.7874331950004, 30.29362528200022], [120.76961920800022, 30.306027723000113], [120.75398941000037, 30.32706166400027], [120.74496302100022, 30.35961442900009], [120.7271188550003, 30.37584626100022], [120.69814822600017, 30.39395061900018], [120.66700167800025, 30.401499973000057], [120.6191929710003, 30.40609599300018], [120.4791449320004, 30.40352366100018], [120.43031537900026, 30.389840062000133], [120.41602459900037, 30.367709702000127], [120.40723189700043, 30.35423589700025], [120.3974822390004, 30.321579641000085], [120.38883165800041, 30.290844994000224], [120.37896691200046, 30.273523748000173], [120.3645548410002, 30.26863725700008], [120.3422755470001, 30.274246356000106], [120.31625410200013, 30.290920315000108], [120.28516686300031, 30.29881419500009], [120.2579044930003, 30.298081773000092], [120.23977767200017, 30.28888044900009], [120.19576726000037, 30.232888446000118], [120.14709443300012, 30.198890965000317], [120.17896569100037, 30.200669664000316], [120.19996178500014, 30.21784088700025], [120.2302429900003, 30.236035389000165], [120.25001061300031, 30.270086981000134], [120.27438713500021, 30.277618205000124], [120.29552252500014, 30.278726003000145], [120.31456869600049, 30.263511069000174], [120.33136769600026, 30.249238020000178], [120.35033783500035, 30.240734061000126], [120.368120847, 30.2408511550002], [120.38472004300013, 30.249588166000024], [120.3950301440002, 30.264715887000193], [120.40463300900035, 30.279933986000174], [120.42095557900029, 30.305419965000283], [120.45049431400037, 30.368860059000156], [120.47713307700019, 30.3747544000002], [120.52490840700011, 30.377872730000092], [120.62160579500028, 30.372562878000053], [120.65167061600005, 30.359270455000058], [120.65734748100056, 30.33629404600015], [120.68494114100031, 30.27178091900015], [120.69868588700035, 30.251796329000058], [120.72551766500032, 30.242635629000063], [120.73440116100028, 30.232213143000138], [120.69135211000025, 30.19745101899997], [120.66595566100011, 30.16624150000007], [120.64381338500016, 30.145872987000303], [120.63010994900037, 30.13497216400009], [120.63178902200013, 30.12238774200017], [120.6533233580003, 30.102544600000044], [120.68246504000035, 30.084906317000218], [120.70101972700036, 30.080755927000155], [120.72339928500037, 30.07973867400011], [120.75497480600029, 30.086859442000048], [120.76498457100035, 30.086615302000098], [120.77198326900043, 30.083197333000214], [120.78402754000035, 30.07168203300006], [120.79224694100026, 30.06606679900017], [120.7837020190002, 30.089300848000107], [120.76465905000032, 30.096625067000105], [120.71412194100014, 30.09332916900007], [120.6879988940002, 30.097805080000114], [120.66456139400032, 30.109605209999984], [120.64625084700026, 30.12693919500009], [120.66285241000026, 30.14118073100019], [120.70104639800036, 30.1845520560002], [120.75142508700037, 30.225625953000076], [120.81348715800004, 30.213253156000178], [120.82862042500028, 30.18499012900014], [120.85321522200002, 30.174436014000264], [120.89281215100004, 30.16979639900012], [120.92350395900041, 30.185866239000177], [120.9541935560004, 30.19196198100002], [120.96021569100037, 30.19578685100015], [120.99439537900025, 30.211086330000114], [121.10914147200015, 30.28278229400013], [121.12877910600014, 30.30162684000004], [121.14969672600023, 30.32575333000017], [121.18538938300037, 30.33756379800019], [121.25410242800012, 30.34839323400007], [121.31321751800022, 30.3381917480001], [121.3773841470005, 30.325063579000187], [121.42959194500042, 30.292976266000153], [121.50684671500028, 30.220026009000208], [121.55459636900014, 30.16089136600027], [121.58703420200038, 30.11151193900031], [121.62332169700039, 30.059874673000138], [121.64319368800011, 30.03649266800022], [121.6583055560003, 30.018388939000204], [121.67775592200042, 30.00064095200014], [121.70676302900029, 29.98510912500018], [121.73234373800028, 29.978602543000193], [121.72193444100026, 29.960516669000185], [121.73224787500044, 29.962060135000172], [121.75011008200056, 29.972505187000195], [121.76748188600027, 29.973176554999952], [121.79664147200026, 29.963039455], [121.81642969700033, 29.951481368000202], [121.84981429900017, 29.940380340000047], [121.87323052700026, 29.932336897000198], [121.89925264600049, 29.92313947300005], [121.91487649700025, 29.91869584300008], [121.93555748800031, 29.887355861000117], [121.94959078100032, 29.886934479000274], [121.96241295700042, 29.888495184000135], [121.98170006600026, 29.890285549000055], [122.05624433700052, 29.887355861000117], [122.06763756600037, 29.889553127000227], [122.08668053500048, 29.899359442000048], [122.1058865470003, 29.906953422000072], [122.1291433020001, 29.90377650200014], [122.13641456400012, 29.88453500100013], [122.11475531500025, 29.871553919000064], [122.06861412900025, 29.85154857000009], [122.02816816500024, 29.8360049500003], [121.98303901000043, 29.82317576300028], [121.96604681100018, 29.81124658200008], [121.93677819100037, 29.79169342700027], [121.92441021800028, 29.773473243000126], [121.90217086500024, 29.7525394930002], [121.88532463900026, 29.761283764000098], [121.87314894400015, 29.75382846600013], [121.86610718400016, 29.736565399000085], [121.86244825200049, 29.708002120999993], [121.83459789300014, 29.687086355000133], [121.77646532300025, 29.65262473600029], [121.71772654500012, 29.58865351100019], [121.70411217500043, 29.57200755400021], [121.68734785200013, 29.56264883000017], [121.66700280000032, 29.55658600500027], [121.64820397200026, 29.556708075000245], [121.6358983810004, 29.55435098200013], [121.62387129000012, 29.55442942900015], [121.60914147200026, 29.545721747000186], [121.59253991000014, 29.54360586100023], [121.57431074300007, 29.552150783000116], [121.53082229500001, 29.510014922000153], [121.52255000100035, 29.51292168800012], [121.52011920600023, 29.52806167900019], [121.51683591600045, 29.546090835000143], [121.51104346500006, 29.5489883260002], [121.49927819100003, 29.549261786000272], [121.48438561300009, 29.54466380400015], [121.47543379000024, 29.53876373899999], [121.46786543100029, 29.531195380000042], [121.45834394600001, 29.525213934000192], [121.4433699880002, 29.524237372000073], [121.4433699880002, 29.518011786000102], [121.44825280000032, 29.514105536000216], [121.45701871400036, 29.500870888000293], [121.45532372600042, 29.489355303000195], [121.44115978900027, 29.48152637200019], [121.42783560400028, 29.467946956000162], [121.44271132200026, 29.439767174000053], [121.4425928940002, 29.415369252000175], [121.46507415900044, 29.42088645200016], [121.47346109500018, 29.448933444000147], [121.47974694100026, 29.474758205], [121.50489342500032, 29.48383209800022], [121.50009199300041, 29.475897528000246], [121.49179121200018, 29.45595937700017], [121.5136824880002, 29.451971747000073], [121.51172936300031, 29.43756745000013], [121.4971623060004, 29.422186591000184], [121.48096764400032, 29.41498444200016], [121.47763105600029, 29.41274648600006], [121.47665449300007, 29.407782294000185], [121.47885175900035, 29.402899481000247], [121.48486407400014, 29.390540112000167], [121.49731378400031, 29.393352530000186], [121.50892998500035, 29.398349478000057], [121.519709767, 29.4069749490003], [121.53132511900037, 29.417036778000124], [121.53797279100013, 29.42422422300018], [121.54879612300022, 29.438601128000187], [121.55380850900042, 29.450117227000135], [121.55965554800014, 29.463073242000178], [121.56964134800012, 29.474573824000117], [121.58125579200032, 29.478139107000175], [121.6019944520001, 29.483113264000053], [121.64267244900043, 29.495218252000313], [121.67554772200015, 29.510484117000146], [121.67430000100023, 29.520331513000087], [121.68175557900031, 29.523910369000248], [121.69979902400041, 29.53432851800011], [121.71094811300043, 29.538641669000015], [121.7246199880002, 29.538478908000172], [121.72535241000014, 29.535467840999956], [121.72535241000014, 29.52903880400015], [121.72657311300043, 29.522284247000186], [121.73129316500012, 29.518011786000102], [121.73764082100024, 29.518988348000278], [121.74586022200026, 29.523098049000225], [121.76399931200035, 29.5307614350001], [121.76646070200013, 29.520648665000067], [121.75722263800037, 29.499048921000224], [121.76128901000016, 29.486046644000112], [121.76456720800036, 29.47665015400014], [121.77838131000021, 29.46942307800009], [121.79032644300014, 29.475795453000046], [121.81198839800038, 29.49011847600019], [121.82132673000024, 29.51459860700004], [121.83057701900054, 29.528062242000146], [121.84742272200015, 29.524237372000073], [121.84481855600018, 29.53620026200008], [121.8365177740003, 29.54238515800006], [121.82553144600024, 29.546372789000202], [121.8139754570002, 29.552150783000116], [121.7998153000002, 29.54559967700004], [121.78272545700042, 29.543443101000094], [121.76571699300018, 29.545721747000186], [121.75827350300017, 29.548098642000127], [121.74496504000047, 29.54466380400015], [121.74842207900019, 29.562566943000036], [121.77432204500019, 29.575436248000187], [121.79612041300027, 29.600591156000178], [121.81836998800009, 29.6066348330001], [121.8345277200001, 29.61557007200014], [121.85401451900032, 29.615912177000155], [121.86793053500014, 29.627264716000184], [121.88013756600037, 29.623521226000094], [121.89964357200029, 29.627526790000047], [121.91578209700026, 29.640855210000268], [121.9272567070002, 29.63446686400016], [121.94263756600014, 29.611273505000042], [121.9536238940002, 29.606146552000098], [121.96631920700054, 29.60248444200016], [121.9712020190002, 29.593329169000185], [121.97095787900025, 29.568915106000134], [121.96371504000024, 29.56020742400011], [121.9497176440002, 29.556341864000046], [121.94117272200026, 29.55117422100011], [121.94979902400019, 29.538478908000172], [121.92212975400025, 29.53115469000005], [121.91041100400037, 29.52456289300028], [121.91236412900037, 29.514308986000174], [121.92221113400024, 29.50922272300005], [121.93555748800031, 29.50438060100015], [121.94410241000037, 29.49770742400017], [121.93995201900043, 29.487005927000155], [121.94271894600013, 29.47972239800015], [121.97095787900025, 29.44912344000005], [121.9693302740003, 29.43915436400016], [121.96322675900024, 29.431952216000184], [121.95777428500014, 29.42308177300015], [121.95728600400025, 29.408148505000042], [121.94752037900025, 29.4210879580001], [121.93628991000037, 29.42772044500009], [121.93005624400041, 29.425314776999983], [121.92255563600054, 29.41814638500017], [121.92910204500026, 29.408735091000267], [121.92157721900026, 29.398634371000128], [121.91572936400041, 29.390703566000184], [121.92144327000028, 29.381303450000303], [121.91634801900034, 29.363294053000118], [121.91624575700041, 29.34893666100021], [121.92701256600026, 29.338609117000317], [121.92945397200037, 29.33926015800006], [121.93148847700013, 29.33120351800011], [121.93140709700015, 29.32387929900011], [121.92505944100026, 29.319077867000203], [121.90894616000014, 29.318793036000216], [121.9116317070002, 29.315008856000077], [121.91578209700026, 29.305121161000272], [121.90048261800041, 29.298651434000078], [121.90585371200041, 29.284613348000107], [121.92221113400024, 29.270493882000153], [121.93995201900043, 29.264146226000037], [121.94955488400024, 29.267279364000103], [121.96265709700037, 29.28143952000005], [121.97437584700037, 29.284613348000107], [121.97559655000009, 29.280951239000217], [121.9858504570002, 29.263332424000055], [121.99146569100014, 29.257310289000145], [121.96656334700049, 29.255764065000108], [121.95321699300018, 29.24966054900011], [121.95069420700031, 29.237127997000186], [121.95728600400025, 29.2163760440003], [121.9429630870003, 29.22321198100019], [121.93970787900014, 29.210109768000166], [121.93995201900043, 29.204291083000214], [121.9429630870003, 29.195868231000134], [121.92212975400025, 29.19578685100015], [121.89380944100014, 29.187079169000185], [121.84058678500026, 29.161118882000096], [121.81255120300011, 29.161484647000066], [121.78534674400032, 29.168085488000088], [121.78803572600043, 29.201943107999966], [121.7897703670003, 29.21562526300005], [121.79490121800018, 29.243704718000174], [121.79586869200011, 29.266036602000156], [121.80182094300051, 29.292667717000143], [121.79965254000024, 29.305121161000272], [121.80868574300041, 29.311753648000035], [121.81836998800009, 29.316229559000078], [121.82886803500014, 29.318548895000163], [121.84058678500026, 29.318793036000216], [121.83065839900053, 29.33388906500022], [121.81698652400019, 29.332180080000114], [121.80494225400037, 29.323716539000145], [121.79965254000024, 29.318793036000216], [121.78817793100018, 29.328558661000045], [121.78793379000012, 29.342596747000186], [121.79965254000024, 29.373968816999934], [121.78663170700031, 29.374497789000202], [121.7758895190002, 29.37262604400013], [121.76685631600014, 29.36774323100019], [121.75863691500024, 29.359767971000224], [121.77084394600024, 29.337795315000108], [121.777880546, 29.296383845000094], [121.77431375900039, 29.253887369000267], [121.75863691500024, 29.22939687700017], [121.7456974620003, 29.201605536000102], [121.73878014400032, 29.195868231000134], [121.72432815900049, 29.18203484800017], [121.70446018300038, 29.174182362000067], [121.67059743200036, 29.175747914000112], [121.65245779600014, 29.183020241000065], [121.64193769600013, 29.202093817000105], [121.63917076900043, 29.217271226000094], [121.64161217500009, 29.267564195000148], [121.64576256600003, 29.2811953800001], [121.65455162900025, 29.299994208000157], [121.64039147200026, 29.30662669500032], [121.62484785200047, 29.30145905200004], [121.62891686300043, 29.284613348000107], [121.62289472700024, 29.264105536000045], [121.63233483200042, 29.210638739000103], [121.62891686300043, 29.18842194200016], [121.61475670700031, 29.206000067000218], [121.60645592500043, 29.22736237199996], [121.58871504000024, 29.291489975999923], [121.58399498800031, 29.29987213700008], [121.57431074300007, 29.305121161000272], [121.56308027400019, 29.30418528900009], [121.5620223320002, 29.295843817000218], [121.56723066500012, 29.28530508000017], [121.57431074300007, 29.27777741100016], [121.56275475400025, 29.271877346000053], [121.55054772200026, 29.27142975500027], [121.5258895190002, 29.27777741100016], [121.5258895190002, 29.27098216400009], [121.53638756600026, 29.258286851000094], [121.53052819100037, 29.238226630000042], [121.51693769600024, 29.219061591000184], [121.50489342500032, 29.20892975499993], [121.50489342500032, 29.202093817000105], [121.51172936300031, 29.189276434000192], [121.5035099620003, 29.17894114800015], [121.49097741000026, 29.17597077000005], [121.48438561300009, 29.185288804000095], [121.48023522200015, 29.197211005000042], [121.47120201900032, 29.1913516300001], [121.46151777400019, 29.176459052000155], [121.45639082100035, 29.161118882000096], [121.43140709700015, 29.17218659100024], [121.41976972700024, 29.171454169000185], [121.40853925900024, 29.161118882000096], [121.4433699880002, 29.14740631700016], [121.43930097700013, 29.145453192000105], [121.43848717500009, 29.144842840999956], [121.4380802740003, 29.143866278000075], [121.43604576900043, 29.140611070000205], [121.45639082100035, 29.140611070000205], [121.45639082100035, 29.13377513200004], [121.44149824300041, 29.131089585000154], [121.42831464900019, 29.12714264500005], [121.41537519600035, 29.119696356000077], [121.40170332100001, 29.106512762000136], [121.49683678500037, 29.104437567000105], [121.52865644600024, 29.115057684000135], [121.62142988400024, 29.113267320000148], [121.62452233200054, 29.104396877000113], [121.62460371200052, 29.088283596000167], [121.62142988400024, 29.070868231000077], [121.61475670700031, 29.058050848000164], [121.5992130870003, 29.050238348000164], [121.58505293100029, 29.053615627000056], [121.57113691500012, 29.060858466000298], [121.55640709700015, 29.06488678600016], [121.53687584700015, 29.06118398600023], [121.53028405000032, 29.051174221000053], [121.53207441500024, 29.02049388200004], [121.53809655000032, 29.018052476000207], [121.54859459700015, 29.0214297550001], [121.55274498800031, 29.02871328300006], [121.5395613940002, 29.037583726000094], [121.55738366000048, 29.049017645000106], [121.61744225400037, 29.039984442000105], [121.64193769600013, 29.051255601000037], [121.6817326180003, 29.026760158000172], [121.68978925900035, 29.017075914000202], [121.67587324300018, 29.01325104400013], [121.66171308700041, 29.00291575700021], [121.6538192070002, 28.988592841000127], [121.65943444100037, 28.972723700000245], [121.66382897200026, 28.969916083000044], [121.66895592500032, 28.968980210000154], [121.68018639400043, 28.96930573100019], [121.6846623060004, 28.967515367000203], [121.68417402400053, 28.963446356000247], [121.68287194100026, 28.958889065000164], [121.68417402400053, 28.955633856000247], [121.69214928500037, 28.953355210000154], [121.7094832690002, 28.951157945000148], [121.71778405000032, 28.94879791900013], [121.69752037900037, 28.93683502800019], [121.68946373800031, 28.927801825000188], [121.68417402400053, 28.91469961100023], [121.62850996200041, 28.931952216000127], [121.60531660200013, 28.942572333000157], [121.58741295700042, 28.96312083500004], [121.58529707100024, 28.938299872000073], [121.57081139400032, 28.930080471000053], [121.55429121200018, 28.93569570500017], [121.54647871200018, 28.952215887000136], [121.5371199880002, 28.9550235050001], [121.51685631600026, 28.956366278000075], [121.49781334700015, 28.94965241099993], [121.49179121200018, 28.928371486000174], [121.50489342500032, 28.93520742400017], [121.50766035200013, 28.924994208000157], [121.5118107430003, 28.916937567000105], [121.51767011800007, 28.91278717700027], [121.5258895190002, 28.91469961100023], [121.53516686300031, 28.903713283000172], [121.54981530000043, 28.89785390800023], [121.56617272200026, 28.89337799700013], [121.5805770190002, 28.886786200000188], [121.59034264400043, 28.891913153000075], [121.6016544930003, 28.89362213700025], [121.6108504570002, 28.891180731000077], [121.61695397200049, 28.880275783000172], [121.62671959700015, 28.88084544500026], [121.62891686300043, 28.877142645000106], [121.62777754000012, 28.87083567900015], [121.6226505870003, 28.861273505000156], [121.62142988400024, 28.856350002000227], [121.6235457690002, 28.842271226000094], [121.62826582100035, 28.84125397300022], [121.63502037900003, 28.845200914000202], [121.64193769600013, 28.84585195500017], [121.65650475400025, 28.83803945500017], [121.66236412900025, 28.83344147300005], [121.66993248800043, 28.82534414300011], [121.6538192070002, 28.811957098000107], [121.64673912900014, 28.807684637000193], [121.63575280000032, 28.804836330000114], [121.63575280000032, 28.798041083000044], [121.6626082690002, 28.798041083000044], [121.6626082690002, 28.790594794000242], [121.65113366000037, 28.78790924699996], [121.64258873800031, 28.784002997000073], [121.63550866000014, 28.778509833000157], [121.62891686300043, 28.770697333000157], [121.62623131600026, 28.768052476000264], [121.62232506600026, 28.76552969000005], [121.6182560560004, 28.761948960000268], [121.61475670700031, 28.756415106000134], [121.6197208990003, 28.748277085000154], [121.62240644600024, 28.741888739000217], [121.62142988400024, 28.7359072940003], [121.60556074300041, 28.724676825000188], [121.50277754000012, 28.700384833000044], [121.35116621200018, 28.711859442000048], [121.33423912900003, 28.717027085000154], [121.32016035200036, 28.724839585000154], [121.30616295700031, 28.7359072940003], [121.2984318370003, 28.74363841400026], [121.29493248800043, 28.748114325000188], [121.29029381600026, 28.751613674000055], [121.27890058700041, 28.756415106000134], [121.26889082100035, 28.758286851000037], [121.24642988400024, 28.760077216000298], [121.23788496200041, 28.763861395000106], [121.23471113400035, 28.769964911000102], [121.22738691500035, 28.791408596000053], [121.22437584700026, 28.798041083000044], [121.21444746200018, 28.80731842700027], [121.20801842500043, 28.80955638200004], [121.20101972700024, 28.809515692000048], [121.19003339900019, 28.811672268000166], [121.17359459700037, 28.817857164000145], [121.16285241000037, 28.82534414300011], [121.1577254570002, 28.831488348000164], [121.1557723320002, 28.83755117400017], [121.15211022200026, 28.842515367000317], [121.14234459700026, 28.84585195500017], [121.14234459700026, 28.83958567900021], [121.15967858200031, 28.813544012000136], [121.1718856130002, 28.80695221600007], [121.1934513680003, 28.804836330000114], [121.2060653000002, 28.799058335000154], [121.21827233200031, 28.78579336100006], [121.22738691500035, 28.77073802300015], [121.23121178500026, 28.76015859600028], [121.24081464900041, 28.7527529970003], [121.28589928500014, 28.738267320000148], [121.29932701900032, 28.722886460000097], [121.29867597700024, 28.701239325000188], [121.28646894600035, 28.69269440300019], [121.27035566500024, 28.6874453800001], [121.2583927740003, 28.67511627799996], [121.32764733200042, 28.692043361000117], [121.36500084700026, 28.696030992000317], [121.38135826900032, 28.681952216000184], [121.41382897200026, 28.696600653000075], [121.45484459700026, 28.68952057500013], [121.49000084700037, 28.66571686400016], [121.51012813400041, 28.657059309000317], [121.52555624000024, 28.624654651000185], [121.53036950800026, 28.599478875999978], [121.53843327400023, 28.57144557700019], [121.54943924500026, 28.551010215000076], [121.57315982200043, 28.525133728000185], [121.58161920600014, 28.5046902590002], [121.5508732430003, 28.502142645000106], [121.53492272200037, 28.503404039000202], [121.5210067070002, 28.50104401200025], [121.51156660200024, 28.489488023000035], [121.52125084700015, 28.490708726000037], [121.54492634100029, 28.49247389800007], [121.5846011040004, 28.489102413000296], [121.60774270100012, 28.477202856000076], [121.60036092900043, 28.465425109000194], [121.58443942800034, 28.454214643000057], [121.58377693300031, 28.44294618400022], [121.59287430900031, 28.431106205000106], [121.60746340000037, 28.420318753000174], [121.61588832000041, 28.397214387000076], [121.63226304600028, 28.379445683000142], [121.62852500900033, 28.363901837000128], [121.63153166500035, 28.355842956000117], [121.63404381600026, 28.34723541900013], [121.64087975400037, 28.349676825000188], [121.64771569100026, 28.34845612199996], [121.65634199300041, 28.339300848000278], [121.64169355600018, 28.32184479400013], [121.62134850400025, 28.285101630000042], [121.6079207690002, 28.270453192000218], [121.58554121200018, 28.256822007000267], [121.5781356130002, 28.260321356000134], [121.5805770190002, 28.300848700000188], [121.56748856100012, 28.304495006999957], [121.54149122500041, 28.321786815000223], [121.52196069100023, 28.326868963000265], [121.49998648600013, 28.332673020000072], [121.47308608900016, 28.330602852000197], [121.45639082100035, 28.318833726000037], [121.44776451900054, 28.315904039000202], [121.44125410200036, 28.31171295800027], [121.43726647200037, 28.305609442000275], [121.43604576900043, 28.29710521000004], [121.4297794930003, 28.29710521000004], [121.42066491000014, 28.30418528900026], [121.40894616000026, 28.30491771000004], [121.39893639400054, 28.29848867400011], [121.39551842500043, 28.28408437700017], [121.4013778000002, 28.276109117000203], [121.41146894600024, 28.273911851000094], [121.41879316500035, 28.269720770000163], [121.4160262380002, 28.256170966000127], [121.40805097700013, 28.24628327000022], [121.39893639400054, 28.24384186400016], [121.38803144600024, 28.24266185100015], [121.3745223320002, 28.236273505000042], [121.3648380870003, 28.22581614800015], [121.36109459700015, 28.214748440000108], [121.3588973320002, 28.202215887000307], [121.35401451900043, 28.187892971000224], [121.36866295700042, 28.19204336100006], [121.3745223320002, 28.195257880000042], [121.37671959700037, 28.184149481000077], [121.37403405000032, 28.17259349200026], [121.36817467500032, 28.16201406500022], [121.3608504570002, 28.153753973000107], [121.35141035200013, 28.146551825000188], [121.34579511800018, 28.145168361000117], [121.34009850400037, 28.146429755000042], [121.33008873800009, 28.147528387000136], [121.3261824880002, 28.151800848000278], [121.30933678500037, 28.174872137000023], [121.29721113400012, 28.176459052000155], [121.28785241000026, 28.180894273000035], [121.27518434200033, 28.208199163000074], [121.26169450400027, 28.225790679000227], [121.22516539300034, 28.238862571000197], [121.24887129000024, 28.27020905200027], [121.23682701900032, 28.30609772300005], [121.20313561300031, 28.331854559000305], [121.21029707100013, 28.34373607000026], [121.21753991000014, 28.352362372000073], [121.23047936300043, 28.34808991100016], [121.2441512380002, 28.349107164000202], [121.25619550900012, 28.355169989000103], [121.26465905000043, 28.366034247000186], [121.2309676440002, 28.359076239000217], [121.21412194100003, 28.360581773000263], [121.1840926440002, 28.38214752799996], [121.1689559250002, 28.384833075000245], [121.16163170700031, 28.377508856000247], [121.1689559250002, 28.359767971000053], [121.14429772200037, 28.343573309000192], [121.13025003800021, 28.305554447000077], [121.0884708990003, 28.293198960000154], [121.07211347700024, 28.29169342700021], [121.06666100400025, 28.311428127000056], [121.0590926440002, 28.311428127000056], [121.03492272200037, 28.308172919000185], [121.02499433700018, 28.304592190000108], [121.03956139400032, 28.285345770000163], [121.0581160820002, 28.27993398600023], [121.07894941500012, 28.278143622000243], [121.12180321300025, 28.284362236000163], [121.1300952720004, 28.265928751000047], [121.12475305600015, 28.235520137000037], [121.11946677900039, 28.218936170000234], [121.10894349800037, 28.199610238000275], [121.10052737800015, 28.184894263000274], [121.08583632600016, 28.166503859000272], [121.05338456700053, 28.14816311700008], [121.03137613800038, 28.126106653000136], [121.00937821800028, 28.10313263500018], [121.00201713000001, 28.085642366000116], [121.0008855030004, 28.050635666000176], [120.99351229800027, 28.025779091000118], [120.98093608400029, 28.00553697200013], [120.96522777500024, 27.98714491700008], [120.9213973320002, 27.98167552300015], [120.89844811300009, 27.992661851000207], [120.87997480600006, 27.99872467700021], [120.85580488400024, 27.99673086100006], [120.81959069100014, 27.989243882000096], [120.80079186300009, 27.993394273000035], [120.78109785200013, 28.002386786000045], [120.76270592500009, 28.014308986000287], [120.7475692070002, 28.027085679000038], [120.7310490240003, 28.035834052000098], [120.70753014400054, 28.041205145000163], [120.66195722700013, 28.0445010440003], [120.62094160200013, 28.03994375200017], [120.60604902400041, 28.042222398000035], [120.59017988400024, 28.054388739000103], [120.58497155000032, 28.095526434000078], [120.57699629000035, 28.115627346000053], [120.55958092500009, 28.112779039000202], [120.57447350400037, 28.100002346000053], [120.58017011800041, 28.089789130000042], [120.58008873800043, 28.04612864800015], [120.58204186300043, 28.034328518000052], [120.58895918100029, 28.02667877800019], [120.60425866000026, 28.023993231000134], [120.65894616000014, 28.023993231000134], [120.67359459700026, 28.021714585000097], [120.70728600400003, 28.009711005000042], [120.73853600400037, 27.98309967700004], [120.75058027400019, 27.975572007000153], [120.83529707100013, 27.955959377000113], [120.84725996200041, 27.948960679000095], [120.85425866000014, 27.934637762000136], [120.86376174800012, 27.91810565600025], [120.86261188600031, 27.90287435200014], [120.86836368100012, 27.88255923300011], [120.85227198200016, 27.858191886000043], [120.82700426300016, 27.84904925199993], [120.8074862560004, 27.834826693000082], [120.79601825800012, 27.805369744000075], [120.76963001400043, 27.772849369000255], [120.74096005100012, 27.73320273300027], [120.72261449600012, 27.715909536000197], [120.70425489400043, 27.712838551000175], [120.68726647200026, 27.726711330000057], [120.65267988400024, 27.753241278000303], [120.6352645190002, 27.76333242400017], [120.63672936300043, 27.745835679000095], [120.64527428500026, 27.734279690000108], [120.6724552740003, 27.711493231000077], [120.67359459700026, 27.704250393000166], [120.68018054900017, 27.686379299000123], [120.66986121200023, 27.677213023000036], [120.66757717300015, 27.668060199000138], [120.67310631600014, 27.659613348000164], [120.67562910200013, 27.65965403900009], [120.66648375600016, 27.625357910000048], [120.63559004000024, 27.608710028000132], [120.61833143800004, 27.59372542600005], [120.6068742470004, 27.581487783000114], [120.59657442500031, 27.57028277800015], [120.60578497500035, 27.549958836000258], [120.6138485280004, 27.529633207000074], [120.61845908400016, 27.516421151999964], [120.63338728600002, 27.507312262000198], [120.65211022200037, 27.503363347999937], [120.66195722700013, 27.50324127799996], [120.67684980600006, 27.49461497600015], [120.68197675900035, 27.48159414300028], [120.67807050900024, 27.466457424000282], [120.66561933700018, 27.451727606000077], [120.65601647200037, 27.446275132000153], [120.65048261800018, 27.446112372000186], [120.64649498800009, 27.444484768000166], [120.63770592500032, 27.424302476000037], [120.63624108200042, 27.41600169500026], [120.63941491000014, 27.408270575000245], [120.64893639400032, 27.400213934000192], [120.63941491000014, 27.384426174000055], [120.6352645190002, 27.37970612200013], [120.62256920700031, 27.380357164000202], [120.55958092500009, 27.402085679000095], [120.54590905000032, 27.403265692000105], [120.5449324880002, 27.385199286000102], [120.53964277400019, 27.365220445000205], [120.52735436300031, 27.349798895000163], [120.50489342500032, 27.344956773000092], [120.50489342500032, 27.338771877000113], [120.5171818370003, 27.337225653000075], [120.5341903000002, 27.333197333000044], [120.54745527400019, 27.32758209800022], [120.5493270190002, 27.321030992000146], [120.54615319100014, 27.315497137000307], [120.54525800900035, 27.30849844000005], [120.54590905000032, 27.294012762000193], [120.54395592500032, 27.285956122000073], [120.53939863400024, 27.281887111000287], [120.53467858200031, 27.279608466000127], [120.53158613400024, 27.27667877800019], [120.5259708990003, 27.2726504580001], [120.52149498800031, 27.268296617000203], [120.51783287900037, 27.263006903000075], [120.52003014400054, 27.26170482000026], [120.52271569100003, 27.253810940000108], [120.5259708990003, 27.238836981000077], [120.5210067070002, 27.229559637000193], [120.51205488400001, 27.223618882000096], [120.50814863400012, 27.216009833000157], [120.51783287900037, 27.20160553600016], [120.49903405000032, 27.1972110050001], [120.4814559250002, 27.186346747000186], [120.4683537120003, 27.182196356000077], [120.46338951900054, 27.19790273600023], [120.45972741000026, 27.220445054000038], [120.45028730600029, 27.22329336100006], [120.43702233200031, 27.219468492000203], [120.42172285200013, 27.22207265800006], [120.41871178500026, 27.20966217700021], [120.41920006600026, 27.206366278000075], [120.42042076900032, 27.19790273600023], [120.42920983200031, 27.17365143400025], [120.40674889400032, 27.184230861000287], [120.37623131600003, 27.236273505000042], [120.34725996200052, 27.249416408000116], [120.33326256600037, 27.247300523000092], [120.31788170700042, 27.243231512000136], [120.30307050900024, 27.24225495000013], [120.29200280000032, 27.249416408000116], [120.28809655000043, 27.26447174700013], [120.29525800900024, 27.27627187700017], [120.30762780000043, 27.284816799000225], [120.3193465500002, 27.290350653000132], [120.31112714900019, 27.293890692000218], [120.31006920700042, 27.29531484600028], [120.31031334700037, 27.294175523000206], [120.30640709700049, 27.290350653000132], [120.29883873800031, 27.297796942000105], [120.30575605600029, 27.300604559000135], [120.30909264400032, 27.303941148000092], [120.31185957100024, 27.31769440300019], [120.29151451900032, 27.30890534100024], [120.28516686300031, 27.304022528000075], [120.28077233200031, 27.311753648000092], [120.27613366000037, 27.31671784100024], [120.26400800900012, 27.324448960000154], [120.2657169930003, 27.316351630000042], [120.26596113400035, 27.31191640800006], [120.2671004570002, 27.308579820000205], [120.2714949880002, 27.304022528000075], [120.25855553500014, 27.299994208000214], [120.24830162900025, 27.303534247000073], [120.23788496200018, 27.30914948100019], [120.22372480600029, 27.311468817000048], [120.22730553500037, 27.303941148000092], [120.23072350400014, 27.298325914000202], [120.23560631600037, 27.294012762000193], [120.2436629570002, 27.290350653000132], [120.2436629570002, 27.283514716000184], [120.22567793100018, 27.268622137000136], [120.21924889400054, 27.27094147300005], [120.21298261800041, 27.283026434000135], [120.1958113940002, 27.297796942000105], [120.19214928500014, 27.287665106000077], [120.19312584700026, 27.27806224200009], [120.19556725400025, 27.26976146000021], [120.1958113940002, 27.263006903000075], [120.19141686300043, 27.256048895000276], [120.17530358200031, 27.238836981000077], [120.17554772200026, 27.228949286000045], [120.17750084700015, 27.221502997000073], [120.18238366000048, 27.21686432500013], [120.1923934250002, 27.215277411000102], [120.20191491000037, 27.217840887000307], [120.20541425900024, 27.223863023000092], [120.2066349620003, 27.23045482000009], [120.20948326900032, 27.235093492000203], [120.23934980600029, 27.251125393000223], [120.25660241000014, 27.25690338700008], [120.26400800900012, 27.252834377000227], [120.2700301440002, 27.2394473330001], [120.29761803500014, 27.226792710000154], [120.30640709700049, 27.215277411000102], [120.31910241000026, 27.225897528000132], [120.33358808700018, 27.235093492000203], [120.33358808700018, 27.228908596000053], [120.33985436300031, 27.228908596000053], [120.3413192070002, 27.233058986000287], [120.34278405000032, 27.23582591400026], [120.34725996200052, 27.242580471000167], [120.36483808700018, 27.22508372600015], [120.36548912900003, 27.209621486000117], [120.34725996200052, 27.180487372000073], [120.36988366000026, 27.187486070000205], [120.38624108200031, 27.179510809000192], [120.40186608200031, 27.1652285830001], [120.42172285200013, 27.153143622000186], [120.42172285200013, 27.146958726000037], [120.40658613400001, 27.146429755000042], [120.38461347700013, 27.14984772300005], [120.37387129000035, 27.146958726000037], [120.40796959700037, 27.139553127000056], [120.40796959700037, 27.132717190000108], [120.38135826900043, 27.12523021000004], [120.37387129000035, 27.132717190000108], [120.36703535200036, 27.12523021000004], [120.38135826900043, 27.119045315000164], [120.38135826900043, 27.11225006700016], [120.37387129000035, 27.11225006700016], [120.37387129000035, 27.10602448100019], [120.3950301440002, 27.10602448100019], [120.37753339900041, 27.098578192000218], [120.35792076900032, 27.09837474200026], [120.28272545700031, 27.112290757000153], [120.2749129570002, 27.115627346000053], [120.26205488400024, 27.129950262000136], [120.25513756600026, 27.13304271000004], [120.2436629570002, 27.132717190000108], [120.24716230600029, 27.12164948100019], [120.25245201900032, 27.11395905200021], [120.2583927740003, 27.107082424000055], [120.26400800900012, 27.098578192000218], [120.2783309250002, 27.06378815299996], [120.2714949880002, 27.057562567000218], [120.25782311300031, 27.072658596000224], [120.24520918100006, 27.06533437700017], [120.23218834700026, 27.050685940000108], [120.21631920700042, 27.04393138200004], [120.21631920700042, 27.037095445000148], [120.24154707100013, 27.034002997000073], [120.25562584700026, 27.01752350500027], [120.25521894600024, 26.997056382000096], [120.23739668100006, 26.981878973000107], [120.2299910820002, 26.98932526200025], [120.21607506600026, 26.984076239000217], [120.19320722700024, 26.981350001999942], [120.14869225400025, 26.981878973000107], [120.1870223320002, 26.96352773600006], [120.19955488400024, 26.961371161000045], [120.2138778000002, 26.963812567000105], [120.22592207100013, 26.96735260600019], [120.23568769600035, 26.966376044000185], [120.2436629570002, 26.9551455750003], [120.23934980600029, 26.952337958000214], [120.23471113400012, 26.945624091000127], [120.2299910820002, 26.940904039000202], [120.23739668100006, 26.92723216400009], [120.2286076180003, 26.923000393000166], [120.22413170700031, 26.918687242000203], [120.21908613400001, 26.915432033000116], [120.20948326900032, 26.913560289000145], [120.20077558700052, 26.915432033000116], [120.16846764400032, 26.92723216400009], [120.14722741000026, 26.929022528000075], [120.12574303500026, 26.92731354400007], [120.11361738400001, 26.918768622000186], [120.12069746200018, 26.899888414000202], [120.10962975400014, 26.894354558999964], [120.10279381600014, 26.89008209800005], [120.09555097700024, 26.88727448100019], [120.08326256600003, 26.886297919000242], [120.07911217500009, 26.888373114000217], [120.07349694100037, 26.89305247600015], [120.06568444100037, 26.89785390800006], [120.0557560560004, 26.899888414000202], [120.03199303500037, 26.899888414000202], [120.0552677740003, 26.889390367000317], [120.04420006600026, 26.87669505400015], [120.02515709700037, 26.860174872000186], [120.0245060560004, 26.837876695000034], [120.0337020190002, 26.829738674000055], [120.04761803500037, 26.82322825700004], [120.06299889400032, 26.818915106000134], [120.07626386800018, 26.817368882000096], [120.08505293100029, 26.813706773000035], [120.09652754000035, 26.805894273000206], [120.11085045700054, 26.798732815000108], [120.12818444100014, 26.796942450000188], [120.11963951900032, 26.784165757000096], [120.10694420700042, 26.77179596600024], [120.09774824300018, 26.758490302000098], [120.10018964900019, 26.742905992000317], [120.11239668100029, 26.73574453300006], [120.12875410200013, 26.735052802000155], [120.14283287900025, 26.732814846000053], [120.14869225400025, 26.72117747600015], [120.1435653000002, 26.71010976800011], [120.13192793100006, 26.707220770000163], [120.11850019600024, 26.70636627800019], [120.10767662900025, 26.701320705000057], [120.1020613940002, 26.68915436400016], [120.1036076180003, 26.67527903900009], [120.11044355600029, 26.660630601000264], [120.12069746200018, 26.64606354400013], [120.1343693370003, 26.6535098330001], [120.1343693370003, 26.64606354400013], [120.09896894600001, 26.62836334800005], [120.0903426440002, 26.622219143000166], [120.08041425900001, 26.617417710000154], [120.0752059250002, 26.62148672100011], [120.07650800900012, 26.63011302300015], [120.08668053500014, 26.639227606000134], [120.07968183700018, 26.64606354400013], [120.02784264400043, 26.61530182500013], [120.01490319100026, 26.6112735050001], [119.95997155000032, 26.6112735050001], [119.94874108200031, 26.606146552000155], [119.94117272200026, 26.593329169000242], [119.9370223320002, 26.57672760600019], [119.9356388680003, 26.56045156500005], [119.8842879570002, 26.523179429000095], [119.8471785820002, 26.523627020000276], [119.83570397200015, 26.531398830000228], [119.83261152400041, 26.55048248900016], [119.83594811300031, 26.56150950700021], [119.84164472700024, 26.562404690000108], [119.84815514400043, 26.560736395000163], [119.85377037900025, 26.56411367400011], [119.85482832100001, 26.57192617400011], [119.85206139400032, 26.591009833000157], [119.85377037900025, 26.598293361000287], [119.86850019600024, 26.61005280200027], [119.88843834700015, 26.617132880000042], [119.92896569100037, 26.625637111000174], [119.9448348320002, 26.632025457999987], [119.96851647200037, 26.647935289000202], [119.98414147200015, 26.6535098330001], [119.98202558700018, 26.658148505000042], [119.97877037900014, 26.669623114000103], [119.97681725400025, 26.674017645000163], [119.98633873800043, 26.679632880000156], [120.00025475400025, 26.70770905200027], [120.01148522200026, 26.72117747600015], [120.01229902400019, 26.719061591000127], [120.01783287900025, 26.71702708500004], [120.02816816500024, 26.71499258000017], [120.0323185560004, 26.716620184000192], [120.03199303500037, 26.720404364000103], [120.03052819100014, 26.72492096600007], [120.03199303500037, 26.72858307500013], [120.07764733200031, 26.78558991100016], [120.07968183700018, 26.796942450000188], [120.06747480600029, 26.800482489000103], [120.01490319100026, 26.79002513200004], [119.94629967500043, 26.796942450000188], [119.92514082100024, 26.7921817080001], [119.92367597700036, 26.781236070000034], [119.9356388680003, 26.759019273000092], [119.92408287900037, 26.732489325000017], [119.9018660820002, 26.71010976800011], [119.88803144600001, 26.687241929000095], [119.90162194100037, 26.65973541900007], [119.87964928500026, 26.65534088700008], [119.85694420700031, 26.6535098330001], [119.85377037900025, 26.687689520000106], [119.8505965500002, 26.689520575000188], [119.8291935560004, 26.71499258000017], [119.81959069100026, 26.711371161000102], [119.80307050900035, 26.693793036000102], [119.79175866000048, 26.687689520000106], [119.79151451900043, 26.70477936400016], [119.80225670700031, 26.7667910830001], [119.81153405000032, 26.77578359600011], [119.84009850400014, 26.79002513200004], [119.82837975400003, 26.795640367000203], [119.81576582100024, 26.79759349200009], [119.80323326900032, 26.795721747000186], [119.79175866000048, 26.79002513200004], [119.7973738940002, 26.81639232000032], [119.81503339900019, 26.825628973000278], [119.83480879000012, 26.832505601000094], [119.84628339900019, 26.852199611000117], [119.8198348320002, 26.84926992400011], [119.7983504570002, 26.84137604400013], [119.78199303500026, 26.828517971000224], [119.77059980600029, 26.810532945000148], [119.76522871200041, 26.794094143000166], [119.76587975400025, 26.78400299700013], [119.76880944100026, 26.77440013200004], [119.77059980600029, 26.759019273000092], [119.76644941500024, 26.74494049700013], [119.75619550900024, 26.737738348000107], [119.74301191500047, 26.73712799699996], [119.73023522200015, 26.742905992000317], [119.73023522200015, 26.749090887000193], [119.73267662900025, 26.76341380400015], [119.72608483200031, 26.786525783000116], [119.71200605600018, 26.807928778000075], [119.6923934250002, 26.817368882000096], [119.68580162900014, 26.811997789000202], [119.68018639400032, 26.799627997000073], [119.6762801440002, 26.785874741999976], [119.67505944100037, 26.77643463700008], [119.67798912900014, 26.763128972999937], [119.68384850400025, 26.754217841000184], [119.71029707100024, 26.729885158000116], [119.72022545700054, 26.724514065000278], [119.72738691500024, 26.71792226800011], [119.73023522200015, 26.70473867400017], [119.72494550900024, 26.697821356000134], [119.71314537900037, 26.699855861000174], [119.69613691500012, 26.708197333000214], [119.68043053500014, 26.721828517999995], [119.66382897200049, 26.74054596600007], [119.64600670700031, 26.753322658000116], [119.62655683700041, 26.749090887000193], [119.62037194100026, 26.7655703800001], [119.62265058700052, 26.777167059000078], [119.62183678500014, 26.78676992400017], [119.60604902400019, 26.796942450000188], [119.5977482430003, 26.797105210000154], [119.58456464900053, 26.79462311400016], [119.57553144600024, 26.78803131700016], [119.57943769600024, 26.77643463700008], [119.57154381600026, 26.766546942000048], [119.5576278000002, 26.75877513200004], [119.55209394600035, 26.749090887000193], [119.55030358200031, 26.737209376999942], [119.55152428500037, 26.72516510600002], [119.55469811300043, 26.714829820000205], [119.55892988400035, 26.708197333000214], [119.5708113940002, 26.703273830000114], [119.58375084700015, 26.70392487200013], [119.59595787900014, 26.703314520000106], [119.60604902400019, 26.6945254580001], [119.60824629000035, 26.683539130000042], [119.6064559250002, 26.66990794500032], [119.59986412900014, 26.64606354400013], [119.56812584700015, 26.66453685100015], [119.55892988400035, 26.66657135600019], [119.5444442070002, 26.66250234599994], [119.5411076180003, 26.65631745000013], [119.5454207690002, 26.63617584800005], [119.5542098320002, 26.615179755000156], [119.59237714900053, 26.590887762000307], [119.59986412900014, 26.570379950000074], [119.60604902400019, 26.570379950000074], [119.61890709700037, 26.5878360050001], [119.63778730600029, 26.598822333000157], [119.65796959700015, 26.607652085000097], [119.67505944100037, 26.618801174000055], [119.68751061300031, 26.6112735050001], [119.70093834700015, 26.608587958000214], [119.73023522200015, 26.6112735050001], [119.72274824300018, 26.6112735050001], [119.73519941500024, 26.61196523600023], [119.74219811300043, 26.608628648000206], [119.74293053500048, 26.601752019999992], [119.7364201180003, 26.59145742400017], [119.74862714900019, 26.587958075000074], [119.77173912900003, 26.58388906500005], [119.78492272200026, 26.577826239000046], [119.7822371750002, 26.564764715999956], [119.7827254570002, 26.559637762000136], [119.78492272200026, 26.55048248900016], [119.77418053500026, 26.55951569200016], [119.77059980600029, 26.56411367400011], [119.76172936300031, 26.550726630000213], [119.76587975400025, 26.534369207999987], [119.77914472700013, 26.520697333000044], [119.79859459700015, 26.515773830000285], [119.79525800900012, 26.51162344000005], [119.79346764400032, 26.50820547099994], [119.79061933700018, 26.505194403000246], [119.78492272200026, 26.502020575000188], [119.79428144600013, 26.497137762000193], [119.80225670700031, 26.4894473330001], [119.81226647200015, 26.474798895000276], [119.81771894600024, 26.462144273000206], [119.81885826900032, 26.453192450000188], [119.81674238400012, 26.444728908000116], [119.81226647200015, 26.43378327000022], [119.80884850400025, 26.43305084800005], [119.79574629000035, 26.434271552000155], [119.79175866000048, 26.43378327000022], [119.79110761800041, 26.429917710000154], [119.79249108200031, 26.41665273600023], [119.79175866000048, 26.413316148000206], [119.7720646490003, 26.406724351000037], [119.76197350400037, 26.407456773000263], [119.75204511800041, 26.431463934000192], [119.73764082100013, 26.443670966000184], [119.71876061300009, 26.451849676999984], [119.69922936300031, 26.454901433999964], [119.68978925900001, 26.459458725999923], [119.66456139400032, 26.492132880000156], [119.65365644600024, 26.49803294500009], [119.64698326900032, 26.49404531500022], [119.64096113400001, 26.482163804000265], [119.6357528000002, 26.47943756700016], [119.62549889400032, 26.470933335000154], [119.62037194100026, 26.467962958000157], [119.60572350400025, 26.474351304000095], [119.59986412900014, 26.474798895000276], [119.57960045700031, 26.470892645000163], [119.57129967500032, 26.465725002000056], [119.56641686300031, 26.454901433999964], [119.57309004000012, 26.43781159100024], [119.59408613400024, 26.43357982000026], [119.6163029310004, 26.43740469000005], [119.62655683700041, 26.444322006999926], [119.63086998800031, 26.44871653900026], [119.63998457100013, 26.444403387000307], [119.64844811300031, 26.437445380000042], [119.65430748800043, 26.42902252799996], [119.65552819100014, 26.35561758000017], [119.66529381600037, 26.34015534100024], [119.68873131600014, 26.337591864000103], [119.68661543100029, 26.333075262000136], [119.68384850400025, 26.321682033000116], [119.68189537900003, 26.31712474200026], [119.69629967500009, 26.316839911000045], [119.73568769600024, 26.322211005000156], [119.74708092500032, 26.327622789000145], [119.74838300900024, 26.35887278900009], [119.75440514400032, 26.372056382000153], [119.77059980600029, 26.36493561399999], [119.78012129000012, 26.37498607000009], [119.78467858200031, 26.38637929900011], [119.78736412900003, 26.39740631700016], [119.79175866000048, 26.406480209999984], [119.79769941500024, 26.411322333000157], [119.82577558700041, 26.426947333000157], [119.83480879000012, 26.412095445000148], [119.84628339900019, 26.40241120000013], [119.85132897200026, 26.39280833500004], [119.84009850400014, 26.37856679900011], [119.85580488400024, 26.377630927000155], [119.88013756600037, 26.363104559000135], [119.89478600400025, 26.358710028000246], [119.90845787900037, 26.36050039300011], [119.93482506600037, 26.370550848000107], [119.94996178500037, 26.37230052299998], [119.94996178500037, 26.36493561399999], [119.8881942070002, 26.318833726000264], [119.87745201900054, 26.313381252000113], [119.85474694100003, 26.32754140800006], [119.8267521490003, 26.328355210000268], [119.80111738400024, 26.317572333000214], [119.78492272200026, 26.296616929000095], [119.79086347700013, 26.29555898600006], [119.80543053500026, 26.290432032999945], [119.79273522200026, 26.28408437700017], [119.78467858200031, 26.28709544500026], [119.77662194100026, 26.29328034100007], [119.76441491000014, 26.296616929000095], [119.75342858200031, 26.294419664000316], [119.73267662900025, 26.285060940000278], [119.71933027400019, 26.28294505400015], [119.69459069100026, 26.28294505400015], [119.67359459700015, 26.28050364800015], [119.65430748800043, 26.272406317000105], [119.63412519600035, 26.2550723330001], [119.65170332100001, 26.250067450000188], [119.66822350400025, 26.242010809000135], [119.66480553500037, 26.231634833000157], [119.66822350400025, 26.221502997000073], [119.65243574300041, 26.217596747000186], [119.63697350400014, 26.21165599200009], [119.6250106130002, 26.202948309000192], [119.62037194100026, 26.19049713700008], [119.61353600400025, 26.182196356000077], [119.60010826900043, 26.176336981000134], [119.59180748800031, 26.16640859599994], [119.59986412900014, 26.14581940300019], [119.56112714900019, 26.12498607000032], [119.53736412900025, 26.096828518000052], [119.51832116000037, 26.064886786000045], [119.49374433700018, 26.032863674000055], [119.4731551440002, 25.997137762000307], [119.45850670700031, 25.982489325000188], [119.43555748800031, 25.98135000200017], [119.43173261800041, 25.985296942000048], [119.42147871200018, 26.002386786000102], [119.41504967500032, 26.00926341400026], [119.40487714900041, 26.013861395000163], [119.38282311300043, 26.018622137000023], [119.37338300900035, 26.022284247000186], [119.34335371200018, 26.042059637000193], [119.32691491000026, 26.048041083000044], [119.27711022200037, 26.052923895000106], [119.2612410820002, 26.060532945000148], [119.23316491000014, 26.08779531500005], [119.2158309250002, 26.100083726000094], [119.20093834700015, 26.104681708000044], [119.16114342500032, 26.111639716000184], [119.15162194100014, 26.115708726000094], [119.1202091810004, 26.135931707999987], [119.1036076180003, 26.143133856000134], [119.09351647200037, 26.14581940300019], [119.09351647200037, 26.139593817000048], [119.11597741000048, 26.123195705000057], [119.13648522200015, 26.102932033000116], [119.15731855600029, 26.090765692000048], [119.18148847700024, 26.09861888200004], [119.19516035200036, 26.08759186400016], [119.2006942070002, 26.075913804000095], [119.20899498800031, 26.043402411000102], [119.2173771490003, 26.02895742400017], [119.2373153000002, 26.006252346000167], [119.24301191500012, 25.995021877000113], [119.24683678500026, 25.967230536000045], [119.25497480600029, 25.96328359599994], [119.29615319100026, 25.956976630000213], [119.32984459700049, 25.944281317000048], [119.34669030000009, 25.94037506700016], [119.37753339900019, 25.941392320000205], [119.4097599620003, 25.949855861000174], [119.4409285820002, 25.963812566999934], [119.49000084700015, 25.994208075000245], [119.49683678500026, 26.00177643400025], [119.50001061300031, 26.010199286000102], [119.50180097700024, 26.029201565000164], [119.50424238400024, 26.03595612200013], [119.5190535820002, 26.04450104400013], [119.55429121200018, 26.045640366999976], [119.56641686300031, 26.05023834800005], [119.61939537900025, 26.023504950000188], [119.64844811300031, 26.015448308999964], [119.67505944100037, 26.022284247000186], [119.6954044930003, 26.002630927000155], [119.7006942070002, 25.99518463700008], [119.70240319100026, 25.985052802000098], [119.69898522200015, 25.972560940000164], [119.67505944100037, 25.92609284100007], [119.6655379570002, 25.915350653000132], [119.65430748800043, 25.906927801999984], [119.64039147200015, 25.901353257000153], [119.62354576900032, 25.899400131999926], [119.61646569100037, 25.892645575000188], [119.59986412900014, 25.844183661000216], [119.58407636800018, 25.876939195000205], [119.57422936300031, 25.88491445500017], [119.56641686300031, 25.87205638200004], [119.57789147200037, 25.862372137000193], [119.5791121750002, 25.841253973000107], [119.58301842500009, 25.82021719000005], [119.6030379570002, 25.810614325000188], [119.60792076900032, 25.805161851000037], [119.60840905000032, 25.792669989000103], [119.60604902400019, 25.769029039000202], [119.6098738940002, 25.76715729400013], [119.6167098320002, 25.764715887000193], [119.62086022200026, 25.760321356000134], [119.6167098320002, 25.752264716000184], [119.59644616000048, 25.731512762000193], [119.59376061300031, 25.721869208000044], [119.59302819100037, 25.693182684000078], [119.5899357430003, 25.68716054900017], [119.58716881600037, 25.685695705000285], [119.58432050900001, 25.68260325700021], [119.57992597700024, 25.679999091000184], [119.57260175900012, 25.679673570000148], [119.56763756600037, 25.68195221600007], [119.56430097700024, 25.689683335000154], [119.53541100400003, 25.705877997000186], [119.52279707100024, 25.705796617000203], [119.51734459700049, 25.69017161700026], [119.5005802740003, 25.689683335000154], [119.48707116000014, 25.687323309000305], [119.47706139400032, 25.679673570000148], [119.46949303500037, 25.68357982000009], [119.46363366000026, 25.685288804000095], [119.44906660200013, 25.68716054900017], [119.45590254000024, 25.66372304900017], [119.45972741000014, 25.632879950000188], [119.46705162900025, 25.613918361000117], [119.48324629000024, 25.625677802000098], [119.47934004000012, 25.60154857000026], [119.48104902400019, 25.58047109599994], [119.49244225400037, 25.564764716000184], [119.51734459700049, 25.556789455000114], [119.52206464900019, 25.56150950700004], [119.52670332100024, 25.570990302000155], [119.53443444100026, 25.57587311399999], [119.54883873800031, 25.567043361000117], [119.55844160200024, 25.563788153000075], [119.56812584700015, 25.569037177000098], [119.5756942070002, 25.577785549000055], [119.57943769600024, 25.58466217700027], [119.5683699880002, 25.547430731000077], [119.57227623800009, 25.533433335000097], [119.59310957100035, 25.52948639500005], [119.5874129570002, 25.521918036000102], [119.58301842500009, 25.51732005400015], [119.57691491000014, 25.515326239000103], [119.56641686300031, 25.515814520000106], [119.58163496200041, 25.509263414000202], [119.58985436300031, 25.50787995000013], [119.59986412900014, 25.508368231000134], [119.5874129570002, 25.498724677000155], [119.58163496200041, 25.496161200000074], [119.57260175900012, 25.49469635600019], [119.57260175900012, 25.48786041900007], [119.59848066500012, 25.492743231000134], [119.60360761800041, 25.491156317000105], [119.59986412900014, 25.481024481000077], [119.59986412900014, 25.474839585000097], [119.61142011800041, 25.474107164000145], [119.62240644600024, 25.46942780200004], [119.62802168100029, 25.461371161000216], [119.62354576900032, 25.450344143000166], [119.61402428500014, 25.43878815300019], [119.6167098320002, 25.43724192899998], [119.62533613400001, 25.43805573100019], [119.63412519600035, 25.43325429900011], [119.64527428500048, 25.410467841000184], [119.64600670700031, 25.39256419500032], [119.63729902400041, 25.37799713700025], [119.62037194100026, 25.364976304000038], [119.63778730600029, 25.36359284100024], [119.64559980600029, 25.361558335000097], [119.65455162900025, 25.35814036700009], [119.60287519600001, 25.34613678600016], [119.57943769600024, 25.344468492000146], [119.58301842500009, 25.353013414000145], [119.5879012380002, 25.360785223000278], [119.59359785200013, 25.367092190000108], [119.59986412900014, 25.371161200000188], [119.58871504000024, 25.401312567000105], [119.57797285200036, 25.418687241999976], [119.58253014400032, 25.425604559000078], [119.58985436300031, 25.43183014500005], [119.59310957100035, 25.43943919500009], [119.58969160200024, 25.443264065000164], [119.57626386800018, 25.462836005000042], [119.57601972700013, 25.467352606000134], [119.5683699880002, 25.46625397300005], [119.56153405000032, 25.463283596000053], [119.55600019600024, 25.458929755000156], [119.55209394600035, 25.453762111000174], [119.54818769600024, 25.45697662999993], [119.5454207690002, 25.45864492400011], [119.5385848320002, 25.461167710000154], [119.53589928500014, 25.449937242000146], [119.53443444100026, 25.433783270000106], [119.53598066500012, 25.419134833000157], [119.54200280000009, 25.41278717700004], [119.55616295700031, 25.410467841000184], [119.5581974620003, 25.40460846600024], [119.55209394600035, 25.388861395000163], [119.5444442070002, 25.377183335000097], [119.52588951900032, 25.374090887000193], [119.50326582100035, 25.373928127000056], [119.48324629000024, 25.371161200000188], [119.49122155000043, 25.38320547100011], [119.49781334700015, 25.39940013200004], [119.50253339900041, 25.41620514500005], [119.50424238400024, 25.429877019999992], [119.5020451180003, 25.43398672099994], [119.49683678500026, 25.436753648000206], [119.49219811300031, 25.440375067000048], [119.49073326900043, 25.446926174000055], [119.4936629570002, 25.454250393000052], [119.50294030000032, 25.46246979400007], [119.50546308700018, 25.472316799000225], [119.50733483200031, 25.474432684000078], [119.5048934250002, 25.474920965999956], [119.46615644600024, 25.474839585000097], [119.45826256600026, 25.466294664000145], [119.4532169930003, 25.449774481000077], [119.44703209700015, 25.43878815300019], [119.43555748800031, 25.446926174000055], [119.43311608200031, 25.459540106000134], [119.44556725400003, 25.490139064999937], [119.44906660200013, 25.50527578300006], [119.44190514400043, 25.50950755400015], [119.36597741000026, 25.52069733300027], [119.3565373060004, 25.526922919000015], [119.35287519600024, 25.539740302000155], [119.35604902400041, 25.550726630000042], [119.3808699880002, 25.590887762000136], [119.36890709700026, 25.584906317000218], [119.3647567070002, 25.582180080000114], [119.36036217500043, 25.57729726800028], [119.35287519600024, 25.58466217700027], [119.35629316500035, 25.600043036000216], [119.34302819100037, 25.609198309000192], [119.32260175900035, 25.611029364000274], [119.30518639400032, 25.60455963700008], [119.32138105600018, 25.58734772300005], [119.31055748800043, 25.577866929000038], [119.2778426440002, 25.570461330000057], [119.2719832690002, 25.557521876999942], [119.26880944100003, 25.526922919000015], [119.2607528000002, 25.512111721000053], [119.23780358200031, 25.481756903000075], [119.22934004000024, 25.474839585000097], [119.21509850400025, 25.470282294000242], [119.18336022200049, 25.464992580000057], [119.17164147200037, 25.457464911000102], [119.16138756600037, 25.448919989000103], [119.12867272200015, 25.42999909100007], [119.11670983200031, 25.426418361000287], [119.10254967500009, 25.420314846000167], [119.10962975400037, 25.40680573100002], [119.15699303500048, 25.36261627799996], [119.16529381600026, 25.3495547550001], [119.16846764400032, 25.3339297550001], [119.17318769600024, 25.325140692000048], [119.18311608200054, 25.329413153000132], [119.19239342500009, 25.34202708500004], [119.19532311300043, 25.35814036700009], [119.20337975400025, 25.35814036700009], [119.2231551440002, 25.316595769999992], [119.20150800900001, 25.30634186400016], [119.19174238400035, 25.29954661700026], [119.18148847700024, 25.289252020000106], [119.19320722700013, 25.274969794000242], [119.1967879570002, 25.26333242400011], [119.2012638680003, 25.25971100500027], [119.21631920700031, 25.26935455900025], [119.22584069100037, 25.27968984599994], [119.23471113400001, 25.29486725499993], [119.24122155000009, 25.31256745000013], [119.24301191500012, 25.33022695500017], [119.25416100400014, 25.322821356000134], [119.26514733200031, 25.3175723330001], [119.27369225400037, 25.31858958500004], [119.2778426440002, 25.33022695500017], [119.28866621200041, 25.325425523000263], [119.29330488400024, 25.32196686400016], [119.2983504570002, 25.316595769999992], [119.29135175900001, 25.316595769999992], [119.2969669930003, 25.30719635600019], [119.3188582690002, 25.27936432500013], [119.3242293630002, 25.275091864000217], [119.33578535200024, 25.27228424699996], [119.34750410200013, 25.267767644999992], [119.35287519600024, 25.25849030200021], [119.34424889400043, 25.242377020000163], [119.3237410820002, 25.237982489000103], [119.28126061300031, 25.241441148000206], [119.27247155000043, 25.231756903000132], [119.28882897200037, 25.18911367400011], [119.28126061300031, 25.179388739000217], [119.25562625300029, 25.175897136000287], [119.24275343100032, 25.189987132000283], [119.22937574000036, 25.19321520600016], [119.21265709700015, 25.186224677000098], [119.1928817070002, 25.182318426999984], [119.17562910200047, 25.176499742000203], [119.16467866300036, 25.19157374000008], [119.15335906500036, 25.206954893000045], [119.14197462600032, 25.220978417000026], [119.11609619800015, 25.21378183500002], [119.1017939310002, 25.19663441900019], [119.10418013400044, 25.1829478370002], [119.11425057600025, 25.173056234999933], [119.11988366000037, 25.16071198100019], [119.12484785200024, 25.155503648000092], [119.12924238400035, 25.148667710000268], [119.13379967500043, 25.138413804000038], [119.14657636800041, 25.143744208000214], [119.15308678500037, 25.139715887000023], [119.14991295700031, 25.131577867000317], [119.13379967500043, 25.124741929000095], [119.11670983200031, 25.12661367400017], [119.10352623800031, 25.13324616099993], [119.09327233200042, 25.13564687700017], [119.08545983200054, 25.124741929000095], [119.0903426440002, 25.12124258], [119.09310957100024, 25.118068751999942], [119.0957137380002, 25.114732164000316], [119.0991317070002, 25.111151434000135], [119.08944746200041, 25.113674221000053], [119.06478925900024, 25.124741929000095], [119.07398522200037, 25.145656643000223], [119.0791935560004, 25.15208567899998], [119.06470787900025, 25.162543036000045], [119.05323326900032, 25.157619533000116], [119.04590905000009, 25.14305247600015], [119.04444420700042, 25.124741929000095], [119.02906334700049, 25.140529690000164], [119.03402754000024, 25.15867747600015], [119.05860436300043, 25.186224677000098], [119.06910241000014, 25.20368073100002], [119.0688582690002, 25.216742255000042], [119.05738366000026, 25.225002346000167], [119.0347599620003, 25.227769273000263], [118.98731530000043, 25.22223541900013], [118.96933027400041, 25.226385809000192], [118.97999108200054, 25.24485911700009], [119.00001061300043, 25.254055080000285], [119.02494595300016, 25.25928888800007], [119.02729761500018, 25.2782379690002], [118.98365319100014, 25.283026433999964], [118.9184676440002, 25.264390366999976], [118.90780683700018, 25.25849030200021], [118.89649498800009, 25.25751373900016], [118.8755802740003, 25.243841864000046], [118.8648380870003, 25.22797272300022], [118.88404381600037, 25.220363674000282], [118.9111434250002, 25.217230536000216], [118.91382897200026, 25.20868561400016], [118.9092716810004, 25.19570547100028], [118.91529381600014, 25.179388739000217], [118.92090905000043, 25.187933661000102], [118.93295332100035, 25.194566148000206], [118.94825280000009, 25.197170314999937], [118.96314537900037, 25.19367096600007], [118.9746199880002, 25.182562566999934], [118.97217858200031, 25.17206452000005], [118.95557701900032, 25.15208567899998], [118.94898522200015, 25.136948959999984], [118.94906660200013, 25.118963934000135], [118.94727623800031, 25.113185940000278], [118.94296308700041, 25.108832098000107], [118.93515058700041, 25.104315497000243], [118.92139733200031, 25.101385809000305], [118.90316816500024, 25.10248444200016], [118.88559004000012, 25.106146552000098], [118.86768996700016, 25.100408375000256], [118.85767662900037, 25.09804922100028], [118.84896894600024, 25.08661530200004], [118.84913170700042, 25.0737979190003], [118.86011803500037, 25.056545315000108], [118.87794030000032, 25.040716864000046], [118.89576256600026, 25.033514716000127], [118.93515058700041, 25.02236562700017], [118.92831464900019, 25.014878648000035], [118.94068444100026, 25.006659247000243], [118.95370527400041, 25.00299713700008], [118.96705162900025, 25.004543361000117], [118.97999108200054, 25.01178620000013], [118.99048912900003, 25.04018789300028], [118.99732506600026, 25.053534247000186], [119.00416100400037, 25.05023834800005], [119.00342858200031, 25.04047272300022], [118.99952233200042, 25.024074611000003], [118.99341881600026, 25.008734442000048], [118.98666425900012, 25.00189850499993], [118.98324629000012, 24.995103257000096], [118.98731530000043, 24.97972239800015], [118.99732506600026, 24.953436590999956], [119.01319420700031, 24.958197333000044], [119.01767011800041, 24.960272528000075], [119.00904381600003, 24.94733307500013], [118.9926863940002, 24.93695709800005], [118.9770613940002, 24.934027411000045], [118.96998131600026, 24.94354889500005], [118.96371504000012, 24.954413153000132], [118.94849694100026, 24.95677317899998], [118.9116317070002, 24.953436590999956], [118.90113366000014, 24.937811590999956], [118.90992272200015, 24.90717194200016], [118.9341740240003, 24.886053778000246], [118.96998131600026, 24.89887116100016], [118.9732365240003, 24.893784898000263], [118.97388756600037, 24.89191315300019], [118.97250410200024, 24.890122789000202], [118.96998131600026, 24.885199286000045], [118.97299238400035, 24.88373444200016], [118.97494550900024, 24.883856512000136], [118.97584069100003, 24.88271719000022], [118.97616621200041, 24.877752997000073], [118.95199629000024, 24.870754299000282], [118.9244083990003, 24.869940497000073], [118.89795983200042, 24.875799872000186], [118.87720787900025, 24.888617255000156], [118.86670983200031, 24.891017971000167], [118.83765709700037, 24.880560614000103], [118.82593834700026, 24.877752997000073], [118.81275475400025, 24.88165924699996], [118.8027449880002, 24.88808828300006], [118.79208418100029, 24.89109935100015], [118.77759850400037, 24.885199286000045], [118.78012129000024, 24.867824611000174], [118.76197350400003, 24.857977606000134], [118.73633873800031, 24.851385808999964], [118.71607506600003, 24.843573308999964], [118.70606530000032, 24.846625067000048], [118.69979902400019, 24.851548570000205], [118.69809004000012, 24.85952383000017], [118.70175214900041, 24.871527411000102], [118.70777428500026, 24.87726471600007], [118.72518964900041, 24.882798570000205], [118.72974694100037, 24.885199286000045], [118.72950280000032, 24.90053945500017], [118.72046959700026, 24.91689687700017], [118.7075301440002, 24.931219794000185], [118.69556725400037, 24.940415757000153], [118.69752037900003, 24.906805731000134], [118.69556725400037, 24.89887116100016], [118.68881269600035, 24.895738023000092], [118.68482506600026, 24.90330638200004], [118.68433678500037, 24.915472722999937], [118.6880802740003, 24.926174221000053], [118.68270918100006, 24.930975653000132], [118.67725670700031, 24.937404690000164], [118.66773522200015, 24.953436590999956], [118.66163170700031, 24.940863348000164], [118.64405358200031, 24.92413971600024], [118.64039147200015, 24.915594794000185], [118.64747155000043, 24.90851471600007], [118.66211998800031, 24.898382880000156], [118.67343183700018, 24.886623440000108], [118.67115319100014, 24.87466054900017], [118.65121504000024, 24.86688873900016], [118.6241154310004, 24.867824611000174], [118.59579511800007, 24.87474192900015], [118.57203209700026, 24.885199286000045], [118.61280358200031, 24.855780340999956], [118.61988366000048, 24.843573308999964], [118.62061608200031, 24.8292910830001], [118.61801191500024, 24.817531642999995], [118.61793053500026, 24.80532461100023], [118.63257897200015, 24.77724844000005], [118.63795006600014, 24.772121486000003], [118.64039147200015, 24.778753973000164], [118.64380944100026, 24.782212632000096], [118.65162194100026, 24.782538153000075], [118.66065514400043, 24.78188711100006], [118.66773522200015, 24.782171942000105], [118.68653405000043, 24.792792059000135], [118.69752037900003, 24.80166250200017], [118.70175214900041, 24.81004466400003], [118.7110294930003, 24.80487702000005], [118.71509850400025, 24.798325914000145], [118.7163192070002, 24.789943752000283], [118.71607506600003, 24.778753973000164], [118.71998131600014, 24.769354559000135], [118.72877037900037, 24.769476630000042], [118.74341881600026, 24.775336005000156], [118.75953209700026, 24.767767645000106], [118.76295006600037, 24.76268138200021], [118.76392662900025, 24.75169505400015], [118.7485457690002, 24.725165106000077], [118.74683678500014, 24.720689195000205], [118.73202558700041, 24.71645742400011], [118.72022545700031, 24.705552476000037], [118.69874108200042, 24.67601146000021], [118.68539472700024, 24.666489976000037], [118.67579186300043, 24.671454169000185], [118.6665145190002, 24.68301015800006], [118.65406334700037, 24.69342682500013], [118.64210045700042, 24.678697006999926], [118.63599694100026, 24.66376373899999], [118.63388105600006, 24.647284247000186], [118.63355553500026, 24.627875067000105], [118.64022871200018, 24.616929429000038], [118.65381920700042, 24.616400458000044], [118.6641544930003, 24.612250067000105], [118.66146894600024, 24.59031810100015], [118.6465763680003, 24.568426825000074], [118.62045332100024, 24.545477606000077], [118.59083092500032, 24.52806224200009], [118.56519616000014, 24.52269114800015], [118.56128991000026, 24.5206973330001], [118.5572208990003, 24.517238673999998], [118.55396569100026, 24.518052476000037], [118.55160566500012, 24.528957424000282], [118.55087324300018, 24.537014065000108], [118.5513615240003, 24.54596588700025], [118.55445397200026, 24.553208726000094], [118.5615340500002, 24.556219794000185], [118.57813561300043, 24.560207424000055], [118.57113691500047, 24.568996486000003], [118.50123131600026, 24.60814036700026], [118.48609459700015, 24.610825914000145], [118.47486412900037, 24.614325262000136], [118.4453231130002, 24.62897370000013], [118.42807050900012, 24.631333726000207], [118.43270918100029, 24.644720770000106], [118.43466230600018, 24.659002997000073], [118.43490644600013, 24.689642644999992], [118.43124433700018, 24.699693101000094], [118.42261803500026, 24.692857164000145], [118.41146894600024, 24.680121161000216], [118.4008895190002, 24.672308661000216], [118.42188561300031, 24.62449778900009], [118.40479576900032, 24.606634833000214], [118.37989342500032, 24.590236721000167], [118.35165449300007, 24.58234284100024], [118.32504316500024, 24.59031810100015], [118.3173934250002, 24.58698151200008], [118.30713951900032, 24.58832428600016], [118.28402754000024, 24.59780508000017], [118.27979576900032, 24.58470286700009], [118.2729598320002, 24.574408270000163], [118.26319420700042, 24.5703799500003], [118.24984785200013, 24.57611725500027], [118.24179121200018, 24.543768622000073], [118.21900475400025, 24.54144928600016], [118.19434655000032, 24.556463934000135], [118.18116295700031, 24.57611725500027], [118.18165123800031, 24.59780508000017], [118.19166100400037, 24.600897528000246], [118.20508873800009, 24.598700262000136], [118.21583092500009, 24.603989975999923], [118.21517988400035, 24.614813544000015], [118.20370527400019, 24.62152741100016], [118.18783613400024, 24.624660549000055], [118.17432701900032, 24.62449778900009], [118.18384850400014, 24.64276764500005], [118.18759199300041, 24.657375393000223], [118.18140709700026, 24.67275625200017], [118.16049238400001, 24.69342682500013], [118.15748131600026, 24.662665106000134], [118.15088951900032, 24.658636786000272], [118.14527428500026, 24.658636786000272], [118.14144941500012, 24.65696849200026], [118.13746178500026, 24.63377513200004], [118.13095136800041, 24.620062567000105], [118.1221623060004, 24.607855536000045], [118.11280358200042, 24.59780508000017], [118.11036217500043, 24.584051825000017], [118.10336347700013, 24.584784247000073], [118.0922957690002, 24.59780508000017], [118.04444420700031, 24.617661851000037], [118.03695722700024, 24.59780508000017], [118.04476972700024, 24.575995184000192], [118.03736412900014, 24.560614325000074], [118.02108808700018, 24.554999090999956], [118.00294030000043, 24.56244537999993], [118.00928795700031, 24.580715236000117], [117.99244225400025, 24.571478583000157], [117.97486412900025, 24.55272044500009], [117.97877037900037, 24.542547919000242], [118.02076256600026, 24.53656647300005], [118.04403730600018, 24.528265692000048], [118.05811608200031, 24.515855210000097], [118.04428144600013, 24.498032945000148], [118.0367130870003, 24.490871486000117], [118.02711022200026, 24.487941799000282], [118.01392662900003, 24.487616278000075], [118.0093693370003, 24.485541083000044], [118.00692793100018, 24.48045482000026], [117.99952233200042, 24.470851955000057], [118.00757897200037, 24.465725002000113], [118.02027428500014, 24.45465729400007], [118.02173912900003, 24.445746161000045], [117.99610436300031, 24.446966864000217], [117.91187584700026, 24.478949286000045], [117.86768639400032, 24.489569403000075], [117.82593834700015, 24.48045482000026], [117.84628339900041, 24.47508372600015], [117.86622155000043, 24.473578192000105], [117.8848576180003, 24.46865469000005], [117.90113366000026, 24.453192450000017], [117.81568444100026, 24.471625067000048], [117.79127037900037, 24.46747467700004], [117.79127037900037, 24.46063873899999], [117.87460371200018, 24.396307684000192], [117.9073185560004, 24.384914455000114], [117.9893498060004, 24.394761460000154], [118.01954186300031, 24.4061953800001], [118.03012129000035, 24.41282786700026], [118.04297936300043, 24.406683661000102], [118.04745527400019, 24.39907461100006], [118.0468856130002, 24.38963450700004], [118.04078209700015, 24.36562734600028], [118.0357365240003, 24.36102936400016], [118.03003991000037, 24.35814036700009], [118.0239363940002, 24.3507754580001], [118.01587975400025, 24.326849677000155], [118.02418053500026, 24.32355377800019], [118.03736412900014, 24.331284898000035], [118.04444420700031, 24.340521552000098], [118.05298912900037, 24.346909898000035], [118.07178795700042, 24.348863023000263], [118.09058678500048, 24.341457424000282], [118.09913170700031, 24.319728908000116], [118.10230553500037, 24.314276433999964], [118.11646569100026, 24.304510809000135], [118.11963951900054, 24.299261786000045], [118.12061608200042, 24.279527085000097], [118.12265058700018, 24.27073802300015], [118.1264754570002, 24.262030340999956], [118.10873457100024, 24.261053778000075], [118.08472741000014, 24.249090887000136], [118.07178795700042, 24.254584051999984], [118.05933678500014, 24.24551015800006], [118.03834069100037, 24.220200914000145], [118.0239363940002, 24.20673248900016], [118.01620527400019, 24.20311107000009], [117.99642988400035, 24.197414455000114], [117.98926842500032, 24.193101304000038], [117.9864201180003, 24.187160549000282], [117.9825138680003, 24.169175523000206], [117.97877037900037, 24.16209544500009], [117.96786543100029, 24.159816798999998], [117.96265709700049, 24.173814195000148], [117.95850670700042, 24.2030703800001], [117.94361412900025, 24.212591864000103], [117.93213951900054, 24.20795319200016], [117.92090905000043, 24.19668203300006], [117.9073185560004, 24.18626536700009], [117.93238366000037, 24.17829010600002], [117.93775475400037, 24.16168854400007], [117.93051191500012, 24.14109935100015], [117.90137780000032, 24.098618882000096], [117.89576256600026, 24.08661530200021], [117.89364668100006, 24.073309637000023], [117.89559980600029, 24.06098053600016], [117.89869225400037, 24.050523179000095], [117.89942467500032, 24.04018789300011], [117.89364668100006, 24.02802155200004], [117.86231530000032, 24.03522370000013], [117.83912194100026, 24.02362702000005], [117.79810631600026, 23.98021067899998], [117.7719832690002, 23.9589297550001], [117.76547285200024, 23.947333075000188], [117.76327558700041, 23.92934804900017], [117.75863691500012, 23.915472723000164], [117.74805748800043, 23.90753815300019], [117.73658287900003, 23.90810781500005], [117.72925866000014, 23.91937897300005], [117.73788496200018, 23.950506903000075], [117.79135175900035, 24.00153229400013], [117.79810631600026, 24.02179596600007], [117.78646894600035, 24.028143622000186], [117.7617293630002, 24.01483795800027], [117.75709069100026, 24.024888414000145], [117.76978600400003, 24.031317450000074], [117.77613366000014, 24.037298895000163], [117.77418053500026, 24.045396226000207], [117.77027428500014, 24.051459051999984], [117.76327558700041, 24.070257880000042], [117.75709069100026, 24.070257880000042], [117.75001061300043, 24.037298895000163], [117.72413170700031, 24.033758856000077], [117.69223066500047, 24.046535549000055], [117.66708418100029, 24.062730209999984], [117.67099043100029, 24.04800039300011], [117.6796981130002, 24.03904857000026], [117.69223066500047, 24.03522370000013], [117.70875084700026, 24.035467841000184], [117.68848717500032, 23.997503973000164], [117.68726647200015, 23.979071356000134], [117.69507897200026, 23.95355866100016], [117.6715648950003, 23.931411491000176], [117.64863267600026, 23.90923358200024], [117.63359979200027, 23.874158078999983], [117.62553554500016, 23.840153334000092], [117.62600780300033, 23.812232888000096], [117.63926948000017, 23.794102300000304], [117.61939537900014, 23.774807033000116], [117.61255944100014, 23.76268138200004], [117.59166878800022, 23.737064446000204], [117.58952473800014, 23.756154105000064], [117.58746244400004, 23.77778011800018], [117.60201234700037, 23.798949107000112], [117.6001082690002, 23.833970445000205], [117.59815514400043, 23.852443752000056], [117.59205162900025, 23.870998440000164], [117.58236738400001, 23.889308986000117], [117.57105553500014, 23.903265692000105], [117.5567326180003, 23.913234768000166], [117.53736412900014, 23.91937897300005], [117.47461998800031, 23.92096588700008], [117.45484459700015, 23.925604559000192], [117.4301863940002, 23.94375234600011], [117.41659589900019, 23.946844794000185], [117.40707441500047, 23.933050848000164], [117.40967858200031, 23.913397528000132], [117.42709394600024, 23.91038646000004], [117.4497990240003, 23.913478908000116], [117.46851647200015, 23.911932684000078], [117.49959628800025, 23.874072232000117], [117.49007276800023, 23.83257870899996], [117.46347744400032, 23.788287133999972], [117.43433140800016, 23.775922096999977], [117.3824162120003, 23.79523346600007], [117.36890709700049, 23.79262929900017], [117.3609318370003, 23.785956122000243], [117.3545841810004, 23.777411200000188], [117.34555097700013, 23.768540757000153], [117.31910241000014, 23.76162344000005], [117.30396569100014, 23.775580145000106], [117.29257246200018, 23.789496161000102], [117.27735436300009, 23.782212632000096], [117.29232832100035, 23.762152411000045], [117.28573652400041, 23.746771552000098], [117.2719208150005, 23.721306450000043], [117.27624182700026, 23.687743259000285], [117.26796469200008, 23.679791608000016], [117.26364898600025, 23.65542476900015], [117.27912211100033, 23.63626757300011], [117.25709264900036, 23.615616376000048], [117.23896432000026, 23.60547281900017], [117.23596388500039, 23.62431050300006], [117.23553754000022, 23.63981941100002], [117.24408975600034, 23.657548493000036], [117.23560631600026, 23.671454169000015], [117.22950280000043, 23.692816473000107], [117.2251896490003, 23.684719143000166], [117.2085067070002, 23.664943752000056], [117.21718120000014, 23.65251135700015], [117.22041024000032, 23.64020141100019], [117.2192013050003, 23.629627878999997], [117.18588300900024, 23.621039130000213], [117.17465254000035, 23.61635976800028], [117.15082981200021, 23.606867335000288], [117.1284602220004, 23.572353777000103], [117.09946427700027, 23.554309565000153], [117.08422775800022, 23.550605513000107], [117.07840664300033, 23.564611083000216], [117.08046765200015, 23.5743465660002], [117.0835596940002, 23.588949683000124], [117.07600336800044, 23.604627399000037], [117.0791898230002, 23.622489485000187], [117.07788112300011, 23.638829810000118], [117.06841298800032, 23.651272715000175], [117.05779791000009, 23.65396498299998], [117.0444442070002, 23.655666408000172], [117.03427168100029, 23.661322333000157], [117.02344811300043, 23.658677476000094], [117.01832116000014, 23.647894598000164], [117.00950178400012, 23.644542386000296], [116.98535568500006, 23.640228472999922], [116.96507212100028, 23.615437651000093], [116.95070523000038, 23.61088329500018], [116.92758222700024, 23.624741929000038], [116.91757246200018, 23.63792552299998], [116.94092858200042, 23.658677476000094], [116.92750084700026, 23.664496161000045], [116.9165145190002, 23.662746486000117], [116.90894616000026, 23.65460846600024], [116.90609785200013, 23.641302802000098], [116.90072675900024, 23.634263414000145], [116.8774520190002, 23.6183535830001], [116.8720809250002, 23.606878973000164], [116.87427819100037, 23.598618882000153], [116.87916100400025, 23.593573309000078], [116.88404381600014, 23.586615302000155], [116.88624108200031, 23.573065497000186], [116.88331139400032, 23.559637762000193], [116.8754988940002, 23.547064520000106], [116.85499108200031, 23.52488841400003], [116.84970136800018, 23.5112979190003], [116.85425866000026, 23.497381903000132], [116.87262115300018, 23.473806531000093], [116.86662820400022, 23.450232931000244], [116.77322445100026, 23.349432372000194], [116.75294030000032, 23.35024648600006], [116.74656684900026, 23.349206659999993], [116.73241003700025, 23.35113160900005], [116.71298926300028, 23.35562888300018], [116.69288170700054, 23.359930731000134], [116.68075605600006, 23.3570010440003], [116.6578436340003, 23.354452091000155], [116.62191816500035, 23.369126695000205], [116.56893964900041, 23.39101797099994], [116.55787194100037, 23.401760157999945], [116.55347741000026, 23.41425202000005], [116.54322350400025, 23.421210028000246], [116.53174889400032, 23.422552802000155], [116.52320397200026, 23.418524481000134], [116.52173912900037, 23.411200262000136], [116.52320397200026, 23.377508856000134], [116.5332137380002, 23.36188385600019], [116.55225670700031, 23.341498114000103], [116.57300866000037, 23.32367584800022], [116.5879826180003, 23.316107489000274], [116.6084090500002, 23.32046133000017], [116.64188900700037, 23.318835408000098], [116.6609761870003, 23.337223022000046], [116.69124035800053, 23.338976648000198], [116.70941427800017, 23.319769649000193], [116.72707447100026, 23.316115909000075], [116.73011154700032, 23.330753946000186], [116.74863483000036, 23.326288333000093], [116.76563084100007, 23.297350702000244], [116.76852783200025, 23.272821140000133], [116.77711022200015, 23.24038320500017], [116.78617904300029, 23.235722800000133], [116.79426890800039, 23.23962214700009], [116.80482248900046, 23.236122461000093], [116.78394616000037, 23.212388414000145], [116.75416100400025, 23.23338450700004], [116.73129316500035, 23.257717190000278], [116.7055770190002, 23.276597398000092], [116.66724694100026, 23.281317450000017], [116.6792098320002, 23.27138906500022], [116.69507897200015, 23.265692450000017], [116.70899498800031, 23.25853099200009], [116.71509850400014, 23.24380117400011], [116.70550223000032, 23.23834402700004], [116.68930798100041, 23.22973059900005], [116.67116605600029, 23.214638817000093], [116.66174784000009, 23.193648387999986], [116.6467549590003, 23.16299138300019], [116.63702102300033, 23.164017894000096], [116.62929588000054, 23.17396980300009], [116.6152159650004, 23.17834930800018], [116.61377172000016, 23.190607423000188], [116.61675443900015, 23.202770201999954], [116.61814794100053, 23.221479117000115], [116.6115101410004, 23.23872960900013], [116.58858539900018, 23.24493380200022], [116.56997645400031, 23.246972843000265], [116.51685631600037, 23.235174872000073], [116.5088810560004, 23.234116929000038], [116.50928795700042, 23.21637604400007], [116.5269875370002, 23.200621073000036], [116.54142873000012, 23.210104572000205], [116.55315787300026, 23.21637335400021], [116.5639754570002, 23.222967841000184], [116.57455488400024, 23.22410716400026], [116.60294916000055, 23.217738452000162], [116.60450424900034, 23.209556543000076], [116.60149581500048, 23.19658079200019], [116.56991582300031, 23.17769187500005], [116.54512080800043, 23.144775094000067], [116.53364811400024, 23.10913453800009], [116.5516555910001, 23.08672410600019], [116.54849613500028, 23.066401898000038], [116.55484606100026, 23.03609439899998], [116.5632500950004, 23.01877372100006], [116.54785154900014, 23.006039146000205], [116.52193572500028, 22.99841091500008], [116.5184738920002, 22.967455536000045], [116.49468791300035, 22.939352413000165], [116.45850966200032, 22.947419937999996], [116.42629040700012, 22.937425476000158], [116.37960727900031, 22.92898441300025], [116.3530379570002, 22.938055731000134], [116.33825115100012, 22.95185725000016], [116.29848707000019, 22.963246737000077], [116.28906383900028, 22.978943018000223], [116.26225996800042, 22.973737028000016], [116.23471113400024, 22.980414130000042], [116.21363366000014, 22.98281484600011], [116.20101972700036, 22.973456122000073], [116.23487389400043, 22.960272528000132], [116.25228925900012, 22.9590518250003], [116.26937910200024, 22.96662018400025], [116.28145839200033, 22.957857275000038], [116.24618135200024, 22.93159000399993], [116.22100908600044, 22.919009819999985], [116.21456253200029, 22.90852205300007], [116.20008802000041, 22.896555346000184], [116.1709893030004, 22.86446526900005], [116.14490991300033, 22.847822500000177], [116.1296505610004, 22.839134798000202], [116.11356126700036, 22.83291023700008], [116.09568990500031, 22.825900457000046], [116.0846716660003, 22.849765350000155], [116.09125331300015, 22.868409860000042], [116.12372104000042, 22.894729239000185], [116.08700605600006, 22.90656159100007], [116.0421049080004, 22.932918286000074], [116.0418807880003, 22.922321077000163], [116.0712996750002, 22.89777252800019], [116.08725382200032, 22.889693668000177], [116.07617780700036, 22.867871480000076], [116.053772235, 22.855228638000256], [116.04786217500032, 22.85179271000004], [116.03744550900024, 22.85089752800019], [116.0261074920005, 22.845127110000078], [116.0117960350002, 22.83804350300028], [115.99671759400042, 22.836684122000122], [115.96607506600026, 22.817206122000186], [115.95801360200028, 22.804743208999923], [115.93948765200037, 22.807515862000116], [115.93326333900029, 22.805993707000198], [115.9037375390003, 22.789376442000105], [115.8834973070002, 22.79461857500013], [115.85488226100028, 22.778790126000104], [115.8432123250002, 22.77002488399995], [115.82595611500017, 22.746643521000294], [115.81002986900012, 22.746090775000198], [115.79781189200025, 22.754449576000184], [115.79545956600032, 22.769988070000124], [115.79048384700013, 22.787200370000164], [115.78803850300028, 22.797841741000184], [115.79501386800041, 22.80027903900003], [115.7994083990003, 22.794663804000038], [115.80136152400019, 22.78685130400021], [115.80648847700047, 22.778265692000048], [115.81356855600029, 22.77627187700017], [115.81470787900037, 22.78611888200004], [115.81275475400014, 22.799546617000203], [115.80990644600013, 22.80833567899998], [115.80477949300007, 22.815090236000117], [115.79843183700052, 22.8195254580001], [115.79037519600013, 22.82192617400011], [115.78505513500022, 22.82567792500015], [115.77634434500033, 22.832345699000086], [115.76323712500039, 22.841487071000074], [115.73686960900011, 22.851673028000278], [115.69703558500032, 22.850671121999937], [115.70358083900044, 22.869323194000117], [115.68426622900029, 22.877779098000246], [115.68246504000047, 22.888169664000202], [115.69263756600014, 22.900091864000046], [115.70517011800041, 22.907375393000052], [115.71387780000032, 22.904527085000097], [115.72128339900019, 22.904527085000097], [115.72754967500032, 22.92275625200017], [115.73373457100013, 22.931870834999984], [115.73031660200013, 22.93423086100006], [115.6919865240003, 22.929022528000132], [115.68311608200031, 22.924261786000045], [115.66659589900019, 22.904527085000097], [115.65333092500032, 22.8937442080001], [115.63941491000026, 22.88934967700004], [115.5839949880002, 22.880316473000107], [115.57789147200037, 22.877264716000127], [115.57406660200036, 22.871730861000117], [115.56495201900032, 22.853257554000095], [115.56055748800009, 22.84931061399999], [115.53988691500035, 22.85293203300006], [115.53296959700037, 22.862046617000146], [115.53663170700031, 22.87433502800019], [115.54688561300031, 22.88715241099993], [115.54761803500037, 22.895412502000113], [115.53378339900019, 22.898260808999964], [115.50562584700049, 22.89777252800019], [115.49634850400037, 22.903062242000146], [115.46827233200042, 22.926499742000146], [115.45093834700015, 22.931870834999984], [115.44239342500032, 22.929673570000205], [115.43832441500047, 22.92035553600016], [115.43018639400043, 22.91819896000021], [115.42383873800031, 22.91876862200013], [115.40601647200026, 22.925034898000092], [115.4185490240003, 22.90770091400009], [115.42725670700042, 22.90062083500004], [115.4370223320002, 22.89777252800019], [115.44613691500047, 22.89996979400007], [115.45541425900024, 22.90973541900013], [115.46420332100024, 22.912014065000164], [115.48300214900053, 22.901841539000145], [115.49610436300031, 22.880316473000107], [115.49415123800043, 22.86078522300005], [115.46802819100014, 22.85675690299996], [115.46802819100014, 22.84931061399999], [115.47860761800007, 22.847479559000135], [115.50562584700049, 22.84931061399999], [115.5151473320002, 22.84731679900017], [115.53036543100029, 22.83832428599993], [115.54004967500032, 22.836249091000127], [115.55941816500035, 22.836086330000057], [115.56592858200042, 22.83795807500013], [115.57789147200037, 22.84316640800023], [115.58692467500009, 22.84935130399998], [115.5933537120003, 22.85639069200016], [115.60059655000043, 22.861883856000077], [115.61207116000037, 22.863592841000184], [115.5913192070002, 22.847479559000135], [115.55624428600026, 22.8074353840002], [115.53896582800007, 22.788904414000115], [115.52701696900021, 22.767042406000257], [115.52393639400054, 22.741766669000185], [115.55558818200018, 22.714370293000172], [115.56575300400027, 22.737080860000162], [115.5673210130002, 22.747281344000044], [115.58619225400037, 22.74510325700004], [115.59009850400025, 22.737209377000056], [115.58090254000012, 22.723334052000155], [115.56251061300031, 22.705633856000247], [115.56421959700015, 22.684881903000132], [115.5752189480005, 22.66833597200008], [115.53615557400008, 22.668123388000083], [115.5220955020003, 22.676503287000003], [115.49119293900037, 22.68758681300011], [115.46481812900015, 22.70103414200014], [115.43826484100032, 22.700598507000052], [115.42126350300032, 22.6902356330001], [115.39429772200015, 22.68968333500004], [115.37350802300034, 22.6941772670001], [115.36127204300021, 22.70413735900013], [115.34820519500022, 22.717368990000068], [115.33847089900019, 22.733099676999984], [115.35067793100018, 22.746893622000073], [115.3584090500002, 22.748683986000287], [115.38892662900014, 22.746893622000073], [115.39755293100029, 22.748765367000146], [115.40975996200018, 22.75787995000013], [115.424133428, 22.761993113000187], [115.42237254800034, 22.771797403000164], [115.41120822500022, 22.788267543000075], [115.38624108200042, 22.78290436400016], [115.3747668990004, 22.77328464100009], [115.36399407500028, 22.763644779999993], [115.3305703970002, 22.7885404190003], [115.28914445700025, 22.79155339100015], [115.25108133600031, 22.787980248000224], [115.23339092700041, 22.78820850699998], [115.23276710300013, 22.80533960900027], [115.25856378500043, 22.820463023000116], [115.30304042100033, 22.83861373400009], [115.32016035200013, 22.850531317000218], [115.32479902400019, 22.85956452000005], [115.31373131600003, 22.863592841000184], [115.30941816500012, 22.86937083500021], [115.31055748800031, 22.882473049000225], [115.31714928500014, 22.904527085000097], [115.3038029310004, 22.903021552000155], [115.29224694100026, 22.89533112200013], [115.27222741000014, 22.873846747000186], [115.2559513680003, 22.847845770000106], [115.2456160820002, 22.83535390800023], [115.23145592500032, 22.830064195000148], [115.21729394500028, 22.834891183000195], [115.19601300300019, 22.83189769200004], [115.1729435560004, 22.821193752000113], [115.17440728100019, 22.806892026000185], [115.18027057300026, 22.784805971000196], [115.1582728230004, 22.792417197000077], [115.15056624700048, 22.809633511000072], [115.13287802700029, 22.811453821000043], [115.11166425900024, 22.802150783000172], [115.1010848320002, 22.80011627800019], [115.06547548000026, 22.79598479800012], [115.0503035820002, 22.78168366100016], [115.04566491000026, 22.775864976000207], [115.04102623800031, 22.761623440000108], [115.03663170700042, 22.753729559000192], [115.02232988000014, 22.743512898000176], [115.01782843800027, 22.73704405199993], [115.02208124900017, 22.72639153000017], [115.03079380000042, 22.717322203000208], [115.02890347400023, 22.70837658399995], [115.01827742200032, 22.706868644000053], [115.00851347200023, 22.703720144000158], [114.99877219200027, 22.702201447000164], [114.99252068300018, 22.697380891000137], [114.98534174000031, 22.68930900100014], [114.9800297730003, 22.68855402200012], [114.9712578120002, 22.692735185000117], [114.95983548000038, 22.69613433700016], [114.95467022500031, 22.703544178000186], [114.95658369400007, 22.71574024599994], [114.9523703980002, 22.728832825000097], [114.94581139400054, 22.742254950000188], [114.94166100400014, 22.7538516300001], [114.92676842500043, 22.761175848000164], [114.91675866000048, 22.74404531500005], [114.90311007700029, 22.74892445000006], [114.88905903200043, 22.763747734000162], [114.87671936700042, 22.767957236000143], [114.8625238000003, 22.76321563500011], [114.87037907000047, 22.753348498000037], [114.88187326500054, 22.747523043000058], [114.88621679400023, 22.73607469300015], [114.87814452500038, 22.72963796800019], [114.88073575600038, 22.72146994400009], [114.89044712900045, 22.714054656000087], [114.9028579860003, 22.713934062000078], [114.90999580100015, 22.723615477000067], [114.92672625500052, 22.716930079000065], [114.93722904300034, 22.70949155699992], [114.94668867200028, 22.696328688000165], [114.95530177500018, 22.684793556000045], [114.96662940100032, 22.676486944000203], [114.95045006600026, 22.664984442000048], [114.93873131600037, 22.657294012000023], [114.92489668100029, 22.638657945000034], [114.9019376240002, 22.59805688100016], [114.90521329800026, 22.578440025000305], [114.9191185460005, 22.561155164000184], [114.89596642500044, 22.54752440400017], [114.88364080000031, 22.550915623000208], [114.88021450300016, 22.559112545000005], [114.88923391500043, 22.572893832000148], [114.88682041100014, 22.590871783000182], [114.86581619100014, 22.6017446110003], [114.83222895100039, 22.602076657000055], [114.80641643100012, 22.5925089120002], [114.77460903400038, 22.597692709000057], [114.75414529800025, 22.589714066000056], [114.74377585100035, 22.609404292000136], [114.74224181900024, 22.62738004200014], [114.7424830260004, 22.64696352300018], [114.73745015700024, 22.669045825000296], [114.74998970200033, 22.6787240660002], [114.7537779210005, 22.69338535300011], [114.73887902200045, 22.710646966999946], [114.74195106600018, 22.73265274000005], [114.75254524100012, 22.7496618670001], [114.77855131300043, 22.76245281100006], [114.79542076900043, 22.769924221000053], [114.80201256600037, 22.773382880000156], [114.81324303500014, 22.774847722999937], [114.81763756600003, 22.77912018400025], [114.82125206600028, 22.790560097000252], [114.81695432000015, 22.800389479000103], [114.8072786260002, 22.805382640000175], [114.79846598500035, 22.808735808000165], [114.79273522200037, 22.810939846000053], [114.78475996200041, 22.815863347999937], [114.77523847700013, 22.815822657999945], [114.76978600400025, 22.810451565000108], [114.76246178500048, 22.791083075000188], [114.75489342500043, 22.78168366100016], [114.73414147200015, 22.775783596000224], [114.71673233300044, 22.790803400000016], [114.69548075400041, 22.792641588000265], [114.68381192600032, 22.781332801000076], [114.66421875200012, 22.77417583100015], [114.64548395700012, 22.76700589400008], [114.63778730600018, 22.7550723330001], [114.61719811300031, 22.75006745000013], [114.60254629900032, 22.740457636000144], [114.5793779950003, 22.73331058900004], [114.56332441500035, 22.732733466000184], [114.56498603500017, 22.717915753000113], [114.57109590700054, 22.70235435000012], [114.55233808700041, 22.694525458000044], [114.54224694100026, 22.695298570000034], [114.53248131600003, 22.699530340999956], [114.52206464900041, 22.705959377000056], [114.52378006100025, 22.687213932000247], [114.5171004570002, 22.676418361000117], [114.50592603700022, 22.663688963000084], [114.49957584500032, 22.65311388700013], [114.50660702000005, 22.646522869000137], [114.53490558700014, 22.64464769200015], [114.5234105110003, 22.645563161000098], [114.54821647600045, 22.644540536000136], [114.56251061300031, 22.648342190000108], [114.57325280000032, 22.65444570500017], [114.5825301440002, 22.65525950700021], [114.5903426440002, 22.643866278000132], [114.57764733200054, 22.635891018000166], [114.56088300900035, 22.60879140800006], [114.54664147200015, 22.602932033000116], [114.52914472700047, 22.598334052000098], [114.51392662900003, 22.587347723000107], [114.50220787900014, 22.573919989000046], [114.49537194100026, 22.561957098000107], [114.50204511800007, 22.550848700000074], [114.5092879570002, 22.54954661700009], [114.51815839900041, 22.55280182500013], [114.52955162900037, 22.55512116100016], [114.52979576900043, 22.55735911700026], [114.53248131600003, 22.562323309000305], [114.53711998800031, 22.567206122000073], [114.54322350400014, 22.56940338700008], [114.54721113400001, 22.567084052000098], [114.5547794930003, 22.55731842700027], [114.55990644600024, 22.55512116100016], [114.5727645190002, 22.551459052000098], [114.59327233200054, 22.541896877000056], [114.61158287900003, 22.528713283000286], [114.61768639400032, 22.51414622600015], [114.60751386800018, 22.504380600999923], [114.58765709700015, 22.495591539000145], [114.5705320630002, 22.484291258000155], [114.54216235700028, 22.477992885000106], [114.52966684100045, 22.46828509500017], [114.51581621400032, 22.452642803000174], [114.5015568370003, 22.452093817000048], [114.49219811300043, 22.463975328000174], [114.49114017000034, 22.464626369000314], [114.48511803500037, 22.46832916900007], [114.48446699300041, 22.47435130400015], [114.48324629000024, 22.484564519999992], [114.4772241550005, 22.48952871300014], [114.47681725400025, 22.48989492400017], [114.47698001400045, 22.490423895000163], [114.4801538420005, 22.50014883], [114.47641035200013, 22.509426174000055], [114.4845483730004, 22.516994533000172], [114.48698978000016, 22.52191803600016], [114.48511803500037, 22.534409898000092], [114.47958418100018, 22.539333401000192], [114.47958418100018, 22.546210028000132], [114.47120201900032, 22.551703192000048], [114.46216881600026, 22.56175364800015], [114.45573978000016, 22.570502020000106], [114.4469507170005, 22.57155996299997], [114.44532311300009, 22.571763414000202], [114.44035892000034, 22.568670966000127], [114.43677819100026, 22.57737864800015], [114.43734785200024, 22.57937246299997], [114.43848717500043, 22.582953192000048], [114.43303470100034, 22.591091213000254], [114.42432701900043, 22.601670640000123], [114.41423587300028, 22.60480377800019], [114.40870201900054, 22.611639716000184], [114.39576256600026, 22.613511460000154], [114.39559980600029, 22.613511460000154], [114.38013756600026, 22.610337632000096], [114.36068769600035, 22.60480377800019], [114.34026126400022, 22.597886459999984], [114.32911217500032, 22.605007229000023], [114.32846113400024, 22.605454820000205], [114.32805423300033, 22.604763088000198], [114.32455488400035, 22.598537502000056], [114.31723066500012, 22.602321682000138], [114.31714928500014, 22.60236237200013], [114.31690514400032, 22.602199611000287], [114.30534915500027, 22.59418366099993], [114.30713951900043, 22.585435289000145], [114.30217532600022, 22.582953192000048], [114.27621504000012, 22.587958075000188], [114.2696232430003, 22.582953192000048], [114.24968509200028, 22.570502020000106], [114.23829186300031, 22.559922593000067], [114.22982832100035, 22.555812893000223], [114.23471113400024, 22.556179104000023], [114.22722415500016, 22.547064520000163], [114.2221785820002, 22.541449286000045], [114.21485436300043, 22.534491278000075], [114.20997155000043, 22.534491278000075], [114.20932050900012, 22.52370840100025], [114.21794681100027, 22.526027736000003], [114.21867923300033, 22.529852606000134], [114.23039798300033, 22.532945054000038], [114.23430423300044, 22.536932684000078], [114.24203535200024, 22.55019765800023], [114.24594160200013, 22.55097077000005], [114.24903405000032, 22.547837632000153], [114.25456790500016, 22.55097077000005], [114.25766035200024, 22.547837632000153], [114.25326582100024, 22.539455471000167], [114.25920657600022, 22.5407982440002], [114.2656356130002, 22.535264390000066], [114.2651473320002, 22.528469143000166], [114.27003014400054, 22.52558014500022], [114.27800540500039, 22.529852606000134], [114.2797957690002, 22.526027736000003], [114.2797957690002, 22.519720770000276], [114.27767988400012, 22.51166412999993], [114.28516686300031, 22.51117584800005], [114.2892358730004, 22.505194403000132], [114.29851321700028, 22.5010033220002], [114.32658938900045, 22.50877513200021], [114.33277428500014, 22.511948960000268], [114.33513431100039, 22.506415106000134], [114.31633548300033, 22.492377019999992], [114.30543053500026, 22.483018296000182], [114.29363040500039, 22.478257554000265], [114.28044681100005, 22.472886460000097], [114.26872806100027, 22.465033270000106], [114.26408938900022, 22.458075262000136], [114.25375410200013, 22.451768296000182], [114.24594160200013, 22.451768296000182], [114.23121178500026, 22.469794012000023], [114.21713300900012, 22.46735260600019], [114.21176191500012, 22.47056712400007], [114.20932050900012, 22.465806382000153], [114.21094811300031, 22.457302151000192], [114.21558678500026, 22.454982815000164], [114.21713300900012, 22.447943426999984], [114.20997155000043, 22.449489651000192], [114.20932050900012, 22.45408763200004], [114.20224043100029, 22.458075262000136], [114.19060306100005, 22.456529039000202], [114.18669681100016, 22.451768296000182], [114.1674910820002, 22.44806549699996], [114.17652428500048, 22.443223374000183], [114.18751061300031, 22.43614329600001], [114.20020592500032, 22.428168036000045], [114.21176191500012, 22.420599677000098], [114.20997155000043, 22.41274648600023], [114.21485436300043, 22.40888092700004], [114.20932050900012, 22.398667710000097], [114.21558678500026, 22.400336005000213], [114.22339928500026, 22.415025132000096], [114.23422285200024, 22.42475006700016], [114.23821048300033, 22.435370184000192], [114.2438257170005, 22.435532945000034], [114.25147545700054, 22.43073151200008], [114.26718183700041, 22.43073151200008], [114.26937910200013, 22.42552317900015], [114.26718183700041, 22.415961005000156], [114.27255293100006, 22.40965403900003], [114.27645918100018, 22.419826565000108], [114.28899173300044, 22.426011460000154], [114.27645918100018, 22.443996486000174], [114.28899173300044, 22.45331452000005], [114.30160566500012, 22.456529039000202], [114.30079186300031, 22.465033270000106], [114.32374108200031, 22.48004791900013], [114.32504316500012, 22.475205796000182], [114.3307397800005, 22.474107164000202], [114.32504316500012, 22.464260158000116], [114.33570397200015, 22.461737372000073], [114.3380639980004, 22.44635651200025], [114.33277428500014, 22.440008856000134], [114.33741295700042, 22.431586005000156], [114.34278405000032, 22.43768952000005], [114.3475854830001, 22.42291901200008], [114.35230553500014, 22.42369212400007], [114.3515731130002, 22.440985419000185], [114.35987389400054, 22.46116771000004], [114.36784915500039, 22.454982815000164], [114.36736087300028, 22.446275132000267], [114.37020918100006, 22.440008856000134], [114.38575280000032, 22.439235744000086], [114.39975019600024, 22.43614329600001], [114.39739017000045, 22.428412177000098], [114.40129642000034, 22.41274648600023], [114.38933353000016, 22.417914130000042], [114.38176517000022, 22.41905345300006], [114.37020918100006, 22.397975979000137], [114.37501061300031, 22.40053945500017], [114.38493899800028, 22.387355861000003], [114.38974043100029, 22.365952867000146], [114.38656660200036, 22.36522044500032], [114.38575280000032, 22.370184637000193], [114.37639407600034, 22.37063222900008], [114.37948652400041, 22.36208730700025], [114.37558027400041, 22.353461005000042], [114.37020918100006, 22.3488223330001], [114.36085045700042, 22.345770575000017], [114.35759524800028, 22.33242422100011], [114.35230553500014, 22.33946360900029], [114.35230553500014, 22.351914781000175], [114.34197024800028, 22.345770575000017], [114.33904056100027, 22.352687893000052], [114.33277428500014, 22.359767971000167], [114.33432050900035, 22.375311591000184], [114.3204044930003, 22.380764064999937], [114.31861412900003, 22.389390367000146], [114.3100692070002, 22.383775131999926], [114.30005944100026, 22.381577867000146], [114.28598066500035, 22.390977281000175], [114.27800540500039, 22.390977281000175], [114.26872806100027, 22.37844472900008], [114.27336673300044, 22.36363353100029], [114.2797957690002, 22.35500722900008], [114.27645918100018, 22.34804922100011], [114.26718183700041, 22.355780341000127], [114.26636803500048, 22.365952867000146], [114.25839277400041, 22.36208730700025], [114.25554446700039, 22.355902411000102], [114.26579837300017, 22.346340236000174], [114.27255293100006, 22.320705471000053], [114.27719160200024, 22.319199937000178], [114.29127037900025, 22.316555080000285], [114.29208418100029, 22.305161851000037], [114.29599043100018, 22.305161851000037], [114.30388431100039, 22.306708075000074], [114.3116154310004, 22.297308661000045], [114.30567467500032, 22.290757554000265], [114.29769941500035, 22.28563060100015], [114.29053795700031, 22.287949937000178], [114.28899173300044, 22.287176825000188], [114.28972415500039, 22.281683661000045], [114.2895613940002, 22.273911851000037], [114.30005944100026, 22.277044989000103], [114.30315188900056, 22.26919179900017], [114.30315188900056, 22.26215241100016], [114.29672285200036, 22.258286851000094], [114.28899173300044, 22.264593817000218], [114.27833092500032, 22.27045319200016], [114.2797957690002, 22.279364325000188], [114.27336673300044, 22.295762437000178], [114.26482181100039, 22.301947333000157], [114.2656356130002, 22.30980052300015], [114.26636803500048, 22.31598541900013], [114.25554446700039, 22.322333075000074], [114.25147545700054, 22.305161851000037], [114.25302168100029, 22.295762437000178], [114.23894290500027, 22.281683661000045], [114.2281193370003, 22.29185618700012], [114.21176191500012, 22.31057363500014], [114.21485436300043, 22.30117422099994], [114.21249433700018, 22.30117422099994], [114.19548587300028, 22.318264065000164], [114.1865340500002, 22.308742580000114], [114.19141686300043, 22.301947333000157], [114.19141686300043, 22.298895575000074], [114.18368574300041, 22.301947333000157], [114.18165123800031, 22.294419664000202], [114.17652428500048, 22.291083075000074], [114.17188561300031, 22.288723049000055], [114.16724694100037, 22.29417552300015], [114.16822350400014, 22.305487372000073], [114.16570071700039, 22.31057363500014], [114.16488691500012, 22.31521230700008], [114.15951582100024, 22.31521230700008], [114.15951582100024, 22.32225169500009], [114.15219160200024, 22.328517971000224], [114.13819420700054, 22.336004950000188], [114.12435957100035, 22.34223053600016], [114.12354576900054, 22.337144273000035], [114.1133732430003, 22.352687893000052], [114.11101321700028, 22.365952867000146], [114.10482832100024, 22.36985911700026], [114.09750410200047, 22.363023179000038], [114.07911217500043, 22.365952867000146], [114.0782983730004, 22.36286041900007], [114.07040449300018, 22.36286041900007], [114.06723066500012, 22.358994859000177], [114.05795332100024, 22.361314195000205], [114.05022220100034, 22.358994859000177], [114.03988691500012, 22.35500722900008], [114.0205184250002, 22.350368556999967], [114.01498457100024, 22.353461005000042], [114.01498457100024, 22.358994859000177], [113.99862714900019, 22.358994859000177], [113.9918725920005, 22.364081122000073], [113.98267662900037, 22.366766669000185], [113.97673587300028, 22.37921784100007], [113.97291100400014, 22.379990953000117], [113.97063235800044, 22.387071031000062], [113.96436608200031, 22.38068268400025], [113.97461998800031, 22.37205638200004], [113.95492597700036, 22.36985911700026], [113.9448348320002, 22.36208730700025], [113.9306746750002, 22.369086005000042], [113.92595462300028, 22.369086005000042], [113.91439863400024, 22.376125392999995], [113.91830488400035, 22.38784414300011], [113.91057376400033, 22.398667710000097], [113.8969832690002, 22.408758856000134], [113.90943444100026, 22.418605861000174], [113.9306746750002, 22.419826565000108], [113.9410099620003, 22.426784572000145], [113.95411217500032, 22.449489651000192], [113.97754967500032, 22.458848373999956], [113.99862714900019, 22.488552151000192], [114.00489342500032, 22.488552151000192], [114.01270592500032, 22.486110744000257], [114.01172936300043, 22.48004791900013], [114.01115970100034, 22.472886460000097], [114.01498457100024, 22.475205796000182], [114.02678470100034, 22.478257554000265], [114.02987714900041, 22.478257554000265], [114.03142337300028, 22.482245184000135], [114.03060957100024, 22.487656968000067], [114.03060957100024, 22.49551015800006], [114.04224694100037, 22.5010033220002], [114.05795332100024, 22.504868882000096], [114.06177819100026, 22.50877513200021], [114.06576582100024, 22.515855210000154], [114.07349694100026, 22.51817454600001], [114.0782983730004, 22.519720770000276], [114.08529707100001, 22.522935289000202], [114.08236738400012, 22.52936432500013], [114.07911217500043, 22.52757396000021], [114.0796818370003, 22.52374909100024], [114.06723066500012, 22.52191803600016], [114.05844160200013, 22.516994533000172], [114.05526777400019, 22.50694407800023], [114.04200280000032, 22.50678131700016], [114.03874759200028, 22.510565497000073], [114.03809655000043, 22.51137929900011], [114.03581790500027, 22.513820705000114], [114.03549238400024, 22.51414622600015], [114.03541100400025, 22.514227606000134], [114.01856530000032, 22.522569078000004], [113.99927819100026, 22.530625717999953], [113.98747806100005, 22.531846421000182], [113.98438561300031, 22.53371816600003], [113.97063235800044, 22.53371816600003], [113.96379642000034, 22.538112697000315], [113.96029707100024, 22.528469143000166], [113.95193877700012, 22.523841151], [113.94890085200018, 22.51119979000009], [113.9488161390002, 22.50034809500022], [113.9477577780001, 22.490406454000038], [113.93580162900014, 22.488918361000117], [113.92505944100026, 22.487046617000146], [113.91529381600026, 22.488674221000167], [113.91342207100035, 22.487616278000075], [113.91032962300028, 22.485825914000316], [113.90967858200054, 22.477647203000117], [113.8903448980002, 22.452712399000063], [113.8814787350002, 22.47333294000009], [113.87436286200023, 22.47818427200025], [113.86787329700019, 22.494828602000155], [113.86615533000042, 22.511493140000198], [113.8818465500002, 22.51414622600015], [113.89389082100013, 22.52114492400011], [113.87989342500032, 22.53668854400013], [113.84376061300043, 22.561957098000107], [113.83383222700013, 22.57192617400017], [113.8223576180003, 22.587225653000132], [113.81283613400035, 22.60439687700017], [113.79915745100038, 22.63100106099995], [113.79356800000039, 22.661614499000223], [113.77293351100025, 22.67244751300018], [113.76465905000043, 22.73480866100016], [113.75806725400037, 22.75340403900009], [113.74439537900025, 22.761175848000164], [113.71216881600026, 22.76333242400011], [113.69971764400043, 22.761175848000164], [113.69507897200015, 22.75747304900017], [113.69117272200026, 22.751613673999998], [113.68458092500032, 22.746893622000073], [113.67237389400043, 22.746893622000073], [113.65357506600003, 22.75873444200016], [113.65626061300009, 22.77684153900009], [113.6626082690002, 22.79808177300015], [113.65528405000032, 22.819240627000056], [113.64356530000032, 22.834173894999992], [113.63257897200037, 22.85309479400013], [113.61719811300031, 22.890285548999998], [113.6108504570002, 22.87636953300006], [113.61011803500037, 22.862046617000146], [113.61288496200041, 22.848374742000203], [113.61719811300031, 22.836249091000127], [113.60556074300041, 22.847235419000185], [113.60230553500037, 22.866359768000052], [113.60499108200042, 22.88751862199996], [113.61036217500032, 22.904527085000097], [113.60287519600035, 22.897650458000214], [113.59799238400024, 22.889634507000153], [113.59603925900024, 22.88056061400016], [113.59229576900032, 22.889064846000167], [113.6113387380002, 22.93378327000005], [113.61719811300031, 22.95604075700021], [113.6191512380002, 22.97939687700017], [113.62435957100024, 22.9992129580001], [113.6381942070002, 23.03489817900015], [113.63070722700013, 23.03489817900015], [113.61670983200054, 23.0078799500003], [113.61207116000014, 22.994696356000134], [113.60914147200049, 22.962876695000205], [113.60181725400037, 22.93060944200016], [113.59669030000032, 22.91819896000021], [113.59498131600037, 22.92959219000022], [113.59506269600035, 22.944769598000107], [113.59799238400024, 22.96051666900013], [113.60409589900019, 22.973456122000073], [113.6026310560004, 22.987738348000164], [113.60507246200041, 23.001410223000107], [113.61719811300031, 23.03489817900015], [113.5992130870003, 23.009222723000107], [113.58668053500037, 22.95355866100016], [113.57618248800031, 22.938706773000035], [113.5820418630002, 22.957464911000045], [113.58383222700036, 22.978461005000213], [113.58301842500043, 23.021226304000038], [113.56421959700037, 22.996893622000243], [113.55396569100037, 22.98761627800019], [113.54200280000043, 22.986517645000163], [113.5327254570002, 22.995754298999998], [113.5288192070002, 23.010809637000136], [113.52833092500009, 23.038031317000048], [113.53638756600026, 23.063137111000003], [113.55640709700037, 23.08413320500017], [113.58212324300018, 23.09845612200013], [113.6372176440002, 23.10911692900015], [113.69198652400041, 23.13255442900015], [113.72022545700031, 23.137925523000092], [113.73145592500009, 23.133856512000136], [113.74423261800041, 23.126044012000136], [113.75806725400037, 23.121568101000094], [113.78443444100003, 23.131740626999942], [113.80087324300041, 23.12840403900026], [113.83008873800031, 23.11749909100024], [113.81324303500014, 23.129787502000283], [113.7979435560004, 23.134344794000015], [113.76107832100024, 23.137925523000092], [113.74537194100026, 23.143011786000045], [113.71981855600029, 23.15534088700008], [113.70313561300043, 23.157782294000185], [113.6739201180003, 23.150458075000188], [113.6264754570002, 23.117987372000186], [113.59327233200031, 23.11066315300019], [113.58765709700015, 23.10610586100006], [113.55087324300041, 23.08787669500009], [113.54200280000043, 23.086411851000037], [113.53687584700015, 23.07501862199996], [113.52466881600026, 23.066595770000106], [113.50912519600024, 23.062160549000055], [113.4942326180003, 23.06281159100007], [113.44516035200024, 23.089341539000145], [113.41749108200042, 23.096991278000075], [113.39869225400014, 23.083319403000132], [113.41928144600024, 23.06549713700008], [113.45142662900025, 23.062323309000192], [113.48121178500014, 23.051499742000203], [113.50231200100018, 23.02042368800005], [113.50384399300015, 22.989832793000176], [113.49123164100024, 22.953952883000113], [113.48096764400054, 22.935695705000114], [113.48422285200013, 22.92934804900017], [113.48397871200018, 22.924261786000045], [113.4737248060004, 22.91819896000021], [113.46786543100029, 22.91901276200008], [113.44638105600018, 22.928452866999976], [113.42994225400037, 22.931341864000217], [113.33651777400019, 22.89777252800019], [113.3076278000002, 22.89411041900013], [113.2129826180003, 22.912014065000164], [113.2129826180003, 22.904527085000097], [113.23487389400032, 22.899644273000206], [113.25806725400025, 22.89777252800019], [113.26392662900025, 22.89459870000013], [113.28305097700036, 22.880438544000185], [113.29224694100026, 22.877264716000127], [113.31259199300041, 22.88100820500017], [113.33204186300031, 22.88751862199996], [113.35043379000035, 22.889715887000136], [113.36793053500014, 22.880682684000135], [113.42587324300041, 22.815822657999945], [113.44003339900053, 22.80414459800005], [113.4942326180003, 22.774847722999937], [113.46338951900032, 22.762396552000098], [113.45191491000048, 22.755113023000092], [113.4395451180003, 22.7394473330001], [113.42603600400025, 22.749416408000116], [113.37753339900019, 22.767401434000135], [113.39503014400043, 22.748195705000114], [113.4536238940002, 22.725734767999995], [113.46631920700042, 22.716498114000103], [113.47632897200026, 22.699855861000287], [113.51627743500023, 22.671417566000116], [113.5530425840002, 22.63847230300013], [113.56384382800024, 22.61444370800001], [113.59916999500024, 22.575179846000083], [113.59473803000026, 22.523389660999953], [113.5625106130002, 22.480414130000156], [113.54635483700031, 22.43758548800014], [113.55157107300022, 22.395836745000054], [113.55811608200031, 22.380764064999937], [113.58163496200018, 22.37132396000004], [113.61036217500032, 22.370184637000193], [113.59945722700024, 22.350531316999934], [113.59725996200018, 22.341538804000095], [113.59669030000032, 22.32575104400013], [113.59229576900032, 22.316148179000095], [113.58301842500043, 22.309515692000105], [113.57357832100024, 22.300726630000156], [113.57470248900017, 22.284831527000108], [113.57720985200024, 22.266637462999995], [113.5837478440003, 22.26345862700026], [113.5899867300003, 22.253415329000063], [113.58765470100036, 22.237882255000045], [113.5611956040002, 22.233730111999932], [113.55285748400024, 22.219006415000194], [113.5385848320002, 22.221747137000136], [113.52295983200042, 22.213039455000114], [113.52295983200042, 22.212998765000123], [113.52947024800028, 22.202866929000095], [113.52987714900053, 22.202256578000117], [113.52808678500014, 22.19993724200009], [113.5214949880002, 22.19131094000005], [113.4972299140004, 22.17164050200023], [113.48374549000016, 22.155142169000158], [113.45921374300042, 22.158004487000028], [113.42562910200036, 22.186224677000155], [113.41903730600029, 22.208807684000192], [113.41187584700026, 22.225531317000048], [113.36451256600026, 22.267767645000276], [113.36231530000032, 22.27496979400013], [113.36019941500024, 22.293158270000106], [113.35702558700052, 22.301906643000166], [113.35157311300031, 22.308335679000095], [113.3032332690002, 22.34365469000022], [113.27637780000043, 22.37205638200004], [113.25562584700015, 22.40387604400007], [113.24268639400032, 22.45746491100016], [113.23194420700031, 22.479071356000077], [113.17758222700047, 22.564113673999998], [113.16529381600003, 22.57558828300006], [113.15845787900025, 22.50674062700017], [113.16016686300043, 22.487616278000075], [113.16561933700041, 22.47874583500021], [113.18921959700037, 22.462591864000103], [113.22730553500014, 22.425279039000202], [113.30298912900025, 22.309759833000157], [113.31815839500018, 22.289166392000027], [113.32850605300052, 22.268475656000135], [113.35401451900043, 22.24355703300006], [113.36451256600026, 22.23012929900017], [113.4019705300002, 22.17957411800012], [113.36255944100026, 22.171454169000185], [113.35084069100037, 22.17153554900017], [113.32545006600026, 22.183661200000245], [113.3129988940002, 22.18577708500021], [113.30274498800031, 22.183294989000046], [113.29794355600029, 22.176825262000023], [113.29468834700015, 22.167873440000108], [113.28565514400054, 22.153265692000275], [113.28223717500043, 22.145412502000113], [113.27816816500012, 22.14052969000005], [113.27352949300007, 22.138373114000103], [113.26343834700037, 22.137030341000127], [113.25098717500009, 22.11566803600016], [113.2465926440002, 22.1034610050001], [113.25586998800043, 22.082668361000117], [113.25497480600006, 22.071112372000073], [113.25123131600014, 22.060736394999992], [113.24716230600006, 22.054266669000242], [113.23056074300041, 22.043158270000163], [113.21412194100003, 22.045314846000053], [113.1946921580003, 22.046395046999976], [113.17831417500042, 22.0409141720001], [113.15746661600042, 22.024699645000112], [113.13962991200026, 22.036851782000042], [113.11885684100037, 22.065838498000176], [113.11060631600026, 22.099188544000185], [113.1153263680003, 22.113470770000106], [113.12452233200042, 22.131089585000097], [113.11824435300014, 22.143745558000205], [113.1274520190002, 22.160956122000073], [113.11915123800009, 22.17194245000013], [113.11329186300031, 22.187404690000164], [113.11036217500043, 22.20416901200025], [113.11060631600026, 22.219305731000247], [113.08505293100029, 22.20758698100019], [113.07729033400005, 22.14726667700012], [113.05789313000025, 22.12109389400024], [113.02661394800054, 22.143212451000068], [113.02063776900013, 22.12597756700029], [113.02211028100044, 22.101146484000196], [113.01762046700026, 22.081842543000164], [113.01610515000039, 22.057711938000125], [113.01830428500034, 22.0349500800001], [113.01828600200054, 22.02115791600005], [113.02272908800023, 22.002534255999933], [113.02121337500034, 21.984604708000063], [113.01896882200037, 21.977020068000115], [113.02119483900026, 21.972191247000126], [113.02861834200041, 21.9611483610002], [113.02562004300046, 21.94942535699994], [113.01667585600035, 21.942533338000203], [113.0014754570002, 21.938706773000035], [112.99472089900019, 21.93842194200016], [112.98934980600029, 21.937323309000135], [112.98707116000026, 21.928534247000186], [112.98593183700041, 21.920558986000117], [112.9809676440002, 21.907171942000048], [112.97958418100029, 21.90119049700013], [112.97266686300009, 21.892075914000316], [112.95708123400027, 21.875653459000148], [112.92877957200017, 21.865298931000154], [112.91158606600027, 21.856290824000098], [112.87940514400032, 21.87518952000005], [112.87110436300031, 21.893744208000157], [112.8589787120003, 21.932521877000056], [112.85157311300031, 21.948309637000193], [112.84083092500032, 21.960923570000205], [112.82601972700024, 21.966131903000075], [112.81478925900024, 21.961574611000117], [112.80770918100006, 21.95282623900016], [112.80038496200018, 21.94717031500005], [112.7885848320002, 21.951808986000117], [112.7437443370003, 21.93195221600007], [112.7402449880002, 21.92544179900011], [112.73764082100024, 21.896877346000224], [112.73047936300031, 21.890326239000046], [112.70606530000009, 21.8917910830001], [112.70045006600037, 21.890326239000046], [112.69629967500043, 21.88580963700008], [112.6909285820002, 21.875148830000057], [112.68555748800043, 21.869859117000146], [112.64511152400019, 21.849351304000038], [112.64755293100029, 21.822658596000167], [112.63306725400037, 21.795803127000113], [112.6080021490003, 21.77509186399999], [112.57911217500032, 21.766831773000035], [112.5508732430003, 21.772853908000116], [112.44320722700024, 21.828436590999956], [112.42603600400025, 21.845160223000278], [112.41504967500032, 21.868475653000075], [112.41114342500043, 21.90119049700013], [112.42416425900024, 21.917792059000078], [112.48145592500032, 21.94464752799996], [112.49366295700054, 21.966131903000075], [112.48617597700047, 21.966131903000075], [112.4688419930003, 21.955959377000056], [112.43628991000014, 21.94562409100024], [112.40479576900032, 21.942857164000145], [112.3906356130002, 21.955511786000045], [112.38843834700049, 21.963120834999984], [112.3785099620003, 21.976874091000184], [112.37631269600001, 21.986558335000154], [112.37720787900025, 21.994574286000216], [112.38168379000035, 22.006740627000283], [112.39283287900025, 22.05630117400011], [112.39747155000043, 22.06850820500017], [112.37818444100026, 22.058417059000135], [112.36483808700018, 22.03449127799996], [112.3575138680003, 22.00535716400026], [112.35653730600029, 21.979722398000035], [112.37012780000043, 21.93878815300019], [112.38770592500043, 21.908758856000077], [112.3906356130002, 21.90119049700013], [112.38778730600029, 21.8761660830001], [112.38843834700049, 21.862250066999934], [112.39405358200031, 21.856268622000186], [112.3979598320002, 21.85057200700004], [112.40113366000026, 21.83746979400013], [112.40430748800031, 21.811509507000267], [112.40211022200026, 21.801418361000003], [112.39283287900025, 21.78514232000009], [112.38795006600026, 21.756089585000097], [112.38143964900041, 21.74852122600015], [112.37256920700031, 21.742621161000216], [112.36329186300031, 21.73334381700016], [112.3321232430003, 21.724066473000107], [112.28622480600006, 21.708807684000135], [112.24488366000014, 21.706529039000145], [112.22681725400014, 21.72964101800011], [112.21664472700036, 21.735541083000044], [112.19686933700041, 21.74233633000017], [112.18238366000048, 21.752997137000193], [112.18897545700042, 21.770575262000023], [112.19898522200026, 21.786810614000103], [112.2031356130002, 21.806708075000188], [112.20093834700049, 21.826727606000247], [112.19263756600026, 21.84316640800006], [112.18222089900041, 21.82314687700017], [112.17269941500024, 21.814439195000205], [112.0855412120003, 21.796087958000157], [112.04721113400035, 21.794989325000245], [112.02816816500047, 21.79734935100015], [112.01303144600024, 21.804388739000103], [112.00709069100026, 21.818670966000127], [112.01295006600026, 21.834621486000003], [112.03736412900025, 21.862494208000157], [112.04127037900025, 21.88418203300006], [112.03443444100003, 21.88418203300006], [112.01880944100037, 21.859808661000102], [111.99317467500015, 21.83417389500005], [111.96924889400037, 21.824042058999964], [111.95167076900015, 21.86497630399998], [111.93409264400015, 21.890448309000192], [111.91187584700032, 21.91356028900003], [111.8903914720002, 21.925116278000075], [111.88892662900042, 21.899115302000098], [111.89063561300026, 21.86737702000005], [111.8957625660002, 21.837062893000166], [111.90406334700037, 21.815252997000186], [111.9206649100002, 21.800034898000035], [111.94638105600029, 21.78587474200009], [111.97510826900015, 21.776190497000243], [112.00025475400037, 21.77431875200017], [111.99195397200032, 21.763820705000114], [111.91456139400003, 21.71906159100007], [111.90577233200025, 21.71588776200025], [111.90406334700037, 21.708807684000135], [111.90414472700036, 21.70172760600019], [111.90064537900037, 21.698553778000303], [111.8957625660002, 21.69586823100002], [111.88428795700014, 21.68284739800015], [111.87671959700009, 21.678127346000053], [111.86793053500031, 21.67670319200016], [111.83887780000015, 21.678127346000053], [111.83692467500032, 21.68528880399998], [111.84229576900026, 21.699042059000078], [111.8537703790002, 21.707424221000167], [111.8698836600002, 21.698553778000303], [111.87671959700009, 21.698553778000303], [111.87533613400029, 21.709702867000203], [111.86947675900018, 21.716742255000213], [111.86060631600031, 21.721502997000073], [111.8493758470002, 21.725816148000206], [111.8361922540002, 21.716986395000163], [111.82935631600031, 21.72870514500005], [111.82894941500035, 21.749212957999987], [111.83505293100012, 21.766831773000035], [111.82227623800037, 21.752101955], [111.80689537900042, 21.743312893000052], [111.79395592500026, 21.744533596000053], [111.78793379000035, 21.759995834999984], [111.76978600400031, 21.753607489000274], [111.75790449300035, 21.75332265800006], [111.7258406910002, 21.766831773000035], [111.72120201900026, 21.762640692000275], [111.70093834700037, 21.768377997000073], [111.67807050900007, 21.781154690000164], [111.69556725400031, 21.761419989000217], [111.76059004000007, 21.725816148000206], [111.77247155000015, 21.70547109600011], [111.77963300900018, 21.67544179900017], [111.77369225400042, 21.650132554000095], [111.7469181650003, 21.643947657999945], [111.76034589900024, 21.64020416900013], [111.77247155000015, 21.63519928600016], [111.78207441500018, 21.627590236000117], [111.78793379000035, 21.6160342470003], [111.74813886800035, 21.61444733300027], [111.72836347700041, 21.61635976800011], [111.71290123800031, 21.62343984600011], [111.69044030000032, 21.60382721600024], [111.66578209700032, 21.558661200000074], [111.65137780000015, 21.540920315000108], [111.64047285200024, 21.5331485050001], [111.63046308700046, 21.529852606000134], [111.61972089900036, 21.533026434000192], [111.60645592500003, 21.544623114000103], [111.6009220710003, 21.554144597999937], [111.59652754000041, 21.565497137000193], [111.59107506600009, 21.57575104400013], [111.58187910200041, 21.581854559000192], [111.58082116000043, 21.568345445000148], [111.58204186300026, 21.555487372000186], [111.58643639400037, 21.54376862200013], [111.59555097700019, 21.534084377000056], [111.57772871200035, 21.530015367000203], [111.55665123800026, 21.52236562700017], [111.5378524100002, 21.520453191999934], [111.52719160200007, 21.534084377000056], [111.5210067070002, 21.534084377000056], [111.51661217500003, 21.52456289300028], [111.50448652400013, 21.51821523600006], [111.48934980600023, 21.514715887000136], [111.47608483200014, 21.513617255000213], [111.46810957100041, 21.518255927000155], [111.46713300900029, 21.529445705000114], [111.47266686300037, 21.55459219000005], [111.4553328790002, 21.55117422100011], [111.44410241000031, 21.563625393000052], [111.43222089900036, 21.602972722999937], [111.42432701900037, 21.590277411000045], [111.41211998800014, 21.576320705000114], [111.41114342500003, 21.568264065000164], [111.41553795700003, 21.557684637000193], [111.43091881600037, 21.54401276200008], [111.43799889400015, 21.534084377000056], [111.38778730600035, 21.541449286000045], [111.36280358200014, 21.54120514500005], [111.34970136800035, 21.526678778000075], [111.36304772200043, 21.532416083000214], [111.37647545700025, 21.53270091400009], [111.40430748800014, 21.526678778000075], [111.39356530000038, 21.519680080000114], [111.36280358200014, 21.50678131700016], [111.35645592500026, 21.501288153000075], [111.34433027400036, 21.487494208000157], [111.29249108200037, 21.450628973000164], [111.26734459700032, 21.439357815000164], [111.25294030000015, 21.44472890800006], [111.26905358200003, 21.45213450700004], [111.2802840500002, 21.46531810100015], [111.30128014400015, 21.49933502800019], [111.27979576900003, 21.506293036000216], [111.2556258470002, 21.517279364000217], [111.23218834700043, 21.52456289300028], [111.21265709700037, 21.520453191999934], [111.20630944100043, 21.532049872000243], [111.19239342500026, 21.531195380000042], [111.1579695970002, 21.520453191999934], [111.1579695970002, 21.513617255000213], [111.17164147200037, 21.513617255000213], [111.16757246200046, 21.508612372000073], [111.16496829500039, 21.50600820500017], [111.17164147200037, 21.49933502800019], [111.18417402400024, 21.50576406500005], [111.1988224620003, 21.507798570000034], [111.21363366000043, 21.505682684000135], [111.22632897200032, 21.49933502800019], [111.18458092500026, 21.485663153000075], [111.16163170700037, 21.476385809000192], [111.14364668100035, 21.465806382000153], [111.13404381600043, 21.471625066999934], [111.11988366000031, 21.473374742000203], [111.08838951900015, 21.472642320000205], [111.08838951900015, 21.48012929900017], [111.1299748060004, 21.493109442000048], [111.1299748060004, 21.49933502800019], [111.12671959700043, 21.50259023600006], [111.12378991000043, 21.50678131700016], [111.11670983200025, 21.50096263200004], [111.10767662900042, 21.495794989000103], [111.09791100400025, 21.492661851000037], [111.08838951900015, 21.493109442000048], [111.07935631600031, 21.497870184000135], [111.07846113400029, 21.502875067000105], [111.07935631600031, 21.50812409100007], [111.0754500660002, 21.513617255000213], [111.0344344410002, 21.531480210000154], [111.02759850400031, 21.540920315000108], [111.0232853520003, 21.527818100999923], [111.01172936300026, 21.52118561400016], [110.98593183700024, 21.513617255000213], [110.99569746200046, 21.507635809000192], [111.00220787900025, 21.48993561399999], [111.01392662900037, 21.485663153000075], [111.00131269600018, 21.462876695000148], [110.99244225400042, 21.454982815000164], [110.97974694100043, 21.45213450700004], [110.97974694100043, 21.44472890800006], [110.99537194100043, 21.44529857000032], [111.00814863400018, 21.44989655200021], [111.01693769600018, 21.458075262000136], [111.02011152400024, 21.469224351000094], [111.02686608200025, 21.47931549700013], [111.0422469410002, 21.48456452000005], [111.05860436300003, 21.48309967700027], [111.06861412900031, 21.472642320000205], [111.04371178500043, 21.46938711100006], [111.02491295700003, 21.456529039000202], [110.9929305350002, 21.424872137000136], [110.96591230600035, 21.432847398000206], [110.94117272200009, 21.422064520000106], [110.91724694100031, 21.40591054900011], [110.8933211600002, 21.39752838700008], [110.8896590500002, 21.39549388200004], [110.87728925900018, 21.386135158000172], [110.8698836600002, 21.38324616100016], [110.8693953790002, 21.384711005000042], [110.85230553500037, 21.389146225999923], [110.82984459700037, 21.392238673999998], [110.82982264748881, 21.3922473482059], [110.80616295700025, 21.401597398000035], [110.79053795700025, 21.40375397300005], [110.76815839900024, 21.39752838700008], [110.74398847700041, 21.38255442900015], [110.70484459700009, 21.348537502000113], [110.69003339900047, 21.331000067000048], [110.67628014400037, 21.309637762000307], [110.66488691500035, 21.28563060100015], [110.65707441500035, 21.260402736000117], [110.65088951900037, 21.260402736000117], [110.65479576900026, 21.314601955000057], [110.66285241000031, 21.33722565300019], [110.67758222700019, 21.348537502000113], [110.66456139400015, 21.348374742000146], [110.65552819100031, 21.342759507000153], [110.64893639400015, 21.333319403000132], [110.64332116000026, 21.321844794000242], [110.64185631600037, 21.337307033000172], [110.63575280000038, 21.34642161700009], [110.63184655000026, 21.355373439999937], [110.6364852220002, 21.37026601800028], [110.64478600400008, 21.374579169000185], [110.67164147200043, 21.38129303599993], [110.69239342500038, 21.399155992000203], [110.7246199880002, 21.403143622000073], [110.75538170700037, 21.413397528000075], [110.76636803500043, 21.44472890800006], [110.76002037900031, 21.44472890800006], [110.72730553500008, 21.418890692000048], [110.63559004000041, 21.381048895000106], [110.61670983200037, 21.345404364000046], [110.61573326900015, 21.30121491100016], [110.61972089900036, 21.290757554000095], [110.64332116000026, 21.252915757000153], [110.6364852220002, 21.23016998899999], [110.61695397200032, 21.229681708000044], [110.57520592500026, 21.246730861000174], [110.57715905000015, 21.240383205000057], [110.58017011800024, 21.234605210000097], [110.58407636800013, 21.229681708000044], [110.58871504000007, 21.225572007000267], [110.48145592500038, 21.21718984600011], [110.4632267590004, 21.21214427299998], [110.4476017590004, 21.20359935100015], [110.43116295700003, 21.191473700000074], [110.42432701900037, 21.191473700000074], [110.42701256600009, 21.20600006700016], [110.43555748800014, 21.226304429000095], [110.4373478520003, 21.23924388200021], [110.43344160200019, 21.251288153000132], [110.42701256600009, 21.261542059000135], [110.42579186300026, 21.26923248900016], [110.4373478520003, 21.2733828800001], [110.43580162900037, 21.27920156500005], [110.43311608200025, 21.28286367400011], [110.42929121200035, 21.285345770000106], [110.42432701900037, 21.28766510600019], [110.42733808700046, 21.28856028900009], [110.4299422540002, 21.288478908000172], [110.43148847700036, 21.289496161000272], [110.43116295700003, 21.29389069200016], [110.4373478520003, 21.29389069200016], [110.44629967500015, 21.289984442000048], [110.45663496200024, 21.287746486000174], [110.46631920700031, 21.283433335000097], [110.47266686300003, 21.2733828800001], [110.47885175900018, 21.2733828800001], [110.48031660200036, 21.281683661000102], [110.4821883470002, 21.286566473000164], [110.48633873800014, 21.29389069200016], [110.48633873800014, 21.301336981000134], [110.47885175900018, 21.301336981000134], [110.47315514400037, 21.29547760600019], [110.46607506600043, 21.296087958000044], [110.45704186300026, 21.299302476000094], [110.44483483200037, 21.301336981000134], [110.44483483200037, 21.307562567000105], [110.48633873800014, 21.32868073100019], [110.48633873800014, 21.335516669000015], [110.47803795700037, 21.336371161000045], [110.47266686300003, 21.33490631700016], [110.46876061300014, 21.332017320000148], [110.4653426440002, 21.32868073100019], [110.4653426440002, 21.348537502000113], [110.45118248800031, 21.331976630000156], [110.44190514400026, 21.314357815000108], [110.43392988400029, 21.308783270000106], [110.42432701900037, 21.32868073100019], [110.42392011800041, 21.341620184000305], [110.4373478520003, 21.39752838700008], [110.43116295700003, 21.39752838700008], [110.4195255870003, 21.377427476000037], [110.40097089900041, 21.387030341000298], [110.36898847700041, 21.424872137000136], [110.37867272200043, 21.43748607000032], [110.3831486340004, 21.441473700000188], [110.38949629000018, 21.44472890800006], [110.38949629000018, 21.45213450700004], [110.35849043100023, 21.43573639500005], [110.37208092500032, 21.403021552000098], [110.39437910200041, 21.363999742000146], [110.38949629000018, 21.32868073100019], [110.38583418100029, 21.33148834800005], [110.37647545700025, 21.335516669000015], [110.38266035200036, 21.321844794000242], [110.36817467500038, 21.325344143000166], [110.34498131600043, 21.33885325700004], [110.32813561300026, 21.34227122600015], [110.32813561300026, 21.335516669000015], [110.34140058700041, 21.3300235050001], [110.35670006600037, 21.319159247000186], [110.36630293100023, 21.30609772300005], [110.36280358200014, 21.29389069200016], [110.36280358200014, 21.28766510600019], [110.3737899100002, 21.280585028000246], [110.38485761800024, 21.271063544000242], [110.39340254000007, 21.260402736000117], [110.39698326900015, 21.249823309000078], [110.39901777400036, 21.245550847999937], [110.40821373800026, 21.23802317899998], [110.41065514400026, 21.2323672550001], [110.40992272200043, 21.22378164300028], [110.4074813160002, 21.21698639500005], [110.4045516290002, 21.212062892999995], [110.4031681650003, 21.208482164000316], [110.40235436300031, 21.193670965999956], [110.39942467500038, 21.1765811220003], [110.39405358200014, 21.16254303600016], [110.38607832100024, 21.156724351000207], [110.3753361340004, 21.152655341000127], [110.34742272200032, 21.133205471000053], [110.33375084700037, 21.116359768000052], [110.31527754000035, 21.107652085000154], [110.28028405000026, 21.095892645000276], [110.2692977220002, 21.089178778000132], [110.22177168100046, 21.032660223000107], [110.21884199300035, 21.027573959999984], [110.21021569100037, 21.034572658000172], [110.20557701900003, 21.049383856000134], [110.20386803500026, 21.06696198100019], [110.20460045700025, 21.082220770000163], [110.19556725400042, 21.071275132000096], [110.19068444100026, 21.059068101000207], [110.18409264400032, 21.033840236000117], [110.17782636800035, 21.02008698100002], [110.15674889400003, 20.98602936399999], [110.14307701900032, 20.99225495000013], [110.14307701900032, 20.98602936399999], [110.15479576900037, 20.977280992000203], [110.15512129000041, 20.961981512000136], [110.15097089900024, 20.943182684000135], [110.14926191500007, 20.923976955000057], [110.1541447270003, 20.90643952000005], [110.1716414720002, 20.87702057500013], [110.17725670700037, 20.862494207999987], [110.16724694100031, 20.872992255000042], [110.16415449300024, 20.876776434000078], [110.15674889400003, 20.876776434000078], [110.16065514400015, 20.867905992000146], [110.16187584700032, 20.86220937700017], [110.16065514400015, 20.856675523000035], [110.15674889400003, 20.848863023000206], [110.16073652400047, 20.847845770000163], [110.16293379000018, 20.847886460000154], [110.16391035200019, 20.846747137000136], [110.16415449300024, 20.84202708500004], [110.16871178500037, 20.842678127000056], [110.16944420700037, 20.843939520000106], [110.16879316500035, 20.846096096000167], [110.17042076900037, 20.848863023000206], [110.17750084700032, 20.847479558999964], [110.18018639400037, 20.846014716000184], [110.18336022200043, 20.846096096000167], [110.19149824300047, 20.848863023000206], [110.19149824300047, 20.835842190000164], [110.2116805350002, 20.840521552000098], [110.28711998800026, 20.84202708500004], [110.30079186300037, 20.852118231000247], [110.31967207100041, 20.859930731000077], [110.33578535200019, 20.85883209800005], [110.34180748800037, 20.84202708500004], [110.34864342500015, 20.848863023000206], [110.35523522200009, 20.839667058999964], [110.36109459700043, 20.835882880000156], [110.36581464900036, 20.83856842700004], [110.36898847700041, 20.848863023000206], [110.38624108200014, 20.82599518400025], [110.40267988400029, 20.790106512000136], [110.40943444100043, 20.75096263200021], [110.39698326900015, 20.718491929000038], [110.38355553500043, 20.713446356000077], [110.36898847700041, 20.719671942000048], [110.35645592500015, 20.73232656500022], [110.34864342500015, 20.746405340999956], [110.34725996200035, 20.7617862000003], [110.34815514400015, 20.803045965999956], [110.34180748800037, 20.82151927299998], [110.33375084700037, 20.805731512000136], [110.32862389400026, 20.799750067000218], [110.32129967500026, 20.794256903000075], [110.33301842500015, 20.77875397300005], [110.33212324300035, 20.76788971600007], [110.3225203790002, 20.75995514500005], [110.30762780000015, 20.753241278000075], [110.31446373800014, 20.746405340999956], [110.31063886800024, 20.745062567000048], [110.30884850400042, 20.74510325700004], [110.30811608200037, 20.743963934000192], [110.30762780000015, 20.738959051999984], [110.33749433700046, 20.725816148000035], [110.32943769600007, 20.707220770000106], [110.30884850400042, 20.683986721000167], [110.30079186300037, 20.65704987200013], [110.3077091810004, 20.660386460000154], [110.31348717500026, 20.66486237200013], [110.31796308700024, 20.670599677000098], [110.32129967500026, 20.677557684000192], [110.32813561300026, 20.677557684000192], [110.32960045700014, 20.66445547100011], [110.32837975400031, 20.65265534100007], [110.32374108200037, 20.64305247600015], [110.31446373800014, 20.636542059000192], [110.3259383470002, 20.630764065000108], [110.33936608200037, 20.631537177000155], [110.35214277400041, 20.636542059000192], [110.36280358200014, 20.643377997000186], [110.36280358200014, 20.622300523000092], [110.37183678500037, 20.634344794000185], [110.38062584700032, 20.633775131999926], [110.38917076900015, 20.625921941999934], [110.39698326900015, 20.616115627000113], [110.39193769600018, 20.606756903000075], [110.39747155000015, 20.59544505399998], [110.40853925900007, 20.585923570000205], [110.42514082100041, 20.580064195000034], [110.44296308700046, 20.57086823100019], [110.45167076900026, 20.567694403000132], [110.45801842500038, 20.567368882000096], [110.47266686300003, 20.568589585000097], [110.47885175900018, 20.567694403000132], [110.4952091810004, 20.55316803600016], [110.51148522200032, 20.527899481000134], [110.53419030000026, 20.478257554000095], [110.51539147200026, 20.4347598330001], [110.50228925900018, 20.41274648600023], [110.48267662900031, 20.403225002000056], [110.47535241000031, 20.397650458000157], [110.45850670700031, 20.362250067000048], [110.40683027400036, 20.305161851000094], [110.39999433700024, 20.300767320000205], [110.3767195970002, 20.305243231000077], [110.36207116000031, 20.30487702000005], [110.35547936300014, 20.297349351000094], [110.34433027400024, 20.27924225500027], [110.31967207100041, 20.269720770000163], [110.29403730600023, 20.262925523000206], [110.28028405000026, 20.252997137000136], [110.26563561300014, 20.264146226000264], [110.25635826900026, 20.269354558999964], [110.24561608200025, 20.27342357000032], [110.23715254000041, 20.27496979400013], [110.20801842500026, 20.27342357000032], [110.19662519600018, 20.27024974200026], [110.19263756600031, 20.26325104400007], [110.19117272200043, 20.256170966000127], [110.18775475400042, 20.252997137000136], [110.12753339900047, 20.2479922550001], [110.10962975400031, 20.252997137000136], [110.09310957100024, 20.270575262000193], [110.08570397200043, 20.27342357000032], [110.07764733200014, 20.274562893000166], [110.06983483200014, 20.277777411000216], [110.06373131600037, 20.283026434000078], [110.06112714900024, 20.2902285830001], [110.05762780000038, 20.29637278900026], [110.04892011800035, 20.300238348000107], [110.03785241000031, 20.30170319200016], [110.02711022200026, 20.300767320000205], [110.02157636800047, 20.297023830000057], [110.0118107430003, 20.28367747600015], [110.00595136800013, 20.280340887000193], [110.00098717500038, 20.2808291690003], [109.99520918100029, 20.28278229400013], [109.9914656910002, 20.284979559000135], [109.99227949300035, 20.286525783000172], [109.96583092500015, 20.280951239000274], [109.95093834700037, 20.272162177000098], [109.94442793100029, 20.25608958500004], [109.94141686300037, 20.25185781500022], [109.93392988400018, 20.244126695000205], [109.92489668100035, 20.238267320000034], [109.91724694100037, 20.239325262000193], [109.91456139400026, 20.248480536000102], [109.91724694100037, 20.259955145000106], [109.92172285200041, 20.26968008000017], [109.9240828790002, 20.27342357000032], [109.92855879000041, 20.294582424000225], [109.93091881600009, 20.317816472999937], [109.92872155000038, 20.326361395000163], [109.91944420700025, 20.34223053600016], [109.91724694100037, 20.35228099200009], [109.88575280000015, 20.366359767999995], [109.87411543100035, 20.37628815300019], [109.88990319100009, 20.38271719000005], [109.86280358200025, 20.40631745000013], [109.86573326900026, 20.410060940000108], [109.87891686300003, 20.41087474200009], [109.88803144600041, 20.414048570000148], [109.8938094410002, 20.420477606000077], [109.89608808700024, 20.431097722999937], [109.9035750660002, 20.431097722999937], [109.9148869150003, 20.418646552000098], [109.94581139400026, 20.395738023000092], [109.9580998060004, 20.38271719000005], [109.97486412900025, 20.35464101800011], [109.98243248800037, 20.351548570000034], [109.98544355600046, 20.37213776200008], [109.99244225400042, 20.384955144999992], [110.0061141290002, 20.401190497000073], [110.0154728520003, 20.418402411000045], [110.00977623800026, 20.434230861000003], [109.98397871200024, 20.45319245000013], [109.97225996200012, 20.46454498899999], [109.9649357430003, 20.478257554000095], [109.9629826180003, 20.47199127799996], [109.96045983200025, 20.466253973000164], [109.9585067070002, 20.459906317000048], [109.9580998060004, 20.451605536000102], [109.94361412900042, 20.460679429000095], [109.93921959700043, 20.473863023000035], [109.93751061300026, 20.489650783000172], [109.93091881600009, 20.506252346000053], [109.92994225400031, 20.47138092700021], [109.9270125660002, 20.454901434000135], [109.91724694100037, 20.44476959800005], [109.91480553500031, 20.457017320000205], [109.90951582100035, 20.47117747600015], [109.90292402400036, 20.48419830900025], [109.89608808700024, 20.49258047100011], [109.88282311300014, 20.49774811399999], [109.84970136800047, 20.500921942000048], [109.83521569100031, 20.506252346000053], [109.8274845710003, 20.51146067900015], [109.82211347700019, 20.516546942000048], [109.81959069100037, 20.523504950000245], [109.8210555350002, 20.534125067000105], [109.82569420700014, 20.542792059000078], [109.83179772200026, 20.54458242400017], [109.83749433700024, 20.544378973000107], [109.84140058700046, 20.54718659100007], [109.84376061300037, 20.557074286000272], [109.84522545700003, 20.581122137000193], [109.84823652400024, 20.595648505000042], [109.84140058700046, 20.595648505000042], [109.82772871200035, 20.554632880000042], [109.8210555350002, 20.554632880000042], [109.81885826900015, 20.589097398000263], [109.80201256600031, 20.61627838700008], [109.77588951900026, 20.631333726000094], [109.74586022200032, 20.629787502000056], [109.75171959700043, 20.645412502000056], [109.75025475400031, 20.66046784100007], [109.75155683700046, 20.673732815000164], [109.76571699300024, 20.684393622000186], [109.77515709700043, 20.686183986000174], [109.77979576900037, 20.683539130000213], [109.78524824300047, 20.679592190000108], [109.79712975400042, 20.677557684000192], [109.8059188160002, 20.67951080900025], [109.81275475400042, 20.68451569200016], [109.82772871200035, 20.697984117000146], [109.83065839900036, 20.69367096600007], [109.83700605600023, 20.689154364000103], [109.84140058700046, 20.684393622000186], [109.84424889400015, 20.689683335000097], [109.84888756600026, 20.69627513200004], [109.85409589900036, 20.70184967700027], [109.8587345710003, 20.70425039300011], [109.86190839900036, 20.708156642999995], [109.8604435560004, 20.715480861000117], [109.8547469410002, 20.7199160830001], [109.82943769600018, 20.70791250200017], [109.81397545700025, 20.708441472999937], [109.80103600400037, 20.70628489800015], [109.79371178500031, 20.69114817900015], [109.78687584700032, 20.69114817900015], [109.76026451900026, 20.729966539000145], [109.75643964900036, 20.74970123899999], [109.7732039720002, 20.76691315300019], [109.76343834700032, 20.7765567080001], [109.75814863400029, 20.792792059000192], [109.76026451900026, 20.807806708000044], [109.7732039720002, 20.81411367400017], [109.7732039720002, 20.82151927299998], [109.75204511800047, 20.84202708500004], [109.75204511800047, 20.848863023000206], [109.75953209700043, 20.848863023000206], [109.75953209700043, 20.855047919000015], [109.75302168100035, 20.863714911000216], [109.74537194100031, 20.867661851000094], [109.73780358200037, 20.865383205000228], [109.73153730600023, 20.855047919000015], [109.7390242850002, 20.807847398000035], [109.72836347700007, 20.81513092700021], [109.71387780000015, 20.833685614000217], [109.70435631600031, 20.84202708500004], [109.70679772200037, 20.831854559000192], [109.71786543100046, 20.807847398000035], [109.68946373800037, 20.83539459800005], [109.66561933700035, 20.880926825000017], [109.66122480600046, 20.927557684000135], [109.69125410200019, 20.958726304000095], [109.67896569100031, 20.973863023000092], [109.68067467500032, 20.99445221600007], [109.6975203790002, 21.040594794000185], [109.70077558700024, 21.038560289000145], [109.70850670700025, 21.03587474200009], [109.71168053500031, 21.033840236000117], [109.70980879000007, 21.057196356000134], [109.69996178500043, 21.082993882000153], [109.68555748800026, 21.106594142999995], [109.67017662900031, 21.123236395000163], [109.67660566500041, 21.138495184000135], [109.69589277400047, 21.170111395000106], [109.70435631600031, 21.178452866999976], [109.72022545700014, 21.183417059000192], [109.72836347700007, 21.177883205000114], [109.73642011800047, 21.16901276200008], [109.75204511800047, 21.164129950000188], [109.74667402400013, 21.179673570000205], [109.75489342500015, 21.19293854400013], [109.76710045700014, 21.204535222999937], [109.7732039720002, 21.21539948100002], [109.7702742850002, 21.271307684000192], [109.76571699300024, 21.28082916900007], [109.76571699300024, 21.28766510600019], [109.77352949300024, 21.299709377000113], [109.77393639400003, 21.318670966000184], [109.76571699300024, 21.355943101000094], [109.77637780000026, 21.353664455000228], [109.78370201900026, 21.34829336100006], [109.7873641290002, 21.3399112000003], [109.78687584700032, 21.32868073100019], [109.79981530000003, 21.332912502000113], [109.8034774100002, 21.341213283000116], [109.8039656910002, 21.35004303600016], [109.80738366000008, 21.355943101000094], [109.81625410200041, 21.357570705000114], [109.84140058700046, 21.355943101000094], [109.9240828790002, 21.362779039000316], [109.9240828790002, 21.37026601800028], [109.90479576900026, 21.39069245000013], [109.91757246200035, 21.413804429000095], [109.94052168100035, 21.437201239000103], [109.95126386800035, 21.458400783000172], [109.9334416020003, 21.453802802000155], [109.92457116000037, 21.465033270000163], [109.92725670700025, 21.479803778000132], [109.94442793100029, 21.485663153000075], [109.94442793100029, 21.493109442000048], [109.91797936300037, 21.489406642999995], [109.88697350400042, 21.481512762000136], [109.85897871200035, 21.482814846000053], [109.84140058700046, 21.50678131700016], [109.82772871200035, 21.493109442000048], [109.82772871200035, 21.485663153000075], [109.83521569100031, 21.485663153000075], [109.83521569100031, 21.48012929900017], [109.82691491000037, 21.470526434000078], [109.82374108200031, 21.465033270000163], [109.8210555350002, 21.458400783000172], [109.8142195970002, 21.458400783000172], [109.80274498800014, 21.47333405200004], [109.79908287900031, 21.49860260600019], [109.80054772200043, 21.55459219000005], [109.78329511800024, 21.546372789000202], [109.77011152400047, 21.55158112200013], [109.76514733200025, 21.56338125200017], [109.7732039720002, 21.575100002000056], [109.7732039720002, 21.581854559000192], [109.7480574880002, 21.57493724200009], [109.7480574880002, 21.57461172100011], [109.74781334700037, 21.545233466000184], [109.76026451900026, 21.511623440000164], [109.7732039720002, 21.493109442000048], [109.7732039720002, 21.485663153000075], [109.76571699300024, 21.485663153000075], [109.76571699300024, 21.493109442000048], [109.75953209700043, 21.493109442000048], [109.74146569100043, 21.474025783000172], [109.70858808700024, 21.483303127000227], [109.6496688160002, 21.520453191999934], [109.6599227220002, 21.528062242000146], [109.66822350400008, 21.55963776200008], [109.67701256600043, 21.575100002000056], [109.67335045700037, 21.582098700000074], [109.67172285200007, 21.59662506700016], [109.67017662900031, 21.602972722999937], [109.6736759770003, 21.606390692000048], [109.67676842500038, 21.610052801999984], [109.67798912900031, 21.615301825000074], [109.67701256600043, 21.62343984600011], [109.65878339900036, 21.614935614000217], [109.63721764400026, 21.60162995000013], [109.62525475400042, 21.585394598000107], [109.63599694100043, 21.568264065000164], [109.62891686300026, 21.566839911000102], [109.62232506600031, 21.56781647300005], [109.61581464900047, 21.570705471000167], [109.6080021490003, 21.575100002000056], [109.6080021490003, 21.581854559000192], [109.61280358200014, 21.5897891300001], [109.61353600400031, 21.60122304900011], [109.61085045700025, 21.611517645000163], [109.60499108200014, 21.6160342470003], [109.60303795700025, 21.62059153900003], [109.6154891290002, 21.650132554000095], [109.59449303500043, 21.634182033000116], [109.58529707100018, 21.63084544500009], [109.5813908210003, 21.64020416900013], [109.57992597700041, 21.65045807500013], [109.57593834700032, 21.659369208000157], [109.56942793100023, 21.666489975999923], [109.5608830090004, 21.67129140800023], [109.56421959700043, 21.691229559000078], [109.56771894600035, 21.698553778000303], [109.56080162900042, 21.707261460000097], [109.5678817070002, 21.719956773000263], [109.58155358200014, 21.732367255000156], [109.59449303500043, 21.740179755000156], [109.59449303500043, 21.746405341000127], [109.5833439460003, 21.744533596000053], [109.5749617850002, 21.7456729190003], [109.56942793100023, 21.750637111000174], [109.56771894600035, 21.759995834999984], [109.49268639400015, 21.698553778000303], [109.49805748800026, 21.695379950000245], [109.50098717500026, 21.69188060100015], [109.50326582100018, 21.688381252000056], [109.50619550900029, 21.684963282999945], [109.50302168100023, 21.68451569200016], [109.49594160200019, 21.685003972999937], [109.49268639400015, 21.684963282999945], [109.49268639400015, 21.678127346000053], [109.49927819100009, 21.680161851000264], [109.5134383470002, 21.68268463700008], [109.5198673840004, 21.684963282999945], [109.52100670700025, 21.665757554000095], [109.50635826900026, 21.65766022300005], [109.48471113400018, 21.658026434000078], [109.46469160200019, 21.66445547100011], [109.46469160200019, 21.65761953300006], [109.52987714900041, 21.63568756700016], [109.54053795700014, 21.626898505000156], [109.5432235040002, 21.61957428600016], [109.57276451900026, 21.581732489000046], [109.57105553500026, 21.57623932500013], [109.56495201900026, 21.572739976000037], [109.5608830090004, 21.568264065000164], [109.5622664720002, 21.536932684000305], [109.5608830090004, 21.526678778000075], [109.55697675900035, 21.521551825000188], [109.54330488400018, 21.508246161000045], [109.54053795700014, 21.503078518000166], [109.53077233200031, 21.491644598000164], [109.48585045700037, 21.47431061399999], [109.47217858200025, 21.465806382000153], [109.46688886800047, 21.474839584999984], [109.46583092500003, 21.482896226000037], [109.46786543100035, 21.490871486000174], [109.47217858200025, 21.49933502800019], [109.46387780000038, 21.492987372000073], [109.45460045700003, 21.481838283000172], [109.44727623800003, 21.47011953300006], [109.44418379000035, 21.4621035830001], [109.4382430350002, 21.455064195000148], [109.42440839900041, 21.452378648000092], [109.34376061300026, 21.45351797100011], [109.33521569100043, 21.458156643000052], [109.32081139400026, 21.48012929900017], [109.31552168100023, 21.459051825000017], [109.29892011800035, 21.443264065000108], [109.27759850400008, 21.436997789000145], [109.25863691500018, 21.44472890800006], [109.25375410200019, 21.44033437700017], [109.2502547540002, 21.43829987200013], [109.2476505870003, 21.43626536700009], [109.24496504000041, 21.431626695000148], [109.23878014400026, 21.431626695000148], [109.23715254000041, 21.458685614000046], [109.23878014400026, 21.485663153000075], [109.22706139400037, 21.472235419000185], [109.21973717500038, 21.44912344000005], [109.21461022200043, 21.417425848000164], [109.17196699300024, 21.417547919000242], [109.1570744150003, 21.42352936400016], [109.14942467500026, 21.43854401200008], [109.14429772200032, 21.427557684000192], [109.14462324300035, 21.417954820000034], [109.14893639400026, 21.409979559000192], [109.15626061300026, 21.40375397300005], [109.13868248800026, 21.401597398000035], [109.0964461600002, 21.425197658000172], [109.07740319100031, 21.431626695000148], [109.05014082100041, 21.43716054900011], [109.0398055350002, 21.450262762000136], [109.04371178500031, 21.466253973000164], [109.06006920700014, 21.48012929900017], [109.08253014400003, 21.486029364000103], [109.10987389400032, 21.48956940299996], [109.13282311300031, 21.495917059000078], [109.14258873800014, 21.510199286000102], [109.14210045700014, 21.553452866999976], [109.13575280000015, 21.602972722999937], [109.12891686300037, 21.602972722999937], [109.12435957100041, 21.59096914300011], [109.11605879000007, 21.59056224200009], [109.1071883470002, 21.59796784100007], [109.10108483200014, 21.609198309000078], [109.09481855600035, 21.609198309000078], [109.08741295700037, 21.59955475499993], [109.07764733200037, 21.59699127800019], [109.0696720710003, 21.602240301999984], [109.06674238400029, 21.6160342470003], [109.06006920700014, 21.6160342470003], [109.05665123800003, 21.611558335000154], [109.04639733200037, 21.602972722999937], [109.04981530000038, 21.614081122000073], [109.05469811300037, 21.62205638200004], [109.06674238400029, 21.636542058999964], [109.06674238400029, 21.643947657999945], [109.04843183700024, 21.636908270000163], [109.01376386800035, 21.615383205000057], [108.99244225400008, 21.609198309000078], [108.97022545700014, 21.606350002000056], [108.95899498800003, 21.60659414300011], [108.94459069100043, 21.609198309000078], [108.92798912900031, 21.615057684000192], [108.92074629000007, 21.622015692000048], [108.9065047540002, 21.65082428600016], [108.90170332100018, 21.66518789300011], [108.89747155000026, 21.67129140800023], [108.89161217500015, 21.672674872000073], [108.87549889400015, 21.670152084999984], [108.8694767590004, 21.67129140800023], [108.85726972700024, 21.683417059000305], [108.85523522200026, 21.684963282999945], [108.85523522200026, 21.69428131700016], [108.86036217500015, 21.69790273600006], [108.86646569100031, 21.700181381999926], [108.8694767590004, 21.705389716000127], [108.86426842500026, 21.731878973000107], [108.86142011800041, 21.73334381700016], [108.86548912900037, 21.739732164000145], [108.8674422540002, 21.741400457999987], [108.86996504000041, 21.74233633000017], [108.8757430350002, 21.746405341000127], [108.8859969410002, 21.750433661000216], [108.91659589900013, 21.753810940000108], [108.92237389400032, 21.7628848330001], [108.9240828790002, 21.766831773000035], [108.91684004000018, 21.764349676999984], [108.90430748800026, 21.76276276200025], [108.89747155000026, 21.759995834999984], [108.90308678500043, 21.77431875200017], [108.8938094410002, 21.77155182500013], [108.88632246200024, 21.767157294000015], [108.88062584700043, 21.76117584800022], [108.8757430350002, 21.753810940000108], [108.8694767590004, 21.753810940000108], [108.86142011800041, 21.759995834999984], [108.86142011800041, 21.766831773000035], [108.86695397200032, 21.774155992000203], [108.8757430350002, 21.800970769999992], [108.8694767590004, 21.800970769999992], [108.85824629000035, 21.787298895000276], [108.85523522200026, 21.781154690000164], [108.8498641290002, 21.79169342700021], [108.85067793100035, 21.800523179000038], [108.85523522200026, 21.808172919000242], [108.86142011800041, 21.815252997000186], [108.84083092500026, 21.81159088700025], [108.80136152400047, 21.81834544500009], [108.77955162900042, 21.815252997000186], [108.78891035200019, 21.81093984600011], [108.82105553500043, 21.800970769999992], [108.81739342500026, 21.796576239000103], [108.81625410200041, 21.793361721000053], [108.81592858200014, 21.789007880000156], [108.8142195970002, 21.781154690000164], [108.83261152400024, 21.783840236000174], [108.8425399100002, 21.768052476000037], [108.84351647200032, 21.745021877000056], [108.8347274100002, 21.725816148000206], [108.82894941500041, 21.720038153000246], [108.82211347700019, 21.715033270000106], [108.81666100400037, 21.716376044000185], [108.8142195970002, 21.72964101800011], [108.81405683700024, 21.74111562700017], [108.81210371200024, 21.752427476000037], [108.80591881600043, 21.758449611000117], [108.7930607430003, 21.753810940000108], [108.79859459700043, 21.748277085000097], [108.80054772200009, 21.744818427000098], [108.79989668100035, 21.73334381700016], [108.7966414720002, 21.736965236000003], [108.79517662900042, 21.737982489000103], [108.79281660200007, 21.738430080000285], [108.78687584700032, 21.740179755000156], [108.7930607430003, 21.73334381700016], [108.78980553500026, 21.72915273600023], [108.78638756600037, 21.72785065300019], [108.78296959700043, 21.727443752000227], [108.77955162900042, 21.725816148000206], [108.79989668100035, 21.725816148000206], [108.79989668100035, 21.71906159100007], [108.7930607430003, 21.71906159100007], [108.7930607430003, 21.7128360050001], [108.81666100400037, 21.69969310100015], [108.83432050900018, 21.685736395000163], [108.83863366000026, 21.668036200000188], [108.82105553500043, 21.643947657999945], [108.84237714900047, 21.646389065000278], [108.85181725400025, 21.64598216400009], [108.86142011800041, 21.643947657999945], [108.84994550900018, 21.625962632000096], [108.83399498800014, 21.627997137000136], [108.81544030000026, 21.637925523000035], [108.79647871200024, 21.643947657999945], [108.78736412900042, 21.64142487200013], [108.78207441500007, 21.635484117000203], [108.7780867850002, 21.628729558999964], [108.77271569100026, 21.62343984600011], [108.76278730600023, 21.620550848000164], [108.7459416020003, 21.620266018000052], [108.73853600400042, 21.6160342470003], [108.74537194100037, 21.602972722999937], [108.73349043100046, 21.612738348000164], [108.73129316500041, 21.62946198100019], [108.72754967500026, 21.644761460000154], [108.7111922540002, 21.650132554000095], [108.7111922540002, 21.65761953300006], [108.73316491000008, 21.66242096600007], [108.74032636800024, 21.660142320000205], [108.74537194100037, 21.650132554000095], [108.75155683700012, 21.650132554000095], [108.75155683700012, 21.691717841000184], [108.74244225400031, 21.684149481000134], [108.74024498800026, 21.679999091000298], [108.73853600400042, 21.67129140800023], [108.7317000660002, 21.67129140800023], [108.71265709700032, 21.688421942000048], [108.71542402400036, 21.70913320500017], [108.72470136800024, 21.729722398000092], [108.72486412900031, 21.746405341000127], [108.71786543100012, 21.743150132000153], [108.7111922540002, 21.746405341000127], [108.70045006600043, 21.722479559000078], [108.69410241000031, 21.712144273000263], [108.68319746200024, 21.705389716000127], [108.67457116000043, 21.715399481000304], [108.65430748800014, 21.723537502000113], [108.6491805350002, 21.73334381700016], [108.65878339900036, 21.733221747000186], [108.66700280000038, 21.734849351000037], [108.68319746200024, 21.740179755000156], [108.68319746200024, 21.746405341000127], [108.66537519600018, 21.75185781500005], [108.65259850400031, 21.749986070000205], [108.64633222700007, 21.751369533000172], [108.6491805350002, 21.766831773000035], [108.6556095710003, 21.778225002000056], [108.6648055350002, 21.7871768250003], [108.6731063160002, 21.798000392999995], [108.67701256600026, 21.815252997000186], [108.66968834700043, 21.815252997000186], [108.66700280000038, 21.809515692000048], [108.66016686300026, 21.80133698100002], [108.65601647200032, 21.794826564999937], [108.64975019600018, 21.81415436400016], [108.6491805350002, 21.822088934000135], [108.6423445970002, 21.822088934000135], [108.64307701900003, 21.809393622000073], [108.64218183700024, 21.796861070000148], [108.63965905000015, 21.784979559000192], [108.63550866000008, 21.77431875200017], [108.62867272200043, 21.77431875200017], [108.6233016290002, 21.78351471600007], [108.62183678500031, 21.78790924700013], [108.61500084700032, 21.78790924700013], [108.6250106130002, 21.767808334999984], [108.62916100400037, 21.756089585000097], [108.62867272200043, 21.746405341000127], [108.59449303500026, 21.740179755000156], [108.59376061300026, 21.754828192000105], [108.59750410200007, 21.76654694200016], [108.60751386800035, 21.78790924700013], [108.58057701900032, 21.78131745000013], [108.56942793100046, 21.79437897300005], [108.57138105600012, 21.812811590999956], [108.58423912900042, 21.822088934000135], [108.60059655000015, 21.830633856000134], [108.62208092500026, 21.871079820000148], [108.63550866000008, 21.88418203300006], [108.63550866000008, 21.890326239000046], [108.62256920700037, 21.89622630400015], [108.59449303500026, 21.917669989000103], [108.59408613400007, 21.91120026200025], [108.59229576900037, 21.90680573100019], [108.5896916020003, 21.902899481000134], [108.58765709700043, 21.897853908000172], [108.58334394600018, 21.900539455000057], [108.57960045700014, 21.90180084800005], [108.5671492850002, 21.904608466000184], [108.57089277400024, 21.901271877000113], [108.57398522200032, 21.8999697940003], [108.57699629000041, 21.899359442000048], [108.58082116000031, 21.897853908000172], [108.57032311300026, 21.89337799700013], [108.5603133470002, 21.895493881999926], [108.55372155000038, 21.903753973000107], [108.55298912900008, 21.917669989000103], [108.55811608200037, 21.923651434000192], [108.56690514400015, 21.92780182500013], [108.57382246200035, 21.935451565000164], [108.57333418100035, 21.951808986000117], [108.5671492850002, 21.951808986000117], [108.56698652400013, 21.948553778000075], [108.56739342500015, 21.941961981000077], [108.5671492850002, 21.93878815300019], [108.5598250660002, 21.93878815300019], [108.55836022200032, 21.942572333000157], [108.55298912900008, 21.951808986000117], [108.55054772200032, 21.935451565000164], [108.54566491000026, 21.92381419500009], [108.53768964900024, 21.914496161000045], [108.5256453790002, 21.904608466000184], [108.52149498800026, 21.906724351000037], [108.50513756600043, 21.910834051999984], [108.50513756600043, 21.904608466000184], [108.51075280000015, 21.901597398000092], [108.51319420700031, 21.898504950000017], [108.51539147200026, 21.894924221000167], [108.5188094410002, 21.890326239000046], [108.50171959700032, 21.88580963700008], [108.48487389400015, 21.877101955000285], [108.47836347700036, 21.86640045800027], [108.49146569100031, 21.856268622000186], [108.46314537900025, 21.86298248900016], [108.46070397200032, 21.887111721000167], [108.4777938160002, 21.94501373900016], [108.47022545700025, 21.940252997000073], [108.46469160200041, 21.934312242000146], [108.46070397200032, 21.926947333000157], [108.45801842500026, 21.917669989000103], [108.45728600400031, 21.88833242400017], [108.44874108200014, 21.86579010600019], [108.45565839900041, 21.848781643000052], [108.46957441500018, 21.832953192000218], [108.4846297540002, 21.822088934000135], [108.48153730600029, 21.821478583000157], [108.47095787900042, 21.822088934000135], [108.47201582100041, 21.81753164300028], [108.47388756600009, 21.814439195000205], [108.47608483200037, 21.8117129580001], [108.4777938160002, 21.807806708000044], [108.48829186300026, 21.814764716000184], [108.4970809250002, 21.809027411000045], [108.50294030000015, 21.797593491999976], [108.50513756600043, 21.78790924700013], [108.50196373800037, 21.77667877800019], [108.49610436300026, 21.768255927000098], [108.49130293100035, 21.75771719000022], [108.49146569100031, 21.740179755000156], [108.48218834700043, 21.743597723000164], [108.4759220710003, 21.74433014500022], [108.4704695970002, 21.74306875200017], [108.46347089900036, 21.740179755000156], [108.4754337900003, 21.736761786000045], [108.48682701900037, 21.731878973000107], [108.49691816500024, 21.72589752800019], [108.50513756600043, 21.71906159100007], [108.50513756600043, 21.7128360050001], [108.49146569100031, 21.7128360050001], [108.49170983200037, 21.70868561400016], [108.49390709700032, 21.70587799700013], [108.49504642000039, 21.705633856000077], [108.49765058700046, 21.705389716000127], [108.49634850400008, 21.704779364000274], [108.49382571700033, 21.705389716000127], [108.4777938160002, 21.705389716000127], [108.4777938160002, 21.698553778000303], [108.48642011800035, 21.69725169500026], [108.49634850400008, 21.692938544000185], [108.50513756600043, 21.691717841000184], [108.50513756600043, 21.684963282999945], [108.50147545700037, 21.680365302000098], [108.50082441500018, 21.68032461100023], [108.5022892590004, 21.679144598000164], [108.50513756600043, 21.67129140800023], [108.51303144600041, 21.700181381999926], [108.52011152400036, 21.71263255400021], [108.5330509770003, 21.71906159100007], [108.53052819100026, 21.710191148000035], [108.52597089900013, 21.705389716000127], [108.52149498800026, 21.702297268000052], [108.5188094410002, 21.698553778000303], [108.51791425900018, 21.689276434000078], [108.52076256600043, 21.680568752000056], [108.5188094410002, 21.67129140800023], [108.52401777400047, 21.675604559000135], [108.52792402400036, 21.677679755000042], [108.53101647200043, 21.67987702000005], [108.5330509770003, 21.684963282999945], [108.53711998800026, 21.685370183999964], [108.53858483200014, 21.68402741100016], [108.53931725400031, 21.678127346000053], [108.54224694100037, 21.683823960000097], [108.55298912900008, 21.698553778000303], [108.5598250660002, 21.698553778000303], [108.56544030000032, 21.678534247000243], [108.55722089900047, 21.671616929000038], [108.54517662900008, 21.66608307500013], [108.53931725400031, 21.650132554000095], [108.54883873800014, 21.6561953800001], [108.55298912900008, 21.65761953300006], [108.54688561300031, 21.64305247600015], [108.53598066500041, 21.63800690300019], [108.52344811300014, 21.639308986000003], [108.51197350400025, 21.643947657999945], [108.51197350400025, 21.636542058999964], [108.51734459700032, 21.634955145000106], [108.52100670700025, 21.633002020000276], [108.52540123800037, 21.631170966000298], [108.5330509770003, 21.630316473000164], [108.53052819100026, 21.620510158000172], [108.52686608200003, 21.61424388200004], [108.52100670700025, 21.610785223000107], [108.51197350400025, 21.609198309000078], [108.51661217500032, 21.5991885440003], [108.5188094410002, 21.595526434000135], [108.49048912900031, 21.583685614000103], [108.48121178500008, 21.581854559000192], [108.48007246200024, 21.587836005000042], [108.48178144600024, 21.599514064999937], [108.48910566500007, 21.60761139500005], [108.50513756600043, 21.602972722999937], [108.50513756600043, 21.609198309000078], [108.49146569100031, 21.62343984600011], [108.4785262380002, 21.606146552000098], [108.47177168100046, 21.600490627000113], [108.46347089900036, 21.595526434000135], [108.4699813160002, 21.586900132000153], [108.47120201900037, 21.581203518000223], [108.46713300900018, 21.577541408000116], [108.45801842500026, 21.575100002000056], [108.45801842500026, 21.568264065000164], [108.46102949300035, 21.567857164000145], [108.47095787900042, 21.568264065000164], [108.47095787900042, 21.561997789000202], [108.42001386800035, 21.556870834999984], [108.40211022200009, 21.559800523000092], [108.38965905000038, 21.575100002000056], [108.39063561300026, 21.59536367400017], [108.40674889400003, 21.60024648600006], [108.42090905000015, 21.59422435100015], [108.41635175900029, 21.581854559000192], [108.43189537900031, 21.583238023000092], [108.4387313160002, 21.59418366100016], [108.44369550900018, 21.62343984600011], [108.43751061300037, 21.62343984600011], [108.43246504000007, 21.618109441999934], [108.4275822270003, 21.616685289000145], [108.42237389400037, 21.618719794000185], [108.41635175900029, 21.62343984600011], [108.41635175900029, 21.630316473000164], [108.42123457100018, 21.635158596000167], [108.42733808700035, 21.639146226000037], [108.43482506600031, 21.64215729400013], [108.44369550900018, 21.643947657999945], [108.44141686300031, 21.65208567900015], [108.44809004000024, 21.658107815000164], [108.45948326900015, 21.662095445000034], [108.47095787900042, 21.66445547100011], [108.47095787900042, 21.67129140800023], [108.42343183700024, 21.66327545800027], [108.40967858200014, 21.66445547100011], [108.4235945970002, 21.679388739000046], [108.42701256600031, 21.68773021000004], [108.42383873800026, 21.698553778000303], [108.42090905000015, 21.693182684000135], [108.41358483200025, 21.68480052299998], [108.40967858200014, 21.678127346000053], [108.40805097700041, 21.68329498900016], [108.40699303500043, 21.68329498900016], [108.40333092500015, 21.684963282999945], [108.39795983200025, 21.67283763200004], [108.38599694100031, 21.672919012000023], [108.33765709700032, 21.69745514500022], [108.33594811300014, 21.706854559000078], [108.34131920700025, 21.725816148000206], [108.32154381600031, 21.70966217700004], [108.3113712900003, 21.6817080750003], [108.3127547540002, 21.651841539000202], [108.32764733200014, 21.630316473000164], [108.3064884770003, 21.630316473000164], [108.31112714900024, 21.619940497000186], [108.31397545700037, 21.6160342470003], [108.30640709700032, 21.612738348000164], [108.30079186300026, 21.60724518400025], [108.29664147200032, 21.59943268400025], [108.29346764400026, 21.589300848000164], [108.30909264400003, 21.588934637000193], [108.31397545700037, 21.589300848000164], [108.31397545700037, 21.581854559000192], [108.30713951900037, 21.578111070000148], [108.28956139400015, 21.564032294000242], [108.28598066500007, 21.558294989000274], [108.28378339900036, 21.544745184000078], [108.27784264400026, 21.540106512000193], [108.2691349620003, 21.538641669000015], [108.25863691500018, 21.534084377000056], [108.22641035200019, 21.508002019999992], [108.21102949300024, 21.500637111000003], [108.21029707100018, 21.513617255000213], [108.21933027400036, 21.52936432500013], [108.24496504000007, 21.56435781500005], [108.25196373800026, 21.581854559000192], [108.25277754000024, 21.588527736000174], [108.25253339900041, 21.595282294000185], [108.24935957100035, 21.603094794000185], [108.24170983200003, 21.61261627800019], [108.22681725400042, 21.625555731000304], [108.22787519600041, 21.632066148000092], [108.23829186300014, 21.643947657999945], [108.21688886800035, 21.635402736000117], [108.21029707100018, 21.630316473000164], [108.20980879000018, 21.633490302000155], [108.21029707100018, 21.643947657999945], [108.20606530000026, 21.642564195000148], [108.20093834700032, 21.6386172550001], [108.19727623800031, 21.636542058999964], [108.20468183700046, 21.631008205000057], [108.2088322270003, 21.623928127000056], [108.2088322270003, 21.616197007000267], [108.2041121750002, 21.609198309000078], [108.2041121750002, 21.602972722999937], [108.21029707100018, 21.602972722999937], [108.17636152400013, 21.57575104400013], [108.15796959700009, 21.571519273000035], [108.13526451900015, 21.581854559000192], [108.12842858200025, 21.575100002000056], [108.13233483200014, 21.565375067000048], [108.12826582100018, 21.562730210000154], [108.12094160200019, 21.566310940000108], [108.11475670700031, 21.575100002000056], [108.10580488400007, 21.559068101000094], [108.09278405000026, 21.558661200000074], [108.07846113400018, 21.563218492000203], [108.06625410200041, 21.561997789000202], [108.07699629000035, 21.545477606000134], [108.0710555350002, 21.536566473000107], [108.05689537900008, 21.536037502000113], [108.03199303500043, 21.551906643000166], [108.01710045700031, 21.55524323100019], [108.00228925900029, 21.554266669000185], [107.99122155000038, 21.54840729400007], [108.02735436300014, 21.52334219000005], [108.03956139400037, 21.520453191999934], [108.01864668100035, 21.51894765800006], [108.01124108200014, 21.50653717700004], [108.01368248800037, 21.49241771000004], [108.0222274100002, 21.485663153000075], [108.03622480600035, 21.488226630000156], [108.04761803500043, 21.49315013200004], [108.06104576900015, 21.49616120000013], [108.08057701900037, 21.493109442000048], [108.08057701900037, 21.485663153000075], [108.04322350400037, 21.481634833000214], [108.01661217500038, 21.47036367400011], [107.97071373800014, 21.431626695000148], [107.96387780000015, 21.431626695000148], [107.96534264400037, 21.44733307500013], [107.97266686300037, 21.460272528000075], [107.99122155000038, 21.48012929900017], [107.99122155000038, 21.485663153000075], [107.96998131600031, 21.47577545800027], [107.94857832100018, 21.454982815000164], [107.92969811300014, 21.442613023000035], [107.91602623800037, 21.458400783000172], [107.91627037900042, 21.46824778900026], [107.9212345710003, 21.474798894999992], [107.92701256600043, 21.47931549700013], [107.92969811300014, 21.482855536000045], [107.9285587900003, 21.49054596600007], [107.92603600400025, 21.495917059000078], [107.92343183700035, 21.49994538000027], [107.92221113400018, 21.503078518000166], [107.91871178500043, 21.5175235050001], [107.90967858200025, 21.52651601800011], [107.89673912900037, 21.53156159100007], [107.88192793100035, 21.534084377000056], [107.88379967500015, 21.52676015800006], [107.8826603520003, 21.522528387000136], [107.87509199300035, 21.513617255000213], [107.8684188160002, 21.513617255000213], [107.86280358200014, 21.53021881700016], [107.85596764400026, 21.520941473000107], [107.84791100400037, 21.493109442000048], [107.83594811300003, 21.48834870000013], [107.82886803500043, 21.49494049700013], [107.82593834700032, 21.5089785830001], [107.82667076900037, 21.526678778000075], [107.82056725400008, 21.526678778000075], [107.81299889400003, 21.520453191999934], [107.81299889400003, 21.513617255000213], [107.81739342500015, 21.5093447940003], [107.81893964900036, 21.506252346000224], [107.82056725400008, 21.493109442000048], [107.81299889400003, 21.493109442000048], [107.80689537900031, 21.50678131700016], [107.80005944100031, 21.49933502800019], [107.79623457100041, 21.519476630000156], [107.7834578790002, 21.524318752000056], [107.76685631600031, 21.520209051999984], [107.7522078790002, 21.513617255000213], [107.7522078790002, 21.50678131700016], [107.7683211600002, 21.506903387000136], [107.78036543100046, 21.503078518000166], [107.78858483200025, 21.494452216000127], [107.79257246200035, 21.48012929900017], [107.77890058700024, 21.485663153000075], [107.78109785200041, 21.479152736000287], [107.78394616000037, 21.464911200000188], [107.7863875660002, 21.458400783000172], [107.7756453790002, 21.45856354400007], [107.76758873800014, 21.455715236000117], [107.76181074300035, 21.45075104400007], [107.75855553500031, 21.44472890800006], [107.76522871200046, 21.43854401200008], [107.74854576900026, 21.411200262000193], [107.73031660200019, 21.411810614000274], [107.7214461600002, 21.41087474200009], [107.71737714900024, 21.40745677299998], [107.71151777400047, 21.39891185100015], [107.69809004000041, 21.398382880000156], [107.68417402400024, 21.403265692000048], [107.67652428500031, 21.411200262000193], [107.66903730600035, 21.411200262000193], [107.66602623800026, 21.406805731000134], [107.6628524100002, 21.40375397300005], [107.6628524100002, 21.39752838700008], [107.66944420700014, 21.38544342700027], [107.66342207100035, 21.37807851800028], [107.65023847700019, 21.37685781500005], [107.63502037900031, 21.38324616100016], [107.63729902400047, 21.377752997000073], [107.63721764400015, 21.37543366100016], [107.63778730600035, 21.373724676999984], [107.6423445970002, 21.37026601800028], [107.6423445970002, 21.362779039000316], [107.63412519600041, 21.358587957999987], [107.6311955090004, 21.35447825700004], [107.63388105600046, 21.349351304000095], [107.6423445970002, 21.34227122600015], [107.63575280000026, 21.341376044000185], [107.6213485040002, 21.335516669000015], [107.62533613400007, 21.33372630400015], [107.62671959700043, 21.333889065000164], [107.62720787900031, 21.333156643000166], [107.62875410200007, 21.32868073100019], [107.62411543100023, 21.33071523600006], [107.60816491000043, 21.335516669000015], [107.60352623800014, 21.310492255000042], [107.59921308700041, 21.29877350499993], [107.5905867850002, 21.29389069200016], [107.57374108200037, 21.294745183999964], [107.56226647200043, 21.2980410830001], [107.55404707100024, 21.304510809000192], [107.54688561300014, 21.315008856000077], [107.54257246200024, 21.326564846000167], [107.5403751960003, 21.337347723000164], [107.53516686300003, 21.345363674000055], [107.5223087900003, 21.348537502000113], [107.52198326900026, 21.34430573100019], [107.52597089900036, 21.33441803600016], [107.52881920700031, 21.323228257000267], [107.52515709700032, 21.315008856000077], [107.52515709700032, 21.307562567000105], [107.53744550900029, 21.301947332999987], [107.5266219410002, 21.29877350499993], [107.50448652400024, 21.29840729400013], [107.48414147200032, 21.301336981000134], [107.4817814460003, 21.301336981000134], [107.47217858200014, 21.303697007000153], [107.46168053500043, 21.309271551999984], [107.45679772200043, 21.318345445000205], [107.45093834700032, 21.320502019999992], [107.41529381600043, 21.32868073100019], [107.4090275400003, 21.315008856000077], [107.41602623800031, 21.308539130000156], [107.44312584700032, 21.29389069200016], [107.44312584700032, 21.28766510600019], [107.42359459700043, 21.27960846600007], [107.39161217500026, 21.28042226800028], [107.36744225400031, 21.2733828800001], [107.36744225400031, 21.266587632000096], [107.37330162900008, 21.258978583000157], [107.37086022200032, 21.253363347999937], [107.36483808700024, 21.24762604400007], [107.36060631600031, 21.23924388200021], [107.35889733200014, 21.203070380000156], [107.35434004000018, 21.191473700000074], [107.3620711600002, 21.18561432500013], [107.37069746200035, 21.181626695000034], [107.3796492850002, 21.18097565300019], [107.3884383470002, 21.184637762000023], [107.38233483200031, 21.139797268000223], [107.37549889400026, 21.11615631700016], [107.36060631600031, 21.10211823100002], [107.36630293100046, 21.093491929000038], [107.36744225400031, 21.087876695000148], [107.36353600400042, 21.084418036000045], [107.35434004000018, 21.082220770000163], [107.35824629000007, 21.06732819200016], [107.36036217500026, 21.052435614000046], [107.36434980600023, 21.040350653000132], [107.37427819100043, 21.033840236000117], [107.37427819100043, 21.027573959999984], [107.35767662900031, 21.01520416900013], [107.34774824300041, 21.009955145000163], [107.33383222700041, 21.00584544500032], [107.31104576900032, 21.00527578300006], [107.29232832100041, 21.00462474200009], [107.2795516290002, 20.99970123900016], [107.26644941500041, 21.004299221000053], [107.2452905610001, 21.003078518000052], [107.2241317070002, 20.998236395000276], [107.21119225400031, 20.99225495000013], [107.21631920700003, 20.990220445000148], [107.21957441500007, 20.9882266300001], [107.22380618600039, 20.98663971600007], [107.23113040500021, 20.98602936399999], [107.23113040500021, 20.979193427000098], [107.21485436300014, 20.975246486000117], [107.19336998800003, 20.952704169000015], [107.19703209700026, 20.93764883], [107.1818953790002, 20.936753648000035], [107.17090905000003, 20.933579820000148], [107.16089928500043, 20.9324404970003], [107.14918053500037, 20.93764883], [107.14918053500037, 20.93081289300028], [107.13379967500015, 20.94481028900003], [107.08497155000015, 20.951402085000097], [107.06609134200045, 20.958726304000095], [107.06609134200045, 20.964911200000245], [107.09522545700025, 21.00047435100015], [107.14918053500037, 21.033840236000117], [107.14918053500037, 21.040594794000185], [107.1359969410002, 21.039740302000155], [107.12305748800031, 21.037258205000057], [107.11117597700036, 21.03310781500022], [107.10132897200032, 21.027573959999984], [107.09685306100044, 21.0210635440003], [107.09538821700022, 21.01406484600011], [107.09245853000039, 21.00824616100016], [107.08375084700009, 21.00584544500032], [107.07976321700022, 21.00910065299996], [107.0810653000002, 21.016302801999984], [107.0847274100002, 21.023667710000097], [107.0871688160002, 21.027573959999984], [107.08277428500031, 21.030178127000283], [107.08236738400029, 21.030991929000095], [107.08033287900008, 21.033840236000117], [107.07227623800026, 21.017075914000202], [107.06324303500043, 21.009344794000185], [107.05762780000026, 21.01386139500022], [107.05982506600031, 21.033840236000117], [107.0529891290002, 21.033840236000117], [107.0534774100002, 21.02301666900013], [107.05250084700032, 21.01365794500026], [107.05014082100007, 21.0059268250003], [107.0461531910002, 20.99970123900016], [107.04688561300003, 21.013983466000127], [107.04460696700033, 21.02509186400016], [107.03793379000018, 21.032171941999934], [107.02564537900031, 21.033840236000117], [107.02564537900031, 21.027573959999984], [107.0291447270003, 21.024562893000166], [107.03467858200014, 21.017808335000154], [107.03931725400008, 21.013373114000274], [107.03614342500015, 21.013006903000075], [107.02564537900031, 21.013373114000274], [107.03931725400008, 20.99970123900016], [107.02515709700043, 20.999823309000305], [107.01563561300026, 21.004339911000045], [106.9978133470002, 21.020168361000003], [106.9954533210003, 21.006415106000077], [107.02084394600018, 20.986395575000017], [107.02564537900031, 20.972357489000274], [107.01677493600027, 20.95766836100006], [107.00098717500026, 20.951076565000164], [106.98210696700022, 20.949937242000146], [106.9636336600002, 20.95123932500013], [106.94695071700033, 20.954291083000044], [106.93189537900042, 20.95941803600016], [106.91920006600026, 20.965765692000105], [106.90894616000043, 20.972357489000274], [106.88461347700019, 20.993231512000136], [106.87338300900018, 20.997137762000023], [106.86744225400042, 20.98602936399999], [106.86353600400037, 20.991603908000116], [106.86019941500041, 20.99310944200016], [106.85377037900031, 20.99225495000013], [106.88282311300037, 20.960516669000185], [106.89527428500031, 20.95123932500013], [106.9163517590004, 20.941107489000103], [106.92204837300011, 20.93764883], [106.92611738400029, 20.930975653000246], [106.92823326900026, 20.922756252000056], [106.93238366000026, 20.91518789300011], [106.94312584700043, 20.910305080000114], [106.94312584700043, 20.903509832999987], [106.91724694100026, 20.90403880399998], [106.90170332100041, 20.90786367400011], [106.89144941500018, 20.91803620000013], [106.8816024100002, 20.93764883], [106.8742781910002, 20.93764883], [106.87549889400037, 20.928697007000153], [106.87842858200014, 20.92121002800019], [106.8823348320002, 20.915106512000193], [106.88795006600031, 20.910305080000114], [106.86793053500043, 20.882717190000108], [106.85987389400037, 20.88939036700009], [106.85222415500044, 20.909979559000078], [106.83326256600037, 20.923976955000057], [106.83668053500026, 20.929144598000164], [106.83545983200025, 20.930609442000048], [106.83326256600037, 20.93764883], [106.82642662900042, 20.93764883], [106.80600019600007, 20.932074286000102], [106.78321373800014, 20.942572333000157], [106.77247155000003, 20.95742422100011], [106.78882897200043, 20.964911200000245], [106.8068953790002, 20.966009833000157], [106.81690514400015, 20.969468492000203], [106.82064863400029, 20.976019598000107], [106.81959069100026, 20.98602936399999], [106.81283613400029, 20.99062734599994], [106.80241946700022, 20.995184637000193], [106.79867597700007, 21.001939195000205], [106.81218509200022, 21.013373114000274], [106.80567467500026, 21.01984284100007], [106.79810631600031, 21.024807033000116], [106.78931725400031, 21.027533269999992], [106.7785750660002, 21.027573959999984], [106.78077233200014, 21.024115301999984], [106.78321373800014, 21.016669012000307], [106.78541100400042, 21.013373114000274], [106.76238040500044, 21.015326239000103], [106.74610436300026, 21.024562893000166], [106.73080488400029, 21.029852606000077], [106.7102970710003, 21.020168361000003], [106.7102970710003, 21.013373114000274], [106.71778405000026, 21.013373114000274], [106.71778405000026, 21.00584544500032], [106.68034915500044, 21.020453192000048], [106.65870201900026, 21.024847723000107], [106.64210045700014, 21.020168361000003], [106.65072675900029, 21.018011786000216], [106.65267988400018, 21.017523505000042], [106.68295332100041, 21.00584544500032], [106.68295332100041, 20.99970123900016], [106.67628014400032, 21.001898505000042], [106.65577233200025, 21.00584544500032], [106.65577233200025, 20.99970123900016], [106.66553795700025, 20.990545965999956], [106.66911868600033, 20.97996653900026], [106.67107181100022, 20.96906159100024], [106.67628014400032, 20.958726304000095], [106.68669681100039, 20.952704169000015], [106.71192467500015, 20.951564846000167], [106.7337345710003, 20.94220612200013], [106.74610436300026, 20.942328192000105], [106.75513756600043, 20.938544012000193], [106.75879967500032, 20.92084381700016], [106.7566837900003, 20.907904364000103], [106.74724368600044, 20.894720770000106], [106.7444767590004, 20.88300202000005], [106.73829186300026, 20.88300202000005], [106.71778405000026, 20.903509832999987], [106.69996178500031, 20.8827578800001], [106.70753014400026, 20.87075429900017], [106.72689863400018, 20.86139557500013], [106.7444767590004, 20.848863023000206], [106.75294030000015, 20.8257510440003], [106.74919681100033, 20.80434804900017], [106.73658287900042, 20.79498932500013], [106.71778405000026, 20.807847398000035], [106.72461998800014, 20.790025132000153], [106.73845462300022, 20.76972077000022], [106.75562584700026, 20.751206773000206], [106.77247155000003, 20.738959051999984], [106.7785750660002, 20.746405340999956], [106.78882897200043, 20.73053620000013], [106.80591881600009, 20.677557684000192], [106.78516686300037, 20.69228750200017], [106.7761336600002, 20.701117255000042], [106.77247155000003, 20.70795319200016], [106.76710045700037, 20.713446356000077], [106.75562584700026, 20.70929596600007], [106.7448836600002, 20.701971747000243], [106.74146569100031, 20.697984117000146], [106.73267662900031, 20.696600653000075], [106.72559655000026, 20.693752346000053], [106.71697024800045, 20.69131094000022], [106.70411217500015, 20.69114817900015], [106.67554772200043, 20.698635158000116], [106.66260826900015, 20.697984117000146], [106.66260826900015, 20.69114817900015], [106.68751061300037, 20.681341864000103], [106.70289147200032, 20.671576239000274], [106.70313561300037, 20.65965403900003], [106.68295332100041, 20.643377997000186], [106.66968834700032, 20.63646067900021], [106.65406334700032, 20.6308047550001], [106.63754316500018, 20.628078518000052], [106.6209416020003, 20.629787502000056], [106.61231530000032, 20.635484117000203], [106.59815514400037, 20.655096747000073], [106.5867619150003, 20.6632754580001], [106.59262129000024, 20.64809804900011], [106.59359785200041, 20.64671458500004], [106.5993758470002, 20.63841380400021], [106.61426842500015, 20.622300523000092], [106.61939537900037, 20.618597722999937], [106.62403405000038, 20.61880117400017], [106.62720787900037, 20.616603908000116], [106.62842858200037, 20.60586172100028], [106.62745201900032, 20.600083725999923], [106.6247664720002, 20.59463125200017], [106.6213485040002, 20.590399481000077], [106.60474694100031, 20.58441803600016], [106.58253014400037, 20.56517161700009], [106.51856530000038, 20.5409610050001], [106.53614342500003, 20.531642971000053], [106.55062910200019, 20.5324160830001], [106.5799259770003, 20.54718659100007], [106.5799259770003, 20.5409610050001], [106.56771894600041, 20.524888414000316], [106.57488040500044, 20.510728257000096], [106.58448326900026, 20.496039130000213], [106.5799259770003, 20.478257554000095], [106.57374108200003, 20.477118231000077], [106.54542076900026, 20.467596747000073], [106.54249108200025, 20.465277411000045], [106.53695722700041, 20.462062893000166], [106.52979576900032, 20.454413153000132], [106.52320397200032, 20.445217190000164], [106.51856530000038, 20.437323309000078], [106.52475019600018, 20.437323309000078], [106.53809655000026, 20.446234441999934], [106.5616968110001, 20.455064195000148], [106.58423912900031, 20.457831122000243], [106.59424889400026, 20.44818756700016], [106.59058678500026, 20.40473053599993], [106.58415774800022, 20.381822006999926], [106.57309004000018, 20.36847565300019], [106.56804446700022, 20.37807851800011], [106.56641686300003, 20.38271719000005], [106.5667423840004, 20.37889232000026], [106.5656844410002, 20.37645091400009], [106.56332441500035, 20.375474351000207], [106.55958092500038, 20.37592194200016], [106.57764733200014, 20.358954169000015], [106.57977615200042, 20.35021599400011], [106.5837658560003, 20.337974617000043], [106.58548873800038, 20.32229206900007], [106.58847454900024, 20.303275170000177], [106.59259316400022, 20.275410718000046], [106.58165895500031, 20.264177384000163], [106.55958092500038, 20.286525783000172], [106.54997806100022, 20.298976955000114], [106.53695722700041, 20.309149481000134], [106.52165774800045, 20.31346263200004], [106.50440514400026, 20.30825429900017], [106.49805748800014, 20.30825429900017], [106.50294030000038, 20.30052317900015], [106.50489342500026, 20.297430731000077], [106.51295006600009, 20.29441966400026], [106.52051842500026, 20.29840729400013], [106.52475019600018, 20.30825429900017], [106.54851321700033, 20.29144928600016], [106.55274498800026, 20.286525783000172], [106.5560001960003, 20.277736721000224], [106.56630784100042, 20.26107734600015], [106.57232505600047, 20.246676935000153], [106.56961489300016, 20.23199389500013], [106.55426760200015, 20.224653831000126], [106.54102661100035, 20.226066152000044], [106.5292912510003, 20.222393463000174], [106.50491461700022, 20.217024986000183], [106.47315514400032, 20.215155341000298], [106.4602156910002, 20.211981512000136], [106.39503014400037, 20.20457591400003], [106.39503014400037, 20.211981512000136], [106.40186608200037, 20.211981512000136], [106.40186608200037, 20.218207098000107], [106.39470462300034, 20.217515367000146], [106.39014733200014, 20.216294664000145], [106.38070722700019, 20.211981512000136], [106.38070722700019, 20.20457591400003], [106.3879500660002, 20.197495834999984], [106.38111412900031, 20.192084052000155], [106.36019941500035, 20.184068101000094], [106.35328209700032, 20.17682526200008], [106.34034264400026, 20.149969794000242], [106.30551191500018, 20.10858795800027], [106.28370201900026, 20.094631252000113], [106.25928795700031, 20.06126536700009], [106.23617597700041, 20.048000393000166], [106.21192467500026, 20.021185614000103], [106.19703209700032, 20.012762762000023], [106.20639082100035, 20.034979559000192], [106.21070397200043, 20.040106512000307], [106.20329837300028, 20.047512111000117], [106.19597415500033, 20.033433335000154], [106.18409264400037, 20.003607489000217], [106.17603600400042, 19.99233633000017], [106.16089928500043, 19.98407623900016], [106.12403405000032, 19.975002346000167], [106.1071069670001, 19.964992580000114], [106.1014103520003, 19.979966539000145], [106.1045028000002, 19.99591705900025], [106.11085045700025, 20.013413804000095], [106.11451256600031, 20.033270575000188], [106.1071069670001, 20.033270575000188], [106.10401451900003, 20.017238673999998], [106.08887780000003, 19.97386302300015], [106.08350670700037, 19.964992580000114], [106.06885826900037, 19.96849192899998], [106.05274498800037, 19.97728099200026], [106.03907311300026, 19.988430080000228], [106.03191165500033, 19.999172268000166], [106.02515709700026, 19.999172268000166], [106.01978600400025, 19.986029364000046], [106.00831139400026, 19.97345612200013], [105.96436608200025, 19.93528880400015], [105.95557701900037, 19.92548248900016], [105.94947350400031, 19.910345770000163], [105.94947350400031, 19.90082428600016], [105.95655358200025, 19.88519928600016], [105.9567977220002, 19.87563711100023], [105.93580162900037, 19.848293361000003], [105.93213951900037, 19.83344147300005], [105.93230228000044, 19.805405992000203], [105.92888431100033, 19.793646552000155], [105.92579186300026, 19.79743073100019], [105.9152938160002, 19.807318427000098], [105.90894616000026, 19.796861070000205], [105.89470462300045, 19.787298895000106], [105.86744225400008, 19.77317942899998], [105.87370853000021, 19.765692450000017], [105.88697350400037, 19.771633205000114], [105.91553795700025, 19.774481512000193], [105.92888431100033, 19.780015367000203], [105.92335045700025, 19.76679108300027], [105.90544681100039, 19.743801174000282], [105.90162194100043, 19.728216864000103], [105.89527428500031, 19.721340236000287], [105.8811141290002, 19.722154039000202], [105.8669539720002, 19.72109609599994], [105.86060631600043, 19.707993882000153], [105.85596764400015, 19.691636460000154], [105.83350670700025, 19.658148505000213], [105.8259383470002, 19.64223867400017], [105.8240666020003, 19.626613673999998], [105.82390384200033, 19.598944403000303], [105.81902103000044, 19.587591864000046], [105.81755618600022, 19.610012111000117], [105.80388431100044, 19.61302317900021], [105.7908634770003, 19.603461005000042], [105.7917586600002, 19.587591864000046], [105.79574629000007, 19.594549872000186], [105.80298912900031, 19.602932033000172], [105.80543053500031, 19.608710028000132], [105.81055748800026, 19.599595445000148], [105.81316165500033, 19.589748439999937], [105.81373131600031, 19.579046942000218], [105.8147078790002, 19.574408270000106], [105.81902103000044, 19.573919989000103], [105.81934655000038, 19.536688544000015], [105.8081160820002, 19.460760809000078], [105.81275475400031, 19.42316315300019], [105.79859459700032, 19.43056875200017], [105.7849227220002, 19.403265692000105], [105.77125084700043, 19.409491278000075], [105.77125084700043, 19.403265692000105], [105.7825626960003, 19.394354559000078], [105.7868758470002, 19.383042710000154], [105.7917586600002, 19.354885158000286], [105.81006920700025, 19.3214785830001], [105.81275475400031, 19.307033596000167], [105.7917586600002, 19.32070547100011], [105.79420006600026, 19.310939846000053], [105.79859459700032, 19.299627997000186], [105.80591881600031, 19.302150783000172], [105.81080162900008, 19.299627997000186], [105.80876712300034, 19.280178127000056], [105.80624433700035, 19.274318751999942], [105.80543053500031, 19.2722842470003], [105.79753665500033, 19.26732005400015], [105.78858483200014, 19.26683177300015], [105.78101647200026, 19.264878648000092], [105.7723087900003, 19.235988673999998], [105.75953209700032, 19.235337632000153], [105.74577884200022, 19.237250067000218], [105.7434188160002, 19.231919664000145], [105.73121178500031, 19.170233466000184], [105.72982832100041, 19.133856512000023], [105.73707116000043, 19.108465887000193], [105.71176191500041, 19.09662506700016], [105.70199629000018, 19.090480861000174], [105.69556725400042, 19.081122137000136], [105.66830488400018, 19.08954498899999], [105.64380944100031, 19.06537506700016], [105.62484785200041, 19.02846914300011], [105.61426842500038, 18.998602606000134], [105.61329186300037, 18.98554108300027], [105.61866295700014, 18.97630442900021], [105.62110436300037, 18.967840887000136], [105.62224368600022, 18.95453522300005], [105.6296492850002, 18.922308661000102], [105.63477623800014, 18.90981679900017], [105.64828535200019, 18.892726955000114], [105.66993248800037, 18.874945380000156], [105.69450931100022, 18.860785222999937], [105.71664472700007, 18.854559637000193], [105.71664472700007, 18.848334052000098], [105.70289147200037, 18.834133205000114], [105.69874108200014, 18.84300364800015], [105.69288170700037, 18.84955475499993], [105.6849064460003, 18.853461005000042], [105.67505944100031, 18.854559637000193], [105.6858016290002, 18.831284898000263], [105.68873131600043, 18.82664622600015], [105.6953231130002, 18.824693101000094], [105.7126570970002, 18.826320705000114], [105.72006269600018, 18.823553778000075], [105.74097741000031, 18.80158112200013], [105.75196373800037, 18.786322333000157], [105.75757897200032, 18.77204010600019], [105.74947817653901, 18.74959691872641], [105.74516713000025, 18.747479355354244], [105.74655773505395, 18.741505859584777], [105.74268639400015, 18.730780341000184], [105.74708092500003, 18.724269924000055], [105.75151974366662, 18.72019101006771], [105.75199916300022, 18.718131612000207], [105.75695542336001, 18.705630071505652], [105.7576603520003, 18.69696686400016], [105.75473066500007, 18.676255601000037], [105.7524331000941, 18.66849545817837], [105.74226064550044, 18.662483643274356], [105.71147091550034, 18.650953616611503], [105.69610423600028, 18.630193784669643], [105.68385159900015, 18.588053670372403], [105.65738719366703, 18.57935334895103], [105.62466287533351, 18.566313964332608], [105.60859041000032, 18.594999614897176], [105.59214993900025, 18.609944612719573], [105.56350332800048, 18.625820969941174], [105.53651776300012, 18.624244267666484], [105.52303257050039, 18.64604067337524], [105.51030393150035, 18.684937203588333], [105.48583782366717, 18.69527552867322], [105.46711284933377, 18.679200248797656], [105.4525693526669, 18.69347250874239], [105.43538236750044, 18.681884683674696], [105.41257437500008, 18.680274257000008], [105.39188738300032, 18.699424316999966], [105.37868726950046, 18.723707130912715], [105.34614262133368, 18.75099630161435], [105.31883041933355, 18.757202284737673], [105.3259985911717, 18.789679742673286], [105.30044829966698, 18.794173437468032], [105.29828992150027, 18.8245646749358], [105.27762685100049, 18.843946313711683], [105.29224847366709, 18.86551988534285], [105.29273785727094, 18.88682474717666], [105.26885436073098, 18.89371252784713], [105.29576389000039, 18.904731726755813], [105.29274551200041, 18.923099629050625], [105.27752966600036, 18.933912382401786], [105.25807314533375, 18.919371563602112], [105.22505068450022, 18.93115809703704], [105.17514396800021, 18.936453019999874], [105.15561621633384, 18.94790024292803], [105.12874603625039, 18.938471337695432], [105.10573131200027, 18.957056701000113], [105.08616168850028, 18.95981156426012], [105.08103437812542, 18.93936690056978], [105.06701305700028, 18.950025155604237], [105.04816102000018, 18.985257255000022], [105.02659113200036, 18.992734866216495], [105.00469204400031, 18.98270862550305], [104.98949297900032, 19.00197457642588], [104.97416696533361, 19.031777527637132], [104.93945220075034, 19.034005805601055], [104.91510341333361, 19.043174942520807], [104.88184327833369, 19.053383446503403], [104.85070915350042, 19.0717897994611], [104.83260144974992, 19.072520476302998], [104.7967967585002, 19.098046190896923], [104.7921390206671, 19.12330158798295], [104.7768807090003, 19.132620114000247], [104.76494928375001, 19.120961494493827], [104.74670017300036, 19.135042964507306], [104.72810990300036, 19.132601215037823], [104.71148939700043, 19.14321902240897], [104.68456477700039, 19.154638117758225], [104.6715961740004, 19.175481007708015], [104.65958712119999, 19.204953746976514], [104.6370980665003, 19.212711617149296], [104.61527225933372, 19.21758001654848], [104.59118135050039, 19.219941886311176], [104.55347436066694, 19.226314709867154], [104.53028265750032, 19.23434842846757], [104.50457026400028, 19.246470374176454], [104.48435687300037, 19.260058719283336], [104.45571551233354, 19.271403726124163], [104.43536030400026, 19.286644737000245], [104.41373725300025, 19.275483593646186], [104.40119619600023, 19.25808099200043], [104.37837255700015, 19.270859603999895], [104.34917254250047, 19.28038866374152], [104.33244502133385, 19.308053208503566], [104.31774510000054, 19.326600773999985], [104.2959177695003, 19.33851243162985], [104.26852939100041, 19.350021471578827], [104.2440346465005, 19.35455238780594], [104.22627418850038, 19.37015807942771], [104.19572022800043, 19.382993032049], [104.1797833470003, 19.38936225500015], [104.15477931450033, 19.396028524340068], [104.12232051500041, 19.409030765621253], [104.10210789800033, 19.401051916888775], [104.0812194665001, 19.409873299963806], [104.05030991973928, 19.439723099096], [104.04593357550027, 19.443949398416294], [103.99855922900014, 19.460264290000282], [103.9655236700005, 19.48703010299988], [103.96916065200014, 19.542962522000437], [103.95488804900026, 19.56543907300022], [103.93402879900026, 19.5956177610002], [103.91402147100024, 19.61513092600029], [103.87344409400026, 19.647478282000463], [103.87695448200026, 19.671234911999647], [103.82570601900039, 19.690559015285544], [103.78945190900043, 19.68590691133744], [103.7653846100003, 19.68161531200036], [103.75119198900023, 19.709197041999857], [103.73973640800017, 19.733141645713545], [103.72744929800035, 19.753959141000053], [103.69254849300017, 19.74938021918041], [103.65344750200035, 19.7266097978291], [103.59799946100043, 19.704671430000246], [103.56831666000016, 19.709132426000394], [103.5433485600002, 19.722112165999818], [103.51011802000033, 19.741780756045728], [103.4751274460005, 19.758758183999873], [103.45327690800036, 19.782006308000348], [103.43094514300049, 19.79363596000053], [103.39258691800023, 19.802030099000206], [103.3583638320003, 19.81277327300006], [103.32307106900043, 19.818835908748326], [103.27289533550044, 19.84185858353038], [103.2429653685005, 19.873811994419896], [103.21422650100016, 19.895478119000018], [103.1651230310004, 19.907331897000233], [103.13356945000027, 19.919528702999912], [103.08390085600007, 19.954821323999965], [103.02745331199998, 19.982756502000314], [103.00188721400048, 20.019204190000096], [102.99039672900034, 20.060425170000315], [103.01364763200024, 20.126565808000237], [103.02825393500024, 20.170995517999813], [103.03957581600042, 20.25353554200018], [103.03022034500003, 20.315939714000194], [102.99863424000006, 20.36056032000033], [102.94140537000015, 20.41184295400012], [102.93434938400043, 20.46209457099991], [102.94731906100054, 20.585658883000406], [102.95793014700007, 20.645881685000063], [102.97755277000033, 20.709266428000262], [102.94620674800024, 20.76504695400024], [102.93491078100004, 20.818651892999696], [102.93151678600037, 20.888930809999977], [102.93057045400002, 20.944627430000082], [102.87966047999998, 20.964302858000224], [102.80557953600021, 20.97598143000016], [102.76010058700035, 20.994773582000334], [102.72989721200003, 21.02091806800047], [102.52831404500034, 21.053080230999797], [102.47472855500007, 21.076068832000203], [102.38467662500045, 21.121931673000006], [102.35022907400031, 21.159365566000133], [102.32537247100043, 21.223199905000286], [102.25142796699998, 21.241384194000375], [102.1303955490003, 21.23005924400036], [102.06637215799998, 21.234489577000204], [102.00642203200016, 21.25044396400017], [101.8612797780001, 21.305619828000033], [101.76806600900005, 21.341683964000254], [101.72475957731814, 21.372430421104298], [101.66017839100033, 21.418281408999974], [101.56912358900047, 21.49624191100014], [101.5616301660005, 21.595185853000316], [101.5393987600001, 21.668994126999905], [101.50764457100007, 21.73006413500019], [101.46810013700002, 21.78252570199993], [101.34717334600009, 21.92488906200009], [101.19253338300013, 22.005864652000355], [100.95718626000047, 22.06163441700022], [100.73157657700023, 22.204117541000358], [100.39544365300014, 22.429765667999902], [100.24266039200052, 22.569408743000167], [100.00724566400032, 22.786207774000445], [99.95530128600035, 23.02099553100021], [99.93028906900054, 23.172510774999807], [100.00972763500027, 23.393984313999965], [100.15849021800045, 23.664182026000617], [100.29531333000034, 23.95780507400002], [100.43871949300024, 24.276614064999933], [100.45239078100036, 24.49816612700016], [99.97268962700048, 24.85203029500019], [99.76177545400054, 25.129073818000506], [99.56250758500022, 25.373464286000285], [99.32500151500034, 25.606030023000415], [99.20547527100041, 25.79898820400018], [99.14824416500011, 25.91861312100025], [99.13118530200006, 26.09046274800022], [99.14915176300025, 26.363886227999842], [99.16058499000025, 26.450102176000087], [99.1596550440002, 26.636669642000015], [99.18837592, 27.022952970000517], [99.1278067100003, 27.223275462999993], [99.04427213500014, 27.508020486000532], [99.02502318800026, 27.766449290999844], [98.93321183799998, 27.942134608000117], [98.88993448100007, 28.07090319400004], [98.86065386400026, 28.25810371000034], [98.86285112400031, 28.367636247000405], [98.80951950700023, 28.486122639000087], [98.69014098500026, 28.731714654000484], [98.67068546500019, 28.87766219700029], [98.6249784630001, 28.97352701199992], [98.58230373100037, 29.045890693000047], [98.6229663520001, 29.150174432000313], [98.29652955900002, 29.672961479000094], [98.01448548500031, 29.9555617970002], [97.77482409900028, 30.242712535999942], [97.5459181210004, 30.440242664000266], [97.44062575300006, 30.728886737000494], [97.43039492800028, 31.19723840000023], [97.440034433, 31.43323073600044], [97.50371262900012, 31.81869474000007], [97.91592243100024, 32.080574990000514], [98.24409861700013, 32.281115451999995], [98.34518656800026, 32.53914608300033], [98.57803901400001, 32.756612959000165], [98.93323901300022, 32.99751043900034], [99.12498244700032, 33.18463993700004], [99.32774529400007, 33.51760672500018], [99.57476009500022, 33.88127539499999], [99.76834443400048, 34.18845643500032], [100.0457574890001, 34.35638865300007], [100.43414044100024, 34.65261656199982], [100.60405590000022, 34.69475160000019], [100.6002794000002, 34.700538100000244], [100.59856279999991, 34.70420740000026], [100.59753279999995, 34.71055770000004], [100.5980478000003, 34.71521430000024], [100.59478620000027, 34.722410300000206], [100.59409959999994, 34.725514200000134], [100.59118130000024, 34.72946460000014], [100.58963640000013, 34.73031100000003], [100.58088170000019, 34.73228610000001], [100.57195530000001, 34.73242720000013], [100.56526050000014, 34.73214510000008], [100.56337220000023, 34.73214510000008], [100.56078920000022, 34.73556510000026], [100.56007599999998, 34.73796500000003], [100.55966589999997, 34.7394900000001], [100.55970619999994, 34.74049030000009], [100.55910960000017, 34.7421468], [100.55711800000023, 34.74491450000005], [100.55615910000029, 34.7458362000001], [100.5541959000002, 34.74655730000006], [100.55093520000025, 34.748359900000196], [100.54723600000023, 34.74991870000002], [100.53985460000018, 34.750905999999986], [100.53693630000015, 34.75302160000007], [100.5355630000002, 34.756547500000124], [100.53367479999991, 34.75894510000029], [100.52852490000015, 34.76134250000001], [100.52646500000026, 34.76331689999995], [100.52492000000012, 34.768534500000214], [100.51788190000008, 34.77445690000013], [100.51650859999995, 34.78122480000002], [100.515307, 34.783903600000144], [100.51221710000016, 34.78587730000004], [100.50672390000022, 34.78686419999997], [100.50432070000016, 34.78742820000008], [100.50157410000008, 34.78911990000029], [100.49882750000023, 34.79349010000021], [100.49539430000021, 34.796873300000186], [100.49230440000014, 34.798564899999974], [100.48663960000022, 34.800115500000004], [100.48183300000005, 34.80378030000003], [100.4754816000002, 34.80490800000007], [100.46483860000029, 34.80744500000003], [100.45951709999997, 34.80955919999997], [100.45024730000023, 34.80984110000003], [100.44561250000027, 34.8092773000003], [100.42981960000003, 34.80998200000016], [100.42449810000028, 34.81251900000029], [100.41763170000024, 34.81251900000029], [100.41179520000031, 34.8120962000001], [100.40647369999999, 34.81280080000016], [100.40372710000014, 34.813928299999986], [100.40166720000002, 34.81533770000027], [100.40012220000028, 34.81716980000016], [100.39548740000015, 34.81857910000002], [100.39136749999994, 34.81857910000002], [100.38741930000032, 34.81745170000022], [100.3839861000003, 34.817874399999994], [100.38003780000008, 34.81886090000029], [100.37368640000022, 34.820693000000176], [100.36819320000006, 34.82012930000025], [100.36441670000028, 34.81886090000029], [100.35961010000028, 34.81886090000029], [100.35240040000025, 34.82139760000001], [100.34656390000015, 34.825343299999986], [100.34398900000025, 34.828584400000295], [100.34021240000027, 34.82985250000024], [100.33592090000025, 34.831402500000024], [100.3335176, 34.8328116000003], [100.33317430000022, 34.83478420000006], [100.3335176, 34.83844750000031], [100.33231600000005, 34.839856399999974], [100.32991269999997, 34.84013820000001], [100.32802440000023, 34.83971560000026], [100.32287459999992, 34.83999730000011], [100.32012800000024, 34.84182890000011], [100.31789640000017, 34.845491899999956], [100.31568070000031, 34.850720000000194], [100.31555300000025, 34.85185150000001], [100.3158057, 34.85488770000006], [100.31727290000026, 34.85696030000014], [100.32207940000023, 34.86470730000002], [100.32207940000023, 34.867665099999954], [100.32156450000025, 34.87062280000009], [100.32036280000011, 34.87245370000005], [100.31572800000015, 34.87470700000017], [100.31366800000023, 34.875833600000306], [100.3126381000003, 34.87794610000009], [100.31207450000022, 34.87989900000002], [100.31500239999997, 34.883826000000056], [100.31628830000017, 34.88670870000021], [100.31796600000024, 34.89146430000022], [100.31813120000021, 34.8930131000003], [100.31538469999998, 34.89428030000016], [100.31230120000015, 34.89497100000011], [100.3113068000003, 34.893871200000035], [100.30877410000016, 34.893278800000076], [100.30597240000014, 34.89335850000009], [100.30216670000021, 34.89399870000011], [100.2991092000002, 34.89591399999995], [100.29773590000025, 34.8971652000003], [100.29642090000016, 34.89940460000031], [100.29752060000021, 34.90538800000013], [100.29856180000019, 34.90821810000017], [100.2965019000003, 34.91159660000011], [100.29209699999996, 34.9156443], [100.29026369999997, 34.921197600000085], [100.29100870000019, 34.92454630000026], [100.28947999999997, 34.928617200000076], [100.28443060000018, 34.9340607000002], [100.28252930000025, 34.938409999999976], [100.28252930000025, 34.94249610000003], [100.28380540000012, 34.94639890000019], [100.28636740000019, 34.94744490000005], [100.28838520000016, 34.94915730000014], [100.29214239999999, 34.949967000000186], [100.29375520000002, 34.950535200000104], [100.29476580000016, 34.951782899999955], [100.29461690000028, 34.95309160000005], [100.296314, 34.95828660000001], [100.29635610000031, 34.95943330000006], [100.29225569999994, 34.96688140000009], [100.2921974000003, 34.96838370000023], [100.29151400000023, 34.96931259999997], [100.29213260000006, 34.97177830000027], [100.2918346000003, 34.97540630000003], [100.29318840000002, 34.980501700000104], [100.29482740000032, 34.98392239999998], [100.2965472000003, 34.986422100000254], [100.29714960000024, 34.989640800000075], [100.29600310000023, 34.99126480000018], [100.29585090000023, 34.994374500000276], [100.29502650000023, 34.99873050000008], [100.29325650000015, 35.00300010000001], [100.29203870000032, 35.004591900000094], [100.28688890000018, 35.00543550000009], [100.28441110000017, 35.007679800000176], [100.28330130000018, 35.00849400000021], [100.28191070000003, 35.010216000000014], [100.27950739999994, 35.0112002000003], [100.26862790000024, 35.011632599999984], [100.2672191000002, 35.012696400000095], [100.2642296000003, 35.0127468], [100.2614085000003, 35.013059700000156], [100.25916060000026, 35.01432770000025], [100.2584610000003, 35.01946859999998], [100.25564970000022, 35.02188760000013], [100.25198009999997, 35.02207610000028], [100.2505906000003, 35.02290880000004], [100.24988770000004, 35.02453470000012], [100.25060030000003, 35.02568320000012], [100.25312010000016, 35.02715780000028], [100.25313949999997, 35.028587300000254], [100.25066820000018, 35.03293960000008], [100.24877680000014, 35.034297400000185], [100.2449161000003, 35.03553050000005], [100.24146659999997, 35.03735780000028], [100.23955880000022, 35.03907090000007], [100.2391215000003, 35.04063279999997], [100.24149570000026, 35.043138800000236], [100.24527530000017, 35.04273669999998], [100.24818730000004, 35.04307789999996], [100.2509436000002, 35.044361300000105], [100.25224890000021, 35.04628110000016], [100.25382620000016, 35.04936220000019], [100.25355090000028, 35.05127390000007], [100.25178580000028, 35.05299870000016], [100.24959940000019, 35.05523260000007], [100.24570630000011, 35.05603850000011], [100.24493550000028, 35.05746760000005], [100.24490310000027, 35.060402500000066], [100.24333229999996, 35.06147090000002], [100.2415637000002, 35.062743499999954], [100.24244149999998, 35.0667095], [100.24596540000005, 35.07098810000019], [100.24725450000017, 35.07456660000014], [100.24974520000018, 35.07569260000025], [100.25085620000027, 35.07715630000001], [100.25066180000016, 35.078555800000004], [100.24919130000018, 35.078993100000105], [100.24884800000018, 35.08118250000007], [100.24980350000021, 35.08508660000018], [100.24935330000005, 35.08704260000019], [100.24763019999995, 35.0884896], [100.24650949999995, 35.08937480000026], [100.24663910000021, 35.09809370000028], [100.24648690000004, 35.102839700000004], [100.24389249999996, 35.10706590000029], [100.24591029999993, 35.1103806000001], [100.24773390000018, 35.11186170000008], [100.25051930000029, 35.112150499999984], [100.25142290000025, 35.11280490000013], [100.25178899999997, 35.11664130000014], [100.25204480000019, 35.11926150000022], [100.2554198000002, 35.12095440000013], [100.25904720000011, 35.12125100000014], [100.25994130000021, 35.12178089999992], [100.26000600000003, 35.124700300000086], [100.25963360000031, 35.12626849999998], [100.2578651, 35.12804070000027], [100.25547480000012, 35.129076400000145], [100.25255660000028, 35.130199600000196], [100.25080760000031, 35.1311187], [100.2466099000003, 35.13401399999992], [100.24499700000024, 35.135383300000285], [100.24532730000021, 35.13757920000006], [100.24820350000016, 35.14115750000019], [100.24882850000017, 35.14293460000016], [100.2475168000002, 35.14598559999996], [100.24728690000018, 35.148996700000055], [100.2449419000003, 35.155365700000004], [100.24563159999997, 35.156342600000016], [100.24546659999999, 35.158265300000096], [100.24665850000002, 35.16382590000012], [100.24613710000023, 35.16690790000024], [100.24370140000013, 35.172621500000105], [100.24291089999991, 35.17397740000001], [100.24201390000013, 35.177784100000224], [100.24257430000017, 35.1798888000003], [100.2447184000003, 35.18218120000006], [100.24507139999997, 35.183062699999994], [100.24431030000028, 35.18574169999994], [100.24463420000023, 35.18835170000028], [100.24715409999999, 35.19278000000003], [100.24675570000028, 35.195307700000285], [100.2458618, 35.19615740000023], [100.23830870000018, 35.196999100000255], [100.23607710000027, 35.198121300000196], [100.23481330000016, 35.19901980000009], [100.23517990000028, 35.20051390000009], [100.23466820000021, 35.202705200000025], [100.23179849999991, 35.20668020000011], [100.22686570000019, 35.21147550000023], [100.22679120000004, 35.213618900000085], [100.22924950000004, 35.21508490000008], [100.23225520000022, 35.21871800000031], [100.23483650000031, 35.22249899999997], [100.23512800000026, 35.2240152], [100.2335022000002, 35.226592200000255], [100.23144220000029, 35.2275738000003], [100.2234717, 35.2279453000001], [100.22011260000028, 35.22841510000006], [100.2181324, 35.22900620000013], [100.21841069999994, 35.23090770000027], [100.21999630000022, 35.23293260000031], [100.2253946000003, 35.235122000000274], [100.22779160000022, 35.23704400000014], [100.22894710000025, 35.2403115000003], [100.22833020000019, 35.24172950000002], [100.22634690000024, 35.24320360000013], [100.22487960000018, 35.24374140000003], [100.22298660000001, 35.244897000000094], [100.22342730000025, 35.247462400000074], [100.22809210000003, 35.25543300000021], [100.23008270000025, 35.258086400000195], [100.23142340000015, 35.260748099999944], [100.23118719999997, 35.26394190000008], [100.23212890000008, 35.26780830000024], [100.23252730000019, 35.269399100000044], [100.23570130000007, 35.27171380000027], [100.23593430000017, 35.272529700000064], [100.23505260000024, 35.275891400000035], [100.23582970000024, 35.28039050000018], [100.2354141000003, 35.282718800000055], [100.23747770000017, 35.28575640000025], [100.24063250000023, 35.28730010000004], [100.24345850000014, 35.28812820000002], [100.2474068000003, 35.2896695], [100.24846970000016, 35.29038930000024], [100.25278990000021, 35.29193210000017], [100.25510490000028, 35.2928685], [100.25818410000011, 35.2947599000002], [100.26064390000028, 35.29698179999997], [100.26504990000029, 35.29773899999992], [100.26855400000017, 35.30059729999999], [100.27045560000028, 35.3027098], [100.27259450000014, 35.305775600000004], [100.27345650000024, 35.31013080000008], [100.27348730000011, 35.31029150000006], [100.2738875, 35.31202079999997], [100.27394490000017, 35.3151704], [100.27254380000022, 35.3175602], [100.27062080000007, 35.31934790000014], [100.26867580000027, 35.32098950000005], [100.26786380000004, 35.323253900000225], [100.26282070000025, 35.32351010000008], [100.26131130000022, 35.32399090000007], [100.26131130000022, 35.32595170000013], [100.26251300000018, 35.32959300000016], [100.26148300000023, 35.330153200000154], [100.25804980000021, 35.32987310000004], [100.2559898000003, 35.328192500000284], [100.2480934000003, 35.33043330000004], [100.23710710000023, 35.331693700000244], [100.2338455000002, 35.33309420000012], [100.23247220000025, 35.33561489999994], [100.23298720000025, 35.33939579999998], [100.23058390000017, 35.340796100000205], [100.22732239999993, 35.34065610000016], [100.22303080000012, 35.338835700000175], [100.22215210000024, 35.33783479999994], [100.22114260000023, 35.33561489999994], [100.21910740000021, 35.335954500000184], [100.21806660000027, 35.33726660000002], [100.21597760000026, 35.337779000000126], [100.21314680000017, 35.33707750000019], [100.21135790000028, 35.33785540000025], [100.21063130000022, 35.338433900000155], [100.21069040000015, 35.33927860000023], [100.20998459999998, 35.34107620000009], [100.20794830000028, 35.34213410000024], [100.20653440000018, 35.345204700000295], [100.20483470000022, 35.348917400000175], [100.20388850000029, 35.35271749999998], [100.2032844000002, 35.362307500000156], [100.2068947000003, 35.37117660000018], [100.20912630000021, 35.38167410000028], [100.20555800000022, 35.39528439999998], [100.20675450000027, 35.398887100000024], [100.20706630000029, 35.401965399999995], [100.2053497, 35.403084800000045], [100.20225980000015, 35.403084800000045], [100.20022320000021, 35.403093100000035], [100.1984183000003, 35.401981900000294], [100.19621820000015, 35.39742810000007], [100.19779660000017, 35.3895114], [100.19522170000027, 35.387692100000095], [100.19247510000025, 35.38699229999992], [100.18818360000023, 35.38797199999999], [100.18612360000014, 35.38979130000007], [100.18525520000026, 35.39460630000002], [100.18702030000026, 35.398151999999925], [100.1895152000003, 35.39971840000004], [100.1892135, 35.40350459999996], [100.18612360000014, 35.407255000000134], [100.18617520000015, 35.41251060000013], [100.18749690000027, 35.419114400000126], [100.1903685000002, 35.42085690000005], [100.19117499999993, 35.42295110000015], [100.19178850000026, 35.42434990000004], [100.18869860000024, 35.425189200000034], [100.17960050000028, 35.42574880000018], [100.1772156000003, 35.426217199999996], [100.17579550000022, 35.42855040000018], [100.17652380000027, 35.43179740000005], [100.17599560000025, 35.433302000000026], [100.17033080000016, 35.43484050000012], [100.16796420000026, 35.436413000000016], [100.16776910000027, 35.438553000000184], [100.1695791000003, 35.44025039999991], [100.17425250000025, 35.44249630000013], [100.17651060000003, 35.4433719000001], [100.17712720000026, 35.44471740000023], [100.17668230000021, 35.44686810000019], [100.17393569999996, 35.44868600000012], [100.16947249999998, 35.44924540000005], [100.16569590000017, 35.45008440000021], [100.16277770000028, 35.4520421000002], [100.15959430000015, 35.45527320000019], [100.15959430000015, 35.45751050000001], [100.15959430000015, 35.4607264], [100.15762789999997, 35.46378750000014], [100.15453789999992, 35.46546520000004], [100.14801480000023, 35.46616430000017], [100.14097670000018, 35.46616430000017], [100.13874510000028, 35.46658370000006], [100.1363418000002, 35.46840119999996], [100.13565520000026, 35.470777900000144], [100.13565520000026, 35.474692300000015], [100.13350180000003, 35.480442800000105], [100.13388180000004, 35.48397120000021], [100.1411616000002, 35.492097100000024], [100.14244150000025, 35.49723030000001], [100.14388030000026, 35.49881540000007], [100.14626130000028, 35.49928740000024], [100.1526099000003, 35.49940260000017], [100.15556790000005, 35.49901320000009], [100.15860720000018, 35.498257100000046], [100.16174770000015, 35.49747590000027], [100.16562590000024, 35.49880979999995], [100.16809419999998, 35.500203100000135], [100.16858570000016, 35.50261270000021], [100.1687858000002, 35.505441600000154], [100.16559160000025, 35.50795690000007], [100.16036820000022, 35.50913950000023], [100.1567695, 35.51256820000003], [100.1533130000002, 35.51348100000007], [100.14868120000028, 35.52022730000016], [100.14847800000018, 35.52658780000007], [100.14893310000019, 35.52848500000022], [100.15105800000032, 35.53107000000023], [100.15022310000018, 35.53377710000001], [100.1487746000002, 35.53717180000024], [100.15195799999998, 35.54144240000028], [100.15724290000009, 35.54394180000014], [100.16217420000027, 35.547681200000056], [100.16423420000018, 35.548798499999975], [100.16619639999999, 35.54952180000015], [100.16643439999996, 35.55102840000029], [100.16363690000031, 35.555520300000126], [100.16280070000005, 35.55693550000018], [100.16218109999994, 35.559127100000126], [100.1630021000002, 35.56018970000014], [100.16320350000018, 35.56249660000003], [100.16465150000028, 35.5648041], [100.16724090000008, 35.56494989999999], [100.17410729999995, 35.56494989999999], [100.17582400000026, 35.56550850000002], [100.17822720000015, 35.56508960000019], [100.18028720000024, 35.56676520000008], [100.18423540000026, 35.56690490000011], [100.18749690000027, 35.56760300000013], [100.18835520000022, 35.569139000000234], [100.18852690000023, 35.57249010000021], [100.19161680000008, 35.57723720000024], [100.19196010000024, 35.58100680000001], [100.19213180000025, 35.58421780000015], [100.19384839999998, 35.58673070000003], [100.19419170000032, 35.58924350000029], [100.19796830000018, 35.592314499999986], [100.19848330000013, 35.59482710000026], [100.19745330000018, 35.598735499999975], [100.1972816, 35.60041039999999], [100.19899820000029, 35.601666600000215], [100.2017448000002, 35.60236450000002], [100.20243150000016, 35.604458100000045], [100.20157320000021, 35.60641200000009], [100.2014015000002, 35.609901100000116], [100.19985650000007, 35.613250499999936], [100.20122980000019, 35.61673929999995], [100.20483470000022, 35.61743699999994], [100.20878290000024, 35.61618109999995], [100.21067120000015, 35.61771609999994], [100.21135790000028, 35.620227900000316], [100.21084290000016, 35.622460600000124], [100.2094696000002, 35.6251118000003], [100.20517810000001, 35.62734430000006], [100.20397640000027, 35.62901860000005], [100.20431970000004, 35.63097200000004], [100.20569300000017, 35.63194870000001], [100.20912630000021, 35.6378084000001], [100.21067120000015, 35.63766890000028], [100.21204450000027, 35.63669230000011], [100.2156494000003, 35.63613420000013], [100.21856760000031, 35.636831800000095], [100.22097090000022, 35.637947900000086], [100.22234420000018, 35.640180000000214], [100.22114260000023, 35.64241210000017], [100.2177093000002, 35.64506270000027], [100.22217250000017, 35.652316299999995], [100.22629239999998, 35.654827000000296], [100.23144220000029, 35.65524550000009], [100.23470380000032, 35.65761659999998], [100.23590540000026, 35.65942980000028], [100.23470380000032, 35.66263770000012], [100.23470380000032, 35.66417180000002], [100.23676370000004, 35.66598479999993], [100.23624880000028, 35.669192400000156], [100.23453209999997, 35.6700292000001], [100.22715070000015, 35.67016860000007], [100.22234420000018, 35.6717026], [100.22097090000022, 35.67365490000026], [100.22182920000017, 35.67532830000016], [100.22388910000029, 35.676443900000265], [100.22835230000027, 35.67616500000008], [100.23275520000021, 35.67718450000007], [100.23537060000007, 35.67955230000024], [100.23752460000031, 35.679688899999974], [100.23769209999995, 35.67842429999996], [100.23865200000017, 35.67783829999996], [100.24155390000027, 35.67799390000005], [100.24321010000017, 35.67676899999998], [100.24731610000026, 35.67757550000027], [100.25198120000027, 35.679418400000145], [100.25370640000017, 35.68197870000006], [100.25659490000027, 35.68497930000001], [100.26106540000012, 35.6856684], [100.26429689999998, 35.68616030000004], [100.26515320000016, 35.68689330000029], [100.26775140000018, 35.69125720000005], [100.26903610000005, 35.69192070000025], [100.27042210000019, 35.69210290000001], [100.27160229999993, 35.693272099999945], [100.27129119999995, 35.695006400000295], [100.26968190000002, 35.697288400000275], [100.26879350000024, 35.69834060000011], [100.26870490000022, 35.69967800000029], [100.26884750000028, 35.701325499999996], [100.26901040000024, 35.701828300000216], [100.26931590000015, 35.70249329999996], [100.26943000000017, 35.703571700000225], [100.26943410000013, 35.70427300000017], [100.26927110000014, 35.70506699999993], [100.26895749999994, 35.706056000000046], [100.26840749999991, 35.70708810000002], [100.26660279999999, 35.70902000000018], [100.2658451000002, 35.70982050000015], [100.26539700000023, 35.7104126000001], [100.26527480000027, 35.71064410000008], [100.26520140000002, 35.71087230000012], [100.26519330000025, 35.71117340000018], [100.26529510000017, 35.71142810000009], [100.2656210000003, 35.71174229999997], [100.26608140000019, 35.712059800000134], [100.2672913000003, 35.712489800000014], [100.26813460000028, 35.71288019999997], [100.26907290000008, 35.71382780000005], [100.26931490000021, 35.714248800000064], [100.2694877000003, 35.715399500000274], [100.26960870000022, 35.71627890000019], [100.26930120000014, 35.7184043000002], [100.26920900000016, 35.72006940000011], [100.26934730000005, 35.72182810000015], [100.26953160000022, 35.7223987000001], [100.27011929999998, 35.72306290000017], [100.27238920000002, 35.72493380000026], [100.27441710000016, 35.72721620000027], [100.27703240000017, 35.73117300000007], [100.277782, 35.73328280000004], [100.2780427000003, 35.73522060000016], [100.27925670000019, 35.737032699999986], [100.28037289999997, 35.73945980000008], [100.2807640000002, 35.73994920000007], [100.28179050000023, 35.741496600000005], [100.28253280000018, 35.74313320000027], [100.28401559999992, 35.744131800000105], [100.28547409999999, 35.74545430000029], [100.28602810000018, 35.7460363000003], [100.28659030000017, 35.74616850000024], [100.28848010000002, 35.74641880000013], [100.28925410000011, 35.74682710000019], [100.2897287000003, 35.74708500000003], [100.28999350000021, 35.74725700000005], [100.2902501000001, 35.74748010000002], [100.29041310000008, 35.74763390000015], [100.29048440000014, 35.7477430000003], [100.29057400000028, 35.74787190000012], [100.29098140000002, 35.74806040000027], [100.29122380000001, 35.74817610000025], [100.29162500000018, 35.748280199999954], [100.29212410000025, 35.74847040000026], [100.29249680000021, 35.74852489999995], [100.2927718000002, 35.74849180000007], [100.2930183000002, 35.74853810000019], [100.29322199999996, 35.74862740000009], [100.29354460000019, 35.74885550000016], [100.29371569999995, 35.748938200000055], [100.29413940000023, 35.74906050000004], [100.29445310000023, 35.74918280000003], [100.29484010000027, 35.749338200000295], [100.29529640000021, 35.749424200000306], [100.29563450000029, 35.74946390000002], [100.29594820000011, 35.74963580000002], [100.29630670000029, 35.74986059999998], [100.2965022000003, 35.7500854000001], [100.29676310000025, 35.750577300000145], [100.29690140000031, 35.75174620000024], [100.2964290000001, 35.75416800000005], [100.29341200000005, 35.758673699999974], [100.29324030000026, 35.761738300000275], [100.30215310000017, 35.76876800000014], [100.31933290000018, 35.7649420000003], [100.33306580000027, 35.76452410000019], [100.34370880000017, 35.77037410000014], [100.34645540000025, 35.77497019999993], [100.34904220000021, 35.778341900000214], [100.35170880000021, 35.78145230000018], [100.35581840000026, 35.78545090000006], [100.35967330000017, 35.785415000000114], [100.36533810000009, 35.78513650000019], [100.3694580000003, 35.78638970000014], [100.37323450000014, 35.78778230000006], [100.37540490000009, 35.7895441], [100.37774010000004, 35.79206169999992], [100.38087770000016, 35.79268479999996], [100.38733800000017, 35.791157300000066], [100.41610570000029, 35.7896796], [100.43056940000025, 35.81284330000028], [100.45412460000023, 35.82742630000001], [100.47125320000026, 35.837896299999954], [100.49954220000001, 35.847205599999995], [100.52032400000019, 35.8713583], [100.60398190000012, 35.897745500000156], [100.69393170000023, 35.98279520000017], [100.77272760000022, 36.12197120000002], [100.83386080000025, 36.125652900000205], [100.87457500000028, 36.11414780000001], [100.89943040000031, 36.1121050000001], [100.91078910000027, 36.116911600000094], [100.91664090000023, 36.12109850000013], [100.91821430000022, 36.12297380000001], [100.92058770000028, 36.123045800000114], [100.9215680000002, 36.12316010000018], [100.9237398000003, 36.12473980000016], [100.92595569999997, 36.12648930000012], [100.92699550000003, 36.126470600000175], [100.92963450000025, 36.125652000000116], [100.93233560000027, 36.125299200000256], [100.94160540000024, 36.12405130000002], [100.9437808000003, 36.124744599999985], [100.94810370000022, 36.12769429999997], [100.950581, 36.12831940000001], [100.9553946000002, 36.12895649999996], [100.96175939999995, 36.128309800000295], [100.96536240000017, 36.12865570000014], [100.96891820000025, 36.129526], [100.97139790000023, 36.12973199999999], [100.97710380000018, 36.13419510000017], [100.97885590000021, 36.134311300000206], [100.98366240000018, 36.133479500000306], [100.98572230000025, 36.13264760000021], [101.01181489999999, 36.12557650000008], [101.01387480000028, 36.12335800000022], [101.01301649999994, 36.10907480000003], [101.01552690000017, 36.10653290000005], [101.02067670000014, 36.1020831000003], [101.0227353000003, 36.096710400000006], [101.02510090000027, 36.09557580000029], [101.0276077000002, 36.095621199999925], [101.03115630000019, 36.09701780000023], [101.03363040000005, 36.096126200000185], [101.03785560000006, 36.093384200000116], [101.04040510000016, 36.09222319999998], [101.04254220000024, 36.083830100000284], [101.04446090000022, 36.077981700000066], [101.05043870000026, 36.074396000000036], [101.05318530000017, 36.073702200000014], [101.05560430000008, 36.074655199999995], [101.06434320000017, 36.07897449999996], [101.06829150000021, 36.07994560000003], [101.07307609999992, 36.07927180000007], [101.07581730000027, 36.079274000000055], [101.08012150000025, 36.08209779999993], [101.0845993000002, 36.08272030000012], [101.08751750000022, 36.08216540000001], [101.09847330000025, 36.0823972], [101.10078399999992, 36.085685000000296], [101.10245210000028, 36.08563360000011], [101.10705670000027, 36.07990980000028], [101.11189340000021, 36.0775871000003], [101.1159982000002, 36.076550699999984], [101.11861980000026, 36.06889699999999], [101.12562640000016, 36.06163030000022], [101.1330078000002, 36.058854900000085], [101.13815759999994, 36.059132500000146], [101.1409042000002, 36.058854900000085], [101.14262080000032, 36.05691210000009], [101.1450241, 36.05247109999999], [101.14656900000011, 36.05108320000028], [101.1494873000002, 36.05025050000012], [101.15257720000022, 36.05052810000018], [101.15750570000017, 36.05773140000002], [101.15962570000005, 36.057935900000075], [101.16301830000009, 36.05574100000001], [101.16682510000015, 36.056773300000145], [101.18021470000025, 36.068568400000174], [101.18381960000028, 36.07064980000007], [101.1863109000002, 36.07117340000002], [101.19102630000026, 36.07269160000027], [101.19293090000025, 36.07299490000031], [101.19688440000016, 36.07214390000024], [101.19875510000026, 36.07058340000026], [101.20096770000015, 36.069488900000295], [101.20493390000024, 36.06940100000014], [101.20790490000002, 36.07020700000021], [101.21148110000019, 36.07117250000016], [101.21468430000016, 36.071337300000096], [101.21659460000029, 36.07067699999999], [101.21787260000019, 36.0690058000003], [101.21749980000004, 36.068488800000125], [101.21641680000016, 36.06810790000026], [101.21580270000015, 36.06708390000006], [101.21623639999996, 36.06567320000005], [101.21713360000012, 36.064821100000074], [101.22238830000026, 36.06526459999998], [101.22755160000025, 36.06789730000003], [101.23042530000015, 36.06883850000014], [101.23687010000032, 36.07094919999997], [101.23995280000014, 36.07037220000001], [101.24613260000001, 36.06801340000004], [101.24922250000026, 36.06870720000029], [101.26106720000007, 36.0677359], [101.26501540000027, 36.063989400000196], [101.26710350000019, 36.06322710000018], [101.2677218, 36.06324369999993], [101.26965030000025, 36.06329550000015], [101.27119610000005, 36.06271880000003], [101.2718818000003, 36.062462900000185], [101.27754670000024, 36.0620466000002], [101.28544310000007, 36.05982630000017], [101.29145120000015, 36.058299799999986], [101.29385450000024, 36.054552800000295], [101.2931679000003, 36.05177720000012], [101.2948845000002, 36.04900139999995], [101.29711610000027, 36.04733590000001], [101.30123590000028, 36.04664189999994], [101.3045626, 36.04807740000007], [101.30964740000007, 36.047752300000184], [101.32372360000016, 36.04428240000016], [101.32818679999997, 36.04428240000016], [101.33608320000019, 36.04039590000008], [101.3393897000002, 36.040477500000065], [101.3428850000002, 36.04034800000022], [101.34655450000025, 36.04053470000002], [101.35203830000029, 36.03960910000001], [101.35478510000019, 36.040172100000234], [101.3575224, 36.041683800000044], [101.36011580000019, 36.04220040000018], [101.36611670000019, 36.04251190000002], [101.3680562000003, 36.04416280000021], [101.37061320000026, 36.047803699999974], [101.37470700000006, 36.049695299999996], [101.37814020000008, 36.05052810000018], [101.38043490000024, 36.050507800000275], [101.38288070000027, 36.04907980000024], [101.38250260000007, 36.04596040000007], [101.38414840000019, 36.044004800000266], [101.3904999000003, 36.041367500000206], [101.39582140000022, 36.04053470000002], [101.39903550000025, 36.04136160000024], [101.40337450000004, 36.042478000000244], [101.41443649999997, 36.04553510000005], [101.41707650000029, 36.047703100000206], [101.41796570000014, 36.05260990000011], [101.4195434000003, 36.05484610000002], [101.42892080000007, 36.0599974000001], [101.43337290000022, 36.06115870000008], [101.44096830000018, 36.06343430000027], [101.45034410000022, 36.061299399999996], [101.45487290000028, 36.05760590000011], [101.4588995000002, 36.05602820000013], [101.46517260000019, 36.0560794000001], [101.46980740000015, 36.05927120000007], [101.47717529999994, 36.06632990000003], [101.48251040000031, 36.071898499999975], [101.48517210000028, 36.07390980000014], [101.48942129999995, 36.07922580000019], [101.4949287, 36.082872000000236], [101.5032814000001, 36.085078700000224], [101.51059610000016, 36.09088979999996], [101.5156410000003, 36.09201470000016], [101.51873090000015, 36.09478899999999], [101.52461640000024, 36.097709200000054], [101.53170110000002, 36.10035030000006], [101.5400169000003, 36.10422070000004], [101.54636840000018, 36.10893610000011], [101.55100320000014, 36.115454000000284], [101.55065989999997, 36.11822740000025], [101.55220490000028, 36.12155540000009], [101.55683970000024, 36.123635300000046], [101.56207910000018, 36.12459580000012], [101.57285029999997, 36.11866429999998], [101.57640910000009, 36.11753410000006], [101.5805290000003, 36.11822740000025], [101.58464890000027, 36.12238740000021], [101.59409030000023, 36.124744599999985], [101.59731440000019, 36.12616050000008], [101.60250170000023, 36.13084529999992], [101.6071365000002, 36.137915899999996], [101.6106376000003, 36.142252300000166], [101.61279670000027, 36.14407270000015], [101.61503290000019, 36.144154200000116], [101.61589980000014, 36.14389630000011], [101.61829450000022, 36.143183800000145], [101.62207110000026, 36.143183800000145], [101.62361599999997, 36.144847300000094], [101.6249893000001, 36.14734240000013], [101.62601930000005, 36.148035500000105], [101.63065410000002, 36.148035500000105], [101.63649059999995, 36.151085000000194], [101.64438700000017, 36.15385720000023], [101.64644700000025, 36.15801520000019], [101.65640330000014, 36.15815380000009], [101.65829160000027, 36.16050990000019], [101.66756130000022, 36.16120290000015], [101.67202450000019, 36.162034500000004], [101.67683100000016, 36.16314320000009], [101.68489910000017, 36.16231160000024], [101.69004900000027, 36.162866000000065], [101.69600000000025, 36.16325000000006], [101.70554100000027, 36.16266900000011], [101.7081132000003, 36.16341820000031], [101.71041080000015, 36.16381779999995], [101.71701490000015, 36.163568000000055], [101.72415980000017, 36.15956690000013], [101.72679640000018, 36.157724499999915], [101.74692850000025, 36.154422500000294], [101.75178700000004, 36.152231400000005], [101.75445449999995, 36.15013550000015], [101.75836040000019, 36.15070709999998], [101.76645800000017, 36.15566090000027], [101.77293610000004, 36.15689940000004], [101.7817006000003, 36.15308870000024], [101.79022770000029, 36.123508300000026], [101.79447519999997, 36.11769179999999], [101.80130380000008, 36.11246300000005], [101.80454260000022, 36.112697100000275], [101.80668870000017, 36.116365099999996], [101.80775319999992, 36.118253800000105], [101.8080901000003, 36.11838530000017], [101.81003570000013, 36.118887900000004], [101.8113063000003, 36.11902360000005], [101.81631910000027, 36.11942710000022], [101.81897550000014, 36.119394100000136], [101.8229800000002, 36.11870479999993], [101.82601520000031, 36.1182343000001], [101.82761410000029, 36.11819159999993], [101.83308630000028, 36.117034899999965], [101.8377422000002, 36.1165275000003], [101.84272030000017, 36.11583420000011], [101.84426530000007, 36.115972800000236], [101.84443580000016, 36.11633919999997], [101.84510329999995, 36.11777360000019], [101.84651870000022, 36.121749299999976], [101.84841800000015, 36.12351240000021], [101.85183910000023, 36.12396100000001], [101.85662490000027, 36.12193550000029], [101.85937150000012, 36.11417010000008], [101.86194640000019, 36.1127833000001], [101.8692492000003, 36.113030300000105], [101.87258409999998, 36.111599400000216], [101.87321739999999, 36.11132770000029], [101.87928420000031, 36.10917760000001], [101.88288910000017, 36.10779070000001], [101.88941220000004, 36.108206800000175], [101.8919872000003, 36.10806810000025], [101.89473370000019, 36.10654249999993], [101.89450310000029, 36.10470690000011], [101.89354900000023, 36.103796900000134], [101.88560070000017, 36.09963300000004], [101.88579810000016, 36.096668100000045], [101.88872560000027, 36.09405950000024], [101.89439040000019, 36.091146500000264], [101.89971189999994, 36.09086910000002], [101.90503340000026, 36.09225630000026], [101.9082950000003, 36.09392079999992], [101.91121320000019, 36.093643400000076], [101.9123061000002, 36.092302700000005], [101.91305830000005, 36.09028150000029], [101.91219950000004, 36.08883650000007], [101.90882310000029, 36.08692750000006], [101.90503340000026, 36.08573640000009], [101.89936860000017, 36.085597700000164], [101.89713700000027, 36.08240690000031], [101.89318880000025, 36.08032590000005], [101.89250210000029, 36.07768990000028], [101.89370380000025, 36.07533130000019], [101.89730870000005, 36.07325010000028], [101.90743670000018, 36.07283389999992], [101.9263276000002, 36.067310300000145], [101.93061130000024, 36.0654463000003], [101.9345524000002, 36.06261200000006], [101.94503050000009, 36.059235300000296], [101.94615010000018, 36.05615749999998], [101.94609460000021, 36.05286419999999], [101.9454393000002, 36.05030530000022], [101.94537380000025, 36.049104300000124], [101.94305480000025, 36.04809670000026], [101.94184150000024, 36.04522739999999], [101.94378930000028, 36.04167060000003], [101.94640380000021, 36.03980480000001], [101.94966540000007, 36.03980480000001], [101.95327030000027, 36.040082400000074], [101.95395690000026, 36.03952719999995], [101.95010020000018, 36.035032], [101.95054960000004, 36.03224380000006], [101.9572185000003, 36.029393599999935], [101.96082340000015, 36.029393599999935], [101.96765020000026, 36.03128500000014], [101.97283970000012, 36.032725300000095], [101.97507130000002, 36.032308800000294], [101.98031549999996, 36.02829240000017], [101.98130550000019, 36.024395300000094], [101.98022110000016, 36.01981400000011], [101.98159440000029, 36.01745370000003], [101.98107940000011, 36.012732800000265], [101.98245270000024, 36.00842820000025], [101.98674420000003, 36.005928600000004], [101.98846080000015, 36.0024569000002], [101.99086410000024, 36.00079040000014], [102.00013380000019, 35.99898499999995], [102.00803020000018, 36.00037380000015], [102.01026180000025, 35.99856829999993], [102.01438170000029, 35.997596199999975], [102.01832990000025, 35.99481850000001], [102.01901660000004, 35.99287410000028], [102.01935990000021, 35.98759610000019], [102.02468140000019, 35.98329010000026], [102.03068950000028, 35.98134540000029], [102.03360780000031, 35.97995630000008], [102.03549610000022, 35.97815040000006], [102.03583940000021, 35.97537210000024], [102.03412279999992, 35.970092900000054], [102.02965960000012, 35.96578600000004], [102.02725630000003, 35.96189559999999], [102.02897290000016, 35.956615600000134], [102.03257780000018, 35.95508710000013], [102.04219089999992, 35.95397539999999], [102.0437358000002, 35.95258580000012], [102.04434020000014, 35.95154719999999], [102.04481880000031, 35.94768970000001], [102.04617950000028, 35.94565660000001], [102.04594220000018, 35.93847690000018], [102.04837070000019, 35.93535290000017], [102.04961110000016, 35.93223599999999], [102.04429450000026, 35.92980870000008], [102.04012610000018, 35.927496200000235], [102.03961590000023, 35.92603989999998], [102.04210690000008, 35.920280400000024], [102.04383290000027, 35.91632840000028], [102.04873990000021, 35.913409900000204], [102.05190930000026, 35.90850490000025], [102.05746869999996, 35.907967000000156], [102.05952870000004, 35.90727179999999], [102.06296190000029, 35.90351760000004], [102.06673840000008, 35.90240520000003], [102.0681117000002, 35.89656489999999], [102.06774270000022, 35.893260400000315], [102.06582120000024, 35.89057830000007], [102.06193189999993, 35.88514910000009], [102.06251840000016, 35.88242719999994], [102.06399460000029, 35.875576400000114], [102.06570850000031, 35.87153040000021], [102.0754454000002, 35.86451960000011], [102.07892640000028, 35.85692320000004], [102.07554270000026, 35.850606400000004], [102.0768665, 35.84565299999997], [102.08476560000025, 35.8377971000001], [102.26173902100032, 35.960288136999964], [102.53878981800051, 36.07034604700044], [103.43027574600023, 36.32287493100017], [104.18533480000019, 36.34355140000025], [104.1904846000001, 36.3432749000001], [104.19202950000022, 36.33995630000015], [104.1923330000003, 36.33922290000004], [104.19304870000019, 36.33749360000013], [104.19323120000018, 36.33705250000003], [104.1970077000002, 36.33636110000003], [104.1984913, 36.336918100000105], [104.20026930000023, 36.33760559999996], [104.20662080000011, 36.33677590000008], [104.21331559999999, 36.33594619999997], [104.21812209999996, 36.337190800000315], [104.22035370000003, 36.33843530000024], [104.2213836000002, 36.34230700000012], [104.21808420000002, 36.34507650000012], [104.21692040000022, 36.34604020000029], [104.21571880000027, 36.350326300000006], [104.21635390000023, 36.35107030000029], [104.21949540000026, 36.35475050000014], [104.22430190000023, 36.35682420000012], [104.23116830000009, 36.35765359999999], [104.23648980000024, 36.35737710000001], [104.24157950000017, 36.35864420000007], [104.24369960000007, 36.359174300000234], [104.2536560000002, 36.3619391000002], [104.25880579999995, 36.36235380000005], [104.26447060000027, 36.36097140000004], [104.27219540000027, 36.35723889999997], [104.27648690000024, 36.355856400000164], [104.28644329999997, 36.35447399999998], [104.29124979999995, 36.35447399999998], [104.29491670000016, 36.35510340000002], [104.30549770000022, 36.36097140000004], [104.31118620000018, 36.3640173], [104.31339410000004, 36.36719190000014], [104.3140412000003, 36.3727207], [104.31579740000029, 36.37797290000026], [104.3182007000002, 36.37866400000024], [104.32300720000018, 36.379216800000165], [104.32867200000027, 36.37880220000011], [104.33571010000031, 36.377834699999994], [104.34343490000015, 36.375208700000144], [104.34635310000021, 36.37534690000024], [104.35115960000019, 36.37824930000022], [104.35974270000014, 36.378111100000126], [104.3648926000003, 36.379907800000126], [104.37519220000019, 36.38198090000003], [104.37759550000027, 36.38377740000021], [104.38223040000025, 36.38460660000004], [104.38995510000024, 36.38502120000027], [104.3994415000002, 36.38774239999998], [104.40194419999995, 36.39022620000014], [104.40239360000021, 36.39407519999992], [104.40042650000015, 36.39842509999994], [104.3973366000003, 36.403122800000176], [104.39634780000017, 36.40360360000017], [104.39039210000016, 36.408990700000004], [104.38823850000017, 36.41651490000015], [104.38785469999999, 36.42036730000001], [104.38961180000007, 36.42356830000023], [104.39304500000031, 36.427021400000285], [104.39391949999998, 36.42738690000016], [104.40626290000023, 36.43254600000017], [104.41742090000031, 36.437656000000004], [104.43235549999997, 36.441936999999996], [104.44385680000022, 36.44373230000025], [104.45070630000026, 36.44712119999997], [104.45206270000023, 36.448674100000005], [104.45457200000021, 36.450767299999995], [104.45856840000027, 36.45087940000025], [104.46495250000021, 36.453003999999964], [104.46651610000026, 36.45353610000012], [104.47475580000025, 36.45588330000021], [104.48196560000014, 36.455469100000016], [104.48745880000024, 36.45326000000023], [104.49260860000021, 36.45146500000021], [104.49913180000027, 36.45339800000028], [104.50805810000003, 36.45878280000011], [104.51498870000006, 36.46286829999991], [104.52462350000002, 36.465996300000086], [104.53000900000029, 36.46773470000005], [104.5322836000002, 36.46925320000008], [104.53518060000027, 36.4721739000002], [104.54479370000001, 36.47990380000027], [104.54925690000022, 36.48445850000019], [104.55414920000015, 36.48639080000021], [104.55687410000019, 36.48754210000004], [104.5605219000002, 36.48812870000029], [104.56318260000029, 36.48961230000009], [104.56590799999998, 36.49246320000009], [104.57095030000028, 36.49671940000019], [104.57620770000005, 36.498121200000185], [104.58073500000023, 36.499444800000276], [104.58322410000028, 36.50286010000002], [104.58530580000001, 36.505572499999914], [104.59268720000023, 36.50860810000029], [104.60191400000019, 36.516368800000066], [104.6036735000003, 36.52337010000008], [104.60539010000002, 36.5335776], [104.61517480000015, 36.53923259999999], [104.6220766000003, 36.549881200000016], [104.62310290000028, 36.55264710000006], [104.62995090000004, 36.56330660000026], [104.63010150000025, 36.56903650000004], [104.6353607000002, 36.5722530000001], [104.6408817000003, 36.57367099999999], [104.64270850000031, 36.57429969999998], [104.64899210000027, 36.576462400000025], [104.65518170000007, 36.57846360000025], [104.66221010000021, 36.58073580000013], [104.67130809999998, 36.58211420000015], [104.6792045000002, 36.582941300000186], [104.68710100000021, 36.581700700000226], [104.69602730000014, 36.58059790000027], [104.70461040000015, 36.58307910000002], [104.70819579999994, 36.58454069999999], [104.70903570000019, 36.5878663000002], [104.70791420000029, 36.59327760000008], [104.71113360000021, 36.60154790000013], [104.71113360000021, 36.607749100000035], [104.70169220000025, 36.61518990000019], [104.69843060000022, 36.619185500000015], [104.69774400000006, 36.62331880000005], [104.70025279999999, 36.62752870000003], [104.70529710000028, 36.63599269999992], [104.70632700000021, 36.64053819999998], [104.70443880000016, 36.64590989999999], [104.70220720000026, 36.648939900000244], [104.70255050000003, 36.652520700000025], [104.70770030000017, 36.66412260000004], [104.71087310000013, 36.66897610000018], [104.7152534, 36.671799000000135], [104.71881240000016, 36.67513749999995], [104.72280650000022, 36.677030800000125], [104.72398740000023, 36.679097100000206], [104.72469480000012, 36.680334900000105], [104.72469480000012, 36.68363890000012], [104.72177660000028, 36.68625450000019], [104.7171417000003, 36.68900760000025], [104.71629220000017, 36.68950750000022], [104.7113052000002, 36.692311200000006], [104.70667040000023, 36.698505100000204], [104.70407400000016, 36.70335660000018], [104.69825890000021, 36.71199230000025], [104.69465410000021, 36.71364360000007], [104.68521270000008, 36.71584530000018], [104.67268140000027, 36.7188726], [104.6682182000003, 36.721211800000106], [104.6665016, 36.724789199999975], [104.66615830000023, 36.73221870000009], [104.66719960000023, 36.73368450000004], [104.66668320000014, 36.73575510000012], [104.6665016, 36.73648340000017], [104.66410430000008, 36.737855199999956], [104.6606651000003, 36.73868450000003], [104.65194739999998, 36.741013100000146], [104.64628799999997, 36.741515199999924], [104.64245790000018, 36.74388789999995], [104.64128340000013, 36.74578200000002], [104.63920740000032, 36.74693790000009], [104.63731920000026, 36.750926700000264], [104.63388590000022, 36.75574060000031], [104.62633280000017, 36.760279100000105], [104.61637650000029, 36.76426720000023], [104.61242830000026, 36.76825519999994], [104.60951000000023, 36.775680400000056], [104.60502000000014, 36.77900610000006], [104.60006860000027, 36.78145510000002], [104.59770950000029, 36.78379039999999], [104.59629210000026, 36.78764180000013], [104.59486510000016, 36.793089200000225], [104.59566880000023, 36.79652350000015], [104.59732210000021, 36.80358750000022], [104.59646380000027, 36.807298500000115], [104.5935455, 36.809635000000185], [104.59079890000015, 36.809497499999964], [104.5873657000003, 36.80853549999995], [104.58238750000015, 36.80619900000028], [104.58032760000026, 36.807161100000314], [104.57861100000014, 36.81004730000001], [104.58049920000025, 36.81348310000004], [104.58115610000004, 36.814264500000036], [104.58067090000026, 36.816506500000116], [104.57854660000015, 36.819066000000134], [104.5773235000002, 36.82057770000017], [104.57665000000026, 36.822561399999984], [104.57707910000022, 36.82455379999999], [104.5789543000003, 36.825850900000205], [104.58273080000015, 36.83244620000022], [104.5818725000002, 36.8354688], [104.5792976000003, 36.837392299999976], [104.57723770000001, 36.83821660000018], [104.57431940000015, 36.83780439999998], [104.56710970000029, 36.833820100000196], [104.56144480000017, 36.83148440000002], [104.5569816000002, 36.83079740000022], [104.55080179999993, 36.83066000000002], [104.54204710000016, 36.83244620000022], [104.53375610000018, 36.83436089999998], [104.52779920000023, 36.837667099999976], [104.52041780000002, 36.84082690000014], [104.51767120000017, 36.8432997000001], [104.51767120000017, 36.847146200000225], [104.51904450000029, 36.852640800000074], [104.52247770000014, 36.85621209999999], [104.52419430000003, 36.86170599999997], [104.52213440000031, 36.865139500000225], [104.51664120000021, 36.86747420000012], [104.51200640000025, 36.8703582], [104.5067409000003, 36.87033220000018], [104.49295189999998, 36.867611600000146], [104.47509920000027, 36.87337930000024], [104.46497109999996, 36.87557650000031], [104.45810470000009, 36.87585110000009], [104.45484310000023, 36.87694970000024], [104.45055160000027, 36.88216749999992], [104.44866329999996, 36.882854000000066], [104.4462195000001, 36.88318850000002], [104.44248350000026, 36.8823048000001], [104.43613199999999, 36.88354060000023], [104.43304210000014, 36.88711039999998], [104.42993079999991, 36.888054300000306], [104.42697200000026, 36.887590700000146], [104.42360070000018, 36.88642390000024], [104.41216379999997, 36.88194440000012], [104.40849450000013, 36.879833200000064], [104.40068400000013, 36.87995340000026], [104.3973366000003, 36.878460100000154], [104.39368880000029, 36.875748100000294], [104.39174919999999, 36.87343920000001], [104.38900260000031, 36.873044400000026], [104.38768060000018, 36.87440920000017], [104.38635020000004, 36.877498900000205], [104.38583520000026, 36.88573740000027], [104.38205870000024, 36.8894444], [104.37450560000002, 36.8934258000001], [104.36643750000002, 36.89754429999999], [104.3654528000003, 36.898882600000036], [104.36592250000024, 36.90152530000023], [104.36369090000017, 36.90838860000002], [104.36214600000022, 36.90880039999996], [104.36139730000008, 36.90922910000029], [104.36128770000028, 36.91140830000012], [104.35873420000019, 36.91303820000013], [104.35500290000022, 36.91326100000009], [104.35115960000019, 36.912643600000195], [104.34738310000017, 36.91168280000028], [104.34154660000024, 36.90770230000027], [104.3345085000002, 36.90248620000017], [104.32472380000007, 36.89795619999995], [104.32372530000026, 36.89791989999998], [104.32055529999997, 36.89780460000003], [104.31717070000025, 36.89768160000017], [104.30910260000024, 36.89932900000002], [104.30412440000009, 36.902074400000004], [104.30223620000021, 36.9053689000001], [104.30292280000015, 36.90797690000005], [104.30364130000027, 36.90886670000015], [104.30687100000017, 36.91031030000022], [104.31648400000029, 36.913192600000116], [104.32129060000005, 36.915663100000074], [104.32111890000027, 36.92032929999999], [104.32094720000026, 36.935423999999955], [104.31923060000014, 36.937619400000074], [104.3159691000003, 36.939265900000066], [104.31614070000029, 36.94200990000007], [104.31871560000019, 36.945988600000305], [104.3182007000002, 36.95133889999994], [104.31390910000022, 36.95682600000009], [104.31030420000019, 36.95984370000002], [104.30798679999992, 36.96341000000007], [104.30833010000026, 36.966016000000025], [104.31073340000017, 36.96779900000013], [104.3124500000003, 36.97095350000001], [104.31124839999995, 36.974382100000184], [104.31262170000008, 36.97726200000005], [104.31682740000025, 36.97931900000009], [104.32283550000017, 36.985078300000225], [104.32643480000007, 36.98962860000012], [104.32798539999993, 36.99070010000031], [104.32789960000031, 36.99825800000002], [104.32712710000015, 37.0002973], [104.32592540000002, 37.006329200000096], [104.32214890000023, 37.01194940000005], [104.31792850000005, 37.01337310000008], [104.31373750000023, 37.01510209999998], [104.31150590000016, 37.02031039999997], [104.31165040000019, 37.02245920000013], [104.31459580000018, 37.02414800000025], [104.31381500000026, 37.02617350000014], [104.3144241, 37.02990390000025], [104.31390910000022, 37.03511129999998], [104.3097893000002, 37.038537000000076], [104.30661939999993, 37.03881050000018], [104.30343780000015, 37.039085100000136], [104.30103450000024, 37.040181300000256], [104.29296640000024, 37.03840000000031], [104.28884660000006, 37.03840000000031], [104.28661500000015, 37.04004430000009], [104.28325120000022, 37.04447579999993], [104.28256450000003, 37.04755850000009], [104.27792970000024, 37.053244199999995], [104.27494199999995, 37.060594900000126], [104.27339700000022, 37.06374550000004], [104.2715088000001, 37.06580020000007], [104.27047880000015, 37.06812869999999], [104.27305370000022, 37.069498399999986], [104.27700190000024, 37.06895050000031], [104.2797485000001, 37.06977240000009], [104.28283840000017, 37.07196380000005], [104.28249510000018, 37.07744220000001], [104.27957679999992, 37.08141380000018], [104.28180840000022, 37.08524829999999], [104.28627160000019, 37.08689160000006], [104.2919365000003, 37.086343800000236], [104.29451139999998, 37.088671700000305], [104.29382470000019, 37.09250580000008], [104.29056320000018, 37.101405599999964], [104.29056320000018, 37.1037331], [104.2941681000002, 37.106471200000044], [104.29931789999995, 37.111810200000036], [104.30103450000024, 37.11810700000001], [104.29691460000026, 37.127277500000105], [104.29691460000026, 37.13206760000014], [104.29966120000029, 37.13453100000004], [104.30566940000023, 37.136446900000124], [104.30867629999995, 37.13626710000017], [104.31253580000026, 37.13603640000008], [104.31837230000019, 37.13316250000014], [104.32541040000024, 37.12714059999996], [104.3324486000003, 37.12481390000022], [104.34618150000023, 37.1218027000001], [104.34961470000025, 37.12303460000027], [104.35184630000032, 37.12549819999998], [104.35047300000019, 37.12823559999998], [104.3468681, 37.1294673000001], [104.34188990000024, 37.133025599999996], [104.33382180000024, 37.135625800000014], [104.33090360000017, 37.137268000000006], [104.3238655000003, 37.1517724000002], [104.32060390000026, 37.155056000000286], [104.31579740000029, 37.15587690000018], [104.30446770000026, 37.15409830000027], [104.29914620000017, 37.15409830000027], [104.29313810000025, 37.156971400000145], [104.29039150000017, 37.1627172000002], [104.29296640000024, 37.1670948000002], [104.29691460000026, 37.171608800000115], [104.31099090000015, 37.175301900000136], [104.32523880000025, 37.1807728], [104.33571010000031, 37.18200370000005], [104.34497980000026, 37.1803625], [104.35373460000005, 37.177900600000044], [104.36094430000009, 37.17899480000017], [104.36832580000015, 37.18405519999999], [104.37227399999995, 37.184328700000265], [104.37982710000017, 37.18282430000011], [104.38841019999995, 37.18528600000025], [104.39493330000022, 37.18979900000005], [104.39836650000024, 37.19595260000011], [104.40214310000027, 37.197320000000104], [104.4048897000003, 37.195679100000234], [104.41021120000028, 37.195542300000284], [104.41244280000018, 37.19526890000003], [104.41484600000024, 37.19267070000018], [104.41673430000031, 37.192123700000025], [104.42085419999995, 37.19335440000026], [104.42600400000026, 37.197046500000226], [104.42995220000029, 37.197866900000236], [104.43475870000026, 37.196226000000195], [104.44299850000004, 37.19335440000026], [104.45226819999999, 37.19458509999993], [104.46754610000022, 37.198824100000024], [104.47372590000015, 37.20374640000017], [104.4804207000002, 37.2137268000003], [104.48162230000031, 37.217007699999954], [104.48179400000015, 37.22206549999993], [104.48351060000005, 37.225072700000055], [104.48677210000028, 37.22616620000014], [104.50067670000021, 37.22302240000005], [104.50582650000013, 37.22206549999993], [104.50840150000022, 37.2231591000002], [104.50977480000017, 37.22616620000014], [104.50737150000026, 37.22794310000006], [104.50428160000001, 37.22999330000005], [104.50239330000028, 37.232863500000235], [104.50308000000007, 37.23477690000027], [104.5044533000002, 37.23546029999994], [104.50754320000027, 37.23341019999998], [104.51166300000023, 37.22999330000005], [104.51355129999996, 37.22958330000006], [104.51612620000003, 37.23108680000013], [104.51749950000016, 37.23559700000027], [104.52041780000002, 37.23819359999999], [104.5245376000002, 37.23983360000017], [104.52676920000027, 37.23956030000028], [104.52917250000019, 37.23764700000004], [104.5307174000003, 37.23450360000004], [104.5329490000002, 37.23313690000009], [104.53432230000016, 37.23354690000008], [104.53638230000024, 37.23710030000012], [104.53277740000021, 37.24584640000029], [104.53123240000008, 37.24939930000005], [104.5329490000002, 37.25131230000028], [104.53518060000027, 37.25185879999998], [104.55217510000023, 37.24707630000006], [104.55560830000007, 37.24721290000019], [104.55921320000027, 37.24953590000001], [104.56075820000024, 37.25254200000023], [104.55904160000028, 37.25609450000019], [104.55612330000025, 37.25841720000017], [104.55372010000019, 37.26142299999998], [104.55337670000017, 37.26429200000024], [104.55560830000007, 37.26565810000028], [104.55801160000016, 37.26593140000017], [104.5631614000003, 37.26360890000001], [104.56522140000021, 37.26319900000021], [104.57157290000009, 37.26114970000009], [104.57431940000015, 37.26155960000028], [104.57775270000019, 37.262925800000176], [104.57998430000026, 37.26456520000028], [104.58444750000024, 37.264428599999974], [104.59097060000016, 37.268390400000044], [104.60144190000022, 37.271259100000066], [104.60521850000003, 37.273854500000255], [104.61019670000019, 37.27767920000014], [104.61414490000021, 37.27808900000031], [104.61912310000014, 37.27767920000014], [104.62152630000003, 37.27781580000027], [104.62410120000027, 37.282050099999935], [104.62221300000022, 37.28587429999999], [104.61809310000018, 37.29079100000001], [104.61774980000001, 37.29461480000003], [104.6201530000003, 37.297482600000194], [104.62392960000028, 37.29857500000014], [104.62839280000009, 37.29843840000001], [104.63285600000006, 37.29720939999993], [104.64281230000017, 37.2902447000003], [104.6467605000002, 37.2901081], [104.65088040000018, 37.29065440000028], [104.65276870000008, 37.29161040000014], [104.65276870000008, 37.29434170000019], [104.65568690000015, 37.295980400000246], [104.6606651000003, 37.297482600000194], [104.6625534000002, 37.29898470000012], [104.66358330000031, 37.30895240000007], [104.66512830000028, 37.311546600000156], [104.66924820000025, 37.31591539999994], [104.67508470000018, 37.31864590000009], [104.68040619999994, 37.31850930000019], [104.68572770000026, 37.31823630000014], [104.68778760000015, 37.32001100000008], [104.69722900000028, 37.32642699999997], [104.69928890000017, 37.329157000000066], [104.70203550000025, 37.329430000000116], [104.70890200000014, 37.32820150000026], [104.71199190000016, 37.329293500000006], [104.71267850000015, 37.333934300000124], [104.71508180000001, 37.336254600000075], [104.71611170000017, 37.34116800000021], [104.71456680000023, 37.34498930000018], [104.71559670000016, 37.35113020000006], [104.72229150000004, 37.35344990000016], [104.72435149999995, 37.35344990000016], [104.72967300000028, 37.35399580000001], [104.73156130000018, 37.35358640000027], [104.73928600000022, 37.34621750000019], [104.74220430000025, 37.34417040000028], [104.74615250000028, 37.343351600000005], [104.7495857000003, 37.34430690000022], [104.75267560000015, 37.345535100000234], [104.75645220000018, 37.345671599999946], [104.75937040000002, 37.34471630000013], [104.76160199999993, 37.34417040000028], [104.76984170000009, 37.349629100000016], [104.76949840000015, 37.35344990000016], [104.76812510000019, 37.357407000000194], [104.77035670000026, 37.36218260000027], [104.77241670000018, 37.363274100000126], [104.77327689999993, 37.36324300000024], [104.7761932000002, 37.363137600000016], [104.78340300000025, 37.361500400000295], [104.79404599999992, 37.357816400000104], [104.79833750000029, 37.35727060000028], [104.80177080000016, 37.35822570000005], [104.80674890000029, 37.363274100000126], [104.81035380000009, 37.36518420000027], [104.81327210000018, 37.364911300000074], [104.81825029999993, 37.362591899999984], [104.81945190000005, 37.3627283000003], [104.82185509999994, 37.364092700000015], [104.82340010000024, 37.36845849999992], [104.82202680000012, 37.373233299999924], [104.81430200000028, 37.38059960000015], [104.8124138, 37.387555899999995], [104.81584700000025, 37.38851069999993], [104.81893690000027, 37.38796510000009], [104.8244301000002, 37.38400960000001], [104.83129650000006, 37.38059960000015], [104.83558800000026, 37.37978110000029], [104.84176790000015, 37.381554400000084], [104.84914930000019, 37.38469159999994], [104.85395580000016, 37.38796510000009], [104.85807570000014, 37.39123850000004], [104.86116559999999, 37.39123850000004], [104.86665880000015, 37.39028370000028], [104.87180860000007, 37.39096570000004], [104.87764510000017, 37.39082930000012], [104.88416820000026, 37.39246589999999], [104.89051970000031, 37.39287510000008], [104.90013270000026, 37.388647100000014], [104.90287929999994, 37.38905620000014], [104.90528260000002, 37.39055650000029], [104.9068275000003, 37.39901209999999], [104.90802920000027, 37.40037580000023], [104.91300730000023, 37.40364860000011], [104.91592560000026, 37.40378490000023], [104.91935880000011, 37.40378490000023], [104.92296370000014, 37.402694], [104.92674020000015, 37.403103100000294], [104.93721160000024, 37.4081484000003], [104.94167480000021, 37.408966600000156], [104.95437770000018, 37.409921000000054], [104.9578109000002, 37.410875499999975], [104.9600425000001, 37.414420500000006], [104.96072920000029, 37.41796540000024], [104.96313249999997, 37.42096480000026], [104.96742400000016, 37.42300970000014], [104.97480539999998, 37.42287340000007], [104.9797836000003, 37.423555000000135], [104.98716500000018, 37.42778110000006], [104.99300150000028, 37.4330973000001], [104.99231490000011, 37.438276900000005], [104.98716500000018, 37.445636800000045], [104.97995530000031, 37.44631820000012], [104.97480539999998, 37.44849880000004], [104.97223050000031, 37.451769500000125], [104.97326050000026, 37.45558510000001], [104.97703700000028, 37.45912800000025], [104.9791425000002, 37.45938510000019], [104.98373180000016, 37.459945600000026], [104.99214319999993, 37.460490600000185], [104.99900969999999, 37.45926430000014], [105.00381619999996, 37.45681150000024], [105.00621950000021, 37.45326849999998], [105.0067344000002, 37.450951799999984], [105.00965270000006, 37.44768110000007], [105.01411590000004, 37.44618200000002], [105.02149730000025, 37.44781740000019], [105.02664720000024, 37.44699969999999], [105.03437190000022, 37.4475448], [105.04570160000026, 37.44986160000002], [105.06029280000018, 37.45435869999994], [105.07642900000019, 37.46280700000017], [105.08569870000014, 37.46839330000017], [105.08844530000016, 37.472480600000154], [105.09428170000007, 37.47575020000011], [105.10286480000025, 37.47779370000029], [105.10686640000023, 37.48337419999996], [105.10937720000015, 37.48548920000019], [105.11193459999998, 37.48715040000013], [105.1144972000003, 37.48826250000013], [105.11754429999996, 37.488590300000055], [105.11936580000025, 37.48779820000027], [105.12464569999992, 37.48494319999992], [105.1286140000002, 37.48147180000012], [105.13427880000029, 37.479700899999955], [105.14578020000016, 37.473434199999986], [105.15213160000002, 37.47220810000016], [105.15796809999995, 37.47425170000031], [105.16449120000021, 37.47929220000009], [105.17015610000016, 37.48133550000023], [105.17805250000032, 37.482016600000065], [105.18337400000007, 37.48147180000012], [105.18711090000022, 37.48105800000019], [105.19132340000021, 37.481392000000085], [105.19487530000032, 37.47847480000013], [105.19796520000017, 37.47534150000024], [105.20208510000015, 37.474796600000275], [105.2070633000003, 37.475477800000135], [105.21356470000018, 37.4771712000001], [105.22852090000026, 37.4831064], [105.23607400000026, 37.48542209999994], [105.23933560000029, 37.48501340000007], [105.24345549999992, 37.48378750000006], [105.24706039999995, 37.48269770000013], [105.24725530000029, 37.482768500000134], [105.25718840000025, 37.486375599999974], [105.26559980000002, 37.488963600000034], [105.27040629999999, 37.49482030000024], [105.27315290000024, 37.4965909], [105.27572780000031, 37.49672710000027], [105.29049070000019, 37.49264110000024], [105.29323730000027, 37.493594500000256], [105.2959839000003, 37.493458299999986], [105.30473860000029, 37.49209630000007], [105.30731349999996, 37.49032570000014], [105.31091839999999, 37.486648000000116], [105.32774120000016, 37.48841880000009], [105.32850460000026, 37.487820399999976], [105.32985210000021, 37.48790220000018], [105.33233370000016, 37.48876030000031], [105.3336512000003, 37.488368700000024], [105.33446020000025, 37.48742690000029], [105.33512960000024, 37.48711209999999], [105.33661340000026, 37.4866822000003], [105.33740199999994, 37.48664050000002], [105.33929070000028, 37.48679280000022], [105.34085020000015, 37.48686529999998], [105.34214090000017, 37.48657060000011], [105.34362149999993, 37.48628129999997], [105.34400450000021, 37.48756079999998], [105.34496579999995, 37.48836950000009], [105.3457168000001, 37.48908800000004], [105.34690450000016, 37.4898627], [105.34784120000023, 37.49078380000003], [105.34861580000018, 37.491414599999985], [105.35030020000028, 37.491460600000266], [105.35162840000021, 37.49091410000017], [105.35286650000018, 37.4902381], [105.35462610000008, 37.4887033], [105.35574830000002, 37.488492100000315], [105.35839240000013, 37.48884239999995], [105.36137879999995, 37.491754900000274], [105.36220709999992, 37.492607800000144], [105.36352030000023, 37.49304370000016], [105.36547940000031, 37.49349830000028], [105.36848770000017, 37.4936821], [105.37082660000027, 37.494191200000046], [105.37177290000022, 37.49435120000015], [105.37384470000023, 37.494193900000084], [105.37607300000002, 37.49410770000026], [105.37786470000032, 37.49391710000009], [105.37895670000023, 37.49315820000021], [105.3822142000003, 37.49362080000009], [105.38505520000018, 37.49538970000009], [105.38720960000006, 37.49631580000016], [105.39103550000027, 37.496744900000124], [105.39367470000013, 37.49593790000017], [105.39660800000019, 37.49665630000027], [105.39869590000029, 37.49673310000003], [105.40242519999993, 37.49707340000015], [105.40714590000027, 37.499473799999976], [105.41026370000014, 37.50034540000013], [105.41524610000027, 37.50087990000014], [105.41747770000018, 37.500937800000145], [105.4188961000001, 37.501850299999944], [105.42124999999999, 37.50371940000025], [105.42319410000027, 37.50432880000022], [105.42558229999997, 37.50403940000007], [105.42603940000015, 37.5010468000001], [105.42768690000003, 37.49916730000001], [105.42996180000017, 37.49824640000003], [105.43368260000017, 37.498517100000015], [105.4371931, 37.49775950000026], [105.44146740000019, 37.496322599999985], [105.44519680000019, 37.49538630000018], [105.4471859000003, 37.4939846000002], [105.4512156000003, 37.49267930000019], [105.45545730000026, 37.49223250000017], [105.4623237000003, 37.49468409999997], [105.46953349999995, 37.49427550000007], [105.47485500000028, 37.49604610000023], [105.48343810000006, 37.498361400000306], [105.48772960000025, 37.49563749999999], [105.4947677000003, 37.495501300000285], [105.50180589999997, 37.50135750000004], [105.51004559999996, 37.50040420000022], [105.51656870000022, 37.49590990000013], [105.5212036000002, 37.49577370000026], [105.52755510000009, 37.49931470000013], [105.53630980000025, 37.4997233000002], [105.54777220000005, 37.4944947000003], [105.5588261000002, 37.49363430000017], [105.56652220000018, 37.49563749999999], [105.57253030000027, 37.49713560000015], [105.58506160000024, 37.50448970000002], [105.58880450000015, 37.508582600000295], [105.59015210000024, 37.50885780000016], [105.6006942000003, 37.511011499999995], [105.60960920000025, 37.510072900000125], [105.61578900000012, 37.51266009999995], [105.61733400000026, 37.51878720000013], [105.63192520000013, 37.523960900000304], [105.63879159999999, 37.52436930000016], [105.64548640000027, 37.520148800000186], [105.6513229000002, 37.521510300000216], [105.65903350000025, 37.52882200000016], [105.65919690000027, 37.5280958000003], [105.6613298000002, 37.52828640000007], [105.66524800000019, 37.530880100000275], [105.66595290000026, 37.53145660000018], [105.66710510000019, 37.53216110000022], [105.66845380000024, 37.53205810000003], [105.66904380000022, 37.53169479999997], [105.66950840000027, 37.5311112], [105.6706682000003, 37.53049520000002], [105.67161450000026, 37.52954220000004], [105.6734362000002, 37.52933630000007], [105.67478700000021, 37.52904529999995], [105.67630080000026, 37.52907850000025], [105.67763440000027, 37.52945720000031], [105.67995980000029, 37.53082210000008], [105.68284840000001, 37.53331000000003], [105.6849910000002, 37.53420000000017], [105.68845680000027, 37.53442180000002], [105.69159189999993, 37.53434480000004], [105.69448800000015, 37.535027600000035], [105.69654910000014, 37.53668270000003], [105.69840150000027, 37.53792400000026], [105.69928860000016, 37.538379200000065], [105.70054100000021, 37.538151600000276], [105.70322830000015, 37.53819300000015], [105.70539380000025, 37.53819300000015], [105.70690710000025, 37.536951600000066], [105.70865510000027, 37.53508960000022], [105.71058580000016, 37.53436549999998], [105.71290790000006, 37.53587580000027], [105.71470810000017, 37.538730900000246], [105.71580390000025, 37.54115130000031], [105.71700410000005, 37.54214430000002], [105.71872610000025, 37.54290980000013], [105.72128290000006, 37.54338560000025], [105.72462250000018, 37.54423370000006], [105.72754470000018, 37.54439920000027], [105.72994500000021, 37.54626100000013], [105.73203220000022, 37.547109100000114], [105.73320630000023, 37.54870189999991], [105.7340412000002, 37.54965349999998], [105.73672850000031, 37.54996370000026], [105.74421650000028, 37.55027400000017], [105.74750390000014, 37.550666999999976], [105.75006080000031, 37.55134959999998], [105.75334820000018, 37.55302510000024], [105.75705299999993, 37.55494870000024], [105.76161890000026, 37.557575500000155], [105.76271469999995, 37.55949900000013], [105.76472370000027, 37.56105020000024], [105.76751529999996, 37.562146300000165], [105.77069840000007, 37.56222900000006], [105.77390750000023, 37.56138110000006], [105.77753410000025, 37.56059510000006], [105.7824681000003, 37.5596735000002], [105.78567820000018, 37.56104820000007], [105.78660070000029, 37.56330040000006], [105.78704340000013, 37.564762700000074], [105.78947870000019, 37.56786290000008], [105.79246740000002, 37.569179000000304], [105.79615709999996, 37.569500700000276], [105.79962550000005, 37.57029030000024], [105.80228210000013, 37.57201570000018], [105.80305700000014, 37.57508640000003], [105.8029463000002, 37.57681169999995], [105.80401630000028, 37.577747400000305], [105.80567670000016, 37.58026219999999], [105.80700500000029, 37.581636600000024], [105.80870230000022, 37.58207520000008], [105.81180170000016, 37.5813734000003], [105.8139418000003, 37.5808763], [105.8150118000002, 37.58128570000014], [105.8178898000001, 37.58289390000016], [105.81947639999993, 37.58549629999999], [105.82316620000023, 37.58789380000013], [105.82604419999996, 37.589472700000215], [105.82973390000006, 37.59002820000018], [105.83231680000029, 37.58795229999998], [105.84324630000026, 37.586581100000046], [105.84765560000022, 37.58614700000021], [105.85047329999992, 37.58633300000031], [105.85271710000012, 37.587676900000304], [105.85537830000004, 37.58947560000007], [105.85848310000029, 37.59230790000015], [105.85947460000023, 37.598881699999936], [105.86101390000022, 37.60206510000029], [105.86179049999998, 37.60290440000006], [105.86324850000022, 37.60349969999993], [105.86546920000029, 37.60323510000006], [105.86846970000022, 37.60257370000005], [105.87225280000024, 37.60257370000005], [105.87606200000027, 37.602945700000305], [105.8792450000002, 37.604909400000054], [105.88081050000022, 37.607472400000006], [105.88193240000015, 37.609642699999995], [105.88281940000019, 37.61170950000013], [105.88595030000005, 37.61288760000008], [105.88989000000026, 37.61402429999998], [105.89275990000021, 37.61516100000006], [105.89534290000023, 37.61824030000031], [105.89657810000028, 37.620197200000234], [105.89740400000022, 37.621505500000296], [105.89803020000016, 37.624522499999955], [105.89750840000016, 37.62642370000026], [105.89735189999999, 37.62818010000029], [105.89779540000029, 37.63014310000017], [105.90121330000028, 37.6343375000003], [105.90233520000021, 37.63683750000001], [105.90317010000018, 37.639606100000094], [105.91158329999996, 37.64645090000016], [105.91678580000018, 37.649606100000085], [105.9208446000003, 37.65249819999991], [105.92434980000024, 37.65553630000011], [105.92490330000021, 37.65717210000031], [105.92505090000014, 37.66041450000017], [105.92471880000022, 37.67168860000004], [105.92235740000024, 37.675631300000305], [105.92206220000031, 37.67793830000005], [105.92102910000028, 37.68190980000003], [105.92058630000025, 37.68421669999992], [105.92228360000018, 37.6908449], [105.9235012000002, 37.695253600000285], [105.92792890000027, 37.70155970000013], [105.93143420000001, 37.70363240000023], [105.93582500000025, 37.706172200000026], [105.93700570000021, 37.70739820000006], [105.93811259999995, 37.710842700000114], [105.93866609999992, 37.7158048], [105.9413227, 37.722459400000105], [105.94283550000011, 37.72669120000012], [105.94283550000011, 37.73208990000006], [105.94283550000011, 37.73427850000013], [105.94493870000025, 37.7399102], [105.94914500000027, 37.74845900000014], [105.95069470000027, 37.75146400000028], [105.9531299000003, 37.7552565000002], [105.95368340000027, 37.76257840000028], [105.9495509000003, 37.780199700000026], [105.94777980000032, 37.79431310000001], [105.94777980000032, 37.80072740000014], [105.94403170000015, 37.8044357], [105.93427530000025, 37.814020600000106], [105.92822409999997, 37.81891750000028], [105.92645299999998, 37.82323120000012], [105.92748610000001, 37.82894350000009], [105.93693190000016, 37.83360630000004], [105.94519700000029, 37.834538900000155], [105.95051020000028, 37.8340726000003], [105.95316679999996, 37.830575600000145], [105.95493790000017, 37.822881500000165], [105.95907049999994, 37.82043320000008], [105.96171740000028, 37.8205257000003], [105.97102530000001, 37.8242805000001], [105.97486260000028, 37.82777780000009], [105.97412469999995, 37.832615499999974], [105.97124660000003, 37.839259600000105], [105.96873760000028, 37.84654400000011], [105.96873760000028, 37.8514971000003], [105.97091560000018, 37.85526210000006], [105.97820980000029, 37.86504259999998], [105.98815290000016, 37.87877359999993], [105.99103160000016, 37.88305279999997], [105.9932674000002, 37.88354320000025], [105.99337450000019, 37.88371500000005], [105.99347000000029, 37.88442990000004], [105.99266400000022, 37.89034030000005], [105.99412310000031, 37.894195800000034], [105.99382800000024, 37.89872600000024], [105.99475039999999, 37.90114250000016], [105.99836640000024, 37.90376280000004], [106.0049710000003, 37.90594630000027], [106.01069010000026, 37.906761500000016], [106.01781140000026, 37.907198200000096], [106.02589190000003, 37.90903220000013], [106.03098380000017, 37.911069999999995], [106.03345590000026, 37.914796100000274], [106.0359281000002, 37.92061780000023], [106.03607570000014, 37.92611880000027], [106.03637090000024, 37.930193400000064], [106.03758850000025, 37.93252159999997], [106.04039270000027, 37.93391850000006], [106.04371350000025, 37.934616999999946], [106.04592590000016, 37.93592150000006], [106.04922640000024, 37.93751400000002], [106.05072399999995, 37.938341899999955], [106.04983850000025, 37.94596569999999], [106.04965400000026, 37.94852620000029], [106.05005990000006, 37.9502719000003], [106.05386030000028, 37.95286140000013], [106.0569228, 37.95361780000002], [106.06312160000027, 37.95335600000004], [106.06551239999999, 37.95450510000006], [106.06903270000015, 37.95481810000024], [106.07743790000012, 37.95483980000006], [106.08182870000019, 37.95757450000002], [106.08404250000018, 37.959872799999914], [106.08485430000002, 37.963887300000295], [106.0853708000003, 37.9668544000001], [106.08736330000016, 37.96883250000019], [106.09142200000025, 37.97008320000009], [106.0982850000002, 37.97118860000006], [106.10201160000014, 37.972148400000265], [106.1037458000003, 37.97427170000009], [106.10481579999998, 37.97843090000015], [106.1056768000002, 37.97954750000014], [106.10695720000007, 37.98044550000003], [106.1092805000003, 37.98250260000003], [106.11230270000004, 37.98358460000003], [106.12012830000026, 37.98500360000003], [106.12636399999997, 37.98549800000029], [106.13123450000029, 37.98421840000009], [106.13341150000008, 37.98421840000009], [106.13464669999996, 37.984691399999974], [106.13794990000025, 37.99020909999996], [106.14001169999995, 37.99639400000012], [106.14333690000029, 37.99686800000029], [106.14665809999991, 37.99972570000011], [106.15104130000003, 38.00371420000005], [106.15464180000004, 38.005769999999984], [106.15839890000024, 38.00725020000027], [106.16257340000016, 38.01095040000018], [106.16762470000009, 38.0143061], [106.1688129000002, 38.01548960000002], [106.17306170000018, 38.0167472], [106.17817550000018, 38.017569400000184], [106.17989750000021, 38.019419300000095], [106.18386320000025, 38.02357110000008], [106.18485470000019, 38.02903799999996], [106.18610700000005, 38.03376470000029], [106.19043800000014, 38.03783350000015], [106.19330800000029, 38.04029930000024], [106.19499950000005, 38.04612080000015], [106.1954474000002, 38.04777849999999], [106.1954474000002, 38.052462899999966], [106.19440379999998, 38.05829740000007], [106.19502999999992, 38.062200500000074], [106.19696070000015, 38.06684289999998], [106.20059420000024, 38.07140840000028], [106.20479680000017, 38.07655660000006], [106.20562630000023, 38.07938560000002], [106.20887910000005, 38.087087300000064], [106.21574550000031, 38.09397759999996], [106.22450030000027, 38.10005680000029], [106.22381359999991, 38.10721600000022], [106.21849210000016, 38.11491470000021], [106.21282730000024, 38.125583600000084], [106.21591720000009, 38.133415400000274], [106.22776180000028, 38.146916600000225], [106.23514330000017, 38.16041540000015], [106.23804350000012, 38.173344199999974], [106.23987000000028, 38.19038510000024], [106.24389800000029, 38.20103140000003], [106.25196610000029, 38.20858540000012], [106.26295240000019, 38.21762209999997], [106.2742820000002, 38.23609680000021], [106.28578340000024, 38.255105900000046], [106.30346450000019, 38.26723680000015], [106.32462170000014, 38.276165200000094], [106.32835540000013, 38.28496520000027], [106.33573680000018, 38.310756599999934], [106.34037170000016, 38.31991540000013], [106.34534989999992, 38.32260890000026], [106.35170130000017, 38.31991540000013], [106.35702280000015, 38.31897260000011], [106.36217270000026, 38.323012900000094], [106.37092740000026, 38.333920600000226], [106.37848050000025, 38.339306499999964], [106.39444500000008, 38.345095900000274], [106.40628960000026, 38.35384650000026], [106.41306130000015, 38.360041199999955], [106.4189994000003, 38.36391010000017], [106.4262476000003, 38.36625220000013], [106.43231900000029, 38.369822400000146], [106.43697420000018, 38.374765600000046], [106.44714510000028, 38.38520519999997], [106.48439560000025, 38.405655000000024], [106.50980150000021, 38.41143910000005], [106.51615290000007, 38.415608700000064], [106.52439270000025, 38.429057600000135], [106.5319458000003, 38.473555300000044], [106.53486400000014, 38.47919960000024], [106.53795389999999, 38.49236789999998], [106.5422455000002, 38.51721980000008], [106.5424171000002, 38.5279639000002], [106.53640900000028, 38.5415261], [106.53520730000031, 38.55119259999992], [106.52765420000009, 38.56340810000006], [106.5216461, 38.57280329999992], [106.51907120000016, 38.585015100000135], [106.52507930000024, 38.59695660000017], [106.53589400000027, 38.603127800000266], [106.5420738000002, 38.609164400000225], [106.55031350000019, 38.62941660000007], [106.5597473000002, 38.63743599999992], [106.57167830000026, 38.643107600000064], [106.58636240000021, 38.65341680000006], [106.59288560000027, 38.67526479999998], [106.59837870000001, 38.68732520000026], [106.60747679999997, 38.69603430000001], [106.60988000000003, 38.70742139999999], [106.59752040000023, 38.71987820000004], [106.59237059999992, 38.725637099999915], [106.58962400000024, 38.740634700000044], [106.59305720000026, 38.748400100000254], [106.60146860000026, 38.757235599999944], [106.61949310000017, 38.76687309999994], [106.63030770000023, 38.774903300000005], [106.6337995000003, 38.78203620000011], [106.64287009999993, 38.789410100000225], [106.64666200000016, 38.79410120000006], [106.6475482000003, 38.80055750000008], [106.64932060000024, 38.802659400000096], [106.65296299999994, 38.80774670000022], [106.6558853000002, 38.810760500000185], [106.66772989999998, 38.81303440000022], [106.6725445000003, 38.817764400000044], [106.6795746000002, 38.8246704], [106.68793750000026, 38.83321910000018], [106.6972436000002, 38.838844600000016], [106.71253350000018, 38.848070300000074], [106.71493680000026, 38.86451260000018], [106.72060160000018, 38.871195300000124], [106.74223100000029, 38.873467300000186], [106.75579220000003, 38.879481], [106.76746520000006, 38.88789940000004], [106.77141340000026, 38.90326370000014], [106.77433159999993, 38.91849110000027], [106.78188470000015, 38.919960199999935], [106.79578930000025, 38.929041499999926], [106.7966476000002, 38.93705340000008], [106.79750589999998, 38.94359579999997], [106.79578930000025, 38.9557444000003], [106.80059580000022, 38.9629525000002], [106.80814890000005, 38.966022399999986], [106.81999360000026, 38.96869170000002], [106.82892000000021, 38.9738966000001], [106.83578640000007, 38.98844180000009], [106.83870470000016, 39.01072070000015], [106.8517509000003, 39.04552580000029], [106.85346750000019, 39.06605410000026], [106.8615356000002, 39.07844820000025], [106.86720039999994, 39.09137300000009], [106.8599920000002, 39.09282990000003], [106.86051570000001, 39.098544600000196], [106.8527076000002, 39.1103538000001], [106.84674190000027, 39.12351170000005], [106.84375599999993, 39.13335490000003], [106.83953340000016, 39.144296000000054], [106.83689130000022, 39.15178989999998], [106.8251270000003, 39.1715277000003], [106.82329710000022, 39.18878180000024], [106.8137550000003, 39.210218800000064], [106.79754650000018, 39.22708090000009], [106.78617440000016, 39.24106720000003], [106.7865815000003, 39.24455220000027], [106.78740750000003, 39.24893029999993], [106.78820780000018, 39.2509493], [106.78962750000022, 39.25468730000023], [106.79058270000024, 39.256806100000006], [106.79215729999993, 39.25866500000001], [106.79489360000002, 39.261763099999996], [106.80004749999995, 39.270722300000216], [106.80180950000027, 39.27384690000008], [106.80217830000004, 39.27625770000009], [106.8016456000002, 39.2787002], [106.80049750000006, 39.2827889000003], [106.79961720000006, 39.28559890000008], [106.79830590000029, 39.2883740000002], [106.79752739999998, 39.290594], [106.79734300000018, 39.2920529000001], [106.79742490000024, 39.29351170000001], [106.7973635000003, 39.29831600000017], [106.79750690000026, 39.300281999999925], [106.79781420000029, 39.30189919999998], [106.79974020000014, 39.307337100000154], [106.80055970000024, 39.309191900000144], [106.8013383, 39.3108565], [106.80244470000025, 39.314597500000104], [106.80269050000015, 39.31578640000026], [106.80252659999991, 39.31686430000008], [106.80209630000019, 39.31783120000017], [106.80105140000006, 39.31924190000018], [106.79699470000014, 39.32320449999992], [106.79566290000008, 39.324662599999954], [106.79439260000015, 39.32642190000024], [106.79396230000026, 39.32746790000027], [106.79367549999995, 39.32849810000005], [106.79306080000026, 39.32955989999999], [106.79183150000017, 39.330954500000075], [106.78970070000025, 39.33345849999995], [106.789086, 39.334789600000136], [106.78871720000024, 39.3362951000002], [106.78874439999998, 39.33764830000007], [106.7887787000002, 39.33848189999992], [106.78945480000016, 39.33933760000002], [106.79183150000017, 39.341888800000106], [106.79295840000015, 39.34356839999998], [106.79373700000025, 39.34548559999996], [106.79398279999998, 39.34661059999996], [106.79408530000029, 39.34781470000013], [106.79291740000014, 39.352853000000096], [106.79072510000009, 39.357162099999925], [106.7887787000002, 39.359205700000075], [106.78693470000019, 39.36118590000018], [106.78543910000025, 39.36261159999998], [106.78037840000002, 39.36790220000023], [106.7791695000002, 39.36915350000021], [106.77718210000006, 39.3707057000002], [106.77396540000001, 39.371418500000004], [106.77048230000031, 39.3713551000003], [106.76718360000024, 39.37202040000028], [106.75765639999992, 39.37168770000028], [106.75448070000027, 39.37165609999994], [106.75132539999993, 39.37225790000002], [106.74952240000016, 39.373556699999995], [106.74831359999996, 39.37533060000004], [106.7477809000003, 39.377025200000105], [106.74765790000026, 39.37838720000019], [106.74792430000008, 39.3805569000001], [106.7475350000002, 39.38340740000007], [106.74698180000007, 39.385798600000214], [106.74640810000022, 39.38695460000031], [106.74454370000018, 39.38909230000024], [106.74288410000014, 39.39135670000002], [106.74212600000016, 39.393320100000096], [106.74093770000025, 39.39849750000002], [106.74060980000007, 39.4007141000003], [106.73690140000002, 39.40921540000005], [106.7359384000003, 39.410861700000225], [106.73552860000012, 39.411558200000115], [106.73528280000022, 39.41234970000005], [106.7350369000003, 39.41564219999998], [106.73522130000009, 39.4171142000003], [106.73573350000021, 39.41831719999999], [106.73649160000025, 39.419472600000006], [106.73819220000024, 39.42056469999994], [106.7427816, 39.42176760000001], [106.7441544000003, 39.4223216000002], [106.74530169999997, 39.42330290000001], [106.74784230000023, 39.42615170000022], [106.7486619, 39.427275300000076], [106.7489282000002, 39.42863630000005], [106.74876429999995, 39.43124760000012], [106.74677690000021, 39.43547280000013], [106.74480999999997, 39.43813119999999], [106.74384700000024, 39.43957110000031], [106.74358070000022, 39.441106000000104], [106.7444002000002, 39.44382740000003], [106.74636720000024, 39.44661210000004], [106.75069030000014, 39.44786200000027], [106.75280060000017, 39.44923849999992], [106.75333330000018, 39.45123190000021], [106.75214500000027, 39.45309870000011], [106.75085420000022, 39.45501290000004], [106.75046490000017, 39.45664240000025], [106.75051850000017, 39.458236699999986], [106.75069460000014, 39.461227399999984], [106.75049890000031, 39.46329660000015], [106.75022510000002, 39.46450490000029], [106.75018590000019, 39.46569800000003], [106.75049890000031, 39.46699690000003], [106.7512424000002, 39.46831080000004], [106.75297950000021, 39.47085160000012], [106.75395030000004, 39.47256729999998], [106.75441010000026, 39.47493370000001], [106.75407800000016, 39.47655720000006], [106.75269850000024, 39.482321400000046], [106.75165110000006, 39.487217699999974], [106.7509358000002, 39.48927470000018], [106.74976069999997, 39.491009700000006], [106.74856000000028, 39.49351340000004], [106.74592940000025, 39.502185000000054], [106.74577580000016, 39.503750100000275], [106.74585770000016, 39.5045405000003], [106.74609050000026, 39.50530230000027], [106.74704610000026, 39.506840599999975], [106.74808070000023, 39.50811320000031], [106.74965840000021, 39.510231400000066], [106.75183020000014, 39.51321889999997], [106.75476010000028, 39.51691749999992], [106.75686009999993, 39.51999960000023], [106.75893970000004, 39.52263900000031], [106.76291360000005, 39.527381600000126], [106.76397440000028, 39.53427700000009], [106.75884710000003, 39.54081870000027], [106.76043830000026, 39.550366100000076], [106.76055099999996, 39.550527400000306], [106.77988680000021, 39.57441140000009], [106.78218520000013, 39.58112999999997], [106.77943430000028, 39.60128800000024], [106.77720990000023, 39.60517700000014], [106.77438680000006, 39.6088845000001], [106.76901840000016, 39.61600240000001], [106.7654894000002, 39.62137330000013], [106.76202460000025, 39.62753450000008], [106.7611691000003, 39.63094429999995], [106.76350040000028, 39.63445280000019], [106.76446280000016, 39.63982229999999], [106.76439870000019, 39.64260560000008], [106.76360730000027, 39.64990119999993], [106.7620674000002, 39.65330990000007], [106.7621316000002, 39.65671850000001], [106.7634148000003, 39.660555000000215], [106.7655536000002, 39.66299180000021], [106.76957450000015, 39.66509919999993], [106.77605500000027, 39.66883650000028], [106.78260260000002, 39.6733782], [106.78620090000021, 39.67619110000004], [106.78960150000023, 39.679970400000286], [106.79065980000001, 39.68209889999997], [106.79115370000022, 39.68435770000002], [106.79115370000022, 39.68684440000004], [106.79060340000018, 39.688386300000104], [106.78941810000032, 39.68927670000005], [106.78790820000029, 39.68992819999994], [106.78154430000023, 39.691763300000275], [106.77530350000023, 39.69369480000023], [106.76589290000021, 39.696755800000176], [106.76163800000023, 39.698688600000025], [106.75768980000021, 39.700834800000166], [106.75326950000021, 39.70321210000003], [106.74902090000023, 39.70582040000022], [106.74848440000005, 39.70653029999994], [106.74837710000025, 39.707553800000085], [106.74895650000025, 39.710046400000294], [106.75052289999996, 39.71371090000008], [106.75324800000021, 39.72364690000006], [106.75387030000019, 39.727772800000025], [106.7539347, 39.731254800000215], [106.75356990000023, 39.73371350000025], [106.75397760000021, 39.73679920000012], [106.75586590000029, 39.74103979999995], [106.7582477000002, 39.74532959999999], [106.76133760000022, 39.752242200000126], [106.7622388000002, 39.755920900000035], [106.76307560000015, 39.75826330000007], [106.76532870000023, 39.76449840000009], [106.76530720000022, 39.77135960000027], [106.76376230000028, 39.773833400000115], [106.76119080000018, 39.777884300000096], [106.75891280000013, 39.781270800000186], [106.75859099999997, 39.78336500000006], [106.75846220000017, 39.785393200000215], [106.7578829000002, 39.787355400000195], [106.75721770000024, 39.788542500000005], [106.7558015000003, 39.79096629999998], [106.75447110000016, 39.79368670000002], [106.75397760000021, 39.79583000000008], [106.75406340000018, 39.79920970000012], [106.75290470000004, 39.804534400000136], [106.75274519999999, 39.810558200000116], [106.75381810000016, 39.822029500000156], [106.75360350000017, 39.82641310000031], [106.75313139999997, 39.8313897000001], [106.75156500000026, 39.837024900000074], [106.75098560000026, 39.84023780000018], [106.75100710000027, 39.84343410000014], [106.75025610000029, 39.84827760000013], [106.74899010000019, 39.85157230000027], [106.74731640000005, 39.85404320000026], [106.74439810000018, 39.85715650000009], [106.74205930000011, 39.8606649000003], [106.73763899999994, 39.86527660000013], [106.73577220000021, 39.8692458000001], [106.73321869999995, 39.871320800000206], [106.73141630000003, 39.872852400000056], [106.73034169999994, 39.8767581000003], [106.72600520000015, 39.88032730000003], [106.72295090000023, 39.887961399999995], [106.7212438000002, 39.89180280000005], [106.71783930000004, 39.896726600000136], [106.71546100000029, 39.90388440000015], [106.71385380000015, 39.91199610000001], [106.71416070000015, 39.9149086000001], [106.71617760000004, 39.91810030000005], [106.72063260000027, 39.92040099999997], [106.72566210000019, 39.92277999999999], [106.72774280000021, 39.9235142], [106.72885340000028, 39.92427780000031], [106.73006610000027, 39.92535460000005], [106.73163620000031, 39.92743970000009], [106.73215950000025, 39.92899610000006], [106.73160050000018, 39.93259560000001], [106.7228154, 39.952119900000014], [106.72242920000002, 39.95598530000012], [106.7232875000002, 39.95962020000013], [106.72493970000028, 39.96646190000007], [106.72365229999997, 39.97085279999993], [106.72172110000025, 39.97516110000009], [106.72197860000023, 39.97923900000018], [106.72165670000027, 39.98561840000025], [106.72107730000027, 39.9957124], [106.7204765000003, 39.99992060000022], [106.71573440000014, 40.01288850000026], [106.71549830000015, 40.01941270000003], [106.7165283000001, 40.028630899999996], [106.71631370000011, 40.033954200000096], [106.72204290000025, 40.04182340000017], [106.72350210000019, 40.04469819999997], [106.72556200000025, 40.047112900000116], [106.72923130000027, 40.04914970000027], [106.73852240000002, 40.05368299999998], [106.75345700000008, 40.06348779999996], [106.75686869999993, 40.06534350000004], [106.7597441000002, 40.06744550000025], [106.76180400000027, 40.07091030000004], [106.76384250000018, 40.0748839000002], [106.76663200000024, 40.077478100000064], [106.76989350000025, 40.07962900000024], [106.77927050000022, 40.08534230000026], [106.78684510000022, 40.09087460000006], [106.79875410000005, 40.09425610000005], [106.80529870000015, 40.09617659999998], [106.81302350000016, 40.10252870000011], [106.81688579999997, 40.10656610000024], [106.81926760000022, 40.11017659999999], [106.82652030000025, 40.122352500000034], [106.82793650000019, 40.12650359999998], [106.83192770000022, 40.1381188000002], [106.83336530000014, 40.14026769999998], [106.83540380000022, 40.141990100000044], [106.83768570000024, 40.142727400000126], [106.84229170000009, 40.1446474], [106.84789220000022, 40.15094570000031], [106.85372110000003, 40.16473149999996], [106.8590784000001, 40.16854410000013], [106.87813280000017, 40.17418440000017], [106.87920720000005, 40.174051100000156], [106.88817500000027, 40.17293830000028], [106.8939685000002, 40.17156110000019], [106.89775980000019, 40.17032910000023], [106.90172950000016, 40.17077180000007], [106.9056348000002, 40.17173919999999], [106.90904650000022, 40.17331320000022], [106.91471140000016, 40.17901860000012], [106.92342320000029, 40.186117000000195], [106.9256119000002, 40.19024780000001], [106.92822970000026, 40.19485370000007], [106.9316200000003, 40.198672600000236], [106.93747800000023, 40.203605700000196], [106.94466630000005, 40.208030399999984], [106.95608180000028, 40.21235660000019], [106.96438590000025, 40.21422460000002], [106.9703297000002, 40.22030340000009], [106.97559060000026, 40.225400100000286], [106.98435070000016, 40.236826400000155], [106.98696010000003, 40.239486100000306], [106.9928165, 40.242304200000035], [107.00033870000016, 40.24585780000007], [107.00621350000023, 40.249892699999975], [107.01316250000019, 40.254583100000104], [107.01721600000019, 40.25860320000021], [107.02005540000027, 40.262587499999995], [107.02172720000004, 40.2678971000002], [107.02298360000026, 40.27063399999997], [107.02433350000024, 40.275246200000026], [107.02511600000031, 40.27912680000014], [107.02519260000025, 40.2826089000003], [107.0256833000002, 40.28529059999994], [107.02593770000027, 40.28658890000008], [107.02570290000023, 40.28864830000015], [107.02609420000027, 40.29030480000006], [107.02740489999996, 40.29567670000006], [107.02838310000027, 40.30194330000006], [107.0274441000002, 40.304882500000076], [107.02805050000029, 40.30979079999992], [107.0302221, 40.311700299999984], [107.03791200000018, 40.32494869999999], [107.0424959, 40.32961270000027], [107.04820360000014, 40.33374620000012], [107.05676510000029, 40.33732200000003], [107.07296050000019, 40.34485360000008], [107.08057670000028, 40.349625000000174], [107.08781829999992, 40.355198000000144], [107.08678380000032, 40.36212970000025], [107.08940570000021, 40.36661450000025], [107.09505990000031, 40.369033400000205], [107.1001618000002, 40.37145630000009], [107.10501810000022, 40.37428550000027], [107.1186443000002, 40.3781374000003], [107.12299540000015, 40.378057700000056], [107.13271260000016, 40.377213700000254], [107.1389080000003, 40.374570000000176], [107.14824810000022, 40.37438740000016], [107.15390230000031, 40.37702350000012], [107.15921750000007, 40.37967310000016], [107.16339120000026, 40.38414310000019], [107.16615590000004, 40.38853139999998], [107.16789960000028, 40.39375240000015], [107.16846570000001, 40.401623700000016], [107.16672200000016, 40.40859849999998], [107.16645999999997, 40.40964650000001], [107.16506480000021, 40.41615900000028], [107.16199630000017, 40.424457700000175], [107.15987200000023, 40.43130169999995], [107.15611690000003, 40.438193900000215], [107.1549582000003, 40.44204810000025], [107.15489390000027, 40.44598360000026], [107.15304850000018, 40.44991900000008], [107.1533489000002, 40.45506230000001], [107.15832710000012, 40.46304599999996], [107.16412060000022, 40.46768230000026], [107.16927050000021, 40.474015800000075], [107.17240330000021, 40.476660100000004], [107.1791410000003, 40.47904310000001], [107.18317509999991, 40.481066900000144], [107.18538520000021, 40.48274800000013], [107.18643660000015, 40.48513079999992], [107.18624350000016, 40.48968390000027], [107.18261720000015, 40.4942858], [107.1788192000003, 40.49759819999997], [107.17699530000021, 40.49937680000005], [107.17547180000008, 40.504206300000135], [107.1749353000003, 40.507273600000076], [107.17772480000019, 40.51076490000031], [107.1808791000002, 40.51458220000012], [107.18426940000023, 40.51748580000003], [107.18800300000026, 40.520780900000204], [107.19083549999993, 40.52308070000004], [107.19242330000026, 40.525527300000135], [107.19278810000003, 40.52790859999999], [107.19171520000026, 40.53293180000014], [107.19295980000021, 40.53585100000009], [107.19566340000029, 40.53924290000026], [107.19635010000025, 40.54449360000001], [107.19695090000022, 40.548243799999966], [107.19961160000008, 40.55072210000003], [107.20624200000015, 40.552711100000124], [107.21214290000006, 40.553298100000006], [107.21694940000003, 40.555026199999986], [107.22124100000002, 40.55942790000006], [107.22531790000022, 40.56536160000002], [107.23441600000018, 40.57132739999997], [107.24119660000025, 40.57576060000014], [107.2440290000003, 40.5809758000002], [107.24729060000016, 40.59026440000008], [107.25334160000023, 40.59476150000023], [107.26432800000009, 40.60004040000001], [107.2757864000003, 40.60382010000029], [107.28196620000023, 40.607338900000116], [107.28733059999996, 40.61118330000005], [107.29269500000026, 40.61603740000004], [107.30046270000031, 40.61916470000017], [107.30720040000017, 40.620174500000246], [107.31110569999998, 40.621770599999934], [107.31260770000029, 40.62463709999997], [107.31453890000023, 40.62867590000002], [107.31951710000016, 40.63167230000016], [107.3230791000002, 40.633593900000164], [107.32930180000028, 40.638316100000054], [107.33479500000021, 40.64398230000012], [107.33546070000023, 40.64645990000031], [107.33614680000017, 40.64901299999997], [107.33848570000004, 40.653083000000095], [107.34391450000015, 40.65586670000005], [107.3487210000003, 40.659154800000124], [107.35324860000031, 40.66436349999998], [107.35861300000022, 40.66753740000024], [107.36571549999991, 40.6697183], [107.37178800000021, 40.670320500000116], [107.37650870000016, 40.66931139999991], [107.38221640000006, 40.66726070000027], [107.38766670000001, 40.66634919999996], [107.39260190000016, 40.666512000000125], [107.39959710000022, 40.66866040000025], [107.4054765000003, 40.6730546], [107.40860929999997, 40.67471460000024], [107.41624830000018, 40.675007499999936], [107.42573260000012, 40.671297000000266], [107.4341011000003, 40.66800940000002], [107.44191169999993, 40.66410309999992], [107.44779110000025, 40.663126500000146], [107.44833280000029, 40.66324250000014], [107.45311260000017, 40.66426590000009], [107.46173850000031, 40.66830230000011], [107.4687767000002, 40.67256639999994], [107.47152320000026, 40.67543060000014], [107.47199530000023, 40.679238600000076], [107.46916290000019, 40.683176499999945], [107.46581550000013, 40.68636570000024], [107.46530050000018, 40.689815099999976], [107.46675960000027, 40.69287390000011], [107.4700212000003, 40.6955746000001], [107.4764585000002, 40.69821010000004], [107.48083590000022, 40.69895840000015], [107.48216619999994, 40.69895840000015], [107.49379630000016, 40.69749430000013], [107.5066709000003, 40.695737300000076], [107.51422399999996, 40.69511900000026], [107.5211763000002, 40.69638800000007], [107.52490990000024, 40.69882830000023], [107.5294160000002, 40.703741000000264], [107.52993099999998, 40.7072546], [107.53005980000017, 40.7097270000001], [107.53422260000019, 40.715907600000094], [107.54087440000023, 40.72429920000002], [107.545681, 40.73210440000014], [107.54671090000016, 40.73717740000012], [107.55020850000017, 40.74129070000009], [107.55490780000014, 40.74480220000004], [107.56037950000007, 40.745793900000024], [107.56510020000024, 40.74722450000007], [107.57366180000002, 40.75101210000031], [107.57956260000032, 40.754425600000104], [107.58685830000019, 40.75551459999997], [107.60318750000016, 40.75883040000025], [107.60919570000027, 40.75652240000005], [107.61730670000026, 40.754750700000216], [107.62342209999997, 40.755303300000094], [107.63155460000019, 40.75866789999992], [107.63786310000023, 40.761382200000185], [107.64052390000029, 40.764518899999985], [107.64262670000022, 40.768728000000294], [107.64387130000017, 40.773050599999976], [107.64307740000021, 40.778315400000224], [107.64133930000025, 40.78223120000001], [107.64075990000009, 40.786520499999995], [107.64264820000022, 40.788762500000246], [107.64693970000019, 40.78933110000003], [107.66884800000031, 40.790484500000275], [107.6772380000001, 40.79069570000013], [107.68640040000025, 40.793246300000135], [107.69232270000015, 40.7936686000001], [107.69863120000025, 40.7920766000002], [107.7072143000002, 40.78587060000007], [107.71223540000017, 40.78392100000002], [107.71811480000008, 40.78609810000006], [107.72051810000016, 40.791004400000304], [107.72515290000013, 40.8031225000002], [107.72704120000026, 40.813419500000236], [107.72841449999999, 40.8244294000001], [107.73214810000019, 40.83063170000008], [107.73759840000031, 40.83637900000008], [107.74133199999994, 40.84420349999999], [107.74502270000016, 40.85365020000023], [107.74729720000022, 40.86147270000015], [107.75171750000021, 40.86575680000004], [107.75195659999991, 40.86579560000007], [107.75592320000021, 40.866438399999936], [107.76433460000021, 40.86384200000026], [107.7828311000003, 40.85514330000012], [107.79690740000018, 40.85196220000017], [107.80827990000023, 40.84689810000003], [107.81591890000027, 40.84280750000016], [107.82268259999995, 40.84211859999999], [107.82782790000027, 40.84191470000019], [107.83250570000024, 40.84370030000031], [107.8392434000001, 40.84852120000022], [107.8468394000003, 40.85132920000001], [107.85694170000022, 40.854497299999935], [107.86461200000019, 40.85795840000014], [107.87127990000016, 40.86135340000004], [107.88404920000028, 40.864286800000286], [107.89398570000014, 40.86392430000012], [107.89904109999992, 40.861419299999966], [107.90139450000015, 40.857497000000194], [107.90692930000017, 40.85462920000003], [107.91555840000001, 40.85545330000019], [107.92074460000032, 40.85776069999997], [107.92436179999993, 40.860430500000064], [107.92924290000002, 40.861089700000264], [107.9400075000002, 40.86082610000011], [107.94384260000027, 40.86270480000013], [107.94854940000016, 40.8658853], [107.95295110000023, 40.86804400000011], [107.9560018000002, 40.86876900000004], [107.96221210000016, 40.867549600000245], [107.96711500000026, 40.86420440000023], [107.9730203000002, 40.86117210000015], [107.98293500000023, 40.85129980000005], [107.99099749999993, 40.84328870000019], [107.99871139999993, 40.83877180000019], [108.00320030000029, 40.8377167000001], [108.0074286000002, 40.83946340000023], [108.01058290000026, 40.84238540000001], [108.01689150000016, 40.84456060000025], [108.02193400000027, 40.84365159999999], [108.0254531000001, 40.84305100000023], [108.02772760000022, 40.843554199999915], [108.03530210000002, 40.84845630000018], [108.0417394000001, 40.85017680000004], [108.05452820000028, 40.85066380000001], [108.06542870000015, 40.849397700000054], [108.07152270000023, 40.84673580000009], [108.07611460000021, 40.841703699999925], [108.0805349000002, 40.839398500000186], [108.0847406000002, 40.839950499999986], [108.10182089999995, 40.84501510000001], [108.1146097000003, 40.84767720000019], [108.12469480000021, 40.84848880000021], [108.12975880000016, 40.85017680000004], [108.13829889999994, 40.85102080000007], [108.14859860000024, 40.85254650000002], [108.15344809999999, 40.85293610000008], [108.1615591000002, 40.84959250000003], [108.1655073, 40.849884700000246], [108.17065710000014, 40.852416700000106], [108.17426200000017, 40.85634429999999], [108.17503450000015, 40.86179729999998], [108.17735190000019, 40.86913200000026], [108.18323129999993, 40.87292889999998], [108.19018360000018, 40.8740646], [108.1936383000002, 40.873010000000136], [108.19692640000011, 40.870963600000096], [108.20393800000028, 40.86510770000018], [108.2100963000002, 40.857610200000124], [108.2152247000003, 40.85579250000001], [108.21947330000012, 40.85358520000017], [108.22088950000006, 40.85163760000012]]]]}}]}