{"type": "FeatureCollection", "features": [{"id": "1", "type": "Feature", "properties": {"NAME_FULL": "Republic of Kujenga", "NAME_SHORT": "Kujenga", "CODE": null, "DEMONYM": "Kujengans", "LANGUAGE": "Kujengian", "STATUS": "NOTIONAL", "REGION": "Africa"}, "geometry": {"type": "MultiPolygon", "coordinates": [[[[34.70244377736583, -12.077940722267499], [34.71068597292549, -12.066166157182238], [34.71833944023092, -12.038790293358772], [34.728936548807724, -12.030253733672055], [34.75690114088525, -12.043794483520117], [34.741005478020156, -12.052331043206891], [34.74041674976576, -12.063516880037923], [34.74424348341853, -12.076174537504698], [34.73982802151153, -12.088832194971303], [34.728936548807724, -12.093542021005362], [34.71775071197669, -12.090598379734104], [34.70244377736583, -12.077940722267499]]], [[[40.37679799506611, -10.433803213757585], [40.37895637221408, -10.43100016182683], [40.383891402655934, -10.431584632865679], [40.38408259966923, -10.433186834900994], [40.38722713350734, -10.431746553400274], [40.38601923102385, -10.428338247852594], [40.389225909249944, -10.42728134294208], [40.39166682137602, -10.423793778444349], [40.39520394200531, -10.42512713294343], [40.401975533939094, -10.422918438157694], [40.40426685113033, -10.42416658650319], [40.40131749031133, -10.425494231655307], [40.4031644493777, -10.427982262239084], [40.39945401306716, -10.430369981515867], [40.38572952595399, -10.434412451017579], [40.3837991107153, -10.436943225088442], [40.38307141088211, -10.443148726207255], [40.37829284050804, -10.438650319817384], [40.37679799506611, -10.433803213757585]]], [[[40.3704085560376, -10.42647743445076], [40.382471241577775, -10.409068238781174], [40.39218404936605, -10.399684697864416], [40.41369083919335, -10.391437876331736], [40.41833395972549, -10.387135619728951], [40.42197909749666, -10.387118192554055], [40.42343201840987, -10.391562380981895], [40.421771640656175, -10.419663527476985], [40.416733861707144, -10.419335009656379], [40.413551491622854, -10.421609085922], [40.408330678864615, -10.43007550536504], [40.406708236097074, -10.430933192076736], [40.40493588104431, -10.429500036692502], [40.40622278357375, -10.425347511940174], [40.40309650418209, -10.421892902397133], [40.39526025759238, -10.423754955242714], [40.39194270755786, -10.422406898740462], [40.386708649585216, -10.4269976015255], [40.38366283437807, -10.42601464791818], [40.37316161524893, -10.428752861240753], [40.3704085560376, -10.42647743445076]]], [[[40.36708011285003, -10.291481895730499], [40.371499744256994, -10.283266949680694], [40.37016959253009, -10.280944132924958], [40.37191401743581, -10.274622071024396], [40.37347412109415, -10.273750305175554], [40.378992738262184, -10.276633304443465], [40.381798145654784, -10.283664574013358], [40.37854449225796, -10.28690486487261], [40.3800845283875, -10.289258727723222], [40.376557569117836, -10.289235970605944], [40.37725961379107, -10.295104814771719], [40.36944191915791, -10.2950884040402], [40.36708011285003, -10.291481895730499]]], [[[40.30845562906666, -10.253428509678315], [40.310742888201105, -10.241113056480458], [40.312999873649744, -10.238821148806153], [40.330276081628085, -10.238525911668034], [40.344227231688876, -10.247441850952669], [40.350369972461124, -10.25694195770211], [40.349883892028345, -10.266254469984858], [40.351717785864594, -10.270307225395754], [40.346256504888515, -10.271512754271157], [40.3430092080157, -10.269763205568722], [40.34278894100606, -10.267960066620162], [40.33882581579121, -10.268395512047448], [40.33231796128899, -10.261359676793916], [40.318546742328294, -10.252560455990192], [40.31555630620892, -10.249074972128824], [40.31297180252409, -10.249361983333415], [40.311725867093344, -10.252836119336564], [40.30845562906666, -10.253428509678315]]], [[[39.68429744220856, -10.047983778922855], [39.6895328077926, -10.045561090287265], [39.686109184550105, -10.050654680261516], [39.68429744220856, -10.047983778922855]]], [[[39.68904887899106, -10.048726945786086], [39.69212036279845, -10.04358153490216], [39.69652938842802, -10.042637825012093], [39.693433282324236, -10.047528979765048], [39.68904887899106, -10.048726945786086]]], [[[39.70457786402278, -10.030276218208826], [39.71226552872406, -10.020502224492873], [39.70783681145792, -10.028114025508046], [39.70457786402278, -10.030276218208826]]], [[[39.75989348701228, -9.75984521713525], [39.76180648803728, -9.755970954894906], [39.76172519875013, -9.759780962593936], [39.76031757684308, -9.76089240012351], [39.75989348701228, -9.75984521713525]]], [[[39.74216822548459, -9.716107692060575], [39.74593870043907, -9.715045225480537], [39.7433289951104, -9.717595575126154], [39.74216822548459, -9.716107692060575]]], [[[39.755688772015844, -9.7110229439852], [39.75627519352611, -9.707265751144519], [39.75777525251533, -9.707130817528878], [39.75693866997659, -9.712858132270014], [39.755688772015844, -9.7110229439852]]], [[[39.7316005656391, -9.642228035031962], [39.73207291546271, -9.640985607794164], [39.73506524016784, -9.641674525905614], [39.7316005656391, -9.642228035031962]]], [[[39.57600212097174, -9.404891967773324], [39.57790184021019, -9.407243728637695], [39.57608604431152, -9.406782150268555], [39.57600212097174, -9.404891967773324]]], [[[39.57071575173444, -9.093778841188737], [39.574449547041354, -9.092076482887933], [39.58006437208502, -9.093601835689071], [39.57666888476206, -9.095615453968094], [39.57071575173444, -9.093778841188737]]], [[[39.54298367429914, -9.08889753498869], [39.54420874343026, -9.087354075582368], [39.54567235608249, -9.08872959980738], [39.54298367429914, -9.08889753498869]]], [[[39.50795197382388, -9.100660959016011], [39.51188442065268, -9.091884344360437], [39.51902770996122, -9.084583282470533], [39.511385175982355, -9.107027174951384], [39.50795197382388, -9.100660959016011]]], [[[39.62049563076562, -9.082182938411279], [39.62243637199589, -9.077714862811717], [39.62645314253325, -9.078271027970004], [39.62311199749064, -9.085071658800018], [39.62049563076562, -9.082182938411279]]], [[[39.54897095254279, -9.078471229336174], [39.54889807488405, -9.078475226001729], [39.54882459210097, -9.07847397286821], [39.548752307063296, -9.078467454304587], [39.54868306201786, -9.078455144130885], [39.548618866818344, -9.078435988388037], [39.54856202507278, -9.078408367058273], [39.54852130616132, -9.078377875814454], [39.54848498172436, -9.078342748302362], [39.54841574765277, -9.07826887812871], [39.548341494751696, -9.078200265148098], [39.548305722620796, -9.07816479077826], [39.548273905589156, -9.078125505566106], [39.5482445038038, -9.078073966215186], [39.54822081303814, -9.078016901602325], [39.548161019226484, -9.077835408813542], [39.54813766622766, -9.077778603455329], [39.54810886311219, -9.077727354660624], [39.54807787795556, -9.077688248946117], [39.5479735082489, -9.077582662999475], [39.54794244475363, -9.077544056918725], [39.54788395315717, -9.077463277142726], [39.54785271574792, -9.077424899254993], [39.54781817584575, -9.077389589854704], [39.547747075635414, -9.077320983253856], [39.54771547376265, -9.077282716029174], [39.547685945876026, -9.077232507886379], [39.54766192986267, -9.077176756039705], [39.54760166758501, -9.076997443414768], [39.54757887663459, -9.076940261817356], [39.54755129665057, -9.076887803760599], [39.54752211253572, -9.076846779967525], [39.547458831857625, -9.076769508494124], [39.54743054412705, -9.076727474086283], [39.547403476327304, -9.076668289304052], [39.547383813906265, -9.076601771885976], [39.54736983927046, -9.076529761507345], [39.547360252829264, -9.0764537514317], [39.547354122560535, -9.076374974061537], [39.54735084901165, -9.076294487498899], [39.54735015097447, -9.076213265414538], [39.547352077285325, -9.076132295486275], [39.54735705199164, -9.076052694147336], [39.547371016040074, -9.075973270107454], [39.547399799845095, -9.0758960103866], [39.54744427849715, -9.075826763960151], [39.547505053429404, -9.0757710573817], [39.5475751500278, -9.075734434344895], [39.547652422641704, -9.075710759728224], [39.54773018050997, -9.075697264469284], [39.547801894634915, -9.075691356404946], [39.54786113250549, -9.075690577814953], [39.54790146786013, -9.075692547167705], [39.54791641235374, -9.075695037841683], [39.54791393714777, -9.075707800782709], [39.54791858424397, -9.075732377472889], [39.54793045868087, -9.075766184236613], [39.547950222340376, -9.075806081185362], [39.54797827029705, -9.075849456955439], [39.54804904767127, -9.075946256190207], [39.5480842160506, -9.076002234303473], [39.54811939494306, -9.076077900777534], [39.54814621381996, -9.076159888609595], [39.54816542704816, -9.076243162337619], [39.54817813309501, -9.076322342308003], [39.548197031317386, -9.076470137273532], [39.548208929600264, -9.076541537530886], [39.548224529197114, -9.076609245541817], [39.54824557669383, -9.07667151679317], [39.548274116575726, -9.076726309317905], [39.54830472015817, -9.076765400729698], [39.54840998368195, -9.076869315359772], [39.548441713660395, -9.076907113258699], [39.548502555216885, -9.076985410811687], [39.54853572984757, -9.077021857021009], [39.5485728952998, -9.07705459364189], [39.54865195156606, -9.077115495378791], [39.5486894368467, -9.077148082007739], [39.54872336387359, -9.077184300913927], [39.54878708834411, -9.077261131337195], [39.548821156328245, -9.07729749421702], [39.54885828950711, -9.077329941872335], [39.54893663811259, -9.077391136985852], [39.548973621749894, -9.07742413206762], [39.54900729727484, -9.077461309633009], [39.54906950867496, -9.077541222857406], [39.549101941685535, -9.077580025790098], [39.549173372567, -9.077651691323695], [39.54920787484468, -9.07768864177848], [39.54923799695695, -9.07772973602522], [39.54926549224746, -9.077787010892223], [39.549284647500826, -9.077851521011496], [39.54929703533111, -9.07792100963917], [39.54930367388181, -9.07799350053972], [39.54930506164783, -9.078067174322257], [39.549301191803465, -9.078140241782876], [39.54929154338254, -9.078210812686677], [39.54927504802407, -9.078276757321134], [39.549250032182556, -9.078335557997377], [39.549214136217586, -9.078384148506416], [39.54916569620542, -9.078419934549515], [39.54910707935056, -9.078444934166214], [39.549041329578586, -9.078461481691761], [39.54897095254279, -9.078471229336174]]], [[[39.62151155796005, -9.074355991702816], [39.626432614325665, -9.073837157255525], [39.62762671836691, -9.075139873990167], [39.62687618938094, -9.0765068817758], [39.6256141462967, -9.075137376545797], [39.62348063541759, -9.076237855549266], [39.62151155796005, -9.074355991702816]]], [[[39.626323250807275, -9.071944415819132], [39.628726523989144, -9.071175963626501], [39.62798715328722, -9.073444347921566], [39.626323250807275, -9.071944415819132]]], [[[39.50123529929499, -9.051577829343614], [39.502361297607706, -9.050695419311523], [39.50318432564683, -9.051813333698476], [39.50179187760199, -9.052909565602022], [39.50123529929499, -9.051577829343614]]], [[[39.520722925363714, -9.056561545204659], [39.52355198318287, -9.048553509217527], [39.52770943584977, -9.045487832455933], [39.534510579067444, -9.047155413657151], [39.53677689147952, -9.054655449301322], [39.53166864335526, -9.060080939639136], [39.52555691893042, -9.060361067513611], [39.520722925363714, -9.056561545204659]]], [[[39.489651192239876, -8.961380944366681], [39.49593347108777, -8.958642148673505], [39.496601196497124, -8.95458047543923], [39.50643224187701, -8.958708162093671], [39.516392197514335, -8.957862936063975], [39.52021971572731, -8.954109601350183], [39.52537641471349, -8.95197234100283], [39.52902603149437, -8.94763946533186], [39.52884299445515, -8.949527470230578], [39.53486382618115, -8.957480973004294], [39.53228317758982, -8.966174747991147], [39.529407263243115, -8.967112150497599], [39.52796705878575, -8.970834034394613], [39.52768760138508, -8.980833737759326], [39.540327222573524, -8.989953355742784], [39.54046899075331, -8.99775397101888], [39.54594461452422, -9.001711297662439], [39.5418857320484, -9.004794558502226], [39.539049291047036, -9.000769199121123], [39.53981737176912, -8.998035926348734], [39.53809712480768, -8.997675562756342], [39.53725627975649, -9.001215973057185], [39.532426433039234, -9.003554184453776], [39.53669868627043, -9.006843233590473], [39.537221517749686, -9.008979761896114], [39.5392103811364, -9.007723535034813], [39.53903110883789, -9.011952826477113], [39.53311783371231, -9.01155247247624], [39.53307302966152, -9.013690958608322], [39.52838676214367, -9.0148536975625], [39.52312833028412, -9.013189886283271], [39.51713989123124, -9.014530674943558], [39.51018294699065, -8.994397948123492], [39.510899905793735, -8.990488631680307], [39.50881626331329, -8.98877213229946], [39.50885082372861, -8.990371175990958], [39.50690444418183, -8.989483184326218], [39.50200946883359, -8.979657096107758], [39.498883884839984, -8.97869373335044], [39.494405305410226, -8.973650419687317], [39.489651192239876, -8.961380944366681]]], [[[39.56516874024612, -8.574062579926704], [39.56799402519289, -8.566327956161956], [39.56986236572283, -8.565138816833269], [39.571726659948695, -8.567226400404422], [39.570088899508164, -8.570845844300322], [39.56756142209804, -8.574228096903369], [39.56516874024612, -8.574062579926704]]], [[[39.53208589153013, -8.551677555459776], [39.533564219829714, -8.548570174375698], [39.53592108720528, -8.548327001783946], [39.53523241042501, -8.546008645234622], [39.539585113525504, -8.543473243713265], [39.53785712733901, -8.549243998676388], [39.53208589153013, -8.551677555459776]]], [[[39.525125850010284, -8.545921490381318], [39.52708435058605, -8.5429172515868], [39.530064272788195, -8.545216023726027], [39.53011730757191, -8.547161574549136], [39.525125850010284, -8.545921490381318]]], [[[39.483730087832384, -8.512407649352156], [39.488373481111125, -8.511150420847457], [39.488543930797846, -8.50799572181603], [39.49160962953914, -8.50597661869898], [39.49561874540933, -8.506602362125648], [39.50125078048819, -8.510283586244782], [39.51842171794249, -8.530544009259188], [39.51877900721638, -8.537429975136149], [39.52177470333834, -8.544564827322631], [39.519951642930096, -8.544670757662516], [39.51961241954382, -8.546317638705887], [39.52422784058456, -8.552163379919193], [39.52508772792402, -8.556193838832314], [39.52250049541203, -8.557316983454314], [39.51911608240016, -8.554205089297113], [39.51928306413578, -8.549953719875816], [39.513610662548274, -8.546260043881148], [39.513728948320704, -8.544139027172378], [39.51134196649059, -8.544283023709568], [39.506188098560244, -8.53742152875833], [39.499333358703495, -8.532114842260285], [39.49820463874062, -8.532981841046364], [39.49881294439007, -8.538147307477857], [39.494402858273475, -8.53035863070454], [39.49033623386612, -8.517164414632475], [39.483730087832384, -8.512407649352156]]], [[[39.57151736172921, -8.381209864164532], [39.574584960937614, -8.379860877990552], [39.57787027988712, -8.3830549807642], [39.57361022848397, -8.384257914842522], [39.57151736172921, -8.381209864164532]]], [[[39.43187548947617, -8.303329243493181], [39.434581756592195, -8.302639007568246], [39.43506691741874, -8.305348609798216], [39.43187548947617, -8.303329243493181]]], [[[39.344021638249785, -8.290451608754552], [39.34541702270519, -8.289028167724439], [39.34703259785692, -8.291390071357455], [39.3461078672608, -8.297043174684063], [39.34435699342595, -8.295000352617194], [39.344021638249785, -8.290451608754552]]], [[[39.34291816546215, -8.283890185716928], [39.34736251831089, -8.281805992126237], [39.34957617427733, -8.285142362430634], [39.34291816546215, -8.283890185716928]]], [[[39.588491941039024, -8.278507562282584], [39.59454553733417, -8.27671364103469], [39.59213932020498, -8.278971141857653], [39.588491941039024, -8.278507562282584]]], [[[39.71320072790047, -8.047774327189757], [39.71541595459024, -8.046250343322583], [39.71979301880083, -8.049827674611208], [39.7340624120817, -8.050698669176825], [39.736179368235526, -8.049316967266066], [39.743896734325006, -8.050191635268618], [39.74514315685906, -8.051723117830193], [39.739485869839086, -8.06032098410168], [39.73433381352686, -8.061075808095211], [39.73391984077989, -8.063159218304008], [39.7222231833062, -8.07338591432432], [39.71518359849284, -8.06305329186597], [39.71760319351955, -8.05449254607214], [39.71326806418085, -8.050060732704196], [39.71320072790047, -8.047774327189757]]], [[[39.76187911963291, -8.03639501478284], [39.763604904948295, -8.033515718315016], [39.76616047613106, -8.034691340878226], [39.764723799825674, -8.036474305105855], [39.76187911963291, -8.03639501478284]]], [[[39.74706722090957, -7.980975560707577], [39.74702711917996, -7.9809772109348955], [39.746968051837655, -7.980975776681646], [39.74689649575697, -7.980969082008755], [39.746818913128266, -7.980954851879517], [39.74674185099866, -7.980930670550833], [39.74667201558634, -7.9808939505255125], [39.74661250094459, -7.980839819126572], [39.74656906276158, -7.980773242635507], [39.74654139052302, -7.9806995435702675], [39.7465289131473, -7.980624376498838], [39.74652763733087, -7.980550799062257], [39.746531215736695, -7.980477623109039], [39.74653965023833, -7.980406396262481], [39.74655355132927, -7.980338752063801], [39.7465740145131, -7.980276476502127], [39.74660263559588, -7.980221627808874], [39.74663352572492, -7.980182505980963], [39.746739633813604, -7.980077842062997], [39.746771326188366, -7.980039348409321], [39.74683087225014, -7.979958619661545], [39.746862533677586, -7.979920214519893], [39.74696683843587, -7.979817154001125], [39.74699774234301, -7.979779034372939], [39.747026869973126, -7.979728373663079], [39.74705041980735, -7.979672187633128], [39.747109329127454, -7.979492142504739], [39.74713174676373, -7.979434973567663], [39.74715898841731, -7.979382652105414], [39.747187897398646, -7.979341839267136], [39.74725102630623, -7.979265553698951], [39.74727983337391, -7.979224661323428], [39.7473068003581, -7.979172449431815], [39.74732894699656, -7.9791154117169185], [39.74738702427504, -7.978935828640942], [39.747410246285824, -7.978879762537645], [39.74743896831751, -7.978829141236361], [39.747470025610596, -7.978790299494335], [39.7475749324833, -7.9786854232723385], [39.7476061963996, -7.978647525571887], [39.747665853434455, -7.9785689368706585], [39.74769819264486, -7.978532171328482], [39.747734601579225, -7.97849875791627], [39.7478120076471, -7.978436483989981], [39.74784868526979, -7.978403287211336], [39.74788178812662, -7.978366601260063], [39.747943987199506, -7.978289085518952], [39.74797740338721, -7.978252556983193], [39.7480146546755, -7.97821967175463], [39.74809434280144, -7.9781588273184525], [39.74813273968624, -7.978126805149202], [39.74823764791785, -7.978020073335415], [39.74827656074922, -7.977988160346001], [39.74832738532734, -7.9779582780165015], [39.748383751182644, -7.977933751195735], [39.748564823140214, -7.977871368153274], [39.74862255665954, -7.977847964926184], [39.74867556339433, -7.977820109220261], [39.74871719667942, -7.977791068735314], [39.7487950417991, -7.977730010496771], [39.74883654216012, -7.977704120597934], [39.74888960290383, -7.977682734831433], [39.7489471248482, -7.9776699105195235], [39.74900676537413, -7.977664984523813], [39.74906621702911, -7.977667867516232], [39.74912308474569, -7.977679062019263], [39.74917475414355, -7.97769969781109], [39.74921825183998, -7.977731585675258], [39.74925330544005, -7.977779970062841], [39.749278153360876, -7.9778401550140075], [39.749295314866345, -7.977908868486622], [39.749306674554646, -7.9779835529535035], [39.749313581436866, -7.97806219371796], [39.749316927520795, -7.978143167547387], [39.74931720429066, -7.978225109039215], [39.74931453679653, -7.978306790774809], [39.74930869566418, -7.978387012802671], [39.7492990876147, -7.978464497031382], [39.74928472531013, -7.978537782626404], [39.74926417785696, -7.9786051195251275], [39.74923550440349, -7.978664358897106], [39.74920519070332, -7.978705526609815], [39.74917067916476, -7.978742386956753], [39.749099533284834, -7.978813571697799], [39.74906751190514, -7.978851766485661], [39.74900609373259, -7.978930361370942], [39.748972846720676, -7.978966927492536], [39.74893554544889, -7.97900004697658], [39.74885652190403, -7.979061557049079], [39.7488191623051, -7.979094332412842], [39.748785495399716, -7.979130606435717], [39.748722641322956, -7.9792074489872675], [39.74868921577382, -7.979243795180764], [39.74865276820498, -7.9792762405665485], [39.74857590421726, -7.979337062420939], [39.74853960744883, -7.9793695679676375], [39.74850644259857, -7.97940601939041], [39.7484444289139, -7.979483184418541], [39.748411313841075, -7.9795196372183455], [39.74837455800696, -7.979552557204727], [39.74829676955841, -7.979614093245516], [39.74826002779412, -7.979647003004345], [39.74822696158958, -7.979683463460788], [39.74816519173743, -7.979760733705746], [39.74813219432673, -7.979797251157208], [39.74809552362365, -7.979830211849674], [39.748017801729816, -7.979891746384681], [39.74798107712087, -7.979924647508881], [39.74794806143291, -7.979961137051646], [39.74788650186906, -7.980038584950421], [39.747853612253266, -7.980075197899794], [39.747816986729845, -7.9801081935531215], [39.74773915168652, -7.980169599450392], [39.747702342904404, -7.980202410589868], [39.74766931591188, -7.980238884024288], [39.74760798356908, -7.980316551876058], [39.74757523787355, -7.980353306021414], [39.74753865989413, -7.980386346961268], [39.7474605753942, -7.980447499990191], [39.74742180179601, -7.980482685066477], [39.74738356040854, -7.980526676696741], [39.74730631056326, -7.980629184487441], [39.74726518797752, -7.980680605866496], [39.74718028077484, -7.980773953787718], [39.747143162009706, -7.980817381216639], [39.74711376050749, -7.980859467442087], [39.747093793159365, -7.98089933488086], [39.74708245151032, -7.980933815612559], [39.7470786166931, -7.980959300432232], [39.74708175659191, -7.980972766876107], [39.74706722090957, -7.980975560707577]]], [[[39.754572456814515, -7.9846186251308495], [39.75719022632728, -7.971009730110893], [39.76124954223667, -7.9698600769040695], [39.76450399781368, -7.971330600741339], [39.76653153697566, -7.974973021114124], [39.7636726190097, -7.984786300802796], [39.75871993437448, -7.9881570243564965], [39.754572456814515, -7.9846186251308495]]], [[[39.748759120646696, -8.017502721500534], [39.752090375114165, -8.012927776649121], [39.75756349506639, -8.018684412057382], [39.7566104145115, -8.014400309704001], [39.76121665646059, -8.006558958404241], [39.75908585851397, -8.002817922706413], [39.75793801655328, -7.994223438967765], [39.76450573002842, -7.98756204640398], [39.76767960065342, -7.979137163385019], [39.77133958494221, -7.97795955037509], [39.77732030079915, -7.980528898655791], [39.778673688039135, -7.981938180755435], [39.77750229926596, -7.987307277684806], [39.78750095842008, -7.987867157555343], [39.79310107177764, -7.985396368236422], [39.79812119046181, -7.978399491695427], [39.799825387966166, -7.97231619334292], [39.79761791202793, -7.973463511722855], [39.79712464727908, -7.971717579780261], [39.80019350270146, -7.961302950333447], [39.80180740356474, -7.960693836211988], [39.802350859611124, -7.963337025188025], [39.80034124239927, -7.970668698619761], [39.801952670431376, -7.9688264058085], [39.80343351307806, -7.970500306019744], [39.803807250315344, -7.9613434404748205], [39.81141957661316, -7.965732008012367], [39.813981727871635, -7.9725512463400605], [39.81286502096407, -7.975562672285548], [39.800336457615856, -7.9978376401719515], [39.78603017853766, -8.013887213370651], [39.78591839248918, -8.019166763793919], [39.780931095611436, -8.025863274492224], [39.777725596969276, -8.028160325360489], [39.77618839876396, -8.025977366697589], [39.77214575607809, -8.027455767123058], [39.76612041583428, -8.032304679188087], [39.76062599113101, -8.031219466765208], [39.75741659434175, -8.028335316736104], [39.75558658276111, -8.020186926355166], [39.75166334906106, -8.016567620216563], [39.750450886756994, -8.01754811172924], [39.75111925907095, -8.020100145226309], [39.748759120646696, -8.017502721500534]]], [[[39.596270787896515, -7.94266209623197], [39.59902328123536, -7.943463789462271], [39.6025852607396, -7.9415255229510535], [39.603486598565155, -7.942598735512888], [39.601115526501644, -7.94513515498619], [39.596270787896515, -7.94266209623197]]], [[[39.50655102335378, -7.944003817185262], [39.50971265624844, -7.941585833158911], [39.513195037842024, -7.941249847411882], [39.53055550604586, -7.945188746564668], [39.53256108519906, -7.947225324779254], [39.50655102335378, -7.944003817185262]]], [[[39.8029075316465, -7.938789906856698], [39.80354807580272, -7.934940357996936], [39.8063856902661, -7.932407151641144], [39.80790176970305, -7.934855487570246], [39.80737971888925, -7.93975038115741], [39.81141711222148, -7.936209301970564], [39.811268740745106, -7.929577483020296], [39.81278623241661, -7.926592385022445], [39.81645304821802, -7.926602233453593], [39.81894908964489, -7.929941547946498], [39.81842303562911, -7.935558060207995], [39.816599901819814, -7.937269985691955], [39.82006359716229, -7.936141322444655], [39.816678289826484, -7.940644934959039], [39.806804928993756, -7.944572513579487], [39.80326650701153, -7.942837195467007], [39.8029075316465, -7.938789906856698]]], [[[39.83383004493567, -7.742775496442562], [39.8384704589846, -7.7381949424742515], [39.835375493975164, -7.74448594785008], [39.83383004493567, -7.742775496442562]]], [[[39.67985006219533, -7.703799711658746], [39.68062615690792, -7.701283188000843], [39.6831741433063, -7.702841583925419], [39.67985006219533, -7.703799711658746]]], [[[39.87933166910943, -7.66711336965227], [39.88411283916872, -7.6610499002725305], [39.88673789582026, -7.662446032060814], [39.88327079678237, -7.664939022236467], [39.88256269411551, -7.6689547054350555], [39.87933166910943, -7.66711336965227]]], [[[39.589022314026124, -7.942868868462256], [39.59048249623686, -7.942113607347892], [39.600047841858384, -7.946212173603612], [39.60795028805444, -7.945451838692577], [39.61277783190195, -7.94674894910213], [39.6112554667223, -7.942999040532527], [39.61341841522062, -7.940556973015418], [39.61354356855878, -7.936604277813615], [39.61837835313452, -7.933933448811217], [39.62138929740922, -7.928532865999159], [39.63154965020493, -7.926245714902109], [39.63533223610335, -7.926899713660362], [39.63526530924565, -7.928971578504047], [39.63705470765518, -7.92655778842078], [39.6355463584955, -7.9238041012282], [39.647269601923085, -7.920612978042925], [39.66974970856609, -7.9023194030849595], [39.676362805767326, -7.890458875102922], [39.689230410600544, -7.876169010669571], [39.68907603521143, -7.873888627082181], [39.693672467300416, -7.86950712306168], [39.69797427049497, -7.86102825990514], [39.703924928375216, -7.857880140321015], [39.70521773152382, -7.8538288173074875], [39.70791057272044, -7.852374756217387], [39.71005980957807, -7.853123837242151], [39.71388722293551, -7.849070234888984], [39.71673102121241, -7.850073158434441], [39.715703345716406, -7.843775047453448], [39.71761526907028, -7.841772303385881], [39.71550847127162, -7.8412007951077385], [39.71336384127807, -7.832106025846144], [39.71100584264883, -7.83726789729792], [39.71168553159555, -7.840370434800036], [39.7067324354843, -7.836045579577387], [39.7032126071249, -7.835215051948126], [39.708141959704506, -7.82667829159351], [39.70756773394976, -7.823269824261672], [39.704658331350174, -7.822218732028773], [39.707715593408125, -7.818826757473744], [39.715771106954094, -7.8145898127964415], [39.73888796418555, -7.816788912113907], [39.75583541024628, -7.813976084708713], [39.75771500987048, -7.810498355462244], [39.76277721112939, -7.810090831364221], [39.77007221258475, -7.806013814131177], [39.77986665047678, -7.805922955080405], [39.78973483078755, -7.8023161468078115], [39.79749575129449, -7.793801598462153], [39.81813675119952, -7.788696219617748], [39.81950707179959, -7.786703344884074], [39.81865008987313, -7.785771554179746], [39.81222215923435, -7.789260968887675], [39.81042663794517, -7.78819891737686], [39.81178104615867, -7.78488641586182], [39.810460600049396, -7.783615537021149], [39.81478749985553, -7.778673529105902], [39.81583538695543, -7.774105654830635], [39.8099411346916, -7.780774913072662], [39.80847239071039, -7.784846541629349], [39.78559891093488, -7.7867670418938815], [39.78494810584277, -7.7849530550175245], [39.788450476706316, -7.784103961760934], [39.78703979637555, -7.779567446461954], [39.77749728567176, -7.784529680676428], [39.77148739864697, -7.78570942819033], [39.7709715522023, -7.784387986789113], [39.780824680054366, -7.776857939854779], [39.79787324141239, -7.769749505999641], [39.802342780356696, -7.764320222678862], [39.801760166711006, -7.759437682438204], [39.800205747339646, -7.7579943007328325], [39.81055927478428, -7.752968804535101], [39.82389220881987, -7.750089737658641], [39.829236267323324, -7.746005601663285], [39.8342278738898, -7.7468830800927435], [39.83671828985143, -7.750939409691455], [39.837212214415615, -7.749348563051058], [39.84147767045255, -7.748684698245199], [39.83824866698649, -7.74758271770753], [39.83794787288684, -7.745346681607771], [39.842309281006976, -7.737781327315247], [39.84187403281004, -7.733830252687596], [39.84536833352547, -7.729724081216375], [39.84516696218952, -7.72534539773784], [39.847996761825016, -7.716887047316504], [39.8532759428349, -7.711052593399813], [39.858709965702815, -7.710863899252047], [39.860246239268804, -7.706843910777309], [39.86343455541413, -7.705588223817472], [39.8678613074793, -7.700000073820092], [39.86957824116109, -7.688281042744734], [39.86606549880719, -7.686205636535988], [39.86631933475945, -7.684099816485286], [39.88866957582326, -7.667559231889982], [39.88991566324387, -7.660836386920437], [39.89341719631693, -7.655834274334893], [39.89565830633239, -7.648270246234404], [39.89662899494044, -7.638224127315425], [39.905209221667235, -7.63877950544736], [39.90810000251611, -7.640789649738906], [39.9098444281849, -7.645145601162369], [39.910136831251634, -7.65489968691827], [39.90873776627467, -7.681718782204257], [39.90543091922058, -7.70326453921507], [39.906521613231234, -7.711996769657162], [39.895662519508335, -7.764652168650457], [39.88897183594787, -7.786110724967102], [39.88490759888049, -7.791942486977916], [39.88453016663698, -7.803054584639597], [39.8733928033742, -7.827002746652511], [39.86508022652623, -7.838692058620836], [39.859663425122676, -7.841044242823898], [39.85751125819178, -7.843700555409271], [39.85388197193754, -7.844359125170399], [39.851861161059446, -7.848056990890427], [39.849662733858224, -7.857263440672682], [39.852733249758614, -7.864777110768387], [39.85644185361036, -7.863227981523323], [39.85730691797312, -7.864152599570332], [39.85621739264019, -7.874372707238763], [39.8470349984521, -7.895566709068305], [39.8345236950085, -7.913690584211281], [39.831048196944266, -7.9156657497157425], [39.82416579213606, -7.916304835085612], [39.81601974296058, -7.921250126099551], [39.812222346150975, -7.917964179867283], [39.80684024826962, -7.918097234677134], [39.80588010480341, -7.91523018608882], [39.802412937198994, -7.913334327732912], [39.80284726868973, -7.907431993191267], [39.799360194889005, -7.908104549494624], [39.79611229263821, -7.902960440658205], [39.79138872809159, -7.90324342712421], [39.780136914348304, -7.908180494935323], [39.77132994523129, -7.906883872030164], [39.764720849229434, -7.9139665465063445], [39.75214287945278, -7.921032860197954], [39.74948854853932, -7.9300443690366365], [39.74438096561437, -7.931043349369588], [39.74334683143434, -7.933972733445614], [39.73824713090238, -7.934637759654549], [39.734779850513405, -7.946171299487787], [39.73212860187658, -7.947772098383439], [39.731541339952344, -7.951529349490841], [39.73325072990849, -7.95452869584426], [39.73693741497965, -7.957313010813493], [39.74006193539043, -7.956603356991764], [39.74727700799434, -7.9629975575734875], [39.74900884179925, -7.9676476285461035], [39.74897062346014, -7.976194413128837], [39.7319858383799, -7.983389492696176], [39.72893585970246, -7.981537429352613], [39.723051840231335, -7.982411346690753], [39.71945208973847, -7.985647603325333], [39.71249860594895, -7.986854269920968], [39.70722148220494, -7.990364771040788], [39.70355144675818, -7.9893741659299735], [39.70027781738793, -7.993412915436181], [39.69527390386742, -7.994075264458843], [39.689495891360934, -7.997350835008831], [39.67208073805676, -7.9937659998512345], [39.66062493407418, -7.993212816541302], [39.651450162567414, -7.992937873246433], [39.64784860487481, -7.9956665530328905], [39.62133012792572, -7.983389939900519], [39.61521663348094, -7.97811756451722], [39.60948121063478, -7.964065816084826], [39.597161171430514, -7.9564501071034215], [39.59021376570121, -7.9495067695750095], [39.589022314026124, -7.942868868462256]]], [[[39.68013226694251, -7.618155649732046], [39.68180465698265, -7.614027976989519], [39.6859299660926, -7.620555249404447], [39.682777145264936, -7.622035164035708], [39.68013226694251, -7.618155649732046]]], [[[39.38680576830063, -7.543058096973198], [39.3943396239452, -7.534130993382973], [39.39819335937534, -7.534028053283521], [39.401761444471504, -7.537771021576418], [39.40314484385465, -7.547507121209151], [39.40055885984265, -7.551191649996838], [39.39423480273945, -7.553167493238561], [39.39188458709532, -7.551446178001186], [39.39031864883941, -7.545791370841755], [39.38680576830063, -7.543058096973198]]], [[[39.40571762235493, -7.516506244282198], [39.408051401275486, -7.5146333781243015], [39.4101025286073, -7.514995728404756], [39.40571762235493, -7.516506244282198]]], [[[39.34096049599168, -7.409725928612886], [39.342844656813384, -7.409934885061489], [39.34283860954292, -7.413132066766991], [39.34096049599168, -7.409725928612886]]], [[[39.42988442456931, -7.40899958912388], [39.43264007568388, -7.407917022704964], [39.43396708578814, -7.410834199885073], [39.42988442456931, -7.40899958912388]]], [[[39.374382703429774, -7.412780957015855], [39.37677825755355, -7.411976007592557], [39.37797753614626, -7.409394954395964], [39.37972617046768, -7.410365321551296], [39.38806599111189, -7.406754601733496], [39.400554300359545, -7.398247502998174], [39.40573072150835, -7.399271104652371], [39.40902709960949, -7.397915840148812], [39.408821434446224, -7.400333014225964], [39.41318292785138, -7.40430510659985], [39.41313518001192, -7.408614212919872], [39.41143610161146, -7.407669708554579], [39.41073584612428, -7.409169027467499], [39.41354609100728, -7.412564217901092], [39.41646775603061, -7.413062930131389], [39.41843421309983, -7.4210653485103535], [39.415061749390475, -7.4234463385931235], [39.410324053260126, -7.41906061810414], [39.40676673244707, -7.423362218583861], [39.40340330891274, -7.423998358560368], [39.401016497463274, -7.422514358375963], [39.39948103327208, -7.416894700690193], [39.39770097136517, -7.4178221996346565], [39.39612127005478, -7.415181231218185], [39.39187378518835, -7.415770106717048], [39.391717886757135, -7.41837762271615], [39.38827997234745, -7.419019509913596], [39.374382703429774, -7.412780957015855]]], [[[39.47488718874297, -7.335385730167957], [39.47763824462919, -7.333748817443677], [39.47977203645701, -7.337302214358431], [39.47748518995712, -7.338979899806418], [39.47488718874297, -7.335385730167957]]], [[[39.351250834672555, -7.328337929314387], [39.353165311421094, -7.326064494822617], [39.35157657637501, -7.325011241141453], [39.352161384927, -7.322714418372584], [39.35625076293974, -7.320137977599927], [39.352838247278555, -7.328957517688764], [39.351250834672555, -7.328337929314387]]], [[[39.35652410248679, -7.325463241048794], [39.357121796526485, -7.319718319526032], [39.359571114471066, -7.318745657732904], [39.364272436625015, -7.326627901156883], [39.36218041359308, -7.327554759220277], [39.35652410248679, -7.325463241048794]]], [[[39.3834906270946, -7.279553183171856], [39.38763809204141, -7.279026985168457], [39.38864668187648, -7.283998799228925], [39.386284051725056, -7.2833676715852675], [39.38589670931748, -7.280489908257891], [39.3834906270946, -7.279553183171856]]], [[[39.48453826639769, -7.2617914236763], [39.48446574047574, -7.261795048866247], [39.484392344100684, -7.261793695579513], [39.48431982254232, -7.261787404104268], [39.484249879410356, -7.261775785366467], [39.484184292022576, -7.261758016627368], [39.484125017153815, -7.2617328236052], [39.48408118114787, -7.2617055672373], [39.48399936296806, -7.261644615439536], [39.48395545769756, -7.261617082304838], [39.48389243533296, -7.261590013939497], [39.48382203862445, -7.261570498188803], [39.48374611984633, -7.261556720831322], [39.483666119517125, -7.261547251983927], [39.48358314472881, -7.261540977831885], [39.48349804029937, -7.261537036438995], [39.4833238780663, -7.261533622561274], [39.48288429870939, -7.261531088238655], [39.482798823091684, -7.261528267602671], [39.48271553124607, -7.261523257867282], [39.482635407159535, -7.261515057469069], [39.48255977294474, -7.2615023284259905], [39.48249039518498, -7.2614832906303945], [39.48242961208274, -7.2614555958815], [39.482388791759945, -7.261426283720255], [39.4823525378431, -7.261392364519395], [39.48228374121868, -7.26132072500144], [39.4822099739809, -7.261253835959735], [39.48217473483112, -7.261218860791928], [39.48214400810099, -7.26117955063404], [39.48211596472237, -7.261124099049539], [39.482096335656706, -7.261060969485754], [39.48208340635642, -7.260992339603092], [39.48207600167012, -7.260920076222931], [39.4820734599561, -7.2608458656651464], [39.48207569402979, -7.260771322520327], [39.4820888167514, -7.260695356052622], [39.482117241829826, -7.260620740932154], [39.48216151671102, -7.260553185635217], [39.48222194557525, -7.260498065343711], [39.482293246686595, -7.260460235500261], [39.482371903607714, -7.260435174685597], [39.48245106478703, -7.260420274624153], [39.48252403605642, -7.260413108341822], [39.482584200053054, -7.260411403018111], [39.48262490550542, -7.260413002223402], [39.48263931274454, -7.260416030883675], [39.48263457471552, -7.2604310760345925], [39.48263838989482, -7.260456579429274], [39.48265151861034, -7.260489285124493], [39.48267551562947, -7.260525145700228], [39.48271782174896, -7.260565375261876], [39.48277410565419, -7.260603002545281], [39.48284062157171, -7.260638036296655], [39.48298606258919, -7.2607036639568605], [39.483055150683185, -7.2607366221328675], [39.48311519533246, -7.260771316296143], [39.483157301993515, -7.260803085152759], [39.48323165230772, -7.26086796819834], [39.483272106734205, -7.260897158732803], [39.483324300259255, -7.2609241784078336], [39.48338158071107, -7.260946147196023], [39.48356275789956, -7.2610030082429375], [39.483619968794585, -7.261025270993514], [39.48367245661865, -7.2610523392716], [39.48371384654121, -7.261080999641592], [39.48379287480287, -7.261142334029216], [39.4838363254168, -7.261169217115025], [39.48389765285151, -7.261194465831636], [39.4839664638107, -7.261212425260169], [39.48404076049968, -7.261225108602275], [39.48411892120839, -7.261234145841229], [39.484444865017, -7.261258724596246], [39.48452364307627, -7.2612675886299485], [39.48459843424922, -7.261280050377593], [39.48466719732852, -7.261297761619915], [39.4847273193015, -7.261322766215471], [39.48477543594532, -7.261357614804467], [39.484806765151745, -7.261400521852863], [39.48482635539108, -7.261451059620981], [39.484835755950314, -7.261506004306398], [39.48483574349325, -7.261562368958437], [39.48482635166465, -7.261617234058292], [39.48480687554792, -7.261667577202445], [39.48477585134481, -7.261710101466804], [39.48472980136813, -7.261743446083642], [39.48467274789846, -7.261766837345931], [39.484608008859254, -7.261782337970089], [39.48453826639769, -7.2617914236763]]], [[[39.49653537941043, -7.188607941416706], [39.50270951119404, -7.188787225668591], [39.503725574743214, -7.190770638834579], [39.49943773004634, -7.191201265055383], [39.49662276339012, -7.190044283689474], [39.49653537941043, -7.188607941416706]]], [[[39.52095716393808, -7.148142574285146], [39.522914886474666, -7.145139217376709], [39.52311581440779, -7.148393670824873], [39.52095716393808, -7.148142574285146]]], [[[39.925413251374835, -6.903337262027094], [39.92689018732261, -6.90208650199645], [39.92872976034522, -6.903008110984331], [39.927883269541894, -6.906142758698593], [39.92753925666824, -6.904058332451541], [39.925413251374835, -6.903337262027094]]], [[[39.39179606968338, -6.826839575043607], [39.39216171940723, -6.823550576443267], [39.39513778686546, -6.821805000305062], [39.395898305605215, -6.827287144366267], [39.3929999758102, -6.828468134971388], [39.39179606968338, -6.826839575043607]]], [[[39.2885444681383, -6.822776681245216], [39.291728089170135, -6.821631773179092], [39.29086908396579, -6.8231009134543115], [39.2885444681383, -6.822776681245216]]], [[[39.35180201963925, -6.818998106991899], [39.35245386467159, -6.816340676110428], [39.35416695864245, -6.816863630869932], [39.356700931527314, -6.8226043026583625], [39.35217514298813, -6.823937142464956], [39.35180201963925, -6.818998106991899]]], [[[39.397388042996624, -6.813153254725819], [39.399307250976676, -6.812637805938607], [39.40281536734972, -6.815517401521561], [39.40426797120239, -6.818720076415673], [39.40315194100384, -6.820873063015597], [39.399679567829764, -6.818097208266408], [39.397388042996624, -6.813153254725819]]], [[[39.3292930050128, -6.799722196889434], [39.33069610595737, -6.795972824096566], [39.332835512523786, -6.797441646549828], [39.33373232375118, -6.800772174270719], [39.330142668185886, -6.801513580707763], [39.3292930050128, -6.799722196889434]]], [[[39.2577128309872, -6.693611857344024], [39.26014125692649, -6.690985659431476], [39.26482320796049, -6.692469468011666], [39.2679948680252, -6.698672784105156], [39.27673312063541, -6.7085492749499736], [39.27643014666751, -6.7106132615834895], [39.2667464743198, -6.700791879722374], [39.258848203637854, -6.6961526638855275], [39.2577128309872, -6.693611857344024]]], [[[39.23686873090162, -6.67360652696226], [39.24032034881327, -6.674126604159028], [39.24031167107421, -6.676496628649545], [39.23686873090162, -6.67360652696226]]], [[[39.24485174620037, -6.655645348875737], [39.24573099583665, -6.653296047342337], [39.24784161874368, -6.653404069772876], [39.25041580200207, -6.65069389343239], [39.25453217172287, -6.658332951561476], [39.25450257102466, -6.66280492476983], [39.24485174620037, -6.655645348875737]]], [[[38.99928462344258, -6.476579397224953], [39.0006785465319, -6.475411734010379], [39.00340204440624, -6.47726406313717], [38.99928462344258, -6.476579397224953]]], [[[38.985716735957624, -6.474003077531279], [38.98837789169926, -6.471612780290968], [38.98814286487294, -6.473697689403082], [38.985716735957624, -6.474003077531279]]], [[[38.99878053990716, -6.473226450391337], [39.001330971776554, -6.4671624529843825], [39.00374984741234, -6.465972900390511], [39.00731305354253, -6.470556162590867], [39.007869591466886, -6.478880407311863], [38.99878053990716, -6.473226450391337]]], [[[38.97346972179071, -6.465373640998621], [38.97513270910355, -6.4634851103290885], [38.98061664463074, -6.464381245011282], [38.980633196581664, -6.4691620173049955], [38.975497826994854, -6.469510097779391], [38.97346972179071, -6.465373640998621]]], [[[39.33123739463139, -6.418518492386511], [39.33430480957048, -6.417082786559831], [39.339244189887154, -6.419445962962129], [39.34121648172845, -6.422566569689195], [39.344163495611156, -6.437300848007965], [39.33937078259896, -6.438119809798877], [39.33898061457751, -6.433323670154607], [39.3363277958839, -6.432840447610943], [39.33436331548046, -6.429715063197705], [39.33123739463139, -6.418518492386511]]], [[[39.32493266182638, -6.410842204823041], [39.326248168945426, -6.410138130187988], [39.32726679482596, -6.413110623789123], [39.32493266182638, -6.410842204823041]]], [[[38.85290608441295, -6.389405016058902], [38.854026794433935, -6.387361049651929], [38.855047375698575, -6.391717479049078], [38.85290608441295, -6.389405016058902]]], [[[39.2818378263824, -6.375664900063441], [39.28327698991137, -6.37355371808701], [39.28763961792009, -6.372084140777474], [39.29558401271544, -6.3867376637765005], [39.2818378263824, -6.375664900063441]]], [[[39.28599450175875, -6.3664933871368135], [39.28874969482462, -6.362638950347787], [39.288643699328645, -6.367326839824045], [39.28599450175875, -6.3664933871368135]]], [[[39.30687961759406, -6.352217246130579], [39.310041079827045, -6.353294548253643], [39.3103677201928, -6.355641428713739], [39.30718029321463, -6.354485830376461], [39.30687961759406, -6.352217246130579]]], [[[39.34818541382475, -6.354343349606779], [39.3504180908206, -6.351528167724496], [39.351885183000036, -6.3536716865068], [39.35536327364099, -6.3546339034832044], [39.35707505850644, -6.359393411606277], [39.35615633537975, -6.362545310389407], [39.35186579372123, -6.360357736098024], [39.34818541382475, -6.354343349606779]]], [[[39.30383095414919, -6.352225061936167], [39.30486297607433, -6.350138187408334], [39.30641307351533, -6.354239468250739], [39.30383095414919, -6.352225061936167]]], [[[39.33126200266946, -6.3419449669786445], [39.33235931396496, -6.339026927947884], [39.338096878431884, -6.343569974463662], [39.33895694627836, -6.347293357708793], [39.3341246351207, -6.346707750976691], [39.33126200266946, -6.3419449669786445]]], [[[39.316604729146036, -6.3127831769724025], [39.317359924316804, -6.311251163482552], [39.318121153048196, -6.314478226923313], [39.316604729146036, -6.3127831769724025]]], [[[39.22488362757474, -6.293165969831023], [39.22944184169239, -6.300365282674306], [39.2268849710174, -6.2992276004273435], [39.22488362757474, -6.293165969831023]]], [[[39.22045403131557, -6.285944924285161], [39.220394757449185, -6.285947496215556], [39.22033495910938, -6.285942624071879], [39.22027704054062, -6.285930115245549], [39.22022342362311, -6.285909220179178], [39.22018163899958, -6.285884033265802], [39.220103199213156, -6.285824454297938], [39.220061464782646, -6.285795959503048], [39.22000791999449, -6.28576802113605], [39.21995004224357, -6.285744118409241], [39.219830638183964, -6.285699769380415], [39.21977379105323, -6.285674843239008], [39.21972222739356, -6.285644767946792], [39.219678884961695, -6.285606621902957], [39.219643996153025, -6.2855540714124345], [39.21961919937189, -6.285491588308673], [39.21960179981397, -6.2854218450101484], [39.219589657920665, -6.285346954684314], [39.21958106194535, -6.285268602034762], [39.21955666605436, -6.284945636770544], [39.21954751533116, -6.284868037224669], [39.219534739618894, -6.284794152948905], [39.21951678783341, -6.284725616447531], [39.21949175601537, -6.284664466392712], [39.21946570917851, -6.284621692171413], [39.219407622067024, -6.28454382110624], [39.21938176268395, -6.28450305529384], [39.21935910522586, -6.284450421589781], [39.219344000463934, -6.284392957287139], [39.21933569009252, -6.284332594584043], [39.21933389688303, -6.284271226374756], [39.21933885738565, -6.284210818361487], [39.21935137337084, -6.284153534484744], [39.21937567954802, -6.284099840401893], [39.21941022643961, -6.284055938863844], [39.21945401700168, -6.284013864017027], [39.219553049784565, -6.283929900581256], [39.21964962907953, -6.283844418050876], [39.219696055609006, -6.283807892364393], [39.21974142160332, -6.2837793617785], [39.21978449975893, -6.283760270209029], [39.21982141871575, -6.283749694982475], [39.21984792722367, -6.283746261635599], [39.21986007690458, -6.283749103545972], [39.21985623177625, -6.283763191177741], [39.21986035856105, -6.283788382011778], [39.21987263485016, -6.283821984275221], [39.21989395722318, -6.283860600166065], [39.21992495563484, -6.283901233692745], [39.220051651170365, -6.284033979719652], [39.22009378113353, -6.28408467045756], [39.220171208795136, -6.284187644181941], [39.220208222631925, -6.2842332272352905], [39.220279945471475, -6.284305896795786], [39.22031340726517, -6.284342537664429], [39.22034230583745, -6.284383807630263], [39.22036891535413, -6.284443515338637], [39.220387506778366, -6.2845113729034665], [39.220400471043945, -6.284585008783779], [39.22040965113422, -6.284662599645628], [39.220433865622056, -6.28498748009838], [39.220441771570336, -6.285067355987394], [39.22045236229775, -6.285144690185291], [39.22046679864587, -6.28521823197616], [39.22048646099654, -6.285286450502895], [39.220513014145695, -6.285347444077615], [39.22054033070043, -6.285390891635529], [39.220599519313566, -6.285470680958042], [39.22062491914261, -6.28551264083336], [39.22064582887083, -6.28556557453976], [39.22065847063419, -6.285622647581079], [39.2206635084392, -6.285681530641], [39.22066107735577, -6.285739893479672], [39.220650771947874, -6.28579527870869], [39.22063162010329, -6.285844964565172], [39.22060204162551, -6.285885817262681], [39.22056066280942, -6.285915365457413], [39.220510260219726, -6.285934535319996], [39.22045403131557, -6.285944924285161]]], [[[39.1752185407405, -6.279445469113853], [39.177082061767976, -6.273193836211931], [39.179206268073415, -6.282609195761722], [39.17628831408581, -6.281698142734456], [39.1752185407405, -6.279445469113853]]], [[[39.124294394054175, -6.188972167061763], [39.12456898789799, -6.1873570963715], [39.127365398474694, -6.189236793224438], [39.124294394054175, -6.188972167061763]]], [[[39.12489219165121, -6.158231018132824], [39.126885537779, -6.15244210210966], [39.13190266682312, -6.146346064344868], [39.135598506065435, -6.146898901717293], [39.13587556223774, -6.152543322374015], [39.12915239882261, -6.153793972536221], [39.12642660458977, -6.158095342306979], [39.12489219165121, -6.158231018132824]]], [[[39.18711733793111, -6.1253917398980775], [39.18770721867605, -6.123543355366962], [39.19013977050821, -6.1231951713560875], [39.195914495423494, -6.129444103230867], [39.193057032047705, -6.129811560444864], [39.18711733793111, -6.1253917398980775]]], [[[39.16262913725001, -6.118144159811152], [39.16374969482433, -6.116526126861402], [39.169235300753485, -6.1209037633033745], [39.164442776282556, -6.120642138740266], [39.16262913725001, -6.118144159811152]]], [[[39.203742330394334, -5.913516573490199], [39.205417633056754, -5.91152715682972], [39.20623636186758, -5.913469884593269], [39.20479667659754, -5.91616582947421], [39.203742330394334, -5.913516573490199]]], [[[39.20651463532005, -5.872784548110076], [39.208327281398056, -5.869902027311298], [39.20841166098029, -5.873340076171587], [39.20651463532005, -5.872784548110076]]], [[[39.24063765482248, -5.854848914384206], [39.24146598610105, -5.8548609765373385], [39.24152755737339, -5.854860782623064], [39.241522871579946, -5.854872994109883], [39.24152827113346, -5.854897783497506], [39.24154284636393, -5.8549323188765925], [39.24156664649877, -5.854973311803519], [39.24159953025122, -5.855017961938643], [39.2416807641801, -5.855117716017958], [39.2417207742792, -5.855175236013736], [39.24176072625727, -5.85525281474429], [39.24179038176413, -5.855336521608763], [39.241809625353426, -5.855421137164569], [39.24181858515749, -5.855501071105095], [39.24181937501618, -5.855575505042964], [39.24181493200916, -5.8556484490409275], [39.24180471129989, -5.855718147013647], [39.241787560218086, -5.855782589193041], [39.24176171230852, -5.855839425683598], [39.241724717005525, -5.855885812753684], [39.24167073645975, -5.855921529951331], [39.241604933677365, -5.855945719944998], [39.24153077065938, -5.855961719157619], [39.241450772685994, -5.855971981354912], [39.2413667596843, -5.855978291281815], [39.24128002744993, -5.855981933999772], [39.2411017667099, -5.855984613060912], [39.240096921719044, -5.855983863046106], [39.23991612711967, -5.855982051520527], [39.23982744567593, -5.855979498779391], [39.23974080741584, -5.8559750229961764], [39.23965724941564, -5.855967707885327], [39.23957821688032, -5.855956307813528], [39.23950569230357, -5.855939149886808], [39.239442355759365, -5.855914015400572], [39.23939177906931, -5.85587800088075], [39.239360148053834, -5.855834900385162], [39.239339773818756, -5.855783690085673], [39.23932888125029, -5.85572735553842], [39.23932640133819, -5.855668554064437], [39.23933192260023, -5.855609758730566], [39.23934566390699, -5.855553397395511], [39.23936846810534, -5.85550198633922], [39.23939588184629, -5.855462900616203], [39.239428137002335, -5.855427135183447], [39.239496232624276, -5.855356375809436], [39.23952798813201, -5.855317055485841], [39.2395894579314, -5.855235756946456], [39.23962308929629, -5.855197938558035], [39.23966079260026, -5.85516412689276], [39.23974178902938, -5.855102422398431], [39.239780924124545, -5.855070410461963], [39.239888342322274, -5.854965601264382], [39.23992863184577, -5.854935411639076], [39.23998824403918, -5.854906212947526], [39.240056200748256, -5.85488552233403], [39.24013037342871, -5.854871189997027], [39.24020911866552, -5.85486155248384], [39.240291184367834, -5.854855339418123], [39.24037562852527, -5.854851592474063], [39.24046175132855, -5.854849597511816], [39.24063765482248, -5.854848914384206]]], [[[39.38183116140567, -5.821562148839234], [39.385139465332315, -5.818750858306771], [39.38510979207274, -5.822539213743937], [39.38183116140567, -5.821562148839234]]], [[[39.24707798787938, -5.823427837594352], [39.251358407379314, -5.816010373474114], [39.255416870117415, -5.81374979019148], [39.25564585901816, -5.8205584908417904], [39.25161276274042, -5.825222579082322], [39.25001401440153, -5.830372516816794], [39.24769344531228, -5.828333219607487], [39.24707798787938, -5.823427837594352]]], [[[39.27488746931243, -5.7851196737186115], [39.27686577923521, -5.781309901570182], [39.28125000000017, -5.778192996978532], [39.28398132434495, -5.787778834514086], [39.282769727551795, -5.788981351762175], [39.28089414554972, -5.786049666998792], [39.27488746931243, -5.7851196737186115]]], [[[39.282350621599676, -5.772689856843897], [39.28416928015338, -5.769366688176831], [39.28759944813521, -5.770549309065757], [39.28672797149113, -5.7750626272507475], [39.28396487078555, -5.777555755691594], [39.282350621599676, -5.772689856843897]]], [[[39.28262354730094, -5.764584589696938], [39.282583227234, -5.7645865743429], [39.282524054869555, -5.7645858613408905], [39.28245244481104, -5.764580057489184], [39.282374821654116, -5.764566697146051], [39.28229770874566, -5.7645431824954585], [39.28222779251075, -5.76450674013887], [39.28216722967744, -5.764451246066244], [39.282122977097345, -5.7643822261919695], [39.282094426566175, -5.764305200302829], [39.28208069390388, -5.764226008286869], [39.282075951901504, -5.764146640400384], [39.282074268447616, -5.764065914245748], [39.282075213286134, -5.763984940090722], [39.28207872678104, -5.76390469486762], [39.282085072880875, -5.763826135055808], [39.28209482475785, -5.7637502925622925], [39.28210887567917, -5.7636783611399665], [39.28212846939107, -5.7636117783423515], [39.28215524446529, -5.763552304988934], [39.282183052506355, -5.76350979503178], [39.28224436882175, -5.763430570110472], [39.28227183511285, -5.763387835628919], [39.28229765338159, -5.763329626134009], [39.282316936368716, -5.763264955907857], [39.2823316403925, -5.763195776938005], [39.282375883480995, -5.762905045405489], [39.282390466490085, -5.76283598366399], [39.28240959457622, -5.762771490516911], [39.28243523197352, -5.762713522475622], [39.282462542249164, -5.762671048614379], [39.28252399456085, -5.762592931736435], [39.282552575648026, -5.762551718478051], [39.28257976069051, -5.762499532146251], [39.28260263515108, -5.762443010466654], [39.28264422863242, -5.762325702044734], [39.282667319560005, -5.762269267131728], [39.28269506436288, -5.76221742088444], [39.28273013869, -5.762172825907214], [39.28277477259826, -5.762137285791027], [39.282826814882014, -5.762109044676947], [39.28288357255258, -5.762085392774395], [39.28300184160702, -5.762042395281696], [39.28305899333179, -5.762018657737428], [39.28311192052814, -5.761990508179792], [39.283153627464685, -5.7619612366890465], [39.28323333613281, -5.761898567461287], [39.283276958965075, -5.761870827219639], [39.28333830509217, -5.761844408836339], [39.28340700316181, -5.7618253743782475], [39.283481121938735, -5.761812001222836], [39.283559078737085, -5.761803026407108], [39.2836395433626, -5.761797593543179], [39.283721343147874, -5.761795214593064], [39.28380336839598, -5.761795749391069], [39.283884475839045, -5.761799404706494], [39.283963386717744, -5.761806754127122], [39.28403857554838, -5.761818779789621], [39.28410814557918, -5.761836936695374], [39.284169687418, -5.761863239716831], [39.28422011859794, -5.761900372044522], [39.28425611045975, -5.761948999576759], [39.28428099441362, -5.762007505866791], [39.28429711738522, -5.762072852485403], [39.28430609886618, -5.762142495587], [39.28430890788161, -5.762214224619925], [39.28430591345756, -5.762286009091099], [39.28429690702001, -5.762355851284553], [39.28428109658097, -5.762421641939966], [39.28425707372014, -5.762481016032609], [39.28422275579561, -5.762531206952758], [39.28417883197443, -5.762568686380234], [39.28412650387861, -5.762598047940344], [39.284068827952865, -5.7626221509084985], [39.283947897936855, -5.762664578642614], [39.28388943344902, -5.762687567228227], [39.28383547093881, -5.762714870506102], [39.28379325578942, -5.762743483401437], [39.28371433229427, -5.7628057908953565], [39.283672420692255, -5.762834298777648], [39.283619405181184, -5.762861207312312], [39.28356212525921, -5.76288371699053], [39.28344393932656, -5.762924771213591], [39.283387638978525, -5.762947951086346], [39.2833365420239, -5.762976258691253], [39.283293566997884, -5.7630126239552055], [39.283258771563624, -5.763063652944936], [39.283234163467284, -5.763124816546224], [39.28321707823807, -5.763193459541242], [39.28320540099719, -5.763267474830457], [39.28319743844531, -5.763345175608265], [39.28317721813795, -5.763667411093024], [39.283169285661586, -5.763745060024405], [39.28315751724739, -5.7638188647086395], [39.28314004281236, -5.763886956672366], [39.283114458976684, -5.763946933841908], [39.283086325853844, -5.7639884350366515], [39.283053569675246, -5.764025310779118], [39.28298301100256, -5.76409859909603], [39.28294638745234, -5.7641447077269845], [39.28286969367019, -5.764248631372311], [39.28282788077945, -5.764299671693266], [39.28270243704259, -5.764432382794496], [39.282671799847776, -5.764472810446989], [39.28265096362526, -5.764510740584171], [39.282638949458715, -5.764543690997755], [39.28263487672916, -5.76456836663192], [39.282638549805085, -5.764582157134896], [39.28262354730094, -5.764584589696938]]], [[[39.21152137130514, -5.84538502606506], [39.21345172316535, -5.83985633460486], [39.21295672345195, -5.83115782141698], [39.21541330076616, -5.821902934310003], [39.21598078562312, -5.778835423220414], [39.217949871058636, -5.761738441767875], [39.21938547475213, -5.7563284335834055], [39.22123613458143, -5.754859424531503], [39.22290111597897, -5.757916558314889], [39.2229669342164, -5.764170753418284], [39.22678558052223, -5.773191262176113], [39.22625466294744, -5.793580444888164], [39.228827632780735, -5.800891719941717], [39.23367785826525, -5.805392901181619], [39.23976704100801, -5.803377596005021], [39.241521846974706, -5.80062790140687], [39.240878636310015, -5.790167375935255], [39.243122187712856, -5.791042003968471], [39.24485554289487, -5.797552925869297], [39.24320090440273, -5.801530736890584], [39.24397316035862, -5.803330246108828], [39.24236397554495, -5.803263886668049], [39.24344555567188, -5.810213684583346], [39.23963896475317, -5.815544783486814], [39.239246415514515, -5.8194410874310165], [39.2365960767213, -5.821219568650122], [39.23270915508539, -5.821180674853736], [39.23289518881904, -5.816274704698401], [39.23015477758281, -5.81986406716635], [39.231304784433235, -5.827500994569448], [39.23870193850723, -5.842212314563085], [39.23708237011692, -5.847144097597152], [39.238357994792864, -5.8531638304794456], [39.23278311922883, -5.858700035895424], [39.21978517217076, -5.860941379238341], [39.214936347140394, -5.857836110310473], [39.21152137130514, -5.84538502606506]]], [[[39.18151937965587, -5.950081782971154], [39.187359754425074, -5.935210995720922], [39.18322560074114, -5.912291723096985], [39.1860346870871, -5.905843215384834], [39.1938086576543, -5.895747863779661], [39.19679588734152, -5.897626351317797], [39.20014488867753, -5.895430469270423], [39.202271708955664, -5.896869872434877], [39.200967455721525, -5.900950505217509], [39.20179097205187, -5.907077168878345], [39.19985747763553, -5.911096875219641], [39.203411085898324, -5.9202764289964875], [39.20378885803456, -5.9271820968598945], [39.206345474276475, -5.936430541834454], [39.21218727701648, -5.937041557487191], [39.207130207706314, -5.935283029701509], [39.2065588614866, -5.921452074966851], [39.20799092516597, -5.917710681374842], [39.21309897734773, -5.917265409687559], [39.21521239532365, -5.911602067822514], [39.22036747422925, -5.906954059100315], [39.2237211193322, -5.898540683391843], [39.22263180467684, -5.8936818053604725], [39.223570331320786, -5.889959796824257], [39.23382524334397, -5.8799346769262115], [39.2413197969185, -5.880108381473292], [39.252780972831374, -5.874072447117328], [39.25591869628454, -5.875045452350321], [39.25854963170519, -5.871884287478338], [39.262282646117626, -5.8714511756279535], [39.27452040120954, -5.864715401380863], [39.277280757509175, -5.856981658373627], [39.27657616235558, -5.853330316263282], [39.27976382371804, -5.849795992446275], [39.28262689911503, -5.8376363232853805], [39.280178486576915, -5.831385648640833], [39.28753840193053, -5.827885350387362], [39.28740748107026, -5.823332589366828], [39.29038451294866, -5.820510397120074], [39.28764620824586, -5.818694234706186], [39.290400914398276, -5.811738061695166], [39.289352674010274, -5.798051284912674], [39.29503420327319, -5.794270286464894], [39.295965576275876, -5.791173625670638], [39.28960341245772, -5.7726428188560135], [39.29012437948421, -5.760415941531164], [39.287630488788466, -5.756195249774805], [39.289302802777286, -5.747187674689428], [39.28878236413965, -5.739512267439238], [39.291576725746836, -5.728333767308698], [39.29409026199869, -5.724643572628395], [39.303188489300226, -5.721817756338169], [39.306675167372134, -5.722404747070186], [39.32143090788253, -5.739680539809115], [39.33188507628171, -5.757005007620762], [39.34646653105102, -5.7758397219720905], [39.35536518049855, -5.793887681246474], [39.35810562439525, -5.803571810640676], [39.359600731845205, -5.824854198746209], [39.36096292684874, -5.827572523393258], [39.353197097492284, -5.8748227497925996], [39.3559806970012, -5.917271051852879], [39.364359351595, -5.943611202041609], [39.36814242234982, -5.9505509830124765], [39.378526891632646, -5.9897199571047395], [39.383827926192794, -6.002560672915195], [39.40110894322345, -6.018471516371278], [39.40536703443928, -6.024996603037209], [39.40572671026513, -6.031058951210014], [39.41013417595599, -6.040518126996744], [39.409810699929096, -6.041716238882884], [39.40712944117024, -6.04165690841586], [39.40711453397154, -6.047707919361244], [39.41049730130288, -6.053668386258266], [39.41466186932382, -6.057562852292108], [39.42027881427333, -6.057131317426126], [39.4314971175703, -6.063120046564677], [39.43149368558903, -6.073263195109064], [39.425700200258234, -6.0899377615753], [39.42682772699408, -6.106796883932134], [39.42875835063154, -6.1133581408760165], [39.42598728466248, -6.118479683010776], [39.42569275979167, -6.136911432551983], [39.428271775160056, -6.143675322618151], [39.434229448387384, -6.14827244485366], [39.437307386031875, -6.1547217564430525], [39.438181752455364, -6.171541888806189], [39.43333268936442, -6.174529358448865], [39.42799317760796, -6.174936651423593], [39.41906819122295, -6.18191382663673], [39.41464889457308, -6.190840955611691], [39.41943710298045, -6.187419184248824], [39.42083202440455, -6.194262841701288], [39.422737333236284, -6.189683172168202], [39.43389969518677, -6.183200045524643], [39.432632192143274, -6.187572422562596], [39.433896246995175, -6.190098676094749], [39.43602786803734, -6.181851609710179], [39.44486237396063, -6.17959650988729], [39.44994313655525, -6.1895002609667245], [39.453130574299394, -6.19250789884137], [39.45463621535123, -6.199165618101176], [39.45671510340975, -6.201454793159314], [39.4557486866571, -6.193603851737009], [39.4633681766889, -6.193167768043054], [39.46102414182417, -6.1913920851204125], [39.461055626936286, -6.187446076122967], [39.46473020870724, -6.181583176059405], [39.47058598099261, -6.181487363890824], [39.474890481224634, -6.170722848829712], [39.48012976886446, -6.182428683490855], [39.47627465384414, -6.187257795740834], [39.479723531175296, -6.187132902508665], [39.48438323201486, -6.191177425726494], [39.48617766727193, -6.191047040993453], [39.48920551125656, -6.196183823117451], [39.493687883129496, -6.1832842990752965], [39.502540716416945, -6.189682832451581], [39.50643318439029, -6.19699681032364], [39.506230830536424, -6.188184153179691], [39.504618571645096, -6.185350546733503], [39.50660333359258, -6.181600279947929], [39.51065389347582, -6.181111180823905], [39.504636687752964, -6.174449123328884], [39.50204764288827, -6.158400350943737], [39.497835366887216, -6.149664670297227], [39.495896033004385, -6.147635603421804], [39.49181011661659, -6.150118774399914], [39.48875266757665, -6.148676446117065], [39.48933656052611, -6.140900620902926], [39.4929057302171, -6.1342421225549515], [39.49049768047723, -6.128651946651246], [39.491054726340735, -6.124955201985131], [39.49520204346743, -6.12235598021266], [39.51061847419692, -6.12632295875602], [39.51852038543319, -6.152225278739479], [39.52615164307997, -6.162141610025287], [39.53130176382035, -6.181664374846207], [39.5350843361083, -6.187502534085468], [39.535689994453094, -6.19859127948871], [39.53320974840062, -6.228890247473942], [39.53652385618136, -6.258919427693343], [39.53711505314243, -6.283540618419011], [39.540382571830094, -6.291180675047713], [39.54380346410869, -6.308889103276385], [39.553828779632, -6.335356813406918], [39.56561142763417, -6.354663306862847], [39.56938520417344, -6.366445882349069], [39.57506192672025, -6.369382714632991], [39.57546817071585, -6.375836789352377], [39.57950532718826, -6.378270742452969], [39.581726365351074, -6.385831018776344], [39.57786223389712, -6.402504033823163], [39.570191065161, -6.419164292655125], [39.56872148339096, -6.429932666560148], [39.566169958987075, -6.434780341066869], [39.55504084956925, -6.448372849102952], [39.5331136897525, -6.46783495517974], [39.515001156187566, -6.4773111979683335], [39.50794262191266, -6.478714171715353], [39.49389191204472, -6.477028665526177], [39.48440705360065, -6.4714273570263], [39.481781418673904, -6.465230153838434], [39.46466318106036, -6.448670234924691], [39.46227576944153, -6.441602375584409], [39.45685932624838, -6.433891606445229], [39.45621861286776, -6.4247899115671885], [39.45172180254059, -6.413000449348715], [39.448407986232496, -6.409378596793772], [39.44660098293082, -6.4093769975858095], [39.44566549070919, -6.411231049722062], [39.4440816090933, -6.409168839538836], [39.43897718705199, -6.392495650875787], [39.43046092190076, -6.375275221095876], [39.43094202565635, -6.369234933805444], [39.42711094374579, -6.362151415888036], [39.43120300109905, -6.359453732672932], [39.432311527876266, -6.351943919218002], [39.4280140573768, -6.345915393833593], [39.42812217093882, -6.342991878504563], [39.42409113495273, -6.339434896844239], [39.42423047968441, -6.334371548403112], [39.42045839739376, -6.33391732059539], [39.418958652282754, -6.32965948967535], [39.41572997154344, -6.328089861110982], [39.41299703211047, -6.323948762507314], [39.41049431728857, -6.317222822527867], [39.412008666890756, -6.312715200290427], [39.409505876258606, -6.31127377770764], [39.40747438718245, -6.313507425775299], [39.40490905371678, -6.317500054244192], [39.40540045362491, -6.321537181303086], [39.404113978494024, -6.322641367278095], [39.40061858479919, -6.319105116678202], [39.39573216180372, -6.317254903511525], [39.392328014308646, -6.311014810038387], [39.38866516980306, -6.311486476345522], [39.38689591543164, -6.309101519954311], [39.38880710101688, -6.31424589657172], [39.40559199462825, -6.329068939274862], [39.40660464437167, -6.334505702573438], [39.410851123155396, -6.338775687213456], [39.4116305094787, -6.341703994829572], [39.41620152392119, -6.345327832789337], [39.41672054487918, -6.36805567009759], [39.41321647388173, -6.376442712764174], [39.41263976393611, -6.383305087503572], [39.41355064591431, -6.387837617787113], [39.418142415337, -6.395557025185838], [39.41958505453226, -6.406098997783545], [39.41813423724943, -6.412507815026117], [39.41579169983987, -6.412264924493741], [39.40953691942627, -6.393321433234803], [39.40342977240192, -6.385793957285387], [39.40156294040162, -6.386888756991937], [39.402062750683854, -6.379034816883973], [39.39952855036847, -6.370206061356441], [39.39514933972674, -6.366264771225019], [39.391881171313344, -6.366882502838621], [39.39042725797265, -6.369011162212189], [39.386903360711585, -6.368089302850365], [39.384590070466345, -6.36144088928063], [39.38458839209386, -6.352438193602893], [39.3884391158856, -6.347568945214391], [39.37964795671434, -6.335545945483034], [39.378948943283376, -6.331036648153827], [39.375353820119585, -6.333166343259677], [39.36854760935677, -6.327285591870975], [39.36793853588068, -6.323951903663385], [39.369577815554464, -6.322429339305927], [39.3681428115018, -6.317220921350156], [39.36438360034771, -6.3136726215325325], [39.36345653493697, -6.310256318620418], [39.358781640178506, -6.309018973318928], [39.35201894930259, -6.309836791188957], [39.349662727518535, -6.3075590695510755], [39.33934978487002, -6.286867599009611], [39.337883205672426, -6.276738333192554], [39.33283833272225, -6.261604992186278], [39.326451864276976, -6.255213651622455], [39.321954944828235, -6.2539631126464315], [39.31686307408279, -6.249803804532689], [39.31089489884113, -6.241329260363784], [39.30690029048748, -6.23965335539441], [39.3042275922939, -6.245060642180647], [39.3004789202779, -6.243555677990116], [39.29821902432769, -6.249828864112942], [39.3053650794169, -6.261109030655405], [39.3057179552402, -6.266604122864123], [39.30756101442404, -6.269131177013719], [39.3065537297918, -6.271037556762167], [39.30873706952906, -6.275134036969121], [39.30783828043843, -6.276454020561971], [39.30301190942288, -6.2764399946326535], [39.302566778215805, -6.272441191387941], [39.29493798977609, -6.261171896948554], [39.29471998569733, -6.2585244147176695], [39.29034789586012, -6.259274801120455], [39.28461946285125, -6.255996167944488], [39.28069947212532, -6.258469685289754], [39.2863055065186, -6.2805549857101255], [39.29216173642692, -6.290340151848227], [39.29705194895553, -6.293962572120222], [39.29654260355517, -6.3006857807566234], [39.299038291019315, -6.3049004942631655], [39.297100043344074, -6.308466579752462], [39.30014451406049, -6.318253555553383], [39.29922788488193, -6.32145815597022], [39.29694390301819, -6.322285112370196], [39.291442686664595, -6.318754646977197], [39.28246023180259, -6.320890111977576], [39.27101231716051, -6.315585006257436], [39.260773342357595, -6.303670245756564], [39.2521399224151, -6.286664674968847], [39.25060368885892, -6.279610623648864], [39.24749949275696, -6.277125405774882], [39.2424582992241, -6.276986645097907], [39.23894889994949, -6.2679962952800565], [39.2327387892264, -6.2644845764345405], [39.23037743064839, -6.259692729819221], [39.22389216316907, -6.254911013098706], [39.216211428386146, -6.25456442111016], [39.21438747574069, -6.252279223520702], [39.21182231943715, -6.247921907420391], [39.21228391707422, -6.237438373705402], [39.198273347923134, -6.223060675019724], [39.200965738666014, -6.213386291665415], [39.20022876086301, -6.206309433087256], [39.20677374873486, -6.200211098530076], [39.20675631445715, -6.189715742249575], [39.20002876937667, -6.17906673723445], [39.192382217166085, -6.172817725171171], [39.18597840590684, -6.163693247171693], [39.187180834074184, -6.160512762366295], [39.191455072516646, -6.158675140545995], [39.192225079293394, -6.153789115490611], [39.20309992509857, -6.156493451420829], [39.202008363625566, -6.154097787981641], [39.19965384931743, -6.153678183419174], [39.20021529994597, -6.150772079911633], [39.204678479503116, -6.143569413493424], [39.21027982905974, -6.140134848954574], [39.21129298419055, -6.135840186749704], [39.21397452743258, -6.1338916774017775], [39.214548611157, -6.127282269707393], [39.21021942641295, -6.117500579207956], [39.21399774691065, -6.1088213122255866], [39.21485960813948, -6.094545831511709], [39.211197620537405, -6.0749994010893715], [39.202388667633386, -6.055210329747069], [39.2023882111381, -6.0472884690171895], [39.204855308203264, -6.043110261203594], [39.20397856352139, -6.036665525348553], [39.195765360012444, -6.0284005563600545], [39.19147909408787, -6.010553523359647], [39.18905833207765, -6.006874262648523], [39.18898185344267, -6.001106037563204], [39.18405886804112, -5.993816636985116], [39.18449203205137, -5.970564966880261], [39.18151937965587, -5.950081782971154]]], [[[39.08651201966239, -5.240455651737477], [39.089279062188325, -5.239769572675016], [39.08826504989412, -5.2412246038122134], [39.08651201966239, -5.240455651737477]]], [[[39.091828373076055, -5.235672418797776], [39.097915649414176, -5.229582786559945], [39.097303340346, -5.232857645042714], [39.091828373076055, -5.235672418797776]]], [[[39.0976635512626, -5.220663651983614], [39.105661765655384, -5.2189384679915065], [39.100488971788195, -5.2303969636915895], [39.09906448981957, -5.229498263143853], [39.101504031632544, -5.224234942820715], [39.0976635512626, -5.220663651983614]]], [[[39.091230374215684, -5.218988315025285], [39.09593178919232, -5.2199888778382615], [39.095087855808515, -5.226717680538172], [39.09351579808788, -5.2249500221983], [39.09423155527048, -5.221610916027544], [39.091230374215684, -5.218988315025285]]], [[[39.12984607481428, -5.219626610582054], [39.1318054199221, -5.217916011810189], [39.13617970184919, -5.220589563428575], [39.131334162488145, -5.2222773278006684], [39.13229793741732, -5.220492310624195], [39.12984607481428, -5.219626610582054]]], [[[39.1290185383516, -5.2139816885878645], [39.1318054199221, -5.212638854980355], [39.1331920790945, -5.2142410039842275], [39.13083184185166, -5.217290826069302], [39.1290185383516, -5.2139816885878645]]], [[[39.12707586934533, -5.209076296964383], [39.12941601232393, -5.202957653541716], [39.13201498603661, -5.201281074857718], [39.134485817952736, -5.201712866708817], [39.13703040508324, -5.197766828376075], [39.13713294774101, -5.190830853508032], [39.140302263975514, -5.188114600628182], [39.14206688469585, -5.1834744258982255], [39.1404300903323, -5.180421439634074], [39.141329204150395, -5.178273636453071], [39.14528064115143, -5.17574086893876], [39.14754221952296, -5.176439635446457], [39.14937932382327, -5.17104394328021], [39.15180587768566, -5.170415878295671], [39.1520352947191, -5.173057626355273], [39.148952481397885, -5.179784772059406], [39.14578844560947, -5.182421765826746], [39.140616123173515, -5.198672477695823], [39.13587417745049, -5.204768747087428], [39.13079093908482, -5.205512751546166], [39.129765822146624, -5.210049606909195], [39.12707586934533, -5.209076296964383]]], [[[39.15433588592731, -5.128993366287034], [39.15616190139809, -5.128527628056588], [39.15553772621308, -5.131205654830239], [39.15433588592731, -5.128993366287034]]], [[[39.14933361741896, -5.1062874204009745], [39.152693225641826, -5.098528816004091], [39.161490089194444, -5.094195492296137], [39.163329026244924, -5.089363465962833], [39.16619902589497, -5.090195397718787], [39.16705704880383, -5.094379910932844], [39.16496155860756, -5.092165939461609], [39.16291197324301, -5.099370811943345], [39.162946202547175, -5.104097619384731], [39.16644908989326, -5.113054668647806], [39.16541739009813, -5.119598925303876], [39.167070290025094, -5.126463301547915], [39.165875941332274, -5.128651171554509], [39.15951330788374, -5.129836799815564], [39.15645276802769, -5.1263245413893515], [39.15413028745945, -5.125938583851678], [39.15233248902348, -5.109513212534921], [39.14933361741896, -5.1062874204009745]]], [[[39.16264484840485, -5.0875030965921155], [39.16541671752964, -5.084305763244515], [39.16758744461413, -5.088905409498352], [39.16264484840485, -5.0875030965921155]]], [[[39.100158019243, -5.055940502659098], [39.10665550590335, -5.053962741216026], [39.10845694967122, -5.0518154694985355], [39.112634987252534, -5.0540211491135665], [39.106615196236305, -5.058149997770954], [39.100158019243, -5.055940502659098]]], [[[39.155170606011495, -5.00566906719223], [39.156004172755104, -5.002185924495734], [39.16089590854949, -5.00044919136019], [39.164434263080125, -5.004260890808268], [39.16868067786368, -5.002986080644973], [39.16470790953673, -5.02481800784625], [39.16420326877625, -5.0230034759853766], [39.162705775089194, -5.0248665574291635], [39.16129768574325, -5.022790760500413], [39.16120045129679, -5.015558938651509], [39.15743116668932, -5.010615632970541], [39.15756191731566, -5.007436975302539], [39.155170606011495, -5.00566906719223]]], [[[39.14540827943824, -4.966560714235811], [39.147993926991376, -4.96188390730731], [39.15439003597993, -4.959589686590789], [39.163058206921164, -4.96453597491967], [39.17077087674164, -4.956881754732137], [39.17514038085966, -4.95597219467146], [39.1757714039029, -4.959782911419211], [39.178370742599725, -4.9624704293787545], [39.178108775394435, -4.965882146458796], [39.176023694230196, -4.9691666130235035], [39.17478512673097, -4.97729208740509], [39.17265987894041, -4.978116099688464], [39.172832410213914, -4.986155140404435], [39.1706008717083, -4.99338442243851], [39.16355101626647, -4.992003299344049], [39.16044103875612, -4.98854333106982], [39.165082494485375, -4.98360857909131], [39.16679809116738, -4.978664779084795], [39.16588141672344, -4.974948921618193], [39.16461884876378, -4.97478410622449], [39.16412238423135, -4.9798238422043255], [39.16096874416456, -4.977369041402653], [39.15360806007726, -4.978147422026268], [39.14897176099038, -4.971301745380458], [39.14741247682582, -4.971387188386814], [39.14540827943824, -4.966560714235811]]], [[[39.17597130019425, -4.781660627194242], [39.18402862548868, -4.780694961547681], [39.185710886164486, -4.781846849030671], [39.178619255401145, -4.783756810580201], [39.17597130019425, -4.781660627194242]]], [[[31.775875625422827, -2.2859180332324627], [31.790299467652062, -2.288861674503721], [31.801190940356037, -2.28120820719829], [31.807961315280068, -2.267667457350285], [31.81061059242421, -2.2520661586123083], [31.788238918762318, -2.2597196259177394], [31.79088819590646, -2.234109946857302], [31.81061059242421, -2.1828905887363703], [31.816792239093957, -2.1828905887363703], [31.817675331475357, -2.2029073493813485], [31.82827244005216, -2.209972088432437], [31.840341369264422, -2.215565006847953], [31.856237032129684, -2.2520661586123083], [31.860063765782343, -2.283563120215433], [31.86889468959623, -2.3100558916573277], [31.895976189292526, -2.320947364361132], [31.907750754377787, -2.321830456742532], [31.9071620261235, -2.326540282776648], [31.901569107707815, -2.33684302722628], [31.8995085588179, -2.354799238981286], [31.904512748979187, -2.3695174453379195], [31.913932401047532, -2.383352559313039], [31.920997140098677, -2.3980707656696723], [31.91981968359005, -2.416321341551793], [31.912754944538847, -2.423974808857224], [31.875370700393205, -2.4537055856974916], [31.860063765782343, -2.4604759606215225], [31.84828920069708, -2.454588678078892], [31.84063573339165, -2.441047928230887], [31.837986456247506, -2.426035357747139], [31.84063573339165, -2.4110227872633914], [31.851232841968454, -2.3886511136013837], [31.850938477841225, -2.3748159996262075], [31.84475683117148, -2.3645132551766324], [31.82474007052656, -2.3474401358029695], [31.816792239093957, -2.3338993859549078], [31.830332988942075, -2.3227135491239324], [31.822385157509473, -2.3168262665813018], [31.80295712511878, -2.3159431741999015], [31.7826460003468, -2.320947364361132], [31.775875625422827, -2.2859180332324627]]], [[[31.764101060337396, -2.121074122038749], [31.764395424464624, -2.107239008063573], [31.768810886371455, -2.093698258215511], [31.775875625422827, -2.079863144240278], [31.7826460003468, -2.0875166115456523], [31.781468543838173, -2.101940453775171], [31.785000913363774, -2.114892475369004], [31.793243108923434, -2.1243121274372356], [31.82474007052656, -2.1304937741069807], [31.821207701000958, -2.1363810566495545], [31.80295712511878, -2.1455063445906717], [31.797952934957493, -2.1513936271333023], [31.78647273399946, -2.1475668934805867], [31.769105250498683, -2.1352036001410397], [31.764101060337396, -2.121074122038749]]], [[[31.81061059242421, -1.8193508917287318], [31.81590914671267, -1.8008059517194965], [31.83651463561182, -1.7746075444047165], [31.837986456247506, -1.7516471424884799], [31.842401918154565, -1.7516471424884799], [31.850938477841225, -1.7584175174125107], [31.84917229307854, -1.779906098693118], [31.84063573339165, -1.7952130333039804], [31.81061059242421, -1.8193508917287318]]], [[[31.8582975810196, -1.7448767675645058], [31.8653623200708, -1.6995446919861479], [31.8653623200708, -1.6827659367396564], [31.867128504833545, -1.690713768172202], [31.872132694994775, -1.690125039917973], [31.871838330867604, -1.6530351598993889], [31.868011597214945, -1.6362564046528405], [31.8582975810196, -1.6212438341691495], [31.888322721987095, -1.6103523614652318], [31.892443819766925, -1.6109410897195744], [31.896270553419527, -1.6150621874994044], [31.91981968359005, -1.6280142090931804], [31.933360433438168, -1.6439098719582717], [31.937481531217998, -1.6512689751365883], [31.94013080836214, -1.6621604478403924], [31.8995085588179, -1.6350789481443258], [31.897742374055213, -1.662749176094735], [31.888617086114095, -1.6913024964264878], [31.8582975810196, -1.7448767675645058]]], [[[28.365390305549795, -9.268964737964609], [28.382709134682216, -9.197239916743115], [28.690682347217205, -9.041963631124645], [28.855695602770652, -8.840294285139123], [28.967708788730533, -8.594087366351857], [29.694892967172848, -8.315890956894123], [30.257139102295298, -8.237826500440747], [30.569865796564216, -8.248706285977505], [30.569865796564216, -8.254739439081334], [30.561329236877384, -8.280054754014657], [30.560740508623155, -8.290651862591403], [30.569865796564216, -8.303015155930893], [30.543961753376607, -8.31037425910921], [30.514525340663567, -8.323326280703043], [30.486855112713044, -8.341282492458049], [30.466838352068123, -8.3645372585014], [30.45182578158449, -8.396034220104468], [30.442111765389143, -8.433418464250224], [30.446232863168973, -8.466681610616092], [30.473608726992268, -8.48669837126107], [30.470370721593724, -8.508481316668792], [30.487443840967444, -8.516723512228452], [30.512170427646424, -8.514074235084308], [30.549849035919294, -8.497589843964988], [30.5669221552929, -8.502299669999047], [30.573986894344046, -8.515840419847109], [30.562212329258784, -8.535268452237801], [30.569865796564216, -8.548809202085863], [30.557502503224725, -8.554990848755665], [30.541018112105405, -8.566765413840926], [30.5295379111472, -8.577951250671845], [30.531892824164345, -8.582955440833132], [30.548082851156437, -8.58177798432456], [30.561329236877384, -8.578245614799073], [30.58340654641239, -8.56941469098507], [30.603423307057312, -8.558228854154038], [30.624323160083634, -8.543216283670347], [30.643456828347098, -8.524082615406769], [30.657880670576674, -8.501122213490476], [30.644339920728555, -8.504948947143191], [30.631976627389065, -8.501122213490476], [30.63815827405881, -8.48669837126107], [30.645223013110012, -8.48316600173547], [30.65434830105113, -8.481399816972726], [30.676131246458738, -8.481105452845554], [30.68437344201857, -8.484343458244041], [30.68466780614557, -8.491996925549415], [30.67966361598434, -8.51113059381305], [30.68319598550994, -8.524965707788226], [30.692026909324, -8.527026256678141], [30.703212746154804, -8.525554436042455], [30.714398582985837, -8.528203713186713], [30.719402773147124, -8.534974088110687], [30.725878783944097, -8.549692294467263], [30.73441534363093, -8.556462669391237], [30.75384337602162, -8.559111946535495], [30.776509413810686, -8.557640125899809], [30.79505435381992, -8.559700674789724], [30.809772560176555, -8.584721625595932], [30.85804827702617, -8.61769040783463], [31.025247101236857, -8.799018710147777], [31.043497677119092, -8.801079259037692], [31.065574986653928, -8.789893422206717], [31.087357932061707, -8.775763944104312], [31.103547959054026, -8.768699205053224], [31.10207613841834, -8.759279552984992], [31.103253594926798, -8.750154265043875], [31.107374692706628, -8.743383890119901], [31.121209806681804, -8.7380853358315], [31.13151255113155, -8.720717852330779], [31.142992752089754, -8.71012074375409], [31.149174398759328, -8.70806019486406], [31.155356045429244, -8.72660513487341], [31.16977988765865, -8.7380853358315], [31.17331225718425, -8.74809371615396], [31.185969914650798, -8.739557156467185], [31.194212110210458, -8.723661493602037], [31.19862757211746, -8.705410917719917], [31.199805028625974, -8.68922089072771], [31.186853007032198, -8.658607021505986], [31.188913555922113, -8.651836646581955], [31.19774447973606, -8.636529711971093], [31.199805028625974, -8.627993152284319], [31.19450647433763, -8.61209748941917], [31.170957344167164, -8.598556739571109], [31.16565878987882, -8.586782174485847], [31.16860243115002, -8.557934490026923], [31.165953154005877, -8.546454289068777], [31.155356045429244, -8.542038827161832], [31.135339284784152, -8.52526007191534], [31.13445619240275, -8.4881701918967], [31.145347665106726, -8.426059361071907], [31.127097089224492, -8.393973671214553], [31.067341171416786, -8.356883791196026], [31.049679323788837, -8.329802291499902], [31.044969497754778, -8.331568476262703], [31.042614584737635, -8.337161394678219], [31.0311343837796, -8.324209373084386], [31.01935981869434, -8.294772960371233], [31.008173981863308, -8.281820938777457], [30.980798118040013, -8.27034073781931], [30.971084101844667, -8.26209854225965], [30.967257368192065, -8.244436694631759], [30.969023552954752, -8.227952303512325], [30.967257368192065, -8.220593200334065], [30.955777167233805, -8.205286265723203], [30.951361705326974, -8.18585823333251], [30.945768786911458, -8.176438581264279], [30.942825145640086, -8.165841472687532], [30.946651879292745, -8.151417630458127], [30.954010982471118, -8.151417630458127], [30.959603900886634, -8.165252744433303], [30.96460809104792, -8.14817962505964], [30.96195881390355, -8.129045956796062], [30.954894074852575, -8.11138410916817], [30.946651879292745, -8.096960266938765], [30.926046390393594, -8.11050101678677], [30.91574364594402, -8.093722261540336], [30.909561999274274, -8.0737055008953], [30.906323993875844, -8.031611430715486], [30.902791624350243, -8.018953773248882], [30.882186135450922, -7.986868083391471], [30.871589026874176, -7.973327333543466], [30.84980608146651, -7.955665485915574], [30.84097515765245, -7.945068377338771], [30.83361605447425, -7.910039046210159], [30.823607674151674, -7.896498296362097], [30.79946981572698, -7.874420986827147], [30.744718088080504, -7.7201741842102365], [30.73353225124947, -7.713992537540491], [30.714398582985837, -7.67189846736062], [30.704095838536432, -7.6639506359280745], [30.677014338840195, -7.651292978461413], [30.666122866136334, -7.643933875283096], [30.65876376295796, -7.629510033053691], [30.653465208669672, -7.611259457171457], [30.644928648982955, -7.595952522560651], [30.628149893736293, -7.589182147636677], [30.623145703575176, -7.577113218424188], [30.58340654641239, -7.50793764854825], [30.599596573404483, -7.4734970456738665], [30.60489512769294, -7.454363377410289], [30.593709290861966, -7.445826817723514], [30.594298019116195, -7.436407165655282], [30.607544404837142, -7.389308905314181], [30.610782410235515, -7.3707639653049455], [30.604306399438713, -7.331907900523504], [30.562212329258784, -7.240360656985615], [30.55132085655498, -7.20474259760266], [30.546022302266522, -7.199444043314259], [30.532481552418574, -7.1947342172802], [30.53042100352866, -7.184431472830511], [30.535719557816947, -7.168241445838305], [30.531892824164345, -7.150285234083356], [30.521590079714542, -7.13262338645535], [30.508049329866594, -7.118199544225945], [30.494214215891418, -7.109957348666228], [30.500984590815392, -7.098182783580967], [30.506283145103907, -7.099360240089538], [30.511581699392195, -7.105836250886398], [30.51835207431634, -7.109957348666228], [30.546022302266522, -7.109957348666228], [30.55985741624187, -7.101715153106568], [30.561034872750326, -7.0822871207158755], [30.557208139097554, -7.059326718799582], [30.55603068258904, -7.041076142917461], [30.560446144496098, -7.03430576799343], [30.573692530217045, -7.022825567035284], [30.57663617148819, -7.017527012746882], [30.57663617148819, -6.976610399075582], [30.564567242275928, -6.956299274303603], [30.514525340663567, -6.924507948573307], [30.507754965739423, -6.9109671987252455], [30.4842058355689, -6.89566026411444], [30.41856263521862, -6.822069232331444], [30.4014895158449, -6.7829188034230015], [30.394130412666698, -6.757897852616793], [30.395602233302384, -6.747006379912875], [30.358217989156515, -6.69902502719043], [30.335846315494678, -6.646333848433926], [30.32701539168056, -6.637797288747038], [30.30964790817984, -6.632793098585864], [30.292280424679063, -6.620724169373375], [30.19013607256437, -6.523584007420027], [30.179538963987625, -6.503567246774992], [30.17365168144505, -6.484433578511414], [30.158639110961246, -6.468832279773494], [30.138622350316496, -6.457646442942462], [30.117428133162946, -6.452053524526946], [30.072096057584645, -6.453230981035517], [30.029707623277716, -6.465299910247893], [29.952878586096404, -6.5073939804277074], [29.952289857842004, -6.483844850257185], [29.94022092862957, -6.470009736282009], [29.904897233373788, -6.452053524526946], [29.856621516524285, -6.411136910855646], [29.768017914257598, -6.30133909143558], [29.757420805680795, -6.280144874282087], [29.75035606662965, -6.271313950468141], [29.726806936459127, -6.264543575544167], [29.716504192009552, -6.256890108238622], [29.711794365975493, -6.246587363789047], [29.728278757094813, -6.21862277171158], [29.732105490747585, -6.1956623697952296], [29.72533511582344, -6.12854734880932], [29.727690028840584, -6.064964697348785], [29.734460403764558, -6.044947936703863], [29.75123915901105, -6.019926985897712], [29.77125591965614, -5.997555312235647], [29.788917767283976, -5.986075111277501], [29.798631783479266, -5.986663839531843], [29.815704902852872, -5.997555312235647], [29.826596375556846, -6.000204589379905], [29.834249842862278, -5.996377855727189], [29.8995986790855, -5.9354444814109115], [29.922264716874565, -5.922786823944193], [29.94610821117226, -5.917782633782963], [29.94581384704503, -5.898648965519442], [29.952289857842004, -5.861853449628029], [29.952878586096404, -5.841836688983051], [29.943164569900887, -5.796210249277578], [29.836016027624964, -5.559835855190897], [29.81629363110727, -5.534226176130403], [29.77037282727474, -5.491543377696303], [29.75006170250259, -5.463578785618836], [29.741230778688703, -5.4311987316343675], [29.744763148214133, -5.409121422099474], [29.753299707900965, -5.385572291928952], [29.765368637113454, -5.363200618266887], [29.778320658707173, -5.345833134766167], [29.78420794124986, -5.328760015392504], [29.785679761885547, -5.303150336332067], [29.78420794124986, -5.2790124779072585], [29.781558664105717, -5.266649184567768], [29.79186140855529, -5.261939358533709], [29.802458517132095, -5.266649184567768], [29.806579614911925, -5.2536971629739355], [29.79980923998778, -5.2333860382019], [29.805990886657526, -5.221905837243696], [29.813644353962957, -5.212780549302636], [29.813938718090128, -5.206304538505719], [29.809523256183127, -5.187759598496484], [29.806579614911925, -5.184227228970883], [29.79568814220795, -5.183638500716654], [29.79568814220795, -5.177162489919681], [29.79922051173355, -5.172747028012736], [29.809523256183127, -5.170392114995707], [29.820709093014102, -5.1550851803848445], [29.823064006031245, -5.143604979426755], [29.822475277777016, -5.120350213383347], [29.81629363110727, -5.097095447339882], [29.805696522530468, -5.075901230186389], [29.781558664105717, -5.0446986327104355], [29.77537701743597, -5.026448056828315], [29.781853028232774, -5.012318578725967], [29.781558664105717, -5.006431296183337], [29.776848838071487, -5.001132741894935], [29.765663001240455, -5.0008383777678205], [29.761836267587853, -4.99907219300502], [29.745646240595534, -4.9775836117244125], [29.735932224400244, -4.969047052037638], [29.716209827882494, -4.963454133622122], [29.682652317389454, -4.948441563138431], [29.664401741507277, -4.923714976459337], [29.65174408404056, -4.916650237408135], [29.641735703717984, -4.913412232009705], [29.611121834496316, -4.91046859073839], [29.59316562274131, -4.9042869440686445], [29.59316562274131, -4.897516569144614], [29.620835850691833, -4.87278998246552], [29.621424578946062, -4.86631397166866], [29.603468367191056, -4.842176113243852], [29.60199654655537, -4.832167732921391], [29.6025852748096, -4.760637250028424], [29.649683535150643, -4.509544649585109], [29.654765012078258, -4.445391003373629], [29.667679031193643, -4.4491832376179445], [29.67361777907837, -4.447002703387966], [29.686894452175466, -4.4520926310070195], [29.691031317059185, -4.450587241959283], [29.699380568475135, -4.459312819986508], [29.707086270932734, -4.462392087053331], [29.71761673802149, -4.455440691495596], [29.72049741098067, -4.459837259364122], [29.725744499626217, -4.462180683722067], [29.730975499094257, -4.460594231677646], [29.735592482611935, -4.45569388728029], [29.742780199138224, -4.457986195216108], [29.744130709847525, -4.466210441672672], [29.74669858133791, -4.466614597545458], [29.74851259903255, -4.468913337617778], [29.753684879940295, -4.469969734057088], [29.757472511676042, -4.468771232109361], [29.760319850049996, -4.465207303942293], [29.761393697664744, -4.466340367797841], [29.769262436372287, -4.4558485282161655], [29.767918505543605, -4.451658854060838], [29.763854953957036, -4.449238675158199], [29.765516665780467, -4.441779799887968], [29.763661151913652, -4.432548779736692], [29.765110294407123, -4.4278744854528895], [29.773847958074384, -4.418009917398479], [29.775273446566416, -4.412801875163211], [29.780375424194006, -4.414818383128363], [29.78330397374333, -4.414265064765061], [29.790737670538874, -4.405255042745921], [29.795843874735624, -4.4021137971892585], [29.79736019089927, -4.395158406188955], [29.79991834448191, -4.393157132455656], [29.802228500510353, -4.387232382128843], [29.802421406990447, -4.383552372350266], [29.811876636202328, -4.370558033470161], [29.813935256293576, -4.365010636778891], [29.815792798235748, -4.364633913216494], [29.81862590617368, -4.366879699118272], [29.821387020220584, -4.365259615374953], [29.821476638765148, -4.362778192482892], [29.826292541313933, -4.361288326102851], [29.829063283162156, -4.362456303161025], [29.828474514752656, -4.36523178928303], [29.83097569909887, -4.36490172211353], [29.830785327984415, -4.367109176714507], [29.83267902418106, -4.366768614757632], [29.83367384907359, -4.368440305961599], [29.839378624983567, -4.369797209384274], [29.84496657689772, -4.369126147952159], [29.84324827993879, -4.370679758236236], [29.848536834772688, -4.376498668095962], [29.84693427018783, -4.378268233355016], [29.850549700261183, -4.3785532567731025], [29.8512951759173, -4.381874194867237], [29.86578925809357, -4.381176455349419], [29.8670359989124, -4.384064933533978], [29.872189074404787, -4.381556999582358], [29.871319895825536, -4.379472082535358], [29.874221062220272, -4.3814128698900845], [29.87558113655649, -4.377814403667401], [29.873239654044767, -4.377947083502704], [29.87383241398493, -4.376693387084913], [29.871817465709512, -4.375431962310131], [29.87357538720869, -4.369312015952175], [29.874509182943143, -4.370505552481802], [29.880818979243315, -4.367106782687472], [29.882439323158394, -4.370373706110456], [29.884448984977382, -4.3699020034600835], [29.885523578964353, -4.365844107903911], [29.884074262179183, -4.364177824153103], [29.88595304201914, -4.3625492375839485], [29.884898537125082, -4.359713118644606], [29.887657455678777, -4.358516090516332], [29.88754023422473, -4.356199265480427], [29.890714259264143, -4.357169398795008], [29.893575011538474, -4.3530595059251596], [29.895965937005712, -4.354076292160187], [29.896962553536184, -4.352976404534218], [29.89849864705627, -4.356220614226572], [29.90060255163837, -4.356494237477136], [29.901735169222093, -4.353293722539945], [29.90814424388401, -4.352156870856675], [29.909593421796103, -4.349067903964169], [29.91200927447187, -4.352935344630566], [29.914394863791017, -4.351808754038473], [29.913137839878175, -4.350725856432405], [29.91434641885445, -4.349695202776729], [29.91770262300281, -4.350053693111306], [29.928036653717527, -4.346763892485967], [29.92838213594524, -4.343429885566877], [29.934198178402994, -4.343520477846596], [29.938744697664504, -4.33936878125769], [29.94258945583573, -4.339917861866752], [29.951245334645705, -4.329576428579969], [29.952403953121348, -4.330630992438898], [29.95803641690884, -4.329186549280564], [29.96113148530327, -4.3262699514692144], [29.965995007598394, -4.319006393008635], [29.96512565387303, -4.3168468038927585], [29.968165896171115, -4.31207888169871], [29.969472629609925, -4.303597229434729], [29.972445139041042, -4.301337034444259], [29.97754122218197, -4.301576736069308], [29.979293940463776, -4.300015241006804], [29.98070888947842, -4.301090879669914], [29.98709589315763, -4.29693699918937], [29.991595119150816, -4.3025312432603755], [29.991748674102496, -4.297306105335281], [29.99447904747467, -4.293559405120675], [29.995752530710718, -4.299276717909379], [29.99857365189837, -4.299802865743914], [30.00112344930858, -4.296000075549614], [30.00164645124312, -4.286452510093341], [30.004130772355495, -4.283541680621909], [30.003921060712287, -4.280954267385368], [30.013479229462064, -4.285108808599091], [30.016345114949047, -4.28255300606628], [30.015814708183086, -4.277844518932056], [30.020369159481845, -4.276018698193354], [30.02401918649207, -4.277103746397813], [30.025039293774114, -4.281177133655262], [30.026464945700013, -4.278903709683789], [30.03093527142437, -4.277339937902923], [30.03103880230941, -4.273231040150108], [30.036589825747456, -4.277603156125963], [30.042501682855686, -4.276721476089335], [30.043695250988378, -4.275169000859364], [30.0425550649951, -4.271815073163964], [30.04366873085081, -4.271415465697828], [30.043469518574113, -4.267257440173125], [30.04725099173129, -4.259958007065052], [30.043905481607396, -4.256694860024993], [30.046771904066986, -4.255975640063639], [30.050758009991796, -4.260012710819467], [30.05291784246623, -4.259713356024122], [30.053951011577226, -4.257578056119314], [30.052629851171616, -4.255530968575215], [30.05423639067004, -4.254773096507336], [30.053813895788267, -4.252885679902022], [30.050034289344126, -4.248037765990546], [30.051672411272534, -4.244398021398183], [30.0472139581874, -4.243729942218636], [30.047689725807345, -4.241850072758098], [30.051173186170388, -4.243059945265713], [30.054815675093664, -4.241577009000196], [30.054144692759962, -4.237659600269183], [30.056767724258634, -4.230728550135268], [30.05300801374699, -4.2230823361615535], [30.05710673937415, -4.221803779118659], [30.056865015281858, -4.217554905373447], [30.061329375147466, -4.210161707207078], [30.063097651736086, -4.201211070168256], [30.07064775575668, -4.196351284073899], [30.06967226736208, -4.194342284191691], [30.071118104594234, -4.193772079624239], [30.070437427657907, -4.191161555272686], [30.0729836681528, -4.1863392626783025], [30.071721835707876, -4.1824858612662865], [30.076067136943152, -4.178901217936925], [30.07393648863058, -4.177093188954927], [30.07525801886021, -4.176647956076295], [30.075156215522725, -4.172655133663227], [30.077355558248257, -4.173143596352645], [30.078456531686015, -4.168461019936785], [30.083759066560106, -4.164669883004137], [30.085512698513185, -4.160656051669719], [30.094637560003434, -4.1594675661748965], [30.095084784754533, -4.157737555875599], [30.103806035648972, -4.151959339747464], [30.108545766729833, -4.1531762182556236], [30.113285162171792, -4.149397964398304], [30.113074239324078, -4.1457805374319605], [30.11463584242972, -4.145825962577135], [30.116885046774485, -4.1395135611036835], [30.11838759141466, -4.141574753384191], [30.123674590918256, -4.140904335238304], [30.12396333808738, -4.139119327998515], [30.12195948802423, -4.137594346300432], [30.123681051390577, -4.137523219080492], [30.123723087142025, -4.136039457396919], [30.1264083372306, -4.136031098979345], [30.13047830890514, -4.132785876144965], [30.133393006878748, -4.13460775544155], [30.139482466487664, -4.127391242178135], [30.149297745299464, -4.121451889343234], [30.149513796279393, -4.119353662738433], [30.158577158930882, -4.115530689196703], [30.162288537494646, -4.110214366676075], [30.161742086479933, -4.108200824876576], [30.163925719510416, -4.107538856440158], [30.1650450701203, -4.104050432393706], [30.16753444297251, -4.10255378900797], [30.166815523305218, -4.100537441034589], [30.168458171996235, -4.101181324203139], [30.170617917540085, -4.099566397773401], [30.17165708834125, -4.094603068958065], [30.17586734495677, -4.0936091116891475], [30.18013441860603, -4.088508108619067], [30.179765832002488, -4.086458689724111], [30.177643039270833, -4.087220638164297], [30.17811490628685, -4.085524011528207], [30.176807195858373, -4.0848582775017235], [30.179202122438653, -4.084084485018479], [30.1792244649979, -4.081924789224729], [30.18361963708429, -4.078351208409629], [30.1848562720636, -4.074976950248242], [30.183055591985124, -4.071879299710815], [30.187528791448926, -4.064909992677656], [30.186767384314635, -4.0637854482350235], [30.188269206624682, -4.06346095595336], [30.187813616929475, -4.05718406145246], [30.191639496590028, -4.0540226453101695], [30.19081966044581, -4.051932007647736], [30.196196982633694, -4.046332227897153], [30.20013894904349, -4.046120959753125], [30.201467398027376, -4.0478807972629625], [30.204440685777968, -4.048164059333033], [30.203198047739477, -4.045611343625865], [30.205294234227324, -4.045857186169258], [30.20885024830943, -4.0407417919594195], [30.2154207757452, -4.036039598053094], [30.217323831380554, -4.0278528722040505], [30.223717304991737, -4.024890014368339], [30.225368154507635, -4.02130829522946], [30.224317833799716, -4.018279476401631], [30.22776718683741, -4.017845951299421], [30.230146004550704, -4.011000559141678], [30.223053375518532, -4.009440423118804], [30.222624311095103, -4.007073396385692], [30.219490936824627, -4.005749808517521], [30.219121524552122, -4.000849897877174], [30.21437278673403, -3.990852390850023], [30.22045380884532, -3.985122721015273], [30.22723917575263, -3.9743715683853225], [30.227674229558943, -3.971514902948684], [30.226314462569803, -3.9706809924939535], [30.228166577507125, -3.968641918555818], [30.229149706639873, -3.963040220139476], [30.230883875548614, -3.963232724868192], [30.22995567451119, -3.953566964908646], [30.233254041577595, -3.9526448328589936], [30.233546280227017, -3.9441487557763253], [30.234859993875318, -3.943205945946204], [30.232119662387902, -3.940921527131138], [30.24107181163697, -3.929136985946286], [30.24029371938252, -3.92367671159451], [30.250034022551915, -3.918812497472004], [30.25105206534363, -3.9105147905153217], [30.253581517810346, -3.907302061281314], [30.25289913911331, -3.904950589587145], [30.255406230302015, -3.9031874490485166], [30.25570528936271, -3.8972539620332896], [30.257604056085597, -3.8966483495722173], [30.2599945647529, -3.8920001455697957], [30.256695673492118, -3.8839579477966595], [30.261352081546818, -3.884186862988088], [30.260479490807768, -3.8804844788159585], [30.265510647588542, -3.880560386960326], [30.266090800332165, -3.877396394466018], [30.26858027229622, -3.875728617069228], [30.271133609295816, -3.877753753359343], [30.273142410335083, -3.874303098284429], [30.274771548245383, -3.8760009120052246], [30.27683834847892, -3.873559467787686], [30.279252602368842, -3.874165919087716], [30.27934119515902, -3.8721883721023573], [30.282551682218866, -3.8688421525198464], [30.284886263778787, -3.8687532438771086], [30.28449550807329, -3.866341056156159], [30.289672691032592, -3.862700647611234], [30.29013557816353, -3.860533947032991], [30.292130852878756, -3.8626648209296945], [30.298545823845643, -3.8573798745487125], [30.298686957282825, -3.8517692137920108], [30.304223244898026, -3.849471402130007], [30.30602505004242, -3.846425576868853], [30.30865486384755, -3.8454815936279374], [30.31197399084658, -3.8386510854738276], [30.310882938330508, -3.8335993513760513], [30.308819195689523, -3.8324775377266747], [30.31504432818207, -3.8294131675045833], [30.31435962179944, -3.826281157170456], [30.316431198132648, -3.8247727438811694], [30.314695593137458, -3.8240373836264325], [30.317505357643313, -3.824002829157905], [30.317368415760598, -3.818914170933681], [30.320399507239244, -3.8183746890126145], [30.321209283549422, -3.8157155689601723], [30.32324685331656, -3.816055053873356], [30.322092050096558, -3.8131731347951927], [30.324820702941565, -3.8099623580484945], [30.3213195621895, -3.808913463085787], [30.321824733854896, -3.807136608415931], [30.32458987456579, -3.8069305028812437], [30.323787806016753, -3.804772029531307], [30.32634226543871, -3.8030345653438644], [30.324026969419435, -3.80137968014094], [30.32623043436473, -3.8003834346661165], [30.324404883939565, -3.7954391578887794], [30.328088382717738, -3.7926230957522193], [30.328225998993275, -3.7898085698814725], [30.331205866334074, -3.7880809896479377], [30.330363922922743, -3.785035677992994], [30.3357483602598, -3.7845544816852907], [30.336260983692227, -3.780823633570492], [30.33807034901912, -3.781158844511367], [30.347775147787786, -3.774184256938554], [30.35556625543768, -3.775756265376913], [30.35727640933527, -3.776991172762507], [30.356302696266198, -3.7792075464568597], [30.359624937576655, -3.7814211282716883], [30.36218496849051, -3.7778604413864514], [30.366991434570423, -3.7756427256313145], [30.376062914149998, -3.775851995993321], [30.380004517271402, -3.7769571809980107], [30.380526572264273, -3.7789053646943103], [30.385730089037793, -3.7800041957352164], [30.383878425815396, -3.78258464717851], [30.385537301837758, -3.7880330684666887], [30.39040456381963, -3.7891893773856964], [30.39182319706856, -3.792433074084329], [30.39598992486799, -3.7909572675292225], [30.396173008753806, -3.7935651083000153], [30.394316568209945, -3.7949449349244446], [30.397153009744045, -3.797705853393495], [30.404579604712012, -3.793567105858415], [30.405699521426016, -3.7881114248385757], [30.41021077149253, -3.7846001223352346], [30.41100698756196, -3.780775134413375], [30.408974635145796, -3.7734658509430687], [30.41044000066006, -3.7661336120124815], [30.404497664604662, -3.7611015918373596], [30.40473726282397, -3.752915206573107], [30.400401454424014, -3.7446462089012584], [30.40098221467389, -3.7430811753737885], [30.397748454141265, -3.7390532177278715], [30.39944689498185, -3.736902562350963], [30.39841530113631, -3.731322148892616], [30.390783561671412, -3.727904777481797], [30.38915854297653, -3.7203560753283114], [30.391951127921857, -3.71840115058194], [30.39197947968421, -3.7163047161500344], [30.38715919864819, -3.7141364860740964], [30.391980297026862, -3.7086053041314244], [30.390801018205593, -3.7050722500773077], [30.397231880776587, -3.705080043242333], [30.39861573721828, -3.7036382351799944], [30.39769245451606, -3.700965466493699], [30.40069202291204, -3.7001098969465716], [30.405144192563682, -3.686731414153428], [30.409251936374915, -3.6876995072734076], [30.409100215126898, -3.6842067018361604], [30.40563986078621, -3.6798751285765547], [30.4086716738297, -3.6801052206268423], [30.411827839996874, -3.6774199655686175], [30.4119001528054, -3.6750963326719557], [30.4085498390794, -3.6711676647934723], [30.41041871407657, -3.6673052419231453], [30.416036530963424, -3.666010609916384], [30.416101066234432, -3.6541230839504806], [30.42019080864617, -3.653984656519526], [30.42236595752553, -3.6413586488361602], [30.427977226123176, -3.6416491073275665], [30.42756619727527, -3.638216449071706], [30.430765733851217, -3.6372304022355024], [30.42985519642457, -3.6345492468856833], [30.433133131620934, -3.6326864465780773], [30.433751867152353, -3.6277581469437337], [30.430799725550628, -3.627162841899292], [30.430129434266462, -3.624658741372798], [30.437266178036282, -3.6200661660387254], [30.441036342969937, -3.6213115358272603], [30.44381045107582, -3.6195871045420063], [30.447581005851816, -3.615623970929903], [30.4472449731918, -3.6122293360817253], [30.448838214041984, -3.6140624421216785], [30.451039725247483, -3.6132570801561883], [30.45301645685379, -3.6104144786251595], [30.451730075866294, -3.608343980831137], [30.457019576792106, -3.606319000608437], [30.45616550870028, -3.596759629621374], [30.457982267812156, -3.593517006712716], [30.454516566643406, -3.591345419776019], [30.452023382705022, -3.593021161376612], [30.45087752424945, -3.5917243814630524], [30.452338222655044, -3.5890947246732026], [30.454658671142624, -3.589507203124242], [30.454971856868326, -3.585166160069093], [30.457054938509714, -3.5834814195723084], [30.455508657075654, -3.5812824741316263], [30.457221824994804, -3.579170780627919], [30.456675825483956, -3.5760639410815998], [30.45267386489951, -3.57447079091736], [30.452400642999294, -3.5770503620599925], [30.44915831550304, -3.576076868919756], [30.44622924543779, -3.568151358848695], [30.45284587836079, -3.5623639655500483], [30.45331215097491, -3.560358436984359], [30.461586705006027, -3.556333931857239], [30.46141007776481, -3.5524703279369874], [30.46582168286028, -3.5490641587263667], [30.47155670878965, -3.5400821089831993], [30.47935761090838, -3.5368225218004454], [30.484812259521902, -3.5301497009438663], [30.48903938986615, -3.528003002019659], [30.492134273394072, -3.5207259941146845], [30.500502177979854, -3.517334761563916], [30.51023322181618, -3.52250479503698], [30.51108066510153, -3.530465128362721], [30.514862333193435, -3.529630455669178], [30.522191527854375, -3.520880761701676], [30.525030502982077, -3.5128916353439763], [30.531858500904548, -3.5083980137121102], [30.53553043858716, -3.5036069711518394], [30.545355175011366, -3.4991328231021726], [30.56459807894373, -3.494458885877009], [30.56859080877547, -3.490189321957814], [30.5840178834261, -3.484659505097227], [30.598058562499716, -3.472901303599258], [30.604428344060068, -3.4695162868779335], [30.618673446375226, -3.466394193832514], [30.637082878974695, -3.4537423953418624], [30.63947704945008, -3.447458277259159], [30.645151712743655, -3.443164176717346], [30.65003076269619, -3.442010362415033], [30.655798591396888, -3.435222600460918], [30.661211588065385, -3.4321729306078055], [30.663304332322923, -3.428532049741875], [31.015941260760712, -3.3032521007236255], [31.013465193167804, -3.2609850622820318], [31.01506600453888, -3.196798739124688], [30.880337132313684, -2.9764818894158225], [30.752455913696338, -2.893400412084304], [30.822616897458317, -2.775317863283817], [30.889980738432314, -2.68846322275931], [30.93561567119565, -2.5743092970637917], [30.94553458021562, -2.50354302567564], [30.923541272116324, -2.4133399569169], [30.964647952486473, -2.311267508854826], [30.99992679373463, -2.2131575344268413], [31.025748443993507, -2.093350930285453], [31.045037621712595, -2.0135564642159807], [31.05971797294592, -1.9692450219091597], [31.07545253631389, -1.9094994779497938], [31.10203050444011, -1.8580884748072322], [31.113963348633774, -1.8043999824981825], [31.099024580050013, -1.7126509775287104], [31.116567972254188, -1.680826626613225], [31.125299457928975, -1.6466996397168714], [31.123574519654937, -1.6057226601981824], [31.13738923415849, -1.5584591826970495], [31.138500777693594, -1.520836454672235], [31.151305039798387, -1.4919457424577445], [31.162888824064964, -1.4540453356106013], [31.15436665219204, -1.4027958728061094], [31.134506573805254, -1.3556733720878356], [31.109272998592246, -1.3125652724793895], [31.04732593154438, -1.2451042866389344], [30.987418389220693, -1.1574055189334445], [30.9589476229645, -1.1207279936035093], [30.929228539799965, -1.0932664840168513], [30.89376477533375, -1.0543095908757891], [30.841113992851774, -1.01615501904962], [30.8155425639045, -0.9821890390716703], [30.798703660838953, -0.9664162977032902], [30.818035220062427, -0.958102773758128], [30.838918486798377, -0.9405586624721423], [30.8450439667032, -0.9328229108883193], [30.856292370383187, -0.929221475136842], [30.876195118294447, -0.9177759684747571], [30.886389651535296, -0.902390388099434], [30.915538937765405, -0.881010936667451], [30.929684283247184, -0.873101323519279], [30.958459547496602, -0.8722623392532114], [30.98423740117778, -0.8654802696262323], [30.9936596523915, -0.8605697391872695], [30.998349779117405, -0.8499119598690754], [31.008691278843514, -0.8356159337458848], [31.023523140691907, -0.8280380744803892], [31.05449941874417, -0.8186282348817713], [31.07851383070465, -0.813541628781536], [31.08637554144451, -0.8013157162855578], [31.094050420851715, -0.7927295662200322], [31.10580389132076, -0.7958167717894185], [31.11857731303968, -0.8049875926294021], [31.126125715287117, -0.8055908503772571], [31.174640879597746, -0.80378948415796], [31.194063186645735, -0.7962089776992229], [31.192906503258087, -0.8180301252529034], [31.21082548087611, -0.8318600892765176], [31.22088614813947, -0.8351593054626392], [31.226927024294127, -0.8449226740135032], [31.226205686575668, -0.8531266539635567], [31.204107897746496, -0.8698478398048337], [31.205445136582455, -0.8773860461268441], [31.20281236004132, -0.8806090269124525], [31.202878103998785, -0.8852513360325247], [31.20934424468851, -0.8984895364411045], [31.25039655914071, -0.9297539630969709], [31.270039029490533, -0.9469541413246247], [31.263636661216935, -0.9819180397340119], [31.27110793273073, -0.9987787670103216], [31.300039606263738, -1.034059912040334], [31.377310839913264, -1.063250144312292], [31.39557422092861, -1.07750107795016], [31.413900514308864, -1.1110468261964002], [31.448558675674747, -1.138537949429292], [31.4816845305495, -1.1378338421336025], [31.511702439894407, -1.1274470285963503], [31.559269940696822, -1.1274915225099562], [31.601328398163105, -1.1058893759346802], [31.65459227465277, -1.1188344418093266], [31.694682564517848, -1.119732384317217], [31.744041599387515, -1.1085732327658775], [31.76076738285775, -1.1022702924817622], [31.77231625895996, -1.0842988740038777], [31.787793377283776, -1.052322446411324], [31.813848597822755, -1.039874683084122], [31.821207701000958, -1.021329743074773], [31.82474007052656, -1.001607346557023], [31.82415134227233, -0.9839454989291312], [31.833570994340448, -0.9883609608360757], [31.837397727993277, -0.9951313357601066], [31.837986456247506, -1.0148537322779134], [31.84004700513742, -1.0242733843461451], [31.84593428768011, -1.0245677484732596], [31.8618299505452, -1.018680465930629], [31.87389887975752, -1.0245677484732596], [31.867128504833545, -1.0381084983213213], [31.853882119112598, -1.0519436122964976], [31.84475683117148, -1.0590083513476998], [31.851232841968454, -1.0751983783399055], [31.850938477841225, -1.1134657148670044], [31.856237032129684, -1.1258290082065514], [31.87007214610486, -1.1499668666313028], [31.868600325469174, -1.1587977904453055], [31.858591945146657, -1.182346920615828], [31.850938477841225, -1.2780152619336036], [31.842107554027336, -1.3068629463925276], [31.820913336873787, -1.347485195936656], [31.81473169020404, -1.3898736302436419], [31.805312038135867, -1.411950939778535], [31.80295712511878, -1.4254916896265968], [31.80295712511878, -1.4561055588482645], [31.801190940356037, -1.4708237652048979], [31.796481114321978, -1.4840701509257315], [31.755270136523507, -1.4658195750436107], [31.74879412572659, -1.4937841671211913], [31.752620859379363, -1.5376444220636927], [31.741729386675388, -1.5661977423955022], [31.760863054939023, -1.5965172474900555], [31.75409268001505, -1.6197720135334635], [31.736136468259872, -1.6436155078311572], [31.72053516952201, -1.6759955618156823], [31.711704245707892, -1.7554738761411954], [31.698457859987172, -1.7837328323458337], [31.693748033952943, -1.799628495210925], [31.684328381884768, -1.8673322444512905], [31.67373127330802, -1.8950024724015861], [31.630754110746807, -1.9479880152853184], [31.618390817407317, -1.9741864225999848], [31.61250353486463, -2.0036228353131946], [31.611031714228943, -2.0389465305689782], [31.62133445867852, -2.040712715331779], [31.626044284712748, -2.0357085251704916], [31.62928229011112, -2.028643786119403], [31.635169572653865, -2.0254057807209165], [31.656658153934472, -2.027760693737946], [31.66607780600259, -2.0254057807209165], [31.67432000156225, -2.019518498178286], [31.680501648231996, -2.0118650308728547], [31.689332572046055, -2.005977748330281], [31.706994419673833, -2.0048002918217094], [31.6955142187158, -2.0336479762805766], [31.692864941571656, -2.0471887261286383], [31.68786075141037, -2.054547829306955], [31.686388930774683, -2.059552019468242], [31.688449479664598, -2.0636731172480722], [31.698457859987172, -2.071620948680618], [31.70081277300409, -2.076625138841848], [31.697869131732773, -2.0878109756728804], [31.684328381884768, -2.1054728233007722], [31.680501648231996, -2.114892475369004], [31.681679104740624, -2.123723399182893], [31.691687485063028, -2.1349092360139252], [31.693748033952943, -2.1419739750650706], [31.67490872981648, -2.182596224609256], [31.669315811400963, -2.1899553277875725], [31.672259452672336, -2.1993749798557474], [31.652242692027414, -2.258836533536339], [31.652831420281643, -2.288272946249492], [31.649299050756213, -2.296220777682038], [31.63399211614518, -2.316237538327073], [31.631931567255265, -2.3235966415053326], [31.631637203128264, -2.3433190380231395], [31.63369775201818, -2.3562710596169723], [31.64164558345061, -2.3618639780323747], [31.659307431078616, -2.3612752497781457], [31.684917110138997, -2.34920632056577], [31.704050778402518, -2.3318388370649927], [31.725244995556068, -2.320358636106903], [31.755270136523507, -2.326540282776648], [31.748499761599533, -2.3412584891332244], [31.763512332083167, -2.3480288640571985], [31.772343255897056, -2.35744851612543], [31.771165799388598, -2.3636301627951752], [31.755270136523507, -2.3612752497781457], [31.756153228904964, -2.3809976462959526], [31.759391234303337, -2.393066575508385], [31.775875625422827, -2.416321341551793], [31.789710739397833, -2.420442439331623], [31.796186750194806, -2.4248579012385676], [31.789416375270832, -2.4407535641037725], [31.79530365781335, -2.455471770460292], [31.796481114321978, -2.462830873638552], [31.79118256003352, -2.475782895232385], [31.78294036447386, -2.4878518244447605], [31.771165799388598, -2.497860204767335], [31.755270136523507, -2.505219307945538], [31.739963201912644, -2.5063967644541094], [31.726716816191754, -2.5049249438184233], [31.717885892377865, -2.507574220962624], [31.714353522852264, -2.521703699064915], [31.71965207714055, -2.539071182565692], [31.731426642225813, -2.544369736854094], [31.743201207311074, -2.547019013998238], [31.748499761599533, -2.556733030193584], [31.748499761599533, -2.611484757840117], [31.754681408269278, -2.6200213175268914], [31.769105250498683, -2.6179607686369764], [31.799719119720407, -2.60824675244163], [31.829744260687846, -2.6079523883145157], [31.846228651807166, -2.605597475297486], [31.8582975810196, -2.6008876492633135], [31.855648303875455, -2.6173720403827474], [31.846817380061395, -2.619138225145548], [31.835337179103362, -2.615017127365604], [31.82415134227233, -2.615017127365604], [31.819147152111043, -2.6179607686369764], [31.817086603221128, -2.6200213175268914], [31.81590914671267, -2.6400380781718695], [31.813259869568526, -2.6412155346803843], [31.809138771788525, -2.6400380781718695], [31.797952934957493, -2.643864811824585], [31.785000913363774, -2.642981719443185], [31.779407994948258, -2.645630996587329], [31.77352071240574, -2.6541675562741602], [31.775875625422827, -2.6688857626307936], [31.763512332083167, -2.6927292569284305], [31.759685598430565, -2.7159840229717815], [31.76233487557471, -2.7174558436074676], [31.780879815583944, -2.717161479480353], [31.78647273399946, -2.718633300116039], [31.789416375270832, -2.7256980391671277], [31.790299467652062, -2.7415937020323327], [31.78235163621963, -2.7907525112632356], [31.78294036447386, -2.8148903696881007], [31.796481114321978, -2.8340240379516217], [31.810021864169983, -2.826664934773362], [31.821499928417268, -2.8173941905737365], [31.84739818632704, -2.856072220490887], [31.86093082672255, -2.8923357641356233], [31.868814374924, -2.9281101831077763], [31.872816154571012, -2.9721706276908435], [31.872475577591615, -3.0194288193950456], [31.869434986618444, -3.0399359901500134], [31.87134004122248, -3.0534558413812647], [31.88692084193434, -3.1251228153180364], [31.903111509483722, -3.1819651074774242], [31.911021825138846, -3.2252099493543938], [31.926300575448067, -3.2617084336070548], [31.93818978750113, -3.3012757380590756], [31.961471426700427, -3.34702039373866], [31.98490409158819, -3.372623673600856], [31.986218662657393, -3.3961120323392606], [31.995155966362177, -3.4118270121073238], [31.99693240510726, -3.421663651068343], [31.996125847812493, -3.4337111215583604], [32.002131728590825, -3.442187633538367], [32.00563243694245, -3.464741093384248], [32.00971373583968, -3.4742613166694696], [32.017282587877105, -3.4829599487937912], [32.03067902266133, -3.5090272126421382], [32.03230851193871, -3.516892888104735], [32.046408781497064, -3.538603884501981], [32.0470327141187, -3.5436375133921842], [32.04565446411408, -3.545857327619558], [32.047113476723155, -3.5547069529304167], [32.061022735578604, -3.5836127445830357], [32.09024653305687, -3.6137778213644083], [32.1110436164268, -3.630638783325935], [32.14072792458836, -3.6261822965354895], [32.15837781332948, -3.632672683711064], [32.17528313895741, -3.6484887074389007], [32.172641835755655, -3.681357325817544], [32.166093104533104, -3.705856958634513], [32.16722055740479, -3.72468242891523], [32.18591886950219, -3.7330176329948586], [32.22570131066061, -3.7356323216665714], [32.2281560595236, -3.7385391400108574], [32.23623473006057, -3.7398614835650505], [32.24248236699282, -3.7441594579677258], [32.24652211100772, -3.752182186363143], [32.2511941883306, -3.7522269683617537], [32.25716968197571, -3.757523779125904], [32.25851464086418, -3.761472044018433], [32.2640006884626, -3.7608298910723192], [32.269759349037315, -3.7654792140416475], [32.276086425492394, -3.7671925308058007], [32.27643828110905, -3.7697227834269142], [32.2794453136778, -3.7711357018100102], [32.283688063198895, -3.7773219982643127], [32.29188291676121, -3.7772587484652718], [32.292761075977694, -3.780459410908975], [32.29937205765657, -3.781828285017923], [32.309175934750556, -3.7913293618763078], [32.32212243164355, -3.794828552157014], [32.32912304760532, -3.7992955811555476], [32.33639471176133, -3.8014617991655086], [32.343147761139676, -3.8064167237139372], [32.36717670099176, -3.8160559281657243], [32.40290233337646, -3.8370993019768207], [32.46609767560216, -3.868722655784211], [32.498297144022104, -3.872501586769147], [32.523153990054766, -3.8907254917635328], [32.58527813051478, -3.9033242013948666], [32.630271771364676, -3.8981375035199903], [32.685045338723, -3.925650226935659], [32.71540107765958, -3.9467777771175747], [32.74287825812081, -3.9483928998733973], [32.75322612295156, -3.9533620689599616], [32.75836983830868, -3.954115969688246], [32.780493446709045, -3.9530152419889077], [32.79286108688649, -3.9550561075358246], [32.81325088097873, -3.9524821386382882], [32.824301983868054, -3.942715738776485], [32.83583676068315, -3.937640389024182], [32.84027034150313, -3.930310256608834], [32.84393825984483, -3.9278580353485495], [32.84413967488007, -3.9230061780961023], [32.850192227898276, -3.918266311040952], [32.875461451979675, -3.9204369917571285], [32.907250401700594, -3.927106554879856], [32.92208386349455, -3.9280524789781452], [32.92476351575448, -3.921621646860217], [32.93418536872889, -3.916586859634833], [32.951836692712504, -3.9152714811415876], [32.980791949344905, -3.9095011018912373], [33.01316246000795, -3.9085941004794904], [33.018668607601114, -3.9155478364039027], [33.02314160903205, -3.9184710834842917], [33.02865664175698, -3.939566569573742], [33.04228195244093, -3.9448955096730742], [33.04167248980167, -3.947394573337874], [33.052698645172825, -3.9534296724660862], [33.05447218437223, -3.9527549958053783], [33.05796158525493, -3.9567381687642182], [33.06391461359527, -3.958713134796369], [33.069284615463346, -3.965202042992644], [33.087298129655096, -3.968420056786954], [33.09027825156949, -3.9665119398347315], [33.10062392779486, -3.967687862477419], [33.107744075666346, -3.965675314015016], [33.110952035524804, -3.966685213908704], [33.13246784445255, -3.959856555236229], [33.14287623621135, -3.963924478844376], [33.14882604508324, -3.9639056032679036], [33.15389975932487, -3.961566025335287], [33.15734644072205, -3.964586917914289], [33.162758950685145, -3.963589838933217], [33.17088824370359, -3.9650203168791336], [33.18152178398623, -3.959990140791831], [33.18618770949513, -3.9600600523972957], [33.195966283671794, -3.9510825843770476], [33.19770173820086, -3.9528253730429697], [33.20190005354459, -3.9531656632790373], [33.20409047668488, -3.958360794676821], [33.21428504711929, -3.9577434073887616], [33.217425729560716, -3.959126119907978], [33.220614989973285, -3.9522680624090185], [33.21909003703564, -3.950415070531051], [33.22027941847557, -3.9469490539443086], [33.223225361983395, -3.94577423200559], [33.224319852484996, -3.9430487179580496], [33.22334623722634, -3.940008554543283], [33.22515106696517, -3.9359153200399533], [33.229674885725444, -3.9367167518393558], [33.230827760027466, -3.933870766820746], [33.23472543226751, -3.9336502449544923], [33.23913242733187, -3.9360089678088457], [33.24578748904105, -3.936289796606104], [33.25335648055017, -3.9317433475819143], [33.253910375493206, -3.929535166060191], [33.26895347736337, -3.922244558139198], [33.26873102274294, -3.9185176413520253], [33.27574459809597, -3.9175176243082888], [33.27737593427446, -3.914250743237517], [33.28202749267018, -3.9174261508800328], [33.28616322162446, -3.9154270431398004], [33.28855015529797, -3.9164597656434808], [33.28963033436753, -3.9149751285891625], [33.29389584466253, -3.916116647121271], [33.29621044971702, -3.912858151997341], [33.30215782216237, -3.910184079281123], [33.30531385145042, -3.9108466759419116], [33.306430960485216, -3.9083037691839877], [33.30872516050573, -3.9075658780749336], [33.317484517554135, -3.910812560063391], [33.330885978931235, -3.901894303816789], [33.34551035814161, -3.9013894075750954], [33.34402551187253, -3.903124635034942], [33.350677321968874, -3.8998893911626737], [33.34956292445702, -3.8979345564259233], [33.35494731433249, -3.8955088703508522], [33.36032793434907, -3.8995566093653906], [33.366966597401756, -3.8957505189000585], [33.36905250022289, -3.896714722651609], [33.37144126103624, -3.893060001752076], [33.37545368262977, -3.894999096800973], [33.38176374542934, -3.892636846101709], [33.38363619387667, -3.8950314376737083], [33.38621487026819, -3.8939911016075257], [33.38769395211898, -3.8959576929025843], [33.38978411159326, -3.895342266464695], [33.390641824725435, -3.8925142919057976], [33.39404252951573, -3.8946060549014305], [33.39696269135072, -3.8898131356032195], [33.401075159992615, -3.8892840363836285], [33.40286940493172, -3.88741366969424], [33.40658154449727, -3.8921171272470474], [33.413681724464425, -3.8894551754715962], [33.41626594357564, -3.892178068575788], [33.4157257480303, -3.8937619110185437], [33.41787093020923, -3.894122109396335], [33.41932580487867, -3.8990987884896526], [33.4264197057056, -3.9004769411476445], [33.42938969206449, -3.9046102455549203], [33.43696136968077, -3.9066107968326946], [33.43654146963428, -3.9099031119566803], [33.443446251117564, -3.91417223559165], [33.44633015439342, -3.9115268509672774], [33.45243654526513, -3.9132764221874936], [33.454047842256784, -3.909453829983704], [33.4588638681829, -3.907354035375647], [33.462267529996666, -3.90324849318813], [33.49554705039424, -3.910473522589257], [33.5044093401267, -3.9072767712287373], [33.51877641582081, -3.9080340023891154], [33.52677551125254, -3.8991561335961364], [33.53602927644005, -3.8953965614092], [33.537135150506174, -3.8981283092055605], [33.539336246757216, -3.8948695719409443], [33.541898811973965, -3.8955054162207716], [33.54308100806128, -3.89847430771016], [33.55087203802185, -3.8982321517887044], [33.54934225830118, -3.8950297871582507], [33.557041563160794, -3.8921957727616814], [33.55702655780277, -3.8897149274449134], [33.56142472246614, -3.887372980440489], [33.561102644549464, -3.885371888203622], [33.56904649270706, -3.8878726865629574], [33.57179117886187, -3.8866431479013954], [33.57415284794541, -3.8883731287056094], [33.578269253114, -3.887686775467216], [33.5788569479426, -3.885425019471029], [33.58486612893597, -3.8831767158580988], [33.58541102011009, -3.8810592446623104], [33.58740029525063, -3.8823371544781367], [33.59203413307074, -3.879987011648666], [33.596973507384575, -3.88155059443676], [33.60094818001471, -3.8791446471618656], [33.60359780867145, -3.8825200543374763], [33.60703106596662, -3.8800666755826114], [33.60909256021074, -3.8842932561217367], [33.61187265532823, -3.882855833603685], [33.612614006666774, -3.8850491275367176], [33.615726970305104, -3.883883828191074], [33.61841681326109, -3.8871413581904335], [33.619666561109796, -3.886005904038143], [33.618768877087746, -3.8820631311889997], [33.6334767821441, -3.8847453938739704], [33.63743879768958, -3.8862329879441972], [33.63950879163565, -3.8898002398941003], [33.64707112721328, -3.8902819211469364], [33.650205783033016, -3.894735721173788], [33.654349315253626, -3.8949718499404753], [33.65759348146554, -3.900208330926887], [33.661841261291215, -3.8995822824198854], [33.66264138031647, -3.9026401892739386], [33.659226638951054, -3.9053711742242854], [33.658831129638315, -3.909822933180351], [33.65571776215273, -3.911042235937316], [33.654436493295464, -3.9162734787232125], [33.65078534789524, -3.921009563425571], [33.64804490985449, -3.921869909051111], [33.653763972356614, -3.9256442291172675], [33.65658863640152, -3.9297362602861767], [33.66117179256969, -3.9298600974461237], [33.66738680671517, -3.9350750660825042], [33.67545384719875, -3.9360873111945693], [33.67971896388741, -3.9398061363060606], [33.715357271973005, -3.9422726676054367], [33.72506475737947, -3.945722100136379], [33.73653263375968, -3.942528469265028], [33.75593882012777, -3.9299491188815523], [33.75869100892555, -3.9324040052696887], [33.761529440307186, -3.93140494118461], [33.76147256139319, -3.9336438809863807], [33.76474227205489, -3.9339340616425034], [33.764594072519, -3.9373932377181973], [33.7661819589776, -3.93667056320686], [33.767047345010326, -3.937992549360729], [33.77204909088806, -3.9360940979298675], [33.77262941390455, -3.938816491371256], [33.77542288283058, -3.9402379205457123], [33.77742452539252, -3.939066965246866], [33.77889669022716, -3.9423645705730337], [33.78298626467654, -3.938389532417318], [33.78673296779783, -3.9408367795022627], [33.784923999973046, -3.94493503763033], [33.78821875754255, -3.947104519151196], [33.79226155056824, -3.9474059682503935], [33.79926549904155, -3.9556782322310937], [33.80268278130529, -3.950355555835813], [33.81133449372129, -3.950443023874982], [33.81045514160502, -3.9536496190731896], [33.81789184401424, -3.949855369890031], [33.81860677066709, -3.9545212384295496], [33.82140087224258, -3.953677999338197], [33.82273929990765, -3.9552827273024036], [33.82865148390141, -3.953864949145725], [33.82947579336047, -3.951027867574453], [33.83136606649282, -3.9537769651242343], [33.830343027143215, -3.9564131559626503], [33.83904304683654, -3.958104389653215], [33.83887479101088, -3.960420471967666], [33.84107206388177, -3.9614486484503004], [33.8457335449977, -3.9574184036495694], [33.84498716208793, -3.9543313926532733], [33.846920938641745, -3.955648621625926], [33.852224735638174, -3.952143951692051], [33.85828549051712, -3.952956642503409], [33.861092767173034, -3.9512231997444474], [33.86160213770245, -3.9530022821438138], [33.866592838776, -3.952885420347343], [33.867151873189414, -3.9552254825348996], [33.873024828060466, -3.956381640237737], [33.878062923385926, -3.9593991167898253], [33.88107529365544, -3.9547064476240052], [33.883813032268506, -3.954047237018017], [33.886663894892706, -3.9583017349347074], [33.89120353402359, -3.9573158940207804], [33.89373478436056, -3.958427059056987], [33.89488671010736, -3.9609577870641033], [33.8937132633701, -3.9622469831338094], [33.896891684460854, -3.9612096784074424], [33.897718689951944, -3.964057743693843], [33.90379516830376, -3.964128515025493], [33.90550460173995, -3.959504346304584], [33.90690976001804, -3.9624844867537945], [33.9084267314783, -3.9609478670334965], [33.91081181406878, -3.9615924567077627], [33.91011765418665, -3.964401423969207], [33.91276105742429, -3.9621685943787384], [33.91370049207188, -3.9639742106560334], [33.91575785347243, -3.9617624044377635], [33.91547528047437, -3.9642723270071087], [33.917518988478605, -3.964721375673662], [33.92023584424987, -3.961329351248935], [33.9240572237145, -3.9650617487808404], [33.925612587241346, -3.960996989137641], [33.927025419059476, -3.960720541613057], [33.92698259386452, -3.9633864159336554], [33.93031667385526, -3.9629052444130366], [33.930070808025334, -3.9648573191638548], [33.932700246827324, -3.967679153289339], [33.93651229312212, -3.968357204987683], [33.934455812638475, -3.9704381243927855], [33.93705028598487, -3.970879633384243], [33.935030103414306, -3.9730069293750034], [33.93765764281579, -3.9744367183373583], [33.93716449099827, -3.9767644860971245], [33.938764207693225, -3.978488776088284], [33.94121112990331, -3.976385107444571], [33.942061795558914, -3.979037777527253], [33.94412211542317, -3.9770455124815385], [33.94390238038142, -3.9787624990702284], [33.94732156166992, -3.979127261290671], [33.946016136046524, -3.9807252527930927], [33.94849877884701, -3.9848519349847606], [33.94908462440327, -3.9943475439707186], [33.95160608396918, -3.9993881293128197], [33.96820731514259, -4.009083205773436], [33.987169187688835, -4.023116000606137], [34.002451826727736, -4.025235842981999], [34.005876429624664, -4.0277071170779095], [34.015555715153994, -4.027883840563447], [34.02422157275424, -4.032341834068575], [34.02609231261664, -4.0349081910693485], [34.04147262375386, -4.040700630713729], [34.05405110419542, -4.038568391305773], [34.065974552502325, -4.033117313918694], [34.073338413580416, -4.03351610126083], [34.085310652426585, -4.026394016716154], [34.091692906256526, -4.026734460195428], [34.098684828557396, -4.033570789419571], [34.103697026417706, -4.035961369063159], [34.10866122730931, -4.041755165781353], [34.11388133929165, -4.043140493635974], [34.12138318172208, -4.053855458175974], [34.12471746425609, -4.0556683800524524], [34.13319707729431, -4.054714247655966], [34.13949812818851, -4.0605935272838], [34.15228255882937, -4.066697317902367], [34.16684952530744, -4.077043041310787], [34.17592553478988, -4.07990670603192], [34.18305908574496, -4.07658282825588], [34.19362103719192, -4.075028670052404], [34.20199199716319, -4.075618925179924], [34.206579675141825, -4.080462870372173], [34.217904789155, -4.07851418798748], [34.225164859326526, -4.078988461891868], [34.235894504188025, -4.082751560395991], [34.27745211560216, -4.0864767073538815], [34.29978475931978, -4.08621646068633], [34.319907107678375, -4.083333795113731], [34.33056315145376, -4.076188101333003], [34.352166826285895, -4.056286286117313], [34.36023784330774, -4.053488215404059], [34.367135747168106, -4.048740889555347], [34.39062682361606, -4.041769270391342], [34.39185885735651, -4.035325069900807], [34.38987135956211, -4.017954041186044], [34.38650136138824, -4.008201319956129], [34.386504309814086, -3.9982384284051022], [34.39352162336746, -3.9943034655069027], [34.39688323186675, -3.987292116222136], [34.40237454952495, -3.982673897688585], [34.406115821517574, -3.9763624027627884], [34.424715568681734, -3.967854127692931], [34.42563387872451, -3.964549823495304], [34.428737565608174, -3.96240105256976], [34.43455633964072, -3.9529840600743], [34.443040050196146, -3.9512641113560107], [34.44405818833701, -3.9478353733615563], [34.44728568769193, -3.9485145435270965], [34.45038646290203, -3.9457308399803424], [34.455220811853735, -3.948729398142177], [34.458160157731186, -3.9439291233189238], [34.46590973909878, -3.941945584318887], [34.46889773887278, -3.9426886465998336], [34.47432050635865, -3.935706823321368], [34.47850878394064, -3.9363429099099108], [34.48292743626968, -3.933002118030231], [34.48780657467552, -3.934225863673987], [34.49210059301021, -3.9333208132798063], [34.496119531829436, -3.935208160817126], [34.501133150172336, -3.9320568778401253], [34.50778464171157, -3.932079478598098], [34.51325279683351, -3.9361779620928132], [34.520392630693834, -3.931360447178804], [34.51901758528493, -3.926192113870229], [34.52101032479874, -3.922237042597601], [34.527517564508514, -3.9205980433635546], [34.53487659544851, -3.920911654661211], [34.53948839365296, -3.917042925761052], [34.5412463528948, -3.9192792399667837], [34.54550405831077, -3.9188808608822683], [34.54997474937062, -3.914170283147655], [34.553319676894034, -3.913343943227005], [34.55800016472722, -3.9151930205188705], [34.56028953023758, -3.9132901050243163], [34.57169876674567, -3.912753521858008], [34.5734687240398, -3.9161558797147222], [34.57603075561974, -3.915892520735042], [34.580718784911085, -3.9225242679116263], [34.586111644532366, -3.9260288237093732], [34.599114974577105, -3.923765384079502], [34.60244101636147, -3.9252262609937816], [34.605541731828794, -3.9187980010708543], [34.616185754799744, -3.911729971430532], [34.62059911447568, -3.912843880884452], [34.62048456584125, -3.911313834802854], [34.62303053198849, -3.913214895706062], [34.627222612086655, -3.908020398213921], [34.627747165055894, -3.904318627767566], [34.63055719631444, -3.9044504484485856], [34.633419622980455, -3.9020210376077102], [34.63190122503261, -3.8973112315717913], [34.63262202736598, -3.8944635451551903], [34.6400915842338, -3.885422405124473], [34.63936098979872, -3.882087550889878], [34.644025704327646, -3.871046375934327], [34.643121449562386, -3.865798316266421], [34.64552699809343, -3.865321087323707], [34.64772133003214, -3.860168433652234], [34.65438433664775, -3.8609821451474886], [34.65972803674509, -3.8638314836871928], [34.66456959514727, -3.8698360832461276], [34.67495006613973, -3.8723168270801693], [34.679173094173166, -3.871123069583689], [34.678786998054534, -3.8683124534748003], [34.69738067691691, -3.8565137062460053], [34.6969992138865, -3.8505495491485817], [34.69891667551809, -3.8495526675725387], [34.70321628555621, -3.851974568459923], [34.70898924385392, -3.845574934384217], [34.71399742923467, -3.847375808369236], [34.717229952759226, -3.8411280728869315], [34.7099873554896, -3.8388495019869993], [34.70946178570102, -3.8349884955493394], [34.71161484980382, -3.833307201027651], [34.710369282159604, -3.8260023933937077], [34.712310195875204, -3.820244297344402], [34.718960814934974, -3.816931237430765], [34.72318475244475, -3.8173717742424174], [34.72523285592075, -3.8143935819676926], [34.72631817982972, -3.815283030836383], [34.73055210034079, -3.812039735364067], [34.735398449858735, -3.8110453865202203], [34.7445498091048, -3.803292299298562], [34.75017253020877, -3.8078163265732314], [34.75994538739627, -3.8092842942209018], [34.77582463744858, -3.799301812303156], [34.788329283885275, -3.7965873301931765], [34.79290691291436, -3.794262571774425], [34.79529348699799, -3.7910288882444547], [34.79677333513587, -3.792385986677914], [34.80791624980043, -3.7850498945751383], [34.88663442048983, -3.7427675555357496], [34.890770961689554, -3.737030674310688], [35.03600801966013, -3.6524813751085503], [35.133032559747676, -3.5815220254933706], [35.20025167576733, -3.5227027423804316], [35.28571444533452, -3.420122894732174], [35.31894284663008, -3.376212090146339], [35.36195869533145, -3.319104651718419], [35.38265467252427, -3.2814115760409663], [35.406393150737586, -3.259193724433999], [35.42844623018482, -3.273172952377138], [35.44411263192302, -3.280085717616828], [35.464958015015895, -3.2840195842167645], [35.47706128321067, -3.2950905709042786], [35.49187729986937, -3.3048942850087997], [35.5081105591388, -3.311694848164052], [35.5387309858379, -3.3154078510153795], [35.55389503438579, -3.309563248604263], [35.58540140306724, -3.3063799398354945], [35.59557052818735, -3.318598437568369], [35.60118555448264, -3.3316510214551727], [35.60371387742691, -3.343875073301149], [35.61655921464603, -3.355414288766781], [35.640588735303766, -3.3543611229158046], [35.66318136593708, -3.3616939313957914], [35.68223244481334, -3.3626701499458704], [35.70019435040092, -3.354890959015961], [35.706412554998565, -3.3432325688036144], [35.716899296231475, -3.3312843249951243], [35.73844781334401, -3.3215590073694443], [35.77817252633241, -3.346803285604267], [35.807426325156655, -3.371822449525837], [35.817897730698405, -3.374477416408638], [35.85746289480625, -3.3694131844447384], [35.87933491112415, -3.3682122440651483], [35.89284687080095, -3.361175275784774], [35.92315018415917, -3.3617897534104486], [35.966453745049876, -3.372330202760338], [36.00019326111601, -3.376411490178839], [36.0825538988621, -3.3933097873556903], [36.69198608398449, -3.589080572128296], [36.70325925594767, -3.579126241503616], [36.71347168354214, -3.5647520754884], [36.71609054476403, -3.5534871118363753], [36.73057959667324, -3.560164000292616], [36.746147980353044, -3.5744155731309206], [36.7693647481147, -3.6007474590575725], [36.78443430926063, -3.620098110474089], [36.800359698561635, -3.6449042777607588], [36.80150570572954, -3.6546055830698947], [36.80310901015264, -3.6554946664330714], [36.83670621917156, -3.6490293409125343], [36.85569046415225, -3.6055411844391756], [36.86190136790532, -3.5859462982907644], [36.88549987296739, -3.5843922504912484], [36.89342434993961, -3.5978961698817784], [36.92033439430202, -3.5707748099159176], [36.92555967590732, -3.573272175109139], [36.96592788314615, -3.572864771120919], [36.96877715787127, -3.5615927890328294], [36.97915450875263, -3.5490920598788875], [36.98337951256593, -3.540574994415124], [36.985325058007106, -3.5384710801754977], [36.98864624526635, -3.537968160384537], [36.994447558470426, -3.5313832666903977], [37.004454645617784, -3.5241544866718186], [37.01136523325698, -3.5122316088094863], [37.015421082224066, -3.510276953244613], [37.020996410131886, -3.502672492612305], [37.029264508078086, -3.498983193049753], [37.043137425165014, -3.4973931976597328], [37.045927605233146, -3.4993360295086404], [37.055455066724335, -3.4930889195232453], [37.06104934034204, -3.492930583305167], [37.07225270798699, -3.4882276068223064], [37.08025203428491, -3.487641020020533], [37.089324448570835, -3.490040556769202], [37.09874015227183, -3.485339195199117], [37.10191975994729, -3.479061448228663], [37.10614282251913, -3.4789823289568176], [37.110482878559026, -3.4767012861985904], [37.11261670537681, -3.482021852749199], [37.12707596790477, -3.481693169769642], [37.139099643817985, -3.4873768505713656], [37.145622856452576, -3.478977922593458], [37.15017659856875, -3.4690661004178196], [37.16029424222353, -3.4632237953817935], [37.164394281419504, -3.4549976803702407], [37.16919413466769, -3.4531049401750806], [37.175496680577055, -3.4540452189545476], [37.177176877456645, -3.457296226198025], [37.183520571991096, -3.4604964242358847], [37.19416860863731, -3.4509538062275738], [37.202777070223874, -3.4549490686753757], [37.21329963292294, -3.4547479968221637], [37.21621346104092, -3.458734525434352], [37.21696453234972, -3.463793218308467], [37.21565050885897, -3.4673859177056556], [37.22087460460557, -3.4682550492059363], [37.2230982999813, -3.4718907645507215], [37.22379330337179, -3.4830322420055495], [37.22848236967752, -3.4818735377642156], [37.22927350305963, -3.489040955459302], [37.23929562257081, -3.489653028228929], [37.2454626580664, -3.4950901855337406], [37.24973220965421, -3.4936460371155817], [37.25621207881386, -3.497185087096284], [37.26176472788882, -3.4978515780391604], [37.269216687380435, -3.4941666795347146], [37.27627885091101, -3.4929675205054878], [37.28660183890452, -3.4986122079705524], [37.29436065196069, -3.497567086850779], [37.300723881664055, -3.5020570171498093], [37.30699698630457, -3.5148380773109693], [37.30307304953425, -3.517217438839566], [37.29782069516625, -3.5315699406514796], [37.299856692644084, -3.533508748788904], [37.2980349251273, -3.5345288544637583], [37.30014794363274, -3.536774104618985], [37.29867741558763, -3.538231913034565], [37.30118267360308, -3.538525539100533], [37.30240229417757, -3.5410469882006055], [37.30262366518514, -3.548641344696364], [37.30423556376934, -3.5494045088460098], [37.305102893413505, -3.5466233426276403], [37.305728874303554, -3.5501576437745825], [37.30790317885902, -3.5502437097677557], [37.305955844196774, -3.551970531694451], [37.30979654746915, -3.55329552803812], [37.30817029237147, -3.561070535713668], [37.30646954147687, -3.5627182144128255], [37.30791755544158, -3.5648283528787488], [37.311929667230515, -3.566168915481626], [37.311019415286296, -3.5692199308079466], [37.31305500817541, -3.5707479371064323], [37.3125833012665, -3.5752171174932528], [37.31478326534301, -3.576704206661418], [37.314766690383976, -3.578484242576451], [37.31806057615648, -3.579675197973245], [37.322495777666916, -3.5851100409856826], [37.32177536116018, -3.586964753965219], [37.32606579432803, -3.5877137590013604], [37.328994771565476, -3.5911522480076883], [37.32909015805831, -3.593513575250938], [37.33091314476286, -3.5937021619423604], [37.33123698796771, -3.601970607855719], [37.335836672464495, -3.6080037389246513], [37.3368289741087, -3.6172869796064333], [37.34226107704046, -3.6307280671834405], [37.35418699248157, -3.642355170273902], [37.362865041352904, -3.644946528181265], [37.36920487079317, -3.649140201694422], [37.369969152391036, -3.6531637979823017], [37.37461335130092, -3.6580677980550718], [37.382395467710126, -3.6607617650095676], [37.38637039857622, -3.6645917582131347], [37.39113976762525, -3.6662431960027675], [37.39653564142509, -3.672019736277605], [37.400400594162875, -3.6722699923185473], [37.40875526057471, -3.66913038519192], [37.41193210217159, -3.7026763915429797], [37.41941060459624, -3.7166333262006788], [37.420283589907115, -3.723719533697704], [37.42948585119393, -3.743734692387534], [37.42839179221863, -3.750545512785493], [37.44577455973433, -3.781905156763287], [37.46297502277133, -3.8033622318834546], [37.46802729170503, -3.819692272929956], [37.46869082542884, -3.827484718645394], [37.46602078273821, -3.8319924194447026], [37.461845956417505, -3.8318756423986997], [37.45878382540809, -3.841340533740947], [37.460207826563305, -3.8496327331303064], [37.45768268690455, -3.8549764010392664], [37.46012900152118, -3.8584423672651837], [37.457422200412964, -3.860171145582683], [37.45713513177958, -3.863420779589376], [37.454303625494845, -3.8614561233044924], [37.45185177732998, -3.8620893435383437], [37.45043188152977, -3.866697843229531], [37.45716126955557, -3.870655366139829], [37.452420459501184, -3.870514143241735], [37.45549086654023, -3.8758117738560145], [37.451833200876365, -3.8776628127926074], [37.45190054521731, -3.882571377506963], [37.45026323525235, -3.8855558964252737], [37.45382388447655, -3.8885490777224163], [37.45771767933519, -3.885843199944304], [37.46383802970087, -3.8898125373566472], [37.46415168700901, -3.897805147158124], [37.460112768390104, -3.9003373259489535], [37.461856605253445, -3.9018742793302295], [37.46187874696858, -3.9068938800318165], [37.46603919009118, -3.9082415724103043], [37.46819704392209, -3.9157737386784106], [37.46608941972977, -3.9194231253796943], [37.46734947705261, -3.921988109997642], [37.46547364901289, -3.926859878099094], [37.458759993963895, -3.9312353794441606], [37.46342209200452, -3.934683014045447], [37.466897784447895, -3.945685331816776], [37.46199860784162, -3.9494517537513048], [37.46389301657143, -3.953722608771784], [37.46037913593216, -3.9581652863015506], [37.46178332529428, -3.965291157482568], [37.4639650532842, -3.965985256507224], [37.46540315800769, -3.9696327186325675], [37.46437729779399, -3.97401800692478], [37.46656922256227, -3.9761715325490172], [37.46325044928352, -3.9798914500220803], [37.46798077270978, -3.9875386655321563], [37.46936950248187, -3.9936211950255824], [37.47202414369042, -3.9934140946068055], [37.47033599257463, -3.997625183567436], [37.472404255821345, -4.001099118003822], [37.47137602796789, -4.004479257468347], [37.473037485013094, -4.006138093310881], [37.4708283870433, -4.011594006795804], [37.47478459411013, -4.013730399225608], [37.480292159871794, -4.0202556445916], [37.48396195393099, -4.018364616991391], [37.48645668891885, -4.02150901884994], [37.48912836551864, -4.021212409548468], [37.4885990799429, -4.026298973340772], [37.49127013890359, -4.025718045142696], [37.49325216593871, -4.031546834113101], [37.492332323751725, -4.035275808827976], [37.49516955236487, -4.0419122101235985], [37.49105198338043, -4.046264063454714], [37.491068889431574, -4.052324734299987], [37.49530227297839, -4.058599555991577], [37.498063226136196, -4.059610933650788], [37.497949332998076, -4.063140472175007], [37.5028340880375, -4.063827219613017], [37.50281485828884, -4.0726897403694124], [37.508652875705366, -4.081633339616985], [37.51180881935096, -4.08272535392274], [37.511061711740695, -4.084531458749041], [37.50790953339532, -4.083979087778118], [37.50625022013469, -4.085961526470101], [37.50881320646255, -4.091260157725458], [37.50775528454966, -4.099434308620175], [37.51363246134218, -4.106093748732519], [37.51263808214361, -4.121792167739386], [37.51558752251128, -4.134154484878309], [37.513180678969036, -4.137560020524859], [37.51343984433288, -4.141361326396918], [37.50823226694848, -4.145265322449291], [37.50903864157368, -4.1484363842799326], [37.50750838070701, -4.150437146962759], [37.50960318459846, -4.152785502697327], [37.50624762311588, -4.155686575039965], [37.50725450216521, -4.159167477817789], [37.50262838270669, -4.162941982693553], [37.496459118748646, -4.172651638172738], [37.49665287585202, -4.175566899351338], [37.50238513656893, -4.176910704511386], [37.50313348496587, -4.1831169410441476], [37.50088041939944, -4.185133696373214], [37.500039533928486, -4.1907409055106655], [37.49657484325013, -4.195645813393355], [37.49886320242143, -4.202264187252013], [37.49913318528115, -4.212673890579595], [37.49529491840701, -4.217024898555735], [37.49479519745336, -4.224790088471252], [37.499329971718794, -4.236087127747396], [37.50365353306364, -4.241266202449992], [37.50205676477162, -4.257429599980185], [37.50489424684474, -4.267325659059054], [37.51118293433677, -4.272522413947513], [37.50980607284794, -4.2759202815643675], [37.511941925053065, -4.275387480904783], [37.513638571095385, -4.28042550192265], [37.51199079258015, -4.283686787451245], [37.508824873546416, -4.2850988065446245], [37.51047743597286, -4.288388988792519], [37.50706885081098, -4.292488243348146], [37.50833778343929, -4.299953595401917], [37.50407136521153, -4.301780921950922], [37.503993533446874, -4.304535770729615], [37.500673187398775, -4.307708637184874], [37.4945217322562, -4.308774837410681], [37.49480049356464, -4.314379273948191], [37.49712845256158, -4.318212114850553], [37.49657622850293, -4.321450736583927], [37.49975846253528, -4.324285569676817], [37.50170489940086, -4.330030269674637], [37.504693431835335, -4.331832203176248], [37.505556373340596, -4.33823773603558], [37.50762380872317, -4.33999089149853], [37.50206350008597, -4.344567667992237], [37.49862572610209, -4.351217083211566], [37.49600693395149, -4.349978823692709], [37.49360183551232, -4.35111385711366], [37.49174720901249, -4.355651768447103], [37.49377999508425, -4.368415676864004], [37.49638144026477, -4.369311099724371], [37.49685963962452, -4.37260288089584], [37.49605182530115, -4.374539164288137], [37.49389526181233, -4.374665266061868], [37.49263944964906, -4.380777310628957], [37.5014884738826, -4.398580699579668], [37.49924461646327, -4.400861480259891], [37.501914835157265, -4.403918659068665], [37.50760922571334, -4.405838173300765], [37.50613787485281, -4.409973963177038], [37.510030329210736, -4.41331219060919], [37.50928409588869, -4.41570601593304], [37.513845578817495, -4.422172578244783], [37.51374035202559, -4.425610362029033], [37.521812419971184, -4.431324819691099], [37.52284751501128, -4.435252699955527], [37.526032445940245, -4.43734330189676], [37.52484993894569, -4.44227134168716], [37.52962619326735, -4.442856491007717], [37.531805201820816, -4.447311006043037], [37.53638860473387, -4.449453709537579], [37.53552691962784, -4.4522103489782126], [37.53887969153294, -4.4531369410935895], [37.53915744391827, -4.455260990118518], [37.54118192612913, -4.456243317845065], [37.543566494365166, -4.454902792541418], [37.54859586772187, -4.461412634311671], [37.54851207451537, -4.464938814565244], [37.55323874250854, -4.466199222440821], [37.55384132203989, -4.469587606035873], [37.57097819962354, -4.470611839754952], [37.57100323905786, -4.476775292034063], [37.5812367969404, -4.481162567385525], [37.58472218264683, -4.4811111992826795], [37.58274248211177, -4.485263930687381], [37.58685693302846, -4.489862348972849], [37.59133926819817, -4.491429444700316], [37.5928650783228, -4.49607973147306], [37.60292452627283, -4.496457298700477], [37.60323698554356, -4.500315763217088], [37.60585906768961, -4.504115491866344], [37.616604252562354, -4.504350381408017], [37.618773532575744, -4.513418047785763], [37.622476366266255, -4.513798298307506], [37.62351566823497, -4.518479000471245], [37.62734466377822, -4.516906231695316], [37.630456551052134, -4.522896377982761], [37.63803973700061, -4.518547858837451], [37.6398257676712, -4.520063823776809], [37.64157647126609, -4.519472798600816], [37.64442880303346, -4.517004072927762], [37.65632455541697, -4.517488216858055], [37.66227323054778, -4.521432515264337], [37.66255766611977, -4.524395957702097], [37.66648760783261, -4.523358174630346], [37.67117910876169, -4.5264181654276285], [37.67380918068352, -4.525583569371463], [37.67387704463283, -4.529434482281431], [37.67765404394828, -4.529550650684143], [37.68045837795296, -4.533237739485628], [37.68582683832517, -4.534095882945735], [37.689958073828564, -4.546867788639304], [37.688352701519705, -4.550720647283356], [37.68906117286599, -4.552828806327113], [37.69169996631018, -4.5529541078304305], [37.69573823356552, -4.557180044024392], [37.7006227889284, -4.555931960356418], [37.7060251458289, -4.5579437413733785], [37.706444024546215, -4.562178868714909], [37.70978094921452, -4.562595674079091], [37.71473428353784, -4.56639922014574], [37.7140195731364, -4.562736827347294], [37.71760704450173, -4.564769989179069], [37.719750349863716, -4.569211603030283], [37.71893533353, -4.570542223081134], [37.721264219459954, -4.572588319347062], [37.72050408615968, -4.577380019384805], [37.72319176870195, -4.578366590872577], [37.73160280973184, -4.577142052731915], [37.735028112985674, -4.5839623618094265], [37.742904287886574, -4.58243889068018], [37.74720591536749, -4.593428803454117], [37.75129948556298, -4.597349400779933], [37.757323810813375, -4.608738783426531], [37.758134009235164, -4.602228905904951], [37.762961663498515, -4.5978504655298025], [37.76913126034441, -4.601929252532898], [37.77046679230921, -4.604844205972142], [37.77350665116364, -4.604362271288949], [37.77661108561358, -4.609036630476396], [37.77772950861686, -4.606861511677266], [37.78064574265744, -4.60615773953441], [37.783315326671016, -4.607170802316148], [37.78366815090095, -4.609289779389883], [37.788017060394964, -4.605158608005695], [37.79159679689775, -4.607466422367963], [37.80355199563542, -4.598252772943852], [37.80793028001898, -4.599119959159225], [37.810987124318785, -4.597403946058364], [37.81713462941309, -4.589941306262006], [37.81668793509283, -4.587118018478009], [37.82383228882702, -4.583322592739876], [37.82685831166111, -4.579908469755821], [37.831640700290734, -4.579851288811938], [37.834079386387884, -4.577300008230111], [37.83803822966473, -4.578425886704906], [37.844324271734706, -4.572348201875286], [37.84669388634808, -4.573921557610504], [37.847515775284876, -4.577305069527711], [37.850827268397154, -4.578262257264328], [37.85335942930885, -4.581985289201668], [37.85911362980556, -4.580441900661924], [37.86292337075366, -4.57755694349305], [37.868374708840236, -4.58414536055119], [37.87218557071304, -4.582762082174554], [37.87446180322502, -4.588146056256392], [37.87782606158885, -4.585571225387355], [37.87915152275366, -4.58228605045872], [37.885218104628564, -4.581674338717107], [37.88783796665865, -4.578410833705277], [37.89403366740328, -4.584064820641686], [37.89880245851208, -4.584806447149106], [37.90349356643412, -4.58207189572272], [37.91223966994846, -4.584831930186738], [37.91488198028003, -4.579365863440557], [37.91960755188501, -4.578704956652871], [37.92300895241584, -4.581149366509351], [37.92682543440566, -4.577471103437631], [37.93359170204286, -4.576325173622934], [37.93287050982099, -4.57877361367656], [37.9345277480823, -4.582149704684127], [37.940811630787834, -4.586761979050209], [37.93550042898471, -4.589351407673462], [37.93624015258513, -4.595775204220786], [37.934365212029775, -4.597062018728536], [37.93506002429507, -4.599447913263191], [37.93835169508293, -4.599565452020499], [37.94055616845992, -4.601682893409816], [37.95568151398339, -4.597205130819873], [37.958279673671655, -4.601590314338921], [37.962198654819076, -4.598188431552444], [37.96757244454693, -4.598139249599171], [37.975652099176216, -4.601247332784396], [37.982673270919236, -4.606130695114473], [37.99003535595807, -4.60650563168673], [37.99431702308664, -4.612606596867181], [37.99794191743172, -4.6139532690013425], [38.0724357226066, -4.613674638953228], [38.0952287905842, -4.6065835026286095], [38.11522870114385, -4.593540028977145], [38.15717019490563, -4.546396196535625], [38.157293928290244, -4.527181290398403], [38.19332236753502, -4.482379225299667], [38.20453105512644, -4.452409915505598], [38.23960087298042, -4.415116896889003], [38.24658354333735, -4.418269789860517], [38.24832973135432, -4.433829699622493], [38.2629256146721, -4.438377002990308], [38.306868581017454, -4.422914731900676], [38.32600911458496, -4.409451009437873], [38.34040344856504, -4.393898639171596], [38.38381485119021, -4.371681313021838], [38.39589458511233, -4.370858136216725], [38.42360781708294, -4.385149051062513], [38.4291633441963, -4.406256385774043], [38.44439404085074, -4.43526158314063], [38.451287899235695, -4.45566177899218], [38.46366025147461, -4.481547839667883], [38.47592164875857, -4.492395183869235], [38.49117080689905, -4.500345507050724], [38.509132743347664, -4.494283298661287], [38.51916209750425, -4.497497369081941], [38.52703400178183, -4.5024017575391895], [38.53803657633159, -4.504034040269119], [38.54671853797686, -4.507382366877096], [38.551003181427575, -4.527407292486828], [38.560264899736296, -4.531199081384443], [38.566392911365995, -4.529342686158202], [38.58269154999988, -4.541115180741258], [38.596064988007925, -4.539257716758641], [38.60488047218524, -4.540708903013012], [38.610478212763155, -4.545378012644278], [38.62467251129044, -4.552042090609746], [38.63481970946924, -4.5481343090110045], [38.6286533194031, -4.542190619612654], [38.63364337018743, -4.538963892337847], [38.64250961042114, -4.541262033612213], [38.644960507430426, -4.5385131576729805], [38.652394347573875, -4.53837629204196], [38.652908311039255, -4.534407492340108], [38.65872897252984, -4.531170509290064], [38.667366414350795, -4.5329312785306115], [38.667765734150976, -4.529534733565754], [38.663890836257565, -4.525180678934703], [38.67191375088481, -4.51458711802087], [38.67150618871767, -4.506160803366129], [38.67822619553448, -4.501837228550812], [38.68750344744495, -4.503936754800122], [38.688337520277116, -4.508884427003352], [38.698719868158435, -4.506122647645611], [38.71557275928194, -4.514823058119646], [38.722930949906754, -4.51592716864991], [38.72465550347073, -4.512111446960546], [38.727933091771035, -4.511254837631043], [38.72933591553078, -4.508857475299465], [38.73841838955184, -4.505957428012607], [38.73961150005766, -4.498795079526474], [38.7471419798743, -4.494395871058316], [38.755458085501004, -4.497070650644389], [38.757590086210996, -4.501263744240305], [38.75705601619882, -4.5058978541643455], [38.758908359097404, -4.5124911503268095], [38.76554960924335, -4.515661974561283], [38.776059900808036, -4.517674690675392], [38.785784958341026, -4.5178287789514116], [38.797101313568646, -4.51481643700771], [38.80525245647311, -4.50838728990351], [38.812097525621425, -4.508593487527264], [38.815795402360436, -4.515701414306875], [38.83558501415433, -4.514069432942961], [38.85243566180651, -4.510427400790036], [38.85891738314609, -4.513482865709591], [38.867817910764984, -4.5150783146423805], [38.870652378386694, -4.513637841654656], [38.8726990240574, -4.509092894800858], [38.87701101694529, -4.507022632629116], [38.88079113052498, -4.508081028567915], [38.883243281073874, -4.503843949524821], [38.88763612551713, -4.501962908427288], [38.88935139902418, -4.502718638969327], [38.888805348721235, -4.5051596063023], [38.89778321831511, -4.507798207351357], [38.89716527627712, -4.511932986751276], [38.90267229475978, -4.5127797022872755], [38.90630791855472, -4.516163267503373], [38.896688718995165, -4.518198931414133], [38.901255604993764, -4.527267027549556], [38.91505890860941, -4.529026668276629], [38.91934519751101, -4.531793063331975], [38.925134992909705, -4.538993606277529], [38.94179748637538, -4.544909880274815], [38.94069800756057, -4.54763411793374], [38.95044700213646, -4.546543323485366], [38.955460847881966, -4.5417767126822355], [38.95854596670688, -4.547598027575816], [38.961573396164056, -4.546504742093759], [38.962662672840565, -4.548511043306917], [38.958454561293195, -4.552146678609972], [38.96243588133569, -4.564629019321671], [38.96644774937084, -4.563863534937354], [38.96778601300355, -4.567490237559298], [38.97240524691483, -4.5636731084677535], [38.98304370970959, -4.564611739328882], [38.98744076858378, -4.573477556894034], [38.992693032023226, -4.57481856458196], [38.99351012586578, -4.571931963630959], [38.99768756048388, -4.570500660178482], [39.000149781649895, -4.566383510738262], [39.00279547168725, -4.566949978703178], [39.00294499376412, -4.570428760742232], [39.00538299588624, -4.572359551162037], [39.00482029206387, -4.575264394904309], [39.01044435244643, -4.574229498275997], [39.010853732217015, -4.570546475030483], [39.01315453593952, -4.5680393594593625], [39.01059685133902, -4.5648970746419195], [39.01204861858304, -4.5636944288766585], [39.014615511393174, -4.5651150612033575], [39.015352897811795, -4.560866077077208], [39.01409103254207, -4.557308072074136], [39.01724188418001, -4.555349999303473], [39.03000513000734, -4.566675846460043], [39.0472832429337, -4.573163324550762], [39.04532656609109, -4.5672852481544055], [39.046416520368666, -4.565799037258614], [39.05399150482009, -4.56457521741396], [39.06422027601923, -4.557383612593583], [39.08170632631777, -4.5533323136273225], [39.09243669580462, -4.554078284013144], [39.09686121849364, -4.5528474713023], [39.099086879981826, -4.55807996655642], [39.10771774289009, -4.56363426108021], [39.11046353769035, -4.571231874039881], [39.114274344324826, -4.570395121658521], [39.11705558682871, -4.567496522244085], [39.116940928003714, -4.561669651982243], [39.12020622716523, -4.5598053625774355], [39.120855660977725, -4.557586343654236], [39.12533748500397, -4.558756715218806], [39.12885620184238, -4.554343035703312], [39.14038985512815, -4.557995757957599], [39.14198258617745, -4.560029508152695], [39.145447567339886, -4.557678860225337], [39.14931151229871, -4.5600708029183465], [39.15104435644423, -4.559116704187829], [39.151706542692466, -4.561807030928492], [39.1497962663189, -4.568300524847871], [39.151636618422, -4.57290123935536], [39.15721550208531, -4.578671172047336], [39.16590547109013, -4.580834891204972], [39.16909732108883, -4.586579656847448], [39.16928868680412, -4.59259975857168], [39.172137464679906, -4.595093227144105], [39.17325861123987, -4.600745087901373], [39.17674287042291, -4.606391569772768], [39.17645637424624, -4.611319675643642], [39.18093885544704, -4.62436091274833], [39.177212523140156, -4.629756676313093], [39.17804576478403, -4.63617475574614], [39.17541529424682, -4.640703600396932], [39.175016589708434, -4.645756351742875], [39.18247562306118, -4.654208822242197], [39.18925850001784, -4.657527550788586], [39.193020770943576, -4.661816702120461], [39.19502412305053, -4.665349441840078], [39.19502751434578, -4.672786981380398], [39.20124816894554, -4.680416107177564], [39.1977857280537, -4.685367553331957], [39.18717174046566, -4.687258532440296], [39.19722292317988, -4.686756768326575], [39.20318785099664, -4.680985622424885], [39.21222760608299, -4.681571163541605], [39.214312544227255, -4.684186865393258], [39.2134340973447, -4.687261041628631], [39.210212502536706, -4.688830153591482], [39.2093898951714, -4.693571075259342], [39.2098477721845, -4.7123127781957805], [39.21310031340465, -4.712456410717721], [39.21484835724323, -4.717920528694378], [39.21264731967483, -4.723127173825446], [39.214615782993974, -4.7338171837516825], [39.21594683316681, -4.734547049155253], [39.21458657683502, -4.7447884476997615], [39.21531720502179, -4.745612146072915], [39.216099064899595, -4.743520065461325], [39.216726474689494, -4.746113346473294], [39.21378892645532, -4.754891400031568], [39.216242060525985, -4.7581271205858116], [39.2098325153741, -4.773014621786331], [39.20423456636041, -4.771837156864876], [39.20294399462563, -4.772609669379449], [39.20397347819903, -4.77536510643796], [39.20137648272612, -4.775086363356024], [39.19662347818934, -4.771713103995012], [39.19355083995305, -4.7661729230082415], [39.19455512712506, -4.761458403462996], [39.19022141597367, -4.758946320755285], [39.184600306692914, -4.742909980100421], [39.18435483315079, -4.738331462889107], [39.18896688901867, -4.7304417341305225], [39.184678305382874, -4.733568424257157], [39.18264735165877, -4.739947703614803], [39.183223391496824, -4.7488180494005405], [39.18643713229102, -4.755786659253602], [39.18591546875234, -4.760271224597375], [39.18328806067507, -4.760511822759042], [39.18233166805294, -4.7652318553180635], [39.178656305597315, -4.768936376049226], [39.17407880285407, -4.769170919305964], [39.17591895307771, -4.777857968552837], [39.17411333683276, -4.778745956134344], [39.168947768344765, -4.777083402950154], [39.166051109332386, -4.778273095033057], [39.16478252063979, -4.783118681756662], [39.161284699003716, -4.786351155080865], [39.16452329003232, -4.785079008913158], [39.169585608980924, -4.778768234003053], [39.17558643945182, -4.782398484876126], [39.1802289531405, -4.7900409310119585], [39.18285950325355, -4.790552601834122], [39.18313161646745, -4.795394000053761], [39.18420537780008, -4.793826002169453], [39.18694602263298, -4.795932626915544], [39.188230050878985, -4.793574403556931], [39.194446357779896, -4.7902089751426615], [39.1972812830918, -4.798729275402934], [39.19870141634209, -4.79806846695044], [39.19851734346622, -4.79573402196138], [39.20034127309361, -4.796697641512992], [39.20222147798512, -4.79296482316596], [39.20578671486595, -4.792123383916305], [39.20604528803079, -4.794229862906661], [39.20950311891943, -4.794502015834382], [39.21067182621641, -4.79283901711932], [39.20867301126981, -4.7909962199170195], [39.21641088411343, -4.79433997389782], [39.22096288496152, -4.8080083802556715], [39.21899654908054, -4.819930928787755], [39.21671078168811, -4.825045465760809], [39.21184479803708, -4.824688008853286], [39.20920695074358, -4.830597275527737], [39.205994515658176, -4.833233003228372], [39.20945702162885, -4.833795410209973], [39.21256407502153, -4.836503876550523], [39.215619404142444, -4.836037595120956], [39.21735655756959, -4.839942237452021], [39.21677653277999, -4.852153659065834], [39.213566185477305, -4.858804959234533], [39.2139455995009, -4.861706494872749], [39.20979393676873, -4.873876988449354], [39.20412753420982, -4.8788492339809295], [39.20147338227122, -4.883419659889398], [39.19686241691966, -4.885753350909738], [39.19410431566507, -4.8907736187965725], [39.19410105291604, -4.893685153369574], [39.19640268426576, -4.892125615748284], [39.19647675144017, -4.894723687466865], [39.18880419336011, -4.906110029483216], [39.187029700886285, -4.917500058515429], [39.183133765734, -4.926382998683039], [39.17935595812861, -4.928329264332319], [39.17954038692437, -4.933842043517359], [39.176386186000286, -4.942027979594343], [39.17519215046923, -4.941955891278951], [39.17339444726906, -4.935496086178432], [39.16936039128166, -4.932222401451213], [39.17059510810998, -4.927944520319841], [39.16573452063312, -4.92725785729607], [39.155770200821735, -4.9158305075990825], [39.157593924670664, -4.913611558446121], [39.15681386984318, -4.910502755925279], [39.1582423514954, -4.906931321536774], [39.1606394710866, -4.905548202873717], [39.160507308479, -4.903004792608726], [39.16310662761066, -4.902301367576399], [39.16155963549102, -4.898403159213615], [39.166467907369906, -4.892770520972817], [39.16854769351232, -4.881603614232006], [39.173446168283874, -4.878560889767527], [39.16688183859361, -4.875621700518991], [39.16572220166756, -4.873262673482884], [39.16923021103429, -4.87061713766883], [39.16932279544784, -4.868027386682627], [39.17201099731159, -4.867839127348191], [39.17158160881087, -4.866118593137628], [39.17399278914485, -4.863558714380474], [39.17296539408693, -4.861111609576255], [39.17597857113469, -4.857665958526013], [39.17343461429522, -4.85349928371221], [39.17157836302164, -4.853895918257422], [39.170933062568736, -4.857539199383268], [39.16908902250992, -4.857493651023162], [39.16944465572084, -4.8595923594338615], [39.167995158759425, -4.858947384055341], [39.166607523387825, -4.841560111345814], [39.16647941687205, -4.859166488568462], [39.1571572917, -4.869103779126249], [39.15460405278424, -4.876815377727098], [39.15508788414269, -4.88167834926287], [39.15255123698512, -4.884797412748753], [39.153136332068414, -4.87667328865416], [39.14882654938907, -4.877436119024139], [39.14814413558713, -4.8836145956736345], [39.14604116669835, -4.886665515487664], [39.147568286874616, -4.88888728232547], [39.146287538120816, -4.897196092349191], [39.14840457630504, -4.898610999045445], [39.1489747795365, -4.901676453407447], [39.13993456239666, -4.911604124482608], [39.13952794577557, -4.9175123282682875], [39.13643433401785, -4.922004492726387], [39.13375755398346, -4.923455554719453], [39.12465438689878, -4.919612767968147], [39.11927354812883, -4.920387147111285], [39.11715784941589, -4.918774935760268], [39.11194419449231, -4.918695972083071], [39.110166901026844, -4.916873870930544], [39.11099068134189, -4.914319349966092], [39.107943103484274, -4.9175793322741015], [39.114237013698244, -4.921220693575549], [39.12143527863827, -4.9210658161400715], [39.123183801256175, -4.926260148224003], [39.120741527031385, -4.927221491916555], [39.124751103028984, -4.930180060758744], [39.12635631993396, -4.9348247584781575], [39.131170268229084, -4.935772645317741], [39.137527160983495, -4.941290213263642], [39.14122430944076, -4.951177533077669], [39.14127366999463, -4.960769872453], [39.143742325369146, -4.963263184255879], [39.142367963309084, -4.964901845148177], [39.142608991987686, -4.973271332930381], [39.14086573062343, -4.9762133998992795], [39.131901704588756, -4.977422755653208], [39.132881788746204, -4.982119765375728], [39.131292707518355, -4.983887772156152], [39.13085018541108, -4.988985103715947], [39.12769823705577, -4.988613076097977], [39.126249092072385, -4.984799409656148], [39.12757117215796, -4.980514056484367], [39.12422429678696, -4.977443576007033], [39.1167351789594, -4.976843004258058], [39.1130038477728, -4.980315809883621], [39.11722266485549, -4.977413530077456], [39.121106667236916, -4.9771442057102036], [39.12508866556141, -4.980832100223267], [39.12319938099529, -4.986730910614085], [39.12604867537635, -4.991175040439828], [39.128831937476946, -4.992632812916156], [39.135368002799, -4.991894834567063], [39.13667744141361, -4.997584400222024], [39.14097079071951, -4.996821333838682], [39.14590567364439, -4.999275000821456], [39.150755937707686, -4.999621106970778], [39.15399932918149, -5.003264588423065], [39.15055586413149, -5.005921849415813], [39.144088293625316, -5.007144301196433], [39.13531971626014, -5.021150595471113], [39.12861094909488, -5.028703121287776], [39.12299320043286, -5.027563840736377], [39.1184665190126, -5.02321377392002], [39.10166805572783, -5.029646164097585], [39.1040194508534, -5.032912286191674], [39.10233461303517, -5.033989864968305], [39.09577263035328, -5.031728756471409], [39.094830415772094, -5.0288592694111], [39.08944810531665, -5.026580086949764], [39.08437651997332, -5.0281010410533895], [39.08667888577088, -5.029224950679577], [39.09061863100618, -5.027993546855669], [39.094165554180904, -5.033136002542562], [39.10083380954035, -5.035918457054436], [39.10787298351704, -5.035817482969776], [39.10246239256344, -5.037675306171991], [39.10258315051749, -5.041383742137839], [39.0997172075144, -5.04452254007515], [39.09742236415764, -5.04444331268445], [39.095623890704246, -5.0520110483018925], [39.09106626543809, -5.053810273451404], [39.0929128212839, -5.060419827550447], [39.08966958214569, -5.060573857254553], [39.094388890255516, -5.0653339531205575], [39.100416645725375, -5.06761608198326], [39.112835211339075, -5.061022786411968], [39.118692714655595, -5.061430111020741], [39.120190511562555, -5.054445256811675], [39.12217996728003, -5.052719856686053], [39.126449364023415, -5.053266978851411], [39.12856256839274, -5.056731969439909], [39.13146191893213, -5.0547075070223855], [39.131751842813685, -5.056664258310775], [39.1287838675467, -5.057465352484712], [39.128228502791956, -5.059836013950928], [39.130121939525395, -5.071872827014204], [39.12932085289657, -5.076258705169778], [39.130972764595185, -5.079193285332224], [39.13013945289538, -5.087558781285679], [39.132868248692716, -5.092222044087464], [39.13267957574999, -5.098010718598118], [39.13573765912088, -5.107224633845249], [39.13870101549094, -5.109494807932549], [39.14065733559562, -5.121874950042866], [39.137293719059585, -5.126241683883336], [39.12996041500844, -5.124774506543702], [39.12610381859929, -5.1221613712975795], [39.12469431146536, -5.123476179952945], [39.11534859996539, -5.122670851248586], [39.107715906057194, -5.130493463429559], [39.102113345145256, -5.139515085360756], [39.107074101727505, -5.147571618342113], [39.10564640257235, -5.155831072648368], [39.10098003634414, -5.165608985872723], [39.102163600917436, -5.1695053101191775], [39.10622338240904, -5.170658079792759], [39.10856676191531, -5.169617258166454], [39.110167419753566, -5.172247397755768], [39.11149347927034, -5.171625331308803], [39.11230662138348, -5.1758316740748], [39.10766418620494, -5.175521492230871], [39.10778360106019, -5.18014411244468], [39.09966093226683, -5.18354956908945], [39.09850031758458, -5.185109235274183], [39.099454583324416, -5.1870832208194315], [39.095836383665414, -5.187146606500221], [39.09216006785044, -5.191326937967062], [39.086046791909155, -5.202181700024255], [39.087890893127394, -5.205313880547294], [39.079706849375384, -5.206572598197511], [39.078897903165796, -5.210376004515297], [39.07288905284588, -5.208789973594492], [39.06797674707735, -5.211864743759634], [39.0658471357433, -5.215933584574202], [39.06971139763317, -5.211853346953376], [39.073401769450356, -5.2116638875171475], [39.07205334081601, -5.214480179199597], [39.067700866213045, -5.216675104582805], [39.06841899991207, -5.220834123770601], [39.063799994335795, -5.226657288987212], [39.06285930445517, -5.2306380976937135], [39.05659833181471, -5.23594973665837], [39.051855536496475, -5.233314068623713], [39.05587935052762, -5.237078561960061], [39.063434470641994, -5.231975116524836], [39.07311282892039, -5.215161306205232], [39.07478085263631, -5.215772214083302], [39.07911184121798, -5.223945271869582], [39.089001704012105, -5.225073601094834], [39.087860537985364, -5.23471554550315], [39.08299221424852, -5.240494020174594], [39.0746335884657, -5.258608498669162], [39.07485127252704, -5.271165428803499], [39.071829596818645, -5.278123221324563], [39.07092139615696, -5.289721789855321], [39.068534794391326, -5.291666886470296], [39.068397170714775, -5.2950630972557065], [39.06656427111909, -5.29589640923939], [39.06203382165586, -5.3113973101559395], [39.058094092194096, -5.318927832865597], [39.05545417860452, -5.320557056547273], [39.056525792836, -5.3215208565382], [39.057844247425066, -5.320245990648516], [39.05756302346805, -5.322002383561767], [39.05438620930681, -5.323552203580675], [39.04879659774315, -5.333330440993052], [39.048140165898815, -5.346944973561051], [39.0217568522466, -5.409178695939602], [39.01765139479636, -5.413740157341181], [39.0148988595156, -5.413033227080916], [39.01562363921141, -5.410762933150977], [39.01334990271221, -5.411473669383156], [39.008611030878455, -5.407361391249253], [38.998056575981536, -5.4145347345493064], [38.994666393787895, -5.411872834387225], [38.991885221741995, -5.414107359171737], [38.98351377793432, -5.429150040481204], [38.984594269156844, -5.432224357604923], [38.97634093319908, -5.429960523546583], [38.97612144264713, -5.4328636508840304], [38.98696513886489, -5.4365518250298805], [38.987960726560004, -5.443888397516275], [38.98961319244802, -5.445583922372975], [38.99181248663922, -5.443763776124683], [38.99528087762434, -5.4451942398607684], [38.99666474541925, -5.447595390575714], [39.00032063937073, -5.447455960570494], [39.00314697122053, -5.455000542069058], [38.99628077105746, -5.480067542441361], [38.99620458089447, -5.48861272323694], [38.993784248025065, -5.492017277172977], [38.993143382497806, -5.4967550942904495], [38.988555451001616, -5.494931754426375], [38.98274059682336, -5.502978307697163], [38.97841886909174, -5.521668857649786], [38.969335808572225, -5.535061972219978], [38.96954228020559, -5.551000794706283], [38.96814356105904, -5.554732147603147], [38.9633934958855, -5.560615828554148], [38.95829037399011, -5.561063091175754], [38.946594627658726, -5.5772348165111225], [38.93769256460473, -5.598337890550056], [38.93341392250454, -5.618890750376181], [38.92773236504752, -5.620787517985207], [38.914953081893884, -5.63325757134686], [38.916345009499935, -5.636708361181434], [38.91978727468609, -5.63799089809072], [38.920048158441375, -5.640327919822084], [38.910016722438286, -5.642924848047585], [38.90013356283163, -5.637932430216381], [38.89522274050847, -5.640207082552649], [38.90339119649224, -5.64188561630408], [38.90708266225715, -5.647596526706991], [38.90367234674733, -5.656727919243849], [38.89405776599534, -5.669790741903512], [38.8934683488518, -5.6832193263810495], [38.895693790730945, -5.698088730299162], [38.89564424764683, -5.713333981809228], [38.89089423414447, -5.722561180554862], [38.88853254602225, -5.723887623492828], [38.87950458030002, -5.742284197609081], [38.87719012756446, -5.743510737610279], [38.869662448233555, -5.754385175692448], [38.86645196356466, -5.7639523917658835], [38.85854990954164, -5.771883802363675], [38.85311608415998, -5.787004996360338], [38.84018687315472, -5.804155970832824], [38.8373054553785, -5.816667514017581], [38.82296897497014, -5.845277850316961], [38.81874767524528, -5.872618475351487], [38.820706547448935, -5.890134202141724], [38.82264647115238, -5.89474482613258], [38.822915866384164, -5.903397079230842], [38.82125904613821, -5.906250685547434], [38.82374322972436, -5.91194845440566], [38.82182326535303, -5.915978404260727], [38.82010521596567, -5.934094807563497], [38.812302134355264, -5.947580090097858], [38.8054743748844, -5.950562477643132], [38.805366444409174, -5.953891298649978], [38.80045048957487, -5.964238118999731], [38.80009108219741, -5.972222856822384], [38.79384741376839, -5.9849233743278205], [38.79453845133156, -5.986109052953225], [38.78647570731317, -6.007779599448099], [38.77922787403065, -6.023952598054564], [38.777716231165186, -6.024445519413689], [38.779304029116986, -6.024941188240803], [38.78102056326611, -6.053612419095998], [38.78701993067358, -6.061399259813015], [38.78769441446826, -6.069720590508098], [38.799365223584175, -6.094165622020171], [38.807856176451594, -6.099086899019142], [38.808259672256725, -6.102841421231574], [38.816472303959415, -6.112499426204749], [38.81491901893895, -6.123887704749734], [38.818055675859114, -6.118248410213425], [38.82049933442954, -6.117404928608664], [38.8244764434894, -6.119900025167738], [38.82925176685211, -6.129722310785041], [38.83108479089486, -6.139516186381059], [38.83364101416316, -6.138786988053198], [38.8430146201257, -6.154765702903035], [38.85249072210701, -6.1588144195960695], [38.856754623082224, -6.1636009398980605], [38.85702624673968, -6.166471282640032], [38.85102300087425, -6.169442363027883], [38.855567521463115, -6.168703526432239], [38.85976732466503, -6.1650817551388855], [38.85463243772307, -6.158062533966927], [38.85700394402534, -6.156320380114721], [38.86091987639941, -6.161111459555116], [38.86449478796726, -6.176351785480904], [38.86263570054922, -6.18112892652249], [38.86399370351529, -6.1839930705583015], [38.862653256339286, -6.19270355567096], [38.86299670269153, -6.212503004612756], [38.86588814324426, -6.2222597003149644], [38.85728356530433, -6.242006393154952], [38.84988283705616, -6.248124567705929], [38.853946165011166, -6.249940442472564], [38.854006299251864, -6.256237792411241], [38.85102094474212, -6.2633274929712], [38.85149277009373, -6.266595013834149], [38.84516915682548, -6.288680603241858], [38.840979963853954, -6.316141389242205], [38.842411202219296, -6.333003754493859], [38.847691027525116, -6.349162431691752], [38.85135956499681, -6.355931543256077], [38.864503932054504, -6.369661259756072], [38.865679025184534, -6.373193061614586], [38.85523925517572, -6.380236489519689], [38.852099383921654, -6.388963210682448], [38.8552193116588, -6.393392138536342], [38.86694772021923, -6.396301682144781], [38.86786895601517, -6.3991683037749], [38.85471524647687, -6.407287928815379], [38.853889189678625, -6.3988006312476955], [38.853302432769055, -6.407323687115877], [38.85611276264967, -6.407869072518508], [38.86367089302922, -6.404226831004166], [38.8692890626059, -6.399021459814435], [38.86700573042884, -6.394384001932622], [38.86077366503213, -6.392838376441489], [38.857699290956134, -6.390079116365314], [38.85715938304145, -6.386051415860209], [38.86666702140019, -6.381577101866867], [38.87076496263472, -6.382116086882149], [38.87533871805749, -6.387738850157575], [38.87379253818074, -6.391671957565791], [38.87940190049619, -6.397550593928827], [38.881653825788476, -6.3974287953138855], [38.884941194390706, -6.400891687537239], [38.89333477948094, -6.404534068500482], [38.90089354876875, -6.4054927772395445], [38.901806360225066, -6.408037803998582], [38.90045982678049, -6.415231529975188], [38.90376041674983, -6.4255747695557375], [38.902150024729906, -6.426997604685994], [38.91105071360846, -6.442004763534044], [38.92137566131396, -6.4509239211098475], [38.9434511495233, -6.458999108918931], [38.94700831194854, -6.455719238209156], [38.955603576493104, -6.457076658085043], [38.9572280819994, -6.454923180568812], [38.96026561098364, -6.454646911988618], [38.962876880344766, -6.4575690748094985], [38.96490759437722, -6.466677979828546], [38.96966129626287, -6.47228139554079], [38.97506316727544, -6.473547615348025], [38.98061488870468, -6.477611987735656], [38.994243561852215, -6.476261573174497], [39.006109617270795, -6.479633837172685], [39.012841868450096, -6.484380559207921], [39.01489493846327, -6.491148376470619], [39.02069673617507, -6.493738459046597], [39.02833415937579, -6.493702167624008], [39.03447377409179, -6.489265316931039], [39.03900492722431, -6.4760429172097815], [39.037571996764484, -6.4735116863562325], [39.02666543115936, -6.469528573373225], [39.02139442295805, -6.46547756529651], [39.01617932153164, -6.4654458799603844], [39.01273514426646, -6.467844352589168], [39.01028859959723, -6.46518772240006], [39.006355748128726, -6.4650481960408115], [39.00382543670344, -6.462387783354586], [39.000047497086484, -6.462590537676874], [38.99583341845323, -6.459079241906011], [38.987291161228086, -6.458440738968136], [38.9777230062208, -6.454688180013989], [39.00742825711416, -6.459613462684558], [39.012016581616024, -6.462055270355393], [39.032280045191385, -6.467163009007777], [39.042531662335875, -6.47434455836725], [39.049223200746724, -6.481887562802797], [39.051583216672725, -6.48731315140526], [39.05316799880012, -6.486916949557326], [39.06730358865303, -6.498608807769756], [39.06782247336906, -6.501977480190419], [39.0654473590871, -6.504202937705486], [39.069194601390905, -6.502893144471443], [39.0701084008997, -6.499050842446707], [39.07239287215293, -6.5039283715400416], [39.07726514779296, -6.504401788753455], [39.080768789490605, -6.513121400633736], [39.08480876136707, -6.517496603242023], [39.08716418853612, -6.525056575624262], [39.09422766801924, -6.534107331036694], [39.09521711421337, -6.539227604204996], [39.09754159767385, -6.540233346632306], [39.09993617337102, -6.544228973917598], [39.107008612054244, -6.546324575049255], [39.11102830536561, -6.558608861122934], [39.11353364836623, -6.561466557696974], [39.129223524496126, -6.569111169412736], [39.13716636696006, -6.5753468978483625], [39.138834304013926, -6.573832044896392], [39.1424990935256, -6.57407643343754], [39.15202398761312, -6.580199523129011], [39.16425942951065, -6.596098700132757], [39.16686001092984, -6.607222697570535], [39.1755267575158, -6.623430113319216], [39.18643625473322, -6.631213052904627], [39.190898264156885, -6.630065569225906], [39.19049068738417, -6.624927448911706], [39.19343540662368, -6.626359127197929], [39.22062780276218, -6.6671673586935185], [39.21682114110166, -6.671328484317144], [39.22145442103755, -6.67243444043396], [39.22314375148585, -6.675276166615788], [39.22544984054497, -6.693263295431279], [39.232027385911294, -6.704998590280127], [39.234837790552035, -6.716523849792679], [39.234053668331, -6.721323896082254], [39.23814190845752, -6.73055375754717], [39.240744758831, -6.742222654852185], [39.244972961331825, -6.75065198685013], [39.25105169535925, -6.755892964704572], [39.25917128457604, -6.759807152381313], [39.26771137937112, -6.759827353798471], [39.272338257653416, -6.756880536152835], [39.27129721906863, -6.747826172925045], [39.276218851804686, -6.740493814396245], [39.27553019483429, -6.73243415789824], [39.27833428176086, -6.732418255057041], [39.285361568116855, -6.7397267459311365], [39.289564341334824, -6.752644766640003], [39.28840001545876, -6.756456694167866], [39.28496852076165, -6.758231307626545], [39.28241148359177, -6.763331679399471], [39.28153243002458, -6.771267042310399], [39.287033180840865, -6.781384534839617], [39.28707920980298, -6.787839321563581], [39.28184580519468, -6.789691564102213], [39.28045015258908, -6.792993032951074], [39.28271861257355, -6.797002830038082], [39.28730647029306, -6.797693123027614], [39.28829932376823, -6.802603004725086], [39.29643882408732, -6.808822289748491], [39.30061172981635, -6.817775764854105], [39.298884987081806, -6.820607506102419], [39.294574571240275, -6.818490535689762], [39.28993495815831, -6.819380129499507], [39.28745524822773, -6.822700617770579], [39.287842195247606, -6.825061373061146], [39.2854433326068, -6.827177723196371], [39.29365346758061, -6.832181475013954], [39.29577544060675, -6.838670959897399], [39.303169131733966, -6.847618317604827], [39.297170452130274, -6.84551124333359], [39.30009081214291, -6.853334926326852], [39.297434539892606, -6.855215282525705], [39.29669905668351, -6.858990202007874], [39.29212057737476, -6.861078263798902], [39.28691965697891, -6.866839883550313], [39.28655757994051, -6.8694823266732215], [39.28974387321614, -6.869325597717534], [39.2933433833187, -6.871523084077978], [39.294442794320446, -6.868234018929741], [39.29760694512879, -6.869481179671709], [39.29629036132792, -6.8658150761696675], [39.30061020108582, -6.86311067808839], [39.30622498009359, -6.852433665462968], [39.30509372991082, -6.844438045947243], [39.30023715497197, -6.840030782129531], [39.30008440248952, -6.836106586413166], [39.295201606053865, -6.82577437720272], [39.30006640557815, -6.825065070441497], [39.30156852548396, -6.821357903331659], [39.30727916864765, -6.820334493201528], [39.3135348703442, -6.814299488161623], [39.318986427104335, -6.816638339287465], [39.331669926213806, -6.827583486272488], [39.33994373632498, -6.8298497265699325], [39.34576621970666, -6.829055628166827], [39.349163472471105, -6.831033902687466], [39.35797778671525, -6.849245151822402], [39.36610913929002, -6.853419297370976], [39.3722226101051, -6.854353171840103], [39.37388749534614, -6.856208458807885], [39.37757164943338, -6.853501986419474], [39.38867464181112, -6.852287675104151], [39.390903766862095, -6.847918760577727], [39.401588662483164, -6.858966604850934], [39.40605052164369, -6.861448925230661], [39.41709130169727, -6.864565849860696], [39.42437833807389, -6.863774210966426], [39.43062339725145, -6.867331076462619], [39.4451437173812, -6.869295872216355], [39.44891253053072, -6.864106497856369], [39.46055877651503, -6.869916690098364], [39.46221938219344, -6.8725925662176905], [39.47110041221788, -6.873200124339121], [39.471575946454436, -6.8677767572987705], [39.47351755813065, -6.864730055616803], [39.476937714248095, -6.865473947173086], [39.48382841994726, -6.884790097207656], [39.48648565185238, -6.8838519702264875], [39.49364258603367, -6.890455484207735], [39.49564235718822, -6.894445161931571], [39.49790635408448, -6.90495261598852], [39.49681787988908, -6.9081886281319385], [39.50323858146572, -6.935275174333128], [39.5060465391939, -6.942558548630302], [39.510887643013746, -6.947999457206265], [39.51240912055721, -6.955004404700389], [39.51452000812151, -6.956112376843237], [39.519911222804865, -6.9691746558404475], [39.52546976239245, -6.976476686887281], [39.53090069705212, -6.979106753421263], [39.53301253102114, -6.986153877920685], [39.537316871317955, -6.984577199978162], [39.54152862861929, -6.98651147463255], [39.54521422438262, -6.985997215627037], [39.54733314406906, -6.988954803534796], [39.54707023309982, -6.999040527015154], [39.54514926981733, -6.998800649752582], [39.54597963863921, -7.009307415909063], [39.54966265710294, -7.016731162721442], [39.55144952593571, -7.0163152549885694], [39.5523696637909, -7.018608932833388], [39.54485538210207, -7.031968442833147], [39.54704549580299, -7.0489992002745225], [39.546250134901584, -7.066726113078687], [39.54846442269769, -7.070882978258851], [39.54779116218032, -7.072599062123345], [39.54162814605479, -7.074115373989287], [39.54042173306823, -7.080075793609012], [39.54285474068371, -7.081954404561884], [39.54700706317345, -7.0924576273945945], [39.54824723310179, -7.107775760122536], [39.55199764740058, -7.109398183831502], [39.5518533081933, -7.112512632087146], [39.55615885164519, -7.116635892456031], [39.555893116577295, -7.130613796543571], [39.550843180817594, -7.134803874052352], [39.543975195231496, -7.125747838599864], [39.541050226846664, -7.125061866329133], [39.53964890680106, -7.1229114770627575], [39.53382910366315, -7.123551085480472], [39.52441623015943, -7.131569995330892], [39.52379792084258, -7.132795303342846], [39.52588132516189, -7.132738122409364], [39.52489783903718, -7.134952572677037], [39.52699493549687, -7.137525047146937], [39.52475272836648, -7.142044519073238], [39.51769917217774, -7.148888314131966], [39.51514136363414, -7.157807097186833], [39.51576702435648, -7.159510686092517], [39.519452611316524, -7.159351327450679], [39.52092430056081, -7.1613786621298345], [39.52147715522881, -7.169722549079097], [39.51700507645609, -7.175892599631254], [39.51162976141393, -7.1751671029309705], [39.510643642456785, -7.185279579804785], [39.50777909372965, -7.187869940060693], [39.496631537045346, -7.185313310067556], [39.491019702828794, -7.176388644104236], [39.48778938497668, -7.165489929547164], [39.47643924292004, -7.166298580391867], [39.46855207962443, -7.168829389978896], [39.45076972109388, -7.18232965165015], [39.43408455331098, -7.180831520458071], [39.43643929626859, -7.182191666063375], [39.43449964941692, -7.1834287681108435], [39.44312319051801, -7.184100301908757], [39.444292779911905, -7.187356681367021], [39.436890055152105, -7.197445321800728], [39.43158123163073, -7.210278428926756], [39.42873434833342, -7.237633610842238], [39.42533315752553, -7.247001305565732], [39.41862335523342, -7.25342496215103], [39.415653842492304, -7.2545914011836885], [39.41301008457981, -7.253366897121623], [39.41647412537674, -7.245832752346303], [39.41655359096728, -7.237012127292644], [39.41917121385785, -7.2318709301789], [39.41518402138172, -7.236666374595757], [39.41568591099144, -7.242269927442919], [39.41394714059231, -7.248402388166312], [39.40439470049523, -7.242962219411652], [39.40132356088452, -7.242991753776721], [39.398253896562494, -7.245477988599362], [39.39750815319769, -7.247316258927867], [39.40347507960507, -7.244044401862595], [39.40778762256656, -7.245744950582207], [39.41092581980445, -7.249441352652241], [39.41063504632734, -7.252490347912612], [39.40020938878433, -7.2638299162311455], [39.39148751972965, -7.276417772757895], [39.377728126262014, -7.279952040638193], [39.37589332037487, -7.291448797489807], [39.37047205825763, -7.294167875302833], [39.37505642712898, -7.293112915898007], [39.37882859386917, -7.287981917878142], [39.37983368265543, -7.289654151686534], [39.372692200577035, -7.3027759195154545], [39.36753941200004, -7.31753969817845], [39.36418906818756, -7.319309436890478], [39.35829086365317, -7.3168847888753135], [39.3507426208252, -7.322775795209168], [39.34906152106129, -7.3296829855068495], [39.35178136029583, -7.330488809088479], [39.34763955125237, -7.33659766487807], [39.351219506805364, -7.335620848682936], [39.34911946474955, -7.342271986356366], [39.35092212661414, -7.340834497946901], [39.35526712132514, -7.327685232221029], [39.359512183077925, -7.3288267810586945], [39.360402534369484, -7.336111409949012], [39.354638774279124, -7.349446531142803], [39.35105514623467, -7.362778452419889], [39.349575855287526, -7.378872051743201], [39.35150870826618, -7.383204032555227], [39.35097234371341, -7.390062222692279], [39.35260443334573, -7.392288212720132], [39.352873828029715, -7.397202458280219], [39.34482568769579, -7.411975050191813], [39.34364051617433, -7.4090669685271], [39.341000281895674, -7.407632354814041], [39.33772009806444, -7.407994243385758], [39.333831836225556, -7.411607402324364], [39.333288780783505, -7.414509116763611], [39.33660452924562, -7.410208643116448], [39.33922308476366, -7.411676866303651], [39.32049565341504, -7.434387254977196], [39.309361170212014, -7.457499399880703], [39.30156233854234, -7.484516086377653], [39.29931260919534, -7.497725425412341], [39.29930112258279, -7.510065732940802], [39.29768044388169, -7.5105992849435665], [39.29426953632827, -7.534375940155712], [39.28531244524754, -7.559242632486132], [39.281021360768136, -7.564998583210183], [39.27682639471823, -7.584873365098872], [39.275420879357625, -7.601353739304102], [39.28019369549031, -7.636110856148036], [39.290218075011296, -7.657003204133105], [39.30365963188149, -7.673608831389174], [39.30046649227421, -7.677762380657896], [39.30177582529967, -7.682171078042018], [39.29628958546317, -7.69250065318937], [39.297311339635826, -7.694171824399291], [39.29072215111961, -7.705623550143798], [39.29076718274371, -7.719213625027464], [39.293144103518614, -7.719449269115955], [39.291601768900534, -7.72172186305238], [39.30062855858034, -7.733065184171949], [39.30549186841307, -7.745340412051803], [39.30735776927747, -7.7467958160953], [39.30896626771482, -7.745830657077249], [39.30942466032815, -7.75316953061963], [39.31808533802882, -7.756496801005767], [39.319566538696165, -7.753758744251229], [39.32102336746863, -7.7316633211163435], [39.327778426769555, -7.728524733358029], [39.33533753094025, -7.732994187770203], [39.34230376947664, -7.739918692224023], [39.34771529604751, -7.749228082400805], [39.35506094405025, -7.756883731397693], [39.35595265673709, -7.762368609869554], [39.35387944085829, -7.767855863668785], [39.3596833025137, -7.771723931254314], [39.36111197156504, -7.769627055266255], [39.367638920933416, -7.768762833686708], [39.38637832546482, -7.77492796039337], [39.40595299788964, -7.789677440410628], [39.40461436520263, -7.796593818499105], [39.40910825970593, -7.800622494838308], [39.41472325438099, -7.800190808854097], [39.41998389383127, -7.804540536048705], [39.43362421500751, -7.810184631503546], [39.43467263107988, -7.814206853316136], [39.438866273697215, -7.817012521560002], [39.44458558592794, -7.81265087781577], [39.44760911705174, -7.815389562149221], [39.44487448241546, -7.822362607856121], [39.44616607779761, -7.828333136789865], [39.443477361391615, -7.838088851378814], [39.44406063360174, -7.844934265758525], [39.44595475613113, -7.847630288007963], [39.4450972947526, -7.851044078407824], [39.43741047289518, -7.858610211784992], [39.437615867609566, -7.863466312564185], [39.434250238999596, -7.876943424606452], [39.42741050274526, -7.887213130309362], [39.42506074447891, -7.895059562863253], [39.41922523114749, -7.902004257205988], [39.41382114600049, -7.903598887549379], [39.41656766813804, -7.916595079758906], [39.41983020786296, -7.92089650370616], [39.419636445360595, -7.929721001306348], [39.424780895533445, -7.934943149263802], [39.43038353046103, -7.949237655220827], [39.43178696012967, -7.960685459267324], [39.4282743967201, -7.967780742874652], [39.43087897564152, -7.968288045975953], [39.435090067971316, -7.9747216221628605], [39.433517362798625, -7.981667732059009], [39.43894037511643, -7.986495018699202], [39.44273207484753, -7.984109176948721], [39.445060980823314, -7.984659803891191], [39.44865809664293, -7.991629567929181], [39.44984023349957, -8.00012170156424], [39.4470266980187, -8.011388174916362], [39.42769469135425, -8.052778132019], [39.42005771990807, -8.084223216796374], [39.4175820941573, -8.086984648048315], [39.41434409791674, -8.08718990613528], [39.4107693079377, -8.091609613481069], [39.4120621698583, -8.096810851646126], [39.409802037076076, -8.102498335947246], [39.39936583289892, -8.110277005719922], [39.389637099108654, -8.129442600781204], [39.38590739095406, -8.140551512397678], [39.38023952940665, -8.144676566527494], [39.375742880702774, -8.150554813183703], [39.37622200629744, -8.155762798975218], [39.369615610821825, -8.173960170564271], [39.36397572070814, -8.203055064063165], [39.359781363026855, -8.212559807842126], [39.353274224031225, -8.217736890866263], [39.356209941009524, -8.2236176822625], [39.353611509693565, -8.223978725702466], [39.35023307303692, -8.221332077555758], [39.3449621746322, -8.226846931095906], [39.343139496436095, -8.24722223392547], [39.34001109849879, -8.250369391293702], [39.33490223786703, -8.251934988784114], [39.33604236245856, -8.255623858722856], [39.33839925971387, -8.256321580740291], [39.339080143791705, -8.26083255924567], [39.34412935072925, -8.269830303337699], [39.35040872914897, -8.272912590769636], [39.34925043154038, -8.27980872075068], [39.34240651975108, -8.281102727319308], [39.34132325760248, -8.286672115272552], [39.34284511892531, -8.29700961401062], [39.34007225884119, -8.297885365088689], [39.33673689590336, -8.295422996371656], [39.332494257131145, -8.296209290098147], [39.32061007178987, -8.288504085446505], [39.32644480244568, -8.294664417819263], [39.32666147745323, -8.298422316051301], [39.321180166873205, -8.295999871608501], [39.306939909135224, -8.301022858410533], [39.304794817903314, -8.303188656824943], [39.301957347259986, -8.29963688768072], [39.293884809914346, -8.29963214274079], [39.29272919331959, -8.301713177640409], [39.297007128887685, -8.301326468868751], [39.30181930671938, -8.307777638181278], [39.292568181048864, -8.305165352251663], [39.28811581278336, -8.31033928541126], [39.284250288125804, -8.311537153287418], [39.28028304622052, -8.3082350350723], [39.272556313156144, -8.314509025614313], [39.26966596298428, -8.313829695400727], [39.265716897984646, -8.318119812928899], [39.268549622893545, -8.32728224813411], [39.27589197706601, -8.333827303769795], [39.27658061229732, -8.33860932900825], [39.28941717294731, -8.364543055019453], [39.29305438601159, -8.367866710790963], [39.30339491323451, -8.371043934996976], [39.30334908875818, -8.37426406810232], [39.307202457176516, -8.371798193620464], [39.3079686533639, -8.374217555919927], [39.310693729607465, -8.373206177243844], [39.31203917002131, -8.374770351996062], [39.30919571505933, -8.380653427495076], [39.3029938958598, -8.38660609309062], [39.302030138239274, -8.39194440159406], [39.299062834560914, -8.395904210988817], [39.299553399827914, -8.400775596059361], [39.29742808544444, -8.401393588421342], [39.30006365444797, -8.403272818810535], [39.29989068874829, -8.406598581825449], [39.30246991430852, -8.411765450549524], [39.30652239644985, -8.413052591651592], [39.29744414265633, -8.417639939196363], [39.2979983838934, -8.420352420785036], [39.30144834723882, -8.417155123264138], [39.308973259027084, -8.421583276445347], [39.30924831702566, -8.42556372095197], [39.30730917695246, -8.42952175077346], [39.30467515387829, -8.43120997823911], [39.30238705887348, -8.430252253981166], [39.29552931873451, -8.437681151336676], [39.2914293097723, -8.45314949549794], [39.288549321041614, -8.452218529988556], [39.28935147126623, -8.456680321942315], [39.29312105398708, -8.459106449091564], [39.29324840802212, -8.462500464655989], [39.29565052574196, -8.465556513103081], [39.29565512878702, -8.469168224584791], [39.29405590338888, -8.470447274080357], [39.29706952658677, -8.473477596990733], [39.295984087897295, -8.481800526863935], [39.299857444232885, -8.488831501248058], [39.299537054626285, -8.494166362282954], [39.29574442181422, -8.500832217433924], [39.295666221565455, -8.506877792372165], [39.2937586335712, -8.50957467159293], [39.295770087216624, -8.513959481312327], [39.304459006371815, -8.515191992383564], [39.30572899795948, -8.517819053839958], [39.307813167340385, -8.517945903348448], [39.306902395243526, -8.521411852973358], [39.31000048520514, -8.525086537193715], [39.31232248286062, -8.524157641715249], [39.31132011853134, -8.52756113249768], [39.3138477825147, -8.529500962004931], [39.31583545454646, -8.527645147338717], [39.318672706460234, -8.529382220087655], [39.31929027700818, -8.531804296561972], [39.31794906939956, -8.53379578921357], [39.31954281761881, -8.53500392488462], [39.319556874997716, -8.539097185870332], [39.315992618981, -8.540663002989504], [39.318428799888466, -8.542498188133436], [39.31850084056873, -8.546425252564404], [39.31992312860666, -8.54222297607106], [39.32240277185883, -8.540688961241415], [39.326659596906666, -8.544818766534263], [39.331709002887294, -8.543552654512439], [39.33388832589202, -8.545368990094403], [39.340984058267566, -8.545432825610987], [39.34285008427537, -8.546883992055598], [39.337643924795316, -8.555836870783935], [39.3380064174529, -8.56092020125675], [39.34287940329068, -8.563024659007851], [39.34394397744734, -8.565831048544055], [39.33744627090459, -8.568650084463798], [39.34675679754207, -8.567073910606211], [39.35093249404372, -8.568883833615473], [39.350590730207614, -8.57649779547097], [39.34118367892637, -8.578231596136675], [39.339329475228624, -8.580449353838503], [39.34254409937665, -8.582605383914029], [39.34640056329516, -8.582130761680958], [39.35117070794547, -8.586606815385437], [39.354080915797226, -8.599721486405542], [39.3642871668838, -8.620978564927668], [39.362342124408826, -8.645129629029952], [39.35682490674566, -8.665699990668259], [39.3568156376146, -8.676995411413657], [39.36188432519623, -8.695337051523836], [39.37283882885151, -8.711113238587245], [39.36133802378555, -8.721979599365795], [39.36838650004205, -8.718513657114386], [39.377950428487736, -8.721812970303688], [39.38158851188973, -8.718287160489012], [39.388264815410935, -8.717951607182101], [39.388024466791194, -8.720621243727692], [39.39257594886169, -8.721396048955569], [39.39635789627863, -8.731767291148458], [39.40522063788518, -8.73839776784149], [39.40756510887428, -8.737989803309631], [39.41344927177573, -8.741916644095966], [39.41357402650425, -8.74477355413029], [39.426260128019635, -8.737936920121513], [39.43587452792059, -8.741902294873796], [39.43551472222066, -8.745107579080127], [39.43981251886726, -8.746943267643587], [39.44074237153711, -8.755001492269457], [39.4489762080301, -8.775556547777], [39.4504202549756, -8.786850058152083], [39.44907636157973, -8.790551992011785], [39.45725198752257, -8.797956981594098], [39.46104530288676, -8.806730137385557], [39.463415538279776, -8.807773468830078], [39.46238802081507, -8.813263776151302], [39.465439119393125, -8.81699316459816], [39.46888011846835, -8.817144577413785], [39.47500207917898, -8.822316473158594], [39.477046795729336, -8.821629315925975], [39.47771250108559, -8.826458541414638], [39.48216462074271, -8.823474752673746], [39.48598466418588, -8.82568801915761], [39.49255795235035, -8.814763111591901], [39.490801610772394, -8.809613518793242], [39.493967144724536, -8.809918828677894], [39.49471550609883, -8.813692033424672], [39.497825912090434, -8.812739805449098], [39.49493854193645, -8.817546389907534], [39.498671677345214, -8.819980159564466], [39.49928827181992, -8.82209225389198], [39.495218701391195, -8.825772617570522], [39.49517119405533, -8.828261430668249], [39.5006452268795, -8.835834103656566], [39.5015807645384, -8.84583315681732], [39.512585931079514, -8.869722978688287], [39.514337828662065, -8.887706159641994], [39.5199378818873, -8.900617232797117], [39.52388516326249, -8.904814727119913], [39.53450281791379, -8.906325626428043], [39.53582959467565, -8.91037003273027], [39.54050991918848, -8.909621427612024], [39.54479100293753, -8.911774970718625], [39.550485346862445, -8.912113321262382], [39.5559032607606, -8.916070222181645], [39.553200709326575, -8.921470420531762], [39.55594702574672, -8.925342748904825], [39.5546736340911, -8.928936823525305], [39.55782862374838, -8.927397385054292], [39.55898946134721, -8.92832688191254], [39.55755903087163, -8.930343653624561], [39.5506827467882, -8.930955281111892], [39.548204402409226, -8.929322428530497], [39.54132056229173, -8.932055619096786], [39.53369247492515, -8.932123408511586], [39.528890240364035, -8.935339460162197], [39.52089993411306, -8.928266365942704], [39.518886546011174, -8.928241104604808], [39.51599172735314, -8.932645432571746], [39.51703331371942, -8.941387601531062], [39.513377710677844, -8.9478242511085], [39.51052056049133, -8.946886791756924], [39.49353578741267, -8.950984646591678], [39.48811603037541, -8.949058229597938], [39.48782098910965, -8.953101339154955], [39.48184683057235, -8.956663301594176], [39.480413065680295, -8.963070270533649], [39.48263327172225, -8.972445891845325], [39.48154416896176, -8.978188491124968], [39.4847754264768, -8.984400979721045], [39.486617433535, -8.997309904159863], [39.48976671564867, -8.998566985703803], [39.49244169126143, -9.003394654888837], [39.49814400246686, -9.004161609128971], [39.501539101451726, -9.015282520016342], [39.49828179254024, -9.026430653556645], [39.50486050869307, -9.03494024343587], [39.50120321770072, -9.04390085171542], [39.498521644604864, -9.046388014491413], [39.49978597021442, -9.05283940289064], [39.4950013578146, -9.057034518313174], [39.48990861590926, -9.055549422677018], [39.49245765214471, -9.058387203229074], [39.49887336181007, -9.057355959379379], [39.50470670685229, -9.058541308508268], [39.511138648208544, -9.064347535035836], [39.51236981244165, -9.06795368622221], [39.5069456215536, -9.072872147486805], [39.499660800389165, -9.072158655067085], [39.49642378783676, -9.077326346893074], [39.494670410049594, -9.077743463760271], [39.49562165166094, -9.08089609529344], [39.490615219064466, -9.08016607494659], [39.48839240703154, -9.08284332616563], [39.48662261983759, -9.082448057193062], [39.4850435835437, -9.086989460617929], [39.48193044617466, -9.087409278134146], [39.479684364924765, -9.089922510053782], [39.48132685901356, -9.096729476435883], [39.48506696675747, -9.100388509194374], [39.49116300986208, -9.098478999394843], [39.494161796307196, -9.101757777438763], [39.502790612469425, -9.102121757349494], [39.501292313176236, -9.110884895243942], [39.50504088027117, -9.104940463107539], [39.508114710442214, -9.106884117297056], [39.509408867892034, -9.11172420550406], [39.5188891010493, -9.116452492828955], [39.522286507439276, -9.115901524201263], [39.52493814178695, -9.107994592280306], [39.53190591356497, -9.100217793011382], [39.53318508477889, -9.100979887811206], [39.53207742702176, -9.102519460228848], [39.53299606752978, -9.105070410553424], [39.53570787468425, -9.104041124898572], [39.53694218880361, -9.106473376599865], [39.543993528828025, -9.107257019534245], [39.547637464537615, -9.09477686414084], [39.54571590035482, -9.092563853233344], [39.547226218216, -9.091578667437204], [39.55198809664466, -9.091611819118782], [39.55750012810398, -9.095640674375204], [39.565341631647755, -9.097158749822142], [39.575357321347724, -9.104920438994498], [39.58283818246656, -9.113549108488087], [39.589615616142, -9.130505222568104], [39.59478311209068, -9.135772422272225], [39.59796799471104, -9.14361841799166], [39.603009060167665, -9.150657523566451], [39.59354764066188, -9.131452740808072], [39.59264335683201, -9.126631533411626], [39.59268716542539, -9.122223561562521], [39.59799272230828, -9.108828369649416], [39.60037712747493, -9.107504488772577], [39.599809013022536, -9.10499899599381], [39.58583304238897, -9.096577072847197], [39.579058464444984, -9.097259470220934], [39.57995386689299, -9.09439900204137], [39.58256712395229, -9.093566017526655], [39.58027986210624, -9.091300450596066], [39.57217294883719, -9.090326933212737], [39.5739906257013, -9.086894764946521], [39.57285237385406, -9.084664709536753], [39.57035114155684, -9.091102843660622], [39.56847491660528, -9.092067252233107], [39.5672294979949, -9.089924445497957], [39.561455848230935, -9.09065874116692], [39.55660520934447, -9.087283264166615], [39.55183372979292, -9.073547320211446], [39.55148229877051, -9.066385321016867], [39.54930136400276, -9.064191853251941], [39.55071593656356, -9.059982003334653], [39.553360849358285, -9.058190194641838], [39.55807795920873, -9.059529772712892], [39.55867638306427, -9.057222802778597], [39.555745524436475, -9.056940109769528], [39.55810796524872, -9.054413011161444], [39.55580816647239, -9.05372944851132], [39.55645174305289, -9.051609203542398], [39.54852103411707, -9.041113701098709], [39.547409638542206, -9.02915421441179], [39.550593970549016, -9.029960906630777], [39.553292155691, -9.035597753234754], [39.55590150745621, -9.036214373003133], [39.56520986772955, -9.035723536505486], [39.56973008106422, -9.03894902350936], [39.574438838767605, -9.03785963052502], [39.57639331487411, -9.03546403468448], [39.580676520946554, -9.0383073843131], [39.578259302681545, -9.039936095786345], [39.57882769900533, -9.040894283215835], [39.58243826432408, -9.039052513518811], [39.58977253216938, -9.04412844191944], [39.587960984399274, -9.046111523512423], [39.588613809863205, -9.04841745011771], [39.59313919740521, -9.048656462118686], [39.59472422095479, -9.04601780298509], [39.595688409252546, -9.047357078433492], [39.59405829144839, -9.050204511633922], [39.59696489364734, -9.05180902355761], [39.59955650128143, -9.049136358015119], [39.5982521894428, -9.052775254181824], [39.606120427895064, -9.058413121598733], [39.61636631257335, -9.061247339609793], [39.61761255936477, -9.06045225916705], [39.616665303991795, -9.057687663556294], [39.62644701101681, -9.06244130055785], [39.62927860209254, -9.065343824068975], [39.62900310273625, -9.069560926888983], [39.626387784089445, -9.066568315955976], [39.623011559610404, -9.068111041765405], [39.619726248461234, -9.064912504070946], [39.61633046070483, -9.065246527313604], [39.61978554985279, -9.067180608655633], [39.61739198122825, -9.069328294906768], [39.61957186376691, -9.07952215393533], [39.61532154747988, -9.086153419253606], [39.61236153761138, -9.086859077642316], [39.61240839730493, -9.090002770164972], [39.61431507452812, -9.092053236304253], [39.61294437885738, -9.099929578047238], [39.617085460449346, -9.099935638829152], [39.615095732311545, -9.112732476603412], [39.612456076726914, -9.115797594352784], [39.610599520347876, -9.122830889513295], [39.60761350471972, -9.121569563745368], [39.604593800174825, -9.123399283613878], [39.60716248307904, -9.135059335827748], [39.62119688814772, -9.159166061984024], [39.62171478114925, -9.160915312234522], [39.61963426118143, -9.162481150572717], [39.629546234340296, -9.166625439922825], [39.633024777769606, -9.17537633001865], [39.637300249762916, -9.176948984404135], [39.63739128745033, -9.18270601426974], [39.63951111953605, -9.186667138788891], [39.63850448552006, -9.189651251439841], [39.64013324155553, -9.192081331178088], [39.63906812260268, -9.193324532989891], [39.641065176384416, -9.197546003289176], [39.643161475425586, -9.197550151419819], [39.643414379856495, -9.201666769448764], [39.64028425535594, -9.201030650529788], [39.63903354484955, -9.204440464840957], [39.64055660385952, -9.207043578931746], [39.64288896512312, -9.206214210468943], [39.64014034462764, -9.220029647082242], [39.64288270680993, -9.221712775182766], [39.64098519681386, -9.224018827879831], [39.642638504762715, -9.228871987351454], [39.640407028433344, -9.239829220549495], [39.64261651631699, -9.242704390130314], [39.637983792996465, -9.248730056683655], [39.637565992294526, -9.243540628493406], [39.631619233605875, -9.245508927893468], [39.62793414001311, -9.256814810903904], [39.62935820841568, -9.259213659469992], [39.63549880842692, -9.259079802969609], [39.638640711501864, -9.261326106522574], [39.63611186095562, -9.265095240461847], [39.64814454615606, -9.269721254308593], [39.64684227815951, -9.274832488533605], [39.6478371905701, -9.283098529954202], [39.64541261286615, -9.285289882304426], [39.64681887265584, -9.299023286951183], [39.6488210554935, -9.299555986406574], [39.651697106232916, -9.297726206202242], [39.65288877000785, -9.300734731306477], [39.64877648498867, -9.302559180591913], [39.648491598881606, -9.314866136619514], [39.65153333264482, -9.319341463793876], [39.64988794521139, -9.322012438737488], [39.65008668019436, -9.325830984519541], [39.64791539031029, -9.326437565692117], [39.65024329189589, -9.335383169400927], [39.651723860035645, -9.33561950751374], [39.6531937964582, -9.333478379338544], [39.65453095391831, -9.334431803216091], [39.65421569294864, -9.337269003202948], [39.65070135863016, -9.338746415284163], [39.65454842469285, -9.33950941064262], [39.65541758852493, -9.342845328339365], [39.653208248268584, -9.344306946912297], [39.65478566233355, -9.348333844289073], [39.65379009086405, -9.350507144431504], [39.65523336650881, -9.357857037034762], [39.65845361944173, -9.360768910987304], [39.654920427102695, -9.361864531040283], [39.65076359890833, -9.367997363464497], [39.654166015427336, -9.368527688116956], [39.65395147224126, -9.370060776438493], [39.644231036058216, -9.378634214549152], [39.63881430380525, -9.377928764010619], [39.63054477067408, -9.379638397908195], [39.62900747768305, -9.383077964103961], [39.62496999978259, -9.383827346417036], [39.62699139137999, -9.38702343869926], [39.62297324595346, -9.38665312294654], [39.62505318128569, -9.38833231134987], [39.621858093315495, -9.388604597295398], [39.6233784480998, -9.391146297993146], [39.620276108720816, -9.391024171764457], [39.61633581843705, -9.397141849874401], [39.61868078458349, -9.398551260763043], [39.618119552577355, -9.399790480845752], [39.61378813858863, -9.399134777426639], [39.61324669812228, -9.400824823186781], [39.615385096899104, -9.402269176621132], [39.614514756800816, -9.403888652489115], [39.611011424420894, -9.402463564052539], [39.60659845856128, -9.408276497692327], [39.607287842196286, -9.410339838550044], [39.60422816460124, -9.412290978047395], [39.58554492067134, -9.407024648251479], [39.58124693319769, -9.403212943808569], [39.575242272473474, -9.403010767092212], [39.57388616396304, -9.405890475329613], [39.570272819017646, -9.404933995947431], [39.56916552353459, -9.40616324537882], [39.56355435229176, -9.406041912497642], [39.561877880541715, -9.40889126826329], [39.5637230232104, -9.411597744433948], [39.56128482125416, -9.414004717350736], [39.56375068122867, -9.417345182863755], [39.56342605893269, -9.422221771593286], [39.56133173171776, -9.423892623153847], [39.56182873228698, -9.42771489163124], [39.5690302189912, -9.432068994678218], [39.58382334882555, -9.430727065229519], [39.585727188034866, -9.43678301306835], [39.58687821602939, -9.434377452300623], [39.59700679445655, -9.429747389496072], [39.60333383717136, -9.42213202312223], [39.610178103657745, -9.423201047874159], [39.61586345959984, -9.421250227446535], [39.62159252450874, -9.422627715174713], [39.629229082955646, -9.421883870876172], [39.63534210779363, -9.428549303034231], [39.639973659435555, -9.43815134056456], [39.65114741484541, -9.449683616954133], [39.656447792875724, -9.458022164171723], [39.65237350578974, -9.461867836491592], [39.65534573892825, -9.478393444779101], [39.6537557968262, -9.479292227826988], [39.648710825545834, -9.477351934325839], [39.64223331442474, -9.478533943644265], [39.640188739758, -9.480271225310958], [39.63910032532601, -9.485628369591495], [39.642222202059315, -9.4813111869571], [39.64838447676618, -9.479314075347304], [39.65256035268112, -9.481050633818484], [39.65776043884847, -9.487834955150674], [39.669170831800386, -9.495930188889815], [39.6766656884285, -9.490471788354796], [39.680892102368375, -9.490774024018947], [39.68731372681907, -9.503889535276244], [39.68771473180243, -9.515617213848259], [39.69111526784184, -9.518988130978926], [39.692911853153305, -9.517089637190963], [39.698693868076305, -9.52028450858188], [39.696813450408, -9.524056038545496], [39.696796795404566, -9.533940534657972], [39.69513325099018, -9.538193745527053], [39.69840151417753, -9.540557333213712], [39.69633952455422, -9.543364827500625], [39.70011154624814, -9.543310194818332], [39.702564027234644, -9.546440632292104], [39.699853673408086, -9.545704015708566], [39.69904873710203, -9.546874410440694], [39.7018983458716, -9.55032276164252], [39.70811562938542, -9.55244009267011], [39.7148108315406, -9.565836568347493], [39.717132184545505, -9.58277935837151], [39.72788978865918, -9.591901919045597], [39.73151357070623, -9.599029016946417], [39.73207878916725, -9.609129775718031], [39.730639209181334, -9.614722765825718], [39.727914203495175, -9.619290826578208], [39.727323537538325, -9.61690609135809], [39.724670614836555, -9.616984750662652], [39.72647296922088, -9.616109422784746], [39.72589680932117, -9.614377639608676], [39.72244361015328, -9.616607699185579], [39.72034894525433, -9.622761731109733], [39.71738480968639, -9.625346660205935], [39.71740344716818, -9.636393049188484], [39.721622794101904, -9.642820984884565], [39.72861105707074, -9.64619916412687], [39.731942911630995, -9.647040030689993], [39.737607082726186, -9.642668812346244], [39.741204918249196, -9.644974767347946], [39.74399060016577, -9.647825903771093], [39.74189844779869, -9.650755527131878], [39.742443906549056, -9.652280129609665], [39.744388259824575, -9.653746241844033], [39.74784321531001, -9.65275353490756], [39.74810630549274, -9.65420692921191], [39.74516529467974, -9.656048878879574], [39.74866128588218, -9.655785307656686], [39.748892495653365, -9.657024494456948], [39.745782130411385, -9.657810436984732], [39.74916252448111, -9.657690462116364], [39.749826087654924, -9.660112018803716], [39.74340790374612, -9.675831324170417], [39.741235992579504, -9.675154690986346], [39.74020926617584, -9.67639240191886], [39.73939480953311, -9.679197592054436], [39.741451348198495, -9.680309974503245], [39.73896447443008, -9.686679970466741], [39.738101161233146, -9.683845012758695], [39.73577225360981, -9.68382686458898], [39.73377345105149, -9.685620884285242], [39.73425067242749, -9.689165454529757], [39.730762308028034, -9.691393874937432], [39.74077348547593, -9.69950817183252], [39.74369802224584, -9.699675452504778], [39.74493831248452, -9.702005916009796], [39.74950580442919, -9.703549685024655], [39.7503717990391, -9.705555972892114], [39.74394996940873, -9.713673672825792], [39.73632820542235, -9.714938311862852], [39.736657485175726, -9.716482779279033], [39.74149323110652, -9.716913709841549], [39.741169701032845, -9.718669924515325], [39.735658253819395, -9.720387951407815], [39.7332778101827, -9.718541262149756], [39.725273933587744, -9.726488505738303], [39.72194681936293, -9.722709909259663], [39.71717585344493, -9.726074707091868], [39.71755604149877, -9.73393059263634], [39.71601605543782, -9.736663874596843], [39.71827006670151, -9.73978587737821], [39.72091614561674, -9.74046411003178], [39.72218164722108, -9.743652024834773], [39.72950427254494, -9.745773646292662], [39.731107548416276, -9.74870966547121], [39.73590507481589, -9.74264363596069], [39.753671561524015, -9.750495043212766], [39.755424527810305, -9.757670075817373], [39.753210599798535, -9.764297541161625], [39.756255600791235, -9.770382879922522], [39.75461287524115, -9.77550383607229], [39.756531144947246, -9.777070293100223], [39.75852934264168, -9.77514226784956], [39.76061210978514, -9.776607876609432], [39.762285493618776, -9.780248478127191], [39.76021176006003, -9.781065074899516], [39.762320193768346, -9.781937350114163], [39.76042314044895, -9.783987137202246], [39.76188448394993, -9.786727128544499], [39.777596121479746, -9.79858316620306], [39.78016845419529, -9.80447198150432], [39.78183778555842, -9.800797246966226], [39.784443951803155, -9.800194266568894], [39.78453596035365, -9.803057609341806], [39.78274381834268, -9.805064004234964], [39.78671669354412, -9.802946147311445], [39.78922593501153, -9.803824456782365], [39.79478182336749, -9.809384207516302], [39.79713949121901, -9.814807568767947], [39.80204446101607, -9.815817997999261], [39.7993255229693, -9.818544943174174], [39.801634618401124, -9.825102906977293], [39.8048186831744, -9.825539632209086], [39.802911865211684, -9.827325322692047], [39.803021889203876, -9.830104428423454], [39.80622397242115, -9.831155515260832], [39.80405894515468, -9.832263410388919], [39.80431918579279, -9.839582315759287], [39.80737619658362, -9.840847095805145], [39.804667729249104, -9.844127093659267], [39.80602746025886, -9.847778788320511], [39.80783991924886, -9.84856486317807], [39.80493005287326, -9.849099971658802], [39.80516868356415, -9.852992066993522], [39.808714674594, -9.854546598650359], [39.80450411880338, -9.871447287443345], [39.80337870693444, -9.873657841395755], [39.800742929737964, -9.874179099077821], [39.80119650066598, -9.876471430658398], [39.79766696140831, -9.877847996697426], [39.7992376171274, -9.881731505763298], [39.79662109429256, -9.881891024227969], [39.796047855112704, -9.8839991285912], [39.792956479462475, -9.883880856455562], [39.793786075095, -9.88614468117163], [39.79762632221548, -9.887907241514256], [39.79420451660968, -9.892549954477943], [39.791063105618605, -9.890576392785476], [39.79367811159767, -9.890249898024024], [39.79074183626403, -9.887223147310408], [39.790143393382664, -9.881801908550813], [39.7819030833233, -9.889680562001786], [39.78198699660226, -9.891988479176234], [39.77233125307805, -9.893195830427373], [39.75683237059809, -9.890885966175517], [39.76451255688767, -9.894272236219706], [39.772008817040046, -9.894936628639016], [39.775198734811, -9.90146872344468], [39.780097560389265, -9.904139920046646], [39.785862350811556, -9.910457230036798], [39.78764970576589, -9.922114837266292], [39.78625927091082, -9.923466399056053], [39.78731891614427, -9.925277455136893], [39.785035547740904, -9.927813936301902], [39.77088183922973, -9.937002385545952], [39.76494124416536, -9.935615511228434], [39.76131917214616, -9.932388798864565], [39.75603346000315, -9.931522909993987], [39.75027635038583, -9.932684615976427], [39.74770193631656, -9.93445082231733], [39.745280915206024, -9.942861674676635], [39.74083689774835, -9.942961661191987], [39.73631701399131, -9.946495677764403], [39.727012862270044, -9.947118389915772], [39.72144814383182, -9.95367331924524], [39.71745449430699, -9.952164847838503], [39.71248117338388, -9.95544188631402], [39.70989280250217, -9.962010743363635], [39.71060124261925, -9.963967531219737], [39.70828722406361, -9.964676917354268], [39.70624588345419, -9.968779020947977], [39.710764443474545, -9.988085105259813], [39.718995670454376, -9.99617758004564], [39.71508438930016, -10.015001228899166], [39.708810442757965, -10.021666880723444], [39.700861476523016, -10.034541629805403], [39.68271872315688, -10.045217960273703], [39.67687481085346, -10.053387840270943], [39.68249123609354, -10.056471604584885], [39.685775037770384, -10.052718397150102], [39.693706522283605, -10.0489158707868], [39.70139982978736, -10.040762355720403], [39.71033594044809, -10.037558764556138], [39.71863974852084, -10.029265778488764], [39.72705531169146, -10.016599035751142], [39.727344994280145, -10.007111540727294], [39.72541285885069, -10.00321365346997], [39.72626657503929, -9.999396249178119], [39.73633044564815, -9.984384950042283], [39.74160464318783, -9.9799385580518], [39.75243371768522, -9.979000863001659], [39.75694327962742, -9.975194312486224], [39.76526199550392, -9.974022543634248], [39.77570376302492, -9.98095563735319], [39.784170626408866, -9.978837445300769], [39.788021262740585, -9.981525044415037], [39.80157070189364, -9.979021901359204], [39.80374116852374, -9.979857830087042], [39.800206527040416, -9.981885764994502], [39.802293365838864, -9.983162716486163], [39.81427778366822, -9.981284042177606], [39.81860774496653, -9.982709763925186], [39.82147530678316, -9.986109837264962], [39.82436640484508, -9.997773623556327], [39.82646953674498, -9.998052547717691], [39.82571143592463, -10.000490598047065], [39.82950447897463, -10.002998511036878], [39.82991602478944, -10.006418720861461], [39.83667159534184, -10.007963674517043], [39.84440700587015, -10.012824285057434], [39.85053951268094, -10.011244301975921], [39.869015573600734, -10.013213540083257], [39.88336204949121, -10.018571087136365], [39.888552712686476, -10.023678745097357], [39.90398565796659, -10.033303601755279], [39.905513968726666, -10.036707933570028], [39.915476076835944, -10.045920779186304], [39.918195436575104, -10.046388182569558], [39.91877166182752, -10.049214683449065], [39.92674284161433, -10.056119154082864], [39.93005128254089, -10.063290798548962], [39.92935681913838, -10.071386022747959], [39.933534499501434, -10.079183122029917], [39.937171823397364, -10.071842139342209], [39.9453671511061, -10.081387059056567], [39.945367185061514, -10.085834827686767], [39.94271615334594, -10.088605540777621], [39.946419550239625, -10.090456174132555], [39.94816493008102, -10.094660841869825], [39.9416118666, -10.100598338238001], [39.94902584289491, -10.10043456653051], [39.953338426153095, -10.102319233590265], [39.953808477210714, -10.098895674054233], [39.955605000847925, -10.098659968046888], [39.956578476916604, -10.095016792961815], [39.959248360728566, -10.09276549051333], [39.95905475695753, -10.096321347972946], [39.96145585705369, -10.10194881084658], [39.95713948327068, -10.10971405325239], [39.96006113760939, -10.1118850082795], [39.96056023640136, -10.114531784989026], [39.963362200387735, -10.11405763732347], [39.966081451855985, -10.12009923712435], [39.970323865328226, -10.121338840968633], [39.97568445841836, -10.128533871501077], [39.97061227769689, -10.138666858384795], [39.96158874091492, -10.148344149372008], [39.961842336373365, -10.151877521395306], [39.964939635572705, -10.157840464534331], [39.96972100863587, -10.157405721420446], [39.977439685853255, -10.164788008733467], [39.979761990912436, -10.16412031321903], [39.97987953179256, -10.170130938475666], [39.98235311520091, -10.177153614491658], [39.97380294659206, -10.194158904309177], [39.975626806324954, -10.197829492018798], [39.96879315757354, -10.200250553438138], [39.967505650314195, -10.20398013115937], [39.971608302914206, -10.200140375472984], [39.974033561921544, -10.201394892904773], [39.971056715830855, -10.201901433924661], [39.97172799970326, -10.203166463758976], [39.98140357277009, -10.202370825445257], [39.98382300879797, -10.2097857686486], [39.98812123921721, -10.211163293019979], [39.98491305122883, -10.207501804251194], [39.98209484129586, -10.195973912389547], [39.984233879466444, -10.193579325964492], [39.98435986755396, -10.198610476741123], [39.98697945247346, -10.200109340142319], [39.98978360644719, -10.18499702947065], [39.98794208923505, -10.180898932627997], [39.99312970685958, -10.176934074200915], [39.99372106771159, -10.17090403997679], [39.980358891219396, -10.15547389534072], [39.97468199799471, -10.152261590262071], [39.971523576780044, -10.14572903574367], [39.97755710666962, -10.137833186645139], [39.984657294178135, -10.122435310945946], [39.987174470372, -10.121007283419146], [40.00031840817468, -10.12523663042117], [40.00298924086803, -10.1322891481135], [40.01083198121353, -10.133245067845053], [40.02388116945639, -10.140091003937641], [40.0302175629335, -10.13988793827832], [40.031664778567574, -10.141477199049405], [40.04833530557352, -10.14629823984069], [40.07940702047887, -10.16171477834223], [40.090325038515914, -10.165372326765805], [40.09652728444803, -10.165682926311547], [40.09882110065291, -10.164330394658748], [40.10472082367647, -10.167583954606698], [40.119504670818, -10.171606291052456], [40.128967419682624, -10.178255900324643], [40.13618964053404, -10.186389845551787], [40.13707144223008, -10.192637264547898], [40.133794076897004, -10.198610770582775], [40.134229827749664, -10.201450347735658], [40.12882474647961, -10.202434968731154], [40.12320117628275, -10.207718929974078], [40.12432590359009, -10.22180966936611], [40.12596777152521, -10.225499435819017], [40.12515422773646, -10.230136445130029], [40.127913743068575, -10.234942183434043], [40.127093219714084, -10.246528796096243], [40.12898666210276, -10.247769174153575], [40.12878477858021, -10.252155713394131], [40.130958061910405, -10.254642094158157], [40.126730643622636, -10.259305053667617], [40.121113834836706, -10.254903541857743], [40.118274916424355, -10.256052240602742], [40.11506037759017, -10.26283793547293], [40.110260523216255, -10.2662766535625], [40.110169040065784, -10.274381781368106], [40.113832067616045, -10.279510331720076], [40.12116196023766, -10.280408578094068], [40.13536355886981, -10.27758438534471], [40.13564520514058, -10.275277213341838], [40.1321171368474, -10.270485531359725], [40.13228511386728, -10.26688204893776], [40.12822800631477, -10.264119376310646], [40.131881225738994, -10.260440225108823], [40.13664741357985, -10.266470613160209], [40.14151764320866, -10.26845568178311], [40.14647292237896, -10.267963207869627], [40.14732261521698, -10.271065436239383], [40.14573342141091, -10.2738390831978], [40.14855416362991, -10.279224080013478], [40.15862196500774, -10.287031610708937], [40.1598676264843, -10.282414778313353], [40.158422027876384, -10.277497436719159], [40.15569433677655, -10.276261759995293], [40.15241941318379, -10.278341660675153], [40.1501596490325, -10.270423954640421], [40.15080252813391, -10.265443621647137], [40.16416480251195, -10.257686180768758], [40.17468204133024, -10.256220511269476], [40.17721922614186, -10.25324745268449], [40.18264062029715, -10.253735517769087], [40.188091294063156, -10.251610163995394], [40.1909573645861, -10.25374523053381], [40.186882808268365, -10.257713991014441], [40.18663375155603, -10.261767705350906], [40.19436393921154, -10.26698520527384], [40.19798516173853, -10.266552483310875], [40.201663497227, -10.26981424633641], [40.205893857327794, -10.26965963706499], [40.21194837061228, -10.275354273300081], [40.21563501327205, -10.276587774023255], [40.21677875858086, -10.279517325224788], [40.21549629029994, -10.290614857108892], [40.225029405148746, -10.29823644059519], [40.22574829631242, -10.30397145489934], [40.229450887524365, -10.303975483204226], [40.22711796241862, -10.302949594664256], [40.2295775162072, -10.299498632499763], [40.22784307538956, -10.294378045283906], [40.221101197062126, -10.292590568867354], [40.217409379802405, -10.288611029666868], [40.21879080493915, -10.28134891818786], [40.22138559103837, -10.28370381308082], [40.22367016462027, -10.283618228814817], [40.221005617266314, -10.279377311740404], [40.22204452870335, -10.275548469842931], [40.218887678680176, -10.275082826946345], [40.219136214250966, -10.273512322096337], [40.22136363529131, -10.272357447712409], [40.23604636699997, -10.27461122933994], [40.239665093908684, -10.278111419302434], [40.24472165848215, -10.278523260179043], [40.249594095442546, -10.281233481682534], [40.251458259716514, -10.279788158527595], [40.25177709138035, -10.276451876180943], [40.24770056036715, -10.271669946551242], [40.2497948295773, -10.270143876257634], [40.25222307492271, -10.272033855763425], [40.25660315124105, -10.272332711640729], [40.256991709601834, -10.268560361898892], [40.25380459572557, -10.269774342752953], [40.25197701053412, -10.26489730282077], [40.24778856047658, -10.262417056827758], [40.23549342404067, -10.260895983067371], [40.231331170800104, -10.25700157592405], [40.23008317861422, -10.25047348915723], [40.22392986902685, -10.248839081733252], [40.21820487888448, -10.248770315354705], [40.20638811600162, -10.251858353726561], [40.19533825177956, -10.26061911919902], [40.19104747586687, -10.260799786162181], [40.19536608209148, -10.256399875951786], [40.19810861837135, -10.250044607692132], [40.1979489656801, -10.24618444631352], [40.20172807462552, -10.24200555570394], [40.20219137363409, -10.238233587073353], [40.220314790564146, -10.224823443459059], [40.22354825004993, -10.217159546972994], [40.22559616865493, -10.216192276150707], [40.22550927110444, -10.212177364456238], [40.23858123700472, -10.203792211616246], [40.23869337853989, -10.206389382319287], [40.23624997563445, -10.208083469917653], [40.23764339730673, -10.213171645594969], [40.23625010118241, -10.220392896469662], [40.237105280132084, -10.22846286859027], [40.24438073528245, -10.244785506657138], [40.26388588517716, -10.261203022821803], [40.27534711885676, -10.265943994969746], [40.28882246900963, -10.266000518343276], [40.291727254665034, -10.268550692362794], [40.29352068295748, -10.28139697198452], [40.29563797654487, -10.281376019198547], [40.296176513506225, -10.284560223151061], [40.30064220612849, -10.282779510561681], [40.300167473255556, -10.286320604516163], [40.30480828792787, -10.294168936756364], [40.30936350786669, -10.313055372592146], [40.31786160878903, -10.332224353982099], [40.31879812393714, -10.33749859173787], [40.32799503457784, -10.354505935183681], [40.3325558655979, -10.353266354892753], [40.335870082839506, -10.35573254772288], [40.33666586740293, -10.358748524045893], [40.344032321516465, -10.35543501449115], [40.35290858778262, -10.354602004251774], [40.35924613953142, -10.35764798872708], [40.369021078019045, -10.354876581348492], [40.370550989130265, -10.35842936116461], [40.381393510077146, -10.35935096527976], [40.38726731093084, -10.362736657725975], [40.38621202015503, -10.368449715307577], [40.38890874613122, -10.364911141514824], [40.404782476186426, -10.358115293244396], [40.40919622271167, -10.35454400883674], [40.413437997620235, -10.347989223608522], [40.4131661170922, -10.338948089061205], [40.40963970670947, -10.3363840761196], [40.409298850926405, -10.33220783345945], [40.41308685119077, -10.32794039564078], [40.40736549821878, -10.328734443520489], [40.403540299762824, -10.326542066553145], [40.39666362867746, -10.329258724728447], [40.39577201921884, -10.328578871521756], [40.39789786569372, -10.323185632258117], [40.395817418712454, -10.320968226030061], [40.39075529374526, -10.323001991889953], [40.38694637512293, -10.326753168714049], [40.38153027499635, -10.326469924247931], [40.390061046626045, -10.315059329681048], [40.394666591109115, -10.304665448797152], [40.401944016568166, -10.2962600421302], [40.4042255685992, -10.296923931857464], [40.423670960192624, -10.317441748851877], [40.431610342498914, -10.335887665437951], [40.44114003268538, -10.343235460551568], [40.445124791433045, -10.352007152505337], [40.441755905488435, -10.364176952152377], [40.43505731416451, -10.369779278877218], [40.42887756497976, -10.36991697824584], [40.41938535536872, -10.374386232748577], [40.41632224872984, -10.37660075977692], [40.414266923589366, -10.381141046208427], [40.39805379065342, -10.392306424438516], [40.381666563503245, -10.397972868015984], [40.376895501870536, -10.401770111148892], [40.36908402475683, -10.399402722487082], [40.3593868505277, -10.405220438173671], [40.354358334745655, -10.411108261115771], [40.355427331941485, -10.415962953772976], [40.355495952936565, -10.411608346189212], [40.361935204982274, -10.405190602233404], [40.369550027216235, -10.401289855937478], [40.37778894951117, -10.403973088251405], [40.38243902416025, -10.399659001335692], [40.38483277346444, -10.399684198368618], [40.38450016117565, -10.402278441548788], [40.37965653061889, -10.407719035639843], [40.37839347537698, -10.412005717368288], [40.373810903616175, -10.416945828200255], [40.36877983955662, -10.42649995153397], [40.373960977848526, -10.43010595041585], [40.37617969212732, -10.430067455011397], [40.37752307769597, -10.428192710208975], [40.38312900581644, -10.429671432231942], [40.378052522244616, -10.429629184413898], [40.375461907243334, -10.433104916599689], [40.3760529719072, -10.438391561731237], [40.38144031370797, -10.44369783170248], [40.37555350045261, -10.443242174480645], [40.36580590927235, -10.449286150310058], [40.37200646947451, -10.447841697438605], [40.37656138232035, -10.44461807443372], [40.39064437627803, -10.450604126984445], [40.38728304753715, -10.446883478905647], [40.38406842651767, -10.446393768045596], [40.3860117756048, -10.43636005746481], [40.393392289053224, -10.43422766960174], [40.395973877871654, -10.43181586622677], [40.40833544881775, -10.432308780065568], [40.41610778729864, -10.42629574850855], [40.42230999437862, -10.432778480479953], [40.42258126326527, -10.443693703619715], [40.417362679724874, -10.447066949766906], [40.41441366479148, -10.445657517639802], [40.41256454144104, -10.441047209677834], [40.40861248173576, -10.441583667949942], [40.406560158392836, -10.445344435989512], [40.4061734439498, -10.453399566415214], [40.399938678190836, -10.45216074499723], [40.39416848661614, -10.46120665914583], [40.38786185809539, -10.455962828075997], [40.38545620245429, -10.456356839835678], [40.3813380851451, -10.460921244160033], [40.38739475084566, -10.45711438399428], [40.39215848456848, -10.462563582234395], [40.395570261008004, -10.462594955204565], [40.39685165861755, -10.458041582584713], [40.40057050051206, -10.453528044704285], [40.402229834554134, -10.455060713353078], [40.40893050025289, -10.455054317514396], [40.40852189601958, -10.446385993319154], [40.4120814897812, -10.445711260877772], [40.415554727835, -10.448145407512413], [40.42559599647092, -10.450236561207419], [40.43006094943138, -10.46611460562491], [40.42857604689743, -10.466496591981866], [40.42661826057508, -10.46132464004944], [40.4271361641749, -10.466659516631296], [40.43368127864005, -10.470075067483663], [40.40302579168707, -10.499242556265756], [40.343282409242136, -10.566113347739588], [40.30767110134815, -10.564270599738222], [40.25601578479154, -10.590013643321868], [40.21012177271018, -10.625078734493911], [40.16653594179701, -10.670617717711593], [40.120647508556544, -10.710977537554129], [39.980431555548876, -10.815052854025907], [39.90704908536918, -10.83946333543139], [39.73911162797208, -10.920107607421244], [39.61699137451615, -10.950916002626457], [39.49105638316723, -11.006118963115796], [39.411008068507044, -11.063210448092434], [39.34249634896287, -11.10514576504437], [39.283693828339835, -11.156279781589376], [39.23271851923022, -11.172320086553214], [39.126772280934404, -11.148973817553497], [39.068687361441164, -11.162138922833549], [38.947296458050005, -11.172739373219486], [38.89235319517894, -11.173205623205035], [38.85856552914021, -11.19302967641255], [38.81135281789693, -11.229963154011557], [38.760881003769555, -11.265920863147642], [38.72653609524582, -11.271090108063675], [38.668906683505895, -11.276772584768423], [38.622322371999644, -11.298926118589861], [38.591072585621305, -11.341842059092414], [38.523441228426236, -11.379325180797935], [38.47922366606565, -11.419283019077227], [38.439234213048906, -11.406669200490626], [38.41820200217751, -11.389284297441293], [38.37933819131291, -11.38173137365402], [38.35308818854554, -11.360342948979167], [38.33186436609793, -11.335575153521233], [38.30931600209624, -11.328849341590285], [38.286948403189285, -11.333455329708215], [38.28107898182225, -11.317844150010899], [38.26168730653751, -11.286688994990016], [38.23077982206314, -11.278114705166445], [38.19882760462292, -11.27368881226397], [38.1771546201868, -11.279385022482927], [38.153769330166654, -11.276853750424038], [38.10502852776733, -11.26435384825976], [38.04308872244508, -11.274158054571728], [38.01648823156751, -11.274797326425414], [37.99344928074305, -11.264859746578907], [37.964622205625005, -11.26960852742144], [37.94546633781209, -11.259774482742671], [37.918413240668485, -11.267638245452304], [37.88172317162332, -11.283953983491756], [37.85919008500116, -11.302509155645282], [37.828390463606354, -11.310775952844324], [37.829426617119, -11.36224388751333], [37.81694298817422, -11.37842837289179], [37.80056922833097, -11.410191539789253], [37.786777406667056, -11.421380663521347], [37.77596809155648, -11.458082656068427], [37.7848756516384, -11.476900198324302], [37.78333979020374, -11.502060883112392], [37.75737316902706, -11.542710625153177], [37.72132000266595, -11.560328189240408], [37.646925491548984, -11.58192345100224], [37.618245290460095, -11.614153768126755], [37.57913570430645, -11.624339135211244], [37.52861744687584, -11.616036890821249], [37.50076142107088, -11.617667713008132], [37.44153034683745, -11.640823634808328], [37.43177107491317, -11.651644526981215], [37.42520182101856, -11.668764850957132], [37.41297557853221, -11.684967816442906], [37.3907125665047, -11.688878146586774], [37.3632418357239, -11.681056077635617], [37.34260682456846, -11.678842399740518], [37.324076601052525, -11.671565429914835], [37.30883097284732, -11.652176867705066], [37.294690182429235, -11.641283362579827], [37.27160767845487, -11.63466339821008], [37.24635019272995, -11.644615755977782], [37.21807616781979, -11.652901569678534], [37.15333219531459, -11.631417787802548], [37.13836182568019, -11.634071949936981], [37.11490585153922, -11.628260127120825], [37.08656302148262, -11.627023732174905], [37.06998884202227, -11.61502082946015], [37.05235451380594, -11.59883044036286], [37.02075996936799, -11.585373543129435], [37.00183971028679, -11.588121701148964], [36.991175960454825, -11.582419342679657], [36.97967099455644, -11.581953216456952], [36.955833320426564, -11.596776826353164], [36.93534764235761, -11.595893024146903], [36.92632876371175, -11.605797530827317], [36.9059385417566, -11.601270332744662], [36.890540277777006, -11.588344625316097], [36.88326825629315, -11.592929928812111], [36.87169505147665, -11.59381287994671], [36.83673000659002, -11.5850245114504], [36.8245677068179, -11.56737232866817], [36.82139385711912, -11.558237353591153], [36.81230001343249, -11.55181482775555], [36.801975386243555, -11.560274632219262], [36.78878391983477, -11.6190087977767], [36.77808833976428, -11.62541041120636], [36.761384034581795, -11.650202129483432], [36.70775040103035, -11.678011933330993], [36.69870373327285, -11.697059580481834], [36.65569885825715, -11.72369324236496], [36.63930322463534, -11.731053093473975], [36.61894062370209, -11.728638644255454], [36.59729985615314, -11.70938518177121], [36.576295402562664, -11.699985777855147], [36.56534540276118, -11.70996220573744], [36.5545540866824, -11.728350159811384], [36.54139648614529, -11.736109482355687], [36.53261278084443, -11.749245450985427], [36.52270980303524, -11.758303123537246], [36.509244838154586, -11.757425963851574], [36.503809035359666, -11.742916828507987], [36.509757242180115, -11.719136929955198], [36.51592082049291, -11.705634535082424], [36.514708765769626, -11.69618571014405], [36.4979531387462, -11.683745403315811], [36.479563670642506, -11.68053900233474], [36.45555880168166, -11.684101389481441], [36.43225001651285, -11.684861110065299], [36.41712418160114, -11.681335882151643], [36.40363707447597, -11.689848406361762], [36.390156248686594, -11.679728729654244], [36.37900193744076, -11.683445002234464], [36.36362996506648, -11.705358930083264], [36.35302091367106, -11.7136272419325], [36.32606220911771, -11.707926427668724], [36.3218912241457, -11.716377653942004], [36.28776532315959, -11.721127656650424], [36.280318211580266, -11.711094931681941], [36.276738357561555, -11.69677672947904], [36.26820830668521, -11.69103370991104], [36.25068818237264, -11.699926391753593], [36.237109615864824, -11.697167590954848], [36.21769226524805, -11.707505095633167], [36.20277555597795, -11.696227768454492], [36.19212108176305, -11.683040152931142], [36.1820634884138, -11.661399244506242], [36.18240888999293, -11.642139940492427], [36.18851951292879, -11.602740780174713], [36.19855156761656, -11.58808071037447], [36.198837037704095, -11.580171221683884], [36.19240077377003, -11.573737009361935], [36.18656371411396, -11.573620954562386], [36.18282025605822, -11.569209468181725], [36.17853657011307, -11.567363546039303], [36.17820632356086, -11.563950968003155], [36.18584542944717, -11.559506743624524], [36.183036593367376, -11.547068959667001], [36.17764430920545, -11.548361454444773], [36.163492075716135, -11.571467054683296], [36.15236611054496, -11.568950489089616], [36.144145623306656, -11.559274569072215], [36.13404786559806, -11.556123608782457], [36.126817026472736, -11.54300735549009], [36.13033188482984, -11.531568263040128], [36.12543123538342, -11.515679279398682], [36.11211308665503, -11.513713386815141], [36.10828067999705, -11.522843408491497], [36.10115765956152, -11.52968180236951], [36.089485721617905, -11.534100546549837], [36.0805805330063, -11.539805826161171], [36.06236744174254, -11.539723068883859], [36.05393610473442, -11.515751593743346], [36.04452730972963, -11.508037445166963], [36.04052937111817, -11.494431498255267], [36.009096044905846, -11.486674680847841], [35.99263269532145, -11.474428571862404], [35.98469538996835, -11.459187796456149], [35.97338227002513, -11.460990392280053], [35.965810977496346, -11.455697813339441], [35.965499674553314, -11.464936522971698], [35.960575154864046, -11.468129336831112], [35.955274203121405, -11.451151065514807], [35.952099978629974, -11.434090706802465], [35.94174236453273, -11.424838530849797], [35.92999518806613, -11.437830344844372], [35.91761049045522, -11.4375800419146], [35.883043910532535, -11.426349815445406], [35.85955312935522, -11.431882251850425], [35.85078206904768, -11.42264790423991], [35.84725971278874, -11.41323624299855], [35.82891606094165, -11.412085966543202], [35.811270084171724, -11.421846976772201], [35.79830662662641, -11.441565881796862], [35.791200675770085, -11.440857929511878], [35.791914514174266, -11.450446297914255], [35.78509580660307, -11.45121612458297], [35.774745345112535, -11.46860956712203], [35.77176157230025, -11.464404172984302], [35.7675242844241, -11.470903633629007], [35.7560724237178, -11.469129689845772], [35.748257310526526, -11.474354124083789], [35.73706220175052, -11.467031351475327], [35.73311910639205, -11.477431598131034], [35.720308669105805, -11.475964426657924], [35.71116968392187, -11.4778621987399], [35.714656543819046, -11.487946775149112], [35.70392687107994, -11.49621132663691], [35.71268448123578, -11.50035790672456], [35.70905090124296, -11.50861429038764], [35.697596216431975, -11.508368667608181], [35.69719410127641, -11.51711503006078], [35.683493694581614, -11.532065270040562], [35.66992378191003, -11.536874341298585], [35.64998826573242, -11.5503198552845], [35.64419209621491, -11.563406817215082], [35.63493725832154, -11.554924738848456], [35.620694924073234, -11.555140152698073], [35.597080951568216, -11.55894489072216], [35.58071056334029, -11.555361758096979], [35.574084418119696, -11.5503108862016], [35.5614958357819, -11.564626600032057], [35.55495420549289, -11.564602753314205], [35.55077803494146, -11.569698878042914], [35.54895027607739, -11.56283824852278], [35.53808885717797, -11.560299540466644], [35.53583611968918, -11.56536264485112], [35.52951546706407, -11.559466403794545], [35.52063004866852, -11.567159714899788], [35.52730402743265, -11.575866132022497], [35.51650654054174, -11.582636523650706], [35.50459637930953, -11.581307971204637], [35.50268020293589, -11.561488623390687], [35.47510016289192, -11.559769394494197], [35.474276993480544, -11.565791745174465], [35.48127781461312, -11.57481922444748], [35.46545320959763, -11.581250990923763], [35.44575422327421, -11.5750196436789], [35.442012050652465, -11.584715940434194], [35.428582589232406, -11.57978162543867], [35.41934610863126, -11.5794716304448], [35.42394352598507, -11.571666504176676], [35.41330731013676, -11.562882100302147], [35.41431247713405, -11.570430219373065], [35.41025715200021, -11.575966218482677], [35.400157380347764, -11.57771247797649], [35.39046402136029, -11.584066477003262], [35.382673309007544, -11.581744107381041], [35.37658405871014, -11.573089966996804], [35.348904806194525, -11.571729669578303], [35.340444411892236, -11.569080459315217], [35.300364896817086, -11.570675116808559], [35.23065510639964, -11.568892928872117], [35.22317664552952, -11.570628596293034], [35.18790027658497, -11.595433314726506], [35.13584019044663, -11.644862619365199], [35.07113261311474, -11.73788113001416], [35.07106499230213, -11.78472168567464], [35.050734717303726, -11.820405469946763], [35.02201791614908, -11.8784011794545], [35.00864303259675, -11.93390755400651], [34.98519608435976, -12.010145558701538], [34.94389430542401, -12.075258880814772], [34.71691718874757, -12.290081142937936], [34.7098998801593, -12.280817333335733], [34.71362961419686, -12.266628127758793], [34.71598452721395, -12.23660298679141], [34.71039160879849, -12.208049666459544], [34.6947903100604, -12.188032905814623], [34.71127470117989, -12.168899237551045], [34.75013076596127, -12.135341727058176], [34.76779261358905, -12.115913694667427], [34.77544608089448, -12.11032077625191], [34.79693466217509, -12.102961673073594], [34.80488249360769, -12.09854621116665], [34.81047541202321, -12.088243466717074], [34.8193063358371, -12.06263378765658], [34.82607671076124, -12.057629597495293], [34.86934823744946, -12.042617027011659], [34.88759881333169, -12.005821511120132], [34.907909938103785, -11.9136855393279], [34.95589129082629, -11.81360173610318], [34.95854056797043, -11.788875149424086], [34.95559692669906, -11.739421976065955], [34.957657475588974, -11.715284117641204], [34.96678276353009, -11.670540770317132], [34.964614706000134, -11.573556009999834], [34.96296105900018, -11.56487436999987], [34.96296105900018, -11.513094583999816], [34.96068729600023, -11.498521830999778], [34.94446089700017, -11.464415384999882], [34.92565067500021, -11.44591522199994], [34.91707238800018, -11.418836770999803], [34.89790155778127, -11.403258142881612], [34.88658329300023, -11.375428567999734], [34.86787642400026, -11.3587887569999], [34.8436918540001, -11.346283059999791], [34.800490356000125, -11.331917011999792], [34.7923254800001, -11.330883483999799], [34.78488407300017, -11.333467305999818], [34.77217167200024, -11.3444227089999], [34.76555708800021, -11.345146178999869], [34.75914921000026, -11.337498066999899], [34.73703169800012, -11.296777037999846], [34.75749556500017, -11.283754576999797], [34.75749556500017, -11.277553404999821], [34.741299842147214, -11.268439372655337], [34.72834782055344, -11.253721166298817], [34.71977176900026, -11.234558613999923], [34.71408736200027, -11.202725930999804], [34.70788619000018, -11.194974466999895], [34.69992801900014, -11.189496764999888], [34.681841268000255, -11.185052591999806], [34.677087036000216, -11.178748066999788], [34.66871545400011, -11.160144551999906], [34.621069784000156, -11.11973358099982], [34.613525024000126, -11.102163594999865], [34.61063114400014, -11.077668965999806], [34.597298625000235, -11.03663787899984], [34.59295780400015, -11.016174011999794], [34.59791874100017, -10.990955911999833], [34.62706425000022, -10.954058938999822], [34.64546106000023, -10.913234557999829], [34.64763147000019, -10.902899271999843], [34.64763147000019, -10.85856089299989], [34.66055057700021, -10.796032409999896], [34.6567265220001, -10.76988413499987], [34.6628243410002, -10.761409199999889], [34.67501997800025, -10.752417500999854], [34.67243615700022, -10.739498392999906], [34.666441691000216, -10.732367044999876], [34.659930461000215, -10.727716165999823], [34.64763147000019, -10.70838917999987], [34.6608606370001, -10.68730519599984], [34.660033814000144, -10.6654977419999], [34.65052535000018, -10.645343932999765], [34.62902795400015, -10.620229186999836], [34.62634078000019, -10.614338072999828], [34.627167603000146, -10.595114439999804], [34.624377075000154, -10.58343556699981], [34.617555786000196, -10.581471862999877], [34.60887414600023, -10.581988626999816], [34.60039921100025, -10.578061217999846], [34.59233768700011, -10.566692402999877], [34.58572310400018, -10.5535665889999], [34.581072225000185, -10.53971730499984], [34.57941857900016, -10.526488137999934], [34.58148563700013, -10.513672383999847], [34.590787395000234, -10.491244811999877], [34.59295780400015, -10.4817363479998], [34.5887203370001, -10.463132832999918], [34.56949670400019, -10.431403503999832], [34.565052531000276, -10.40980275499993], [34.58530969200024, -10.300662128999875], [34.58561975100025, -10.290016783999818], [34.583449340000186, -10.277614440999912], [34.57507775900018, -10.255806985999811], [34.56556929600009, -10.202683613999795], [34.53239302600025, -10.128889668999818], [34.52474491400022, -10.094783222999865], [34.52681197100026, -10.084861347999777], [34.53570031800018, -10.065327656999841], [34.537767375000215, -10.05385548899983], [34.5364237870001, -10.0430034379998], [34.52474491400022, -10.008793639999794], [34.49466923000023, -9.966729023999847], [34.48330041500026, -9.946161803999871], [34.38346154800024, -9.823792012999832], [34.382324667000205, -9.819657897999889], [34.3642379150001, -9.802397968999799], [34.35969038900009, -9.799917500999754], [34.33746952300021, -9.77717986999994], [34.33168176300023, -9.769221699999889], [34.32672082600021, -9.750308125999936], [34.32424035600013, -9.732428079999806], [34.31793583100011, -9.7191989129999], [34.2880668530002, -9.70845021599996], [34.19025019615668, -9.606459510869854], [34.161873006000235, -9.593625182999801], [34.144613078000134, -9.574918313999888], [34.137068318000104, -9.570577493999906], [34.10316857900017, -9.529856465999842], [34.0893192960001, -9.522208353999872], [34.07849068800016, -9.510185830999887], [34.04746138500025, -9.489962259999743], [34.012734822000255, -9.477456562999805], [33.99650842300019, -9.491822610999748], [33.9843127850001, -9.505568542999868], [33.96074833200015, -9.524895527999831], [33.94586551900022, -9.550010273999817], [33.96446903500009, -9.594658711999841], [33.96260868400026, -9.6121253459998], [33.9555806890001, -9.642304381999793], [33.95485721800014, -9.660597838999877], [33.951343221000116, -9.673620299999811], [33.94307499200016, -9.6838522339998], [33.92829553200016, -9.693464050999808], [33.92829553200016, -9.700285338999947], [33.904422628711984, -9.725382618231038], [33.899712802677755, -9.758057036342734], [33.907366269983186, -9.827232606218672], [33.93091540015371, -9.881984333865205], [33.93856886745908, -9.88581106751792], [33.94651669889174, -9.886694159899264], [33.95269834556149, -9.889637801170636], [33.95505325857863, -9.899351817365812], [33.95505325857863, -9.933498056113251], [33.966239095409605, -10.001790533607846], [33.995381143995644, -10.068905554593698], [34.077803099592415, -10.18665120544648], [34.13343791962029, -10.241991661347186], [34.16493488122342, -10.264952063263365], [34.181124908215736, -10.279081541365656], [34.18789528313971, -10.293211019468117], [34.19260510917377, -10.308223589951922], [34.20349658187757, -10.323824888689728], [34.239114641260585, -10.364152774106856], [34.24706247269319, -10.377987888082089], [34.25736521714276, -10.41272285508353], [34.27090596699088, -10.440687447161167], [34.264724320321136, -10.451284555737857], [34.25854267365122, -10.452462012246258], [34.251772298727246, -10.450990191610742], [34.243235739040415, -10.454228197009115], [34.22645698379387, -10.468357675111406], [34.22086406537852, -10.477482963052523], [34.222630250141265, -10.508979924655648], [34.22881189681101, -10.525464315774968], [34.22940062506524, -10.532823418953285], [34.222630250141265, -10.539888158004374], [34.19849239171634, -10.554017636106778], [34.19142765266531, -10.560493646903637], [34.18318545710565, -10.577861130404472], [34.18907273964817, -10.593462429142448], [34.20084730473343, -10.608769363753197], [34.20908950029326, -10.625548118999802], [34.20879513616609, -10.637617048212178], [34.20261348949634, -10.672057651086504], [34.20202476124189, -10.687658949824481], [34.215859875217234, -10.741821949216785], [34.23293299459084, -10.934336088360851], [34.22910626093818, -11.060323934773237], [34.235582271734984, -11.093292717011934], [34.24971174983733, -11.112132021148398], [34.22204152188698, -11.160407737997957], [34.21497678283583, -11.18572305293128], [34.22616261966681, -11.211627096118889], [34.231755538082325, -11.22104674818712], [34.22940062506524, -11.256370443442904], [34.232344266336554, -11.272266106308052], [34.239409005387756, -11.280802665994827], [34.24853429332887, -11.286984312664572], [34.25736521714276, -11.296698328859918], [34.277381977787684, -11.353510605396366], [34.28415235271183, -11.478615359427295], [34.30358038510252, -11.549557114066033], [34.30328602097529, -11.578699162652072], [34.31476622193338, -11.599010287424164], [34.31977041209461, -11.613139765526455], [34.32506896638296, -11.63992690109552], [34.32418587400167, -11.672306955079932], [34.31564931431478, -11.692323715725024], [34.28225603221972, -11.723554842864132], [33.2437512705809, -11.502351304718445], [32.70517902621606, -12.152142047449672], [32.06278990808664, -12.319964664114934], [31.575166205971925, -12.237774881424286], [30.581950617120242, -12.755686529955142], [29.445538517646412, -12.026396983977008], [28.776633300266496, -11.354675495495258], [28.43867946919488, -10.378796875332625], [28.392541080294905, -9.49618324547805], [28.365390305549795, -9.268964737964609]]]]}}]}