{"type": "FeatureCollection", "features": [{"id": "0", "type": "Feature", "properties": {"NAME_FULL": "Democratic Republic of Nyumba", "NAME_SHORT": "Nyumba", "CODE": null, "DEMONYM": "Nyumbaans", "LANGUAGE": "Nyumbaan Arabic", "STATUS": "NOTIONAL", "REGION": "Africa"}, "geometry": {"type": "MultiPolygon", "coordinates": [[[[40.84012710031165, -2.4307407302301964], [40.8411003903618, -2.4290712201979314], [40.8426059613678, -2.4297276259286793], [40.84109900172984, -2.4314770061485635], [40.84012710031165, -2.4307407302301964]]], [[[40.80881117645295, -2.3140207247643207], [40.80901436390985, -2.314029209798507], [40.80902862548879, -2.3140280246732647], [40.80902523742936, -2.314041542324885], [40.80903132865306, -2.3140670239265138], [40.809045813094265, -2.3141014634286083], [40.80906842644226, -2.314141259829361], [40.8090986647423, -2.314183250675894], [40.809168617143506, -2.314271684472624], [40.809199078845644, -2.314319631327022], [40.8092202761381, -2.314370894109663], [40.809230565186645, -2.3144231885714905], [40.80922930299558, -2.314473059329858], [40.80921608339879, -2.3145168739037825], [40.80919140919424, -2.314551883982441], [40.80909275368861, -2.31464552783458], [40.80906189741925, -2.3146820930619594], [40.80900189392161, -2.31475941026118], [40.808968822340226, -2.314795744258058], [40.808931734914474, -2.314828462107732], [40.80885313631662, -2.314889927079067], [40.80881622689088, -2.314923151430337], [40.80878345692299, -2.3149599315961833], [40.80872308056645, -2.3150386275646806], [40.80869144952715, -2.3150764982632577], [40.808585810673044, -2.315180994919741], [40.80855467653653, -2.315219855888051], [40.80852582333155, -2.315270838582739], [40.80850248819595, -2.315327324585015], [40.808443004557134, -2.315507314768217], [40.8084196101898, -2.315563785213426], [40.80839072930723, -2.3156148093342654], [40.808359655200206, -2.3156538153473516], [40.808254827441644, -2.315759565487907], [40.80822336915429, -2.3157983229018075], [40.80816336263987, -2.3158790134552465], [40.808130777494796, -2.3159169219808984], [40.808094882422104, -2.315950772615194], [40.80801851183083, -2.3160141683335578], [40.80798222567275, -2.3160478740038126], [40.807948937288614, -2.3160854626467664], [40.80788632697168, -2.316164481952354], [40.80785276883248, -2.316201493067327], [40.807815495448814, -2.316234559523389], [40.80773647065233, -2.316294269950747], [40.807698998227345, -2.3163245508323715], [40.80763330397304, -2.3163884925769818], [40.80760146690122, -2.3164172399361416], [40.807567496615434, -2.3164397523078417], [40.80752991990924, -2.3164533577907154], [40.80749030041436, -2.316457906481739], [40.807450855776935, -2.3164536127462387], [40.8074138348674, -2.3164402596477007], [40.8073808946206, -2.316417993450637], [40.80735072724676, -2.316389481800707], [40.80729136091713, -2.316325948686382], [40.80722751437947, -2.3162664952408374], [40.80719876327113, -2.3162361855445734], [40.807176178903866, -2.3162029867637823], [40.80716242101073, -2.3161656681351506], [40.807157474034035, -2.316125701735272], [40.80716102580838, -2.3160852317875236], [40.80717316363352, -2.316046342039302], [40.807193661382975, -2.3160103137289223], [40.80724757201609, -2.3159398152977406], [40.80727433609433, -2.315900519071379], [40.8073003773879, -2.315849169496831], [40.80732244695256, -2.315792358569313], [40.807381735090516, -2.3156105335552457], [40.807404855782366, -2.315552698825707], [40.8074327476566, -2.3154996019008944], [40.807462063817475, -2.3154579676956555], [40.80752511315283, -2.3153793462902694], [40.80755315629681, -2.315336699618653], [40.807579486805075, -2.3152786774932377], [40.80759915053954, -2.3152141337603904], [40.807614076074124, -2.3151449878354935], [40.80762592536563, -2.3150728889433037], [40.80765753756133, -2.3148532467348826], [40.8076715573051, -2.314783659669173], [40.80769003213459, -2.3147185736242637], [40.80771499623453, -2.314660006374103], [40.807741473508415, -2.314617562245447], [40.80780149580861, -2.3145397227368303], [40.807829594804986, -2.314498856208802], [40.80785680024804, -2.3144462375889407], [40.80787955569801, -2.3143891320855925], [40.8079203244423, -2.3142701403028543], [40.807942811706084, -2.314212762776746], [40.80797008884894, -2.314160210290561], [40.80800525837632, -2.3141156072641333], [40.80805475295951, -2.3140794260975373], [40.8081146099514, -2.314053682146122], [40.808184529680965, -2.314035880302212], [40.80827247000923, -2.3140242388353993], [40.80837453695683, -2.314017619825348], [40.808485027627135, -2.3140149326291937], [40.80859831039803, -2.3140151581781954], [40.80881117645295, -2.3140207247643207]]], [[[40.783767412825796, -2.3026132382927056], [40.800612826557455, -2.3049417479733325], [40.80700500532029, -2.3121667650779276], [40.80676192749576, -2.314742378259682], [40.80545779924201, -2.3150375747630125], [40.79949958387897, -2.3091108077382128], [40.78833175249291, -2.3056430762274704], [40.783767412825796, -2.3026132382927056]]], [[[40.9123465589719, -2.275107418544975], [40.916480419282315, -2.2786069830010636], [40.91732523972898, -2.282668161228818], [40.916117116056945, -2.2853697715995214], [40.91295700420475, -2.2799482513227165], [40.91427728995321, -2.2767372511549144], [40.9123465589719, -2.275107418544975]]], [[[40.81299670864134, -2.304165089221799], [40.81405955109415, -2.2945134432247993], [40.816759519858444, -2.2913923465764707], [40.817955666956436, -2.2814645763552743], [40.819681705359486, -2.279124797705334], [40.8266082114885, -2.2727196575533792], [40.829714574630856, -2.2734259905278886], [40.82965166958506, -2.2718803266683185], [40.83726641200212, -2.268170562011518], [40.84133163098188, -2.261052289673371], [40.84742341369446, -2.254963544461175], [40.87438833954523, -2.245147487730348], [40.88472101588892, -2.2463021240648917], [40.89780755811248, -2.2554516958920967], [40.90494226819602, -2.275058275398534], [40.916504696254925, -2.2940223107533075], [40.916450747356066, -2.296450365681979], [40.91300689397866, -2.2995452605953037], [40.90792627926981, -2.299841733078578], [40.89913087080853, -2.2970879640891173], [40.88439551590853, -2.2979282498252207], [40.86194402645021, -2.304916591147199], [40.83990533151934, -2.3194179038074747], [40.83061588110511, -2.3303366936282988], [40.8183852795844, -2.3373572757692695], [40.815435312508626, -2.3343000880224007], [40.81652994392862, -2.3221625049861583], [40.814033028835624, -2.313392000604475], [40.81511728254466, -2.307837383322253], [40.81324914217888, -2.307499165070892], [40.81299670864134, -2.304165089221799]]], [[[40.97910043174285, -2.2224579243359965], [40.98255224344048, -2.2232887132056067], [40.983550133041476, -2.226725737325941], [40.98658628125698, -2.229216544210688], [40.99145491819521, -2.2277071649693614], [40.99228432513727, -2.232837327239645], [40.99034954442012, -2.233721889269491], [40.98466534753272, -2.2311695085003524], [40.97910043174285, -2.2224579243359965]]], [[[40.88846597169927, -2.2278818377898357], [40.89067826864952, -2.22374331591797], [40.88993532710373, -2.2193817284688944], [40.893888810402686, -2.2190863782613146], [40.897312660211334, -2.2238867198044243], [40.89760153951599, -2.228166939538001], [40.89417632356334, -2.23591697544534], [40.890773981017155, -2.2342257809391253], [40.88846597169927, -2.2278818377898357]]], [[[40.934579944438816, -2.2049993464337003], [40.943971556119514, -2.210554202229309], [40.938834470011194, -2.209222752363482], [40.934579944438816, -2.2049993464337003]]], [[[40.97486143072829, -2.193512359445693], [40.97518371588827, -2.1888738490952964], [40.97680664062527, -2.1884729862211127], [40.97867096385582, -2.1925011515163906], [40.977274408628624, -2.198127082877166], [40.97486143072829, -2.193512359445693]]], [[[40.91846022987707, -2.125275114456615], [40.92006233804551, -2.1252164362466797], [40.920548747270054, -2.1286975158246957], [40.91846022987707, -2.125275114456615]]], [[[40.97458158911352, -2.073338070533426], [40.97763824462906, -2.071249961853061], [40.97750288673901, -2.07285819050278], [40.97458158911352, -2.073338070533426]]], [[[40.960407848189824, -2.1524989991760446], [40.96051030185866, -2.1505102530157583], [40.96288947070442, -2.14909936450165], [40.963336929478984, -2.140757213047584], [40.96701711052458, -2.13851371341236], [40.9706924711383, -2.1384899109379685], [40.97233790429638, -2.1421554669771137], [40.96912104860789, -2.1361465767024246], [40.96952115472892, -2.131674139607087], [40.9674433125046, -2.1307919925197094], [40.96985610832978, -2.1256160929774115], [40.96905900216453, -2.1181270223487036], [40.97212332547749, -2.1108036367989857], [40.9752774075928, -2.108244424506056], [40.98728636430416, -2.104506527651173], [40.99301104289009, -2.0971789811224273], [40.99972131688468, -2.0924190730680525], [41.00279587229406, -2.091248296087622], [41.006673066709716, -2.0921307826769375], [41.00742067133539, -2.0945593310265576], [41.00828844258971, -2.092177465039624], [41.012220057574574, -2.0904623115256538], [41.02417082584396, -2.089817433106722], [41.042007015898825, -2.080896185591685], [41.046889246978154, -2.0746534037818787], [41.04976093270843, -2.0761602043114724], [41.05078627895918, -2.0730161021399685], [41.061114930476535, -2.0640887814424413], [41.063659316311, -2.0635580941875897], [41.06449670990867, -2.066490999318349], [41.06587585637858, -2.0653156741024414], [41.06348750912404, -2.0595850357867374], [41.06440057325856, -2.055510636659408], [41.068821295071, -2.055669277920602], [41.07191279394141, -2.053013777067081], [41.07582880579042, -2.0528570793809653], [41.08673085801105, -2.0418263762436606], [41.09631761667672, -2.042114039744858], [41.10402684205142, -2.0451130341399004], [41.112626920157076, -2.0443243755797535], [41.11681185414061, -2.0467916638434946], [41.12310606829742, -2.046339317156276], [41.12438260225489, -2.0506205324325233], [41.126102665477234, -2.050193586068838], [41.13586282097473, -2.0557336871063203], [41.13689988531669, -2.060883511449463], [41.13979263255932, -2.060973072721106], [41.141734881883714, -2.0635500873042556], [41.140729065521604, -2.066904002594727], [41.14407317280318, -2.0714277325047714], [41.14556413832596, -2.069345147228452], [41.14612505628302, -2.0723169525580065], [41.151870194215164, -2.0718332772481585], [41.16281224405186, -2.076564300900907], [41.17096281940392, -2.0926340398545573], [41.15911550342624, -2.0975330229594302], [41.16777841975968, -2.0965752396809645], [41.17281928216681, -2.100513077041777], [41.173984726211906, -2.103383935915959], [41.16754339955336, -2.111153829316814], [41.16138955013665, -2.113808490544189], [41.14589771106144, -2.1286745913880356], [41.13148613117766, -2.132362879344596], [41.12688094516593, -2.130617311500105], [41.12518907592318, -2.1274913025842057], [41.12964050805062, -2.119639222771541], [41.13416634132162, -2.119537142480299], [41.13561988280204, -2.1168771208877057], [41.12466436633203, -2.1117315132864523], [41.12130171125764, -2.106943591584143], [41.12085940747293, -2.102151569841526], [41.118344562169725, -2.103246870616049], [41.12219687748518, -2.112007618880307], [41.12786925939159, -2.1138908022492853], [41.12638278306165, -2.1175867883971744], [41.12297894313529, -2.116103032707395], [41.1223155469779, -2.122783928408145], [41.1189450123894, -2.12646151968241], [41.114126924342116, -2.1235583118292656], [41.11596247645118, -2.1291116982434577], [41.11536462237436, -2.136126200638566], [41.111171261220576, -2.1403365291646548], [41.106111898309024, -2.14258848872535], [41.092976266401855, -2.143741472361471], [41.08993131935713, -2.1404476448419363], [41.080556119453256, -2.1403705721343425], [41.07822558952635, -2.137158382267179], [41.078898265776694, -2.13235928364619], [41.0753368276577, -2.136179604644406], [41.07138909852229, -2.1340689812659352], [41.0583697278943, -2.1414489550791505], [41.054726267920934, -2.139386751964212], [41.04560066354833, -2.1421083366954807], [41.046044018962576, -2.144231596854196], [41.051446900036844, -2.145498278838298], [41.055585717708716, -2.1490672991456794], [41.06198470123346, -2.158532187800999], [41.059508861935264, -2.1647880673215436], [41.05605093409111, -2.166771210042251], [41.04777539769949, -2.1650882860012377], [41.04242523109481, -2.1613804162495587], [41.04160808072522, -2.154998342386838], [41.04309871542587, -2.1452229445822812], [41.038616879187735, -2.1462997213255175], [41.0368936082751, -2.148710970532397], [41.03518625249674, -2.1469460326626777], [41.03937694937337, -2.1279369157606087], [41.03225309743675, -2.140936017693784], [41.0285603889399, -2.140518412604786], [41.0306175511952, -2.146173170352794], [41.02561705526658, -2.1492273133687956], [41.01896257400171, -2.1512364292688435], [41.016871012930174, -2.1506192034052685], [41.01716759288082, -2.1485016578373983], [41.01551146380587, -2.1501042360580147], [41.012011532419386, -2.149609620172699], [41.00788699049787, -2.1542782304659003], [41.00371130959602, -2.1491360941327198], [40.999433267369064, -2.1474322526556566], [41.00339193165539, -2.15132932841553], [41.00540204941066, -2.157085491857158], [41.002318375998755, -2.16555249795074], [40.99827456770769, -2.1636719667381232], [40.9983941759359, -2.159171745254662], [40.99669795926247, -2.1571744485666233], [40.9920907891328, -2.1590218205741696], [40.99424915330659, -2.1627693661379954], [40.994354236277005, -2.1675010603101175], [40.999257824479514, -2.1744435553471053], [40.999105671004095, -2.181449728603768], [41.00268006287973, -2.1834914107859316], [41.003544554423506, -2.1815968597018287], [41.00670399755569, -2.1813397597760353], [41.010124227893215, -2.188479683242983], [41.0090705445386, -2.197223115581748], [41.01451309703866, -2.1988264967865323], [41.01435530204399, -2.2005576980980823], [41.015656229598825, -2.2006202430806976], [41.01589798103316, -2.2047875903454806], [41.009096446651945, -2.20982975546824], [41.000209900821545, -2.209514033427995], [40.98993868941233, -2.200615639559045], [40.987996188199645, -2.195033510481137], [40.98983013731879, -2.1923391773734924], [40.98731025373202, -2.1791588228823766], [40.986392317059746, -2.177685196641521], [40.98183784571355, -2.177536510556388], [40.979714303782984, -2.1724122020701397], [40.97764415913848, -2.1743888942754364], [40.97822446238411, -2.181601342792794], [40.97982987743852, -2.1839958519235925], [40.978449397407076, -2.1861603930196427], [40.97630502558048, -2.1861052067707387], [40.97600253925933, -2.180434742535864], [40.97312020835134, -2.186455752648575], [40.968296533423405, -2.185658530512269], [40.9691274838739, -2.1827369610675884], [40.97483611506388, -2.177848880548394], [40.97339681183901, -2.175493600544387], [40.96944472762925, -2.1750929821954035], [40.96741236532822, -2.1727875684266262], [40.96213270810623, -2.16111258133842], [40.960407848189824, -2.1524989991760446]]], [[[41.12826537521706, -2.0433313309121903], [41.135347771557214, -2.0407237385826615], [41.13861321730746, -2.0410201616711365], [41.14787548280373, -2.046637003657148], [41.150325213783574, -2.0506388268965114], [41.147850707351104, -2.051776428113472], [41.13333616665376, -2.047308533720882], [41.12826537521706, -2.0433313309121903]]], [[[41.195447822622995, -2.0170495203096106], [41.19680404663094, -2.0159718990325093], [41.196722333347154, -2.019239457213784], [41.195447822622995, -2.0170495203096106]]], [[[41.25763184268437, -2.016206492225292], [41.259016179398785, -2.013747228627283], [41.26088655711709, -2.0163448857581034], [41.25832335088316, -2.0214554085599357], [41.25763184268437, -2.016206492225292]]], [[[41.2446660720498, -2.023335470022092], [41.24491104306146, -2.0197214714440026], [41.24992200685274, -2.011030410236758], [41.255092627402064, -2.011860533899812], [41.2542486794715, -2.0142482862417044], [41.25184748042852, -2.0149904882515113], [41.252053166986975, -2.0213205302299198], [41.24980483447623, -2.025080066937468], [41.246666385506366, -2.026203763420442], [41.2446660720498, -2.023335470022092]]], [[[41.154012757248644, -2.0068505449910123], [41.15826567527972, -2.004862632573934], [41.160123010296, -2.0062425299135267], [41.15809653851664, -2.008386110457616], [41.154012757248644, -2.0068505449910123]]], [[[40.90429035708834, -2.004622855530913], [40.90727367035552, -2.004128788439141], [40.90577093566488, -2.0056707241635774], [40.90429035708834, -2.004622855530913]]], [[[41.14041009740213, -2.0202679488382724], [41.14186196916148, -2.015198284316755], [41.14787274427521, -2.0133193531008065], [41.14617352205983, -2.010446500148033], [41.16005942083306, -2.012357892729666], [41.17116786146689, -2.0084756984949603], [41.17294365814513, -2.014280619273423], [41.174107134762046, -2.0096640075425665], [41.17688984940245, -2.0077143736467296], [41.181959486053906, -2.0092154351484925], [41.17911360541485, -2.00809656183778], [41.17939779574656, -2.0069020440395935], [41.190349652822185, -2.0023933291982043], [41.19453692841902, -2.0036076894500265], [41.194810753160034, -2.01305864002026], [41.189383450235624, -2.019941037364825], [41.188441754665035, -2.0293764817567617], [41.18694245611359, -2.0312123576191166], [41.18527051408823, -2.028812033570615], [41.18118307614954, -2.02899848557645], [41.17744868387697, -2.027116348373026], [41.17603991440345, -2.0289956737510995], [41.169111113292985, -2.0292967768015924], [41.15854008685994, -2.0254462260781647], [41.1439581797934, -2.023994596161982], [41.14041009740213, -2.0202679488382724]]], [[[41.16322348105577, -2.00377869783952], [41.16541671752945, -2.002361059188873], [41.167635358680606, -2.0039591988749716], [41.16455784716014, -2.0057026257349175], [41.16322348105577, -2.00377869783952]]], [[[41.14790530848485, -2.0053827529428414], [41.150138854980874, -2.0020830631254594], [41.14922982997112, -2.005905179247369], [41.14790530848485, -2.0053827529428414]]], [[[41.19623995685978, -2.0212033649013694], [41.20041493645613, -2.012757492111872], [41.19741403587299, -2.001393800466955], [41.20444423810473, -2.001303571483115], [41.20525150352315, -2.0047811872411447], [41.2109385714695, -2.0088583200791543], [41.21186320014659, -2.012226481413082], [41.21564265860905, -2.0152747282871974], [41.21481459508463, -2.0236129328019548], [41.21139211592287, -2.0273120417935164], [41.202167687443676, -2.027632788437961], [41.198252141800936, -2.0259135362239444], [41.19623995685978, -2.0212033649013694]]], [[[41.113502830966915, -1.99987919712723], [41.11549322671629, -1.9966037757879196], [41.11726892920072, -1.9968419772467438], [41.11565631808514, -2.001148863230773], [41.113502830966915, -1.99987919712723]]], [[[41.131004685572144, -1.9998803563483047], [41.134304046630994, -1.9959720373152745], [41.13531934568027, -2.0019873041427605], [41.131004685572144, -1.9998803563483047]]], [[[40.867989557192715, -1.9955519028493018], [40.872767583212884, -1.991577275606593], [40.87699259747649, -1.990470343722306], [40.876442833117295, -1.9930685634653056], [40.870027184049825, -1.9969854312235302], [40.867989557192715, -1.9955519028493018]]], [[[41.2126306786135, -1.9932443546851086], [41.213828378035096, -1.990219407542293], [41.21946464273521, -1.9884766263856601], [41.222902916620015, -1.992429452439426], [41.221166077334644, -1.9959693504239429], [41.21388499094288, -1.9962038332394183], [41.2126306786135, -1.9932443546851086]]], [[[41.18405130704855, -1.9865656295765088], [41.18507877469711, -1.9851743014953183], [41.186227027074025, -1.985905848274383], [41.186046100396474, -1.9870560599485554], [41.18405130704855, -1.9865656295765088]]], [[[41.27013123209978, -1.9883354460823899], [41.27218294163396, -1.983848691183665], [41.27513885498076, -1.9823609590528424], [41.27680718393965, -1.9879978074268667], [41.27578226652507, -1.989522721122361], [41.28038352899531, -1.9910754397492791], [41.28036953019621, -1.9938994344716132], [41.278818962070936, -1.9953836587881302], [41.274660052750185, -1.9953379410948546], [41.27077058532667, -1.9922846950521045], [41.27013123209978, -1.9883354460823899]]], [[[41.19540774367679, -1.9895388970855077], [41.1965140515255, -1.9817999913871898], [41.20171025047306, -1.985512831025149], [41.20207172211999, -1.9890266817234714], [41.19777963748224, -1.9925657421923315], [41.19540774367679, -1.9895388970855077]]], [[[41.21354390247963, -1.9808329913716616], [41.2159729003907, -1.9806950092313702], [41.21866850862635, -1.983363828862439], [41.21549257220761, -1.9833944889092958], [41.21354390247963, -1.9808329913716616]]], [[[40.85179610114996, -1.9828709531374056], [40.85731543011964, -1.9800115334256407], [40.857760930725114, -1.9825951923138074], [40.853051095458255, -1.9842260715405846], [40.85179610114996, -1.9828709531374056]]], [[[40.84623814492315, -1.9803867324962088], [40.84895083259888, -1.9762905800526642], [40.85592390849389, -1.9764026804436785], [40.85361062266114, -1.9789747241131028], [40.84623814492315, -1.9803867324962088]]], [[[40.84132713324725, -1.9772159241627119], [40.844232102908336, -1.9745939285534586], [40.8453305961551, -1.975475938823168], [40.84363588807119, -1.9775421964960405], [40.84132713324725, -1.9772159241627119]]], [[[40.84123128847744, -1.9745762848451864], [40.84132616496757, -1.9745797329318027], [40.841871248122715, -1.9745789210173559], [40.842051205923376, -1.9745810693055699], [40.84222436252532, -1.9745879339456263], [40.84230579838924, -1.9745944545037641], [40.84238157135101, -1.9746041051735386], [40.842449222766504, -1.974618011408813], [40.84250543831854, -1.9746376337280491], [40.842545807634785, -1.974664840342344], [40.84256345126481, -1.9746923027228913], [40.8425687733157, -1.974722723875244], [40.842562122470135, -1.9747530674031122], [40.84254319735195, -1.974780314621194], [40.84250081468622, -1.9748073673155897], [40.842442547658216, -1.974826645766159], [40.84237295346843, -1.9748401305470953], [40.84229541957463, -1.974849352366137], [40.84221243097926, -1.9748554770518734], [40.84203676742551, -1.9748617137893998], [40.841854927265516, -1.974863442345809], [40.84112216153955, -1.9748593740105402], [40.8408519397991, -1.9748598544929497], [40.840675674228784, -1.9748638627655968], [40.840589716410854, -1.9748680700460763], [40.84050599064125, -1.974874565069351], [40.840425350347516, -1.9748842277831802], [40.84034893300129, -1.9748982204872423], [40.84027823061601, -1.9749180570018066], [40.84021516808499, -1.9749456787708564], [40.8401722011389, -1.9749733365288957], [40.84009212797462, -1.9750347765936649], [40.84004899889671, -1.975062507782388], [40.839988602256135, -1.9750892102246898], [40.839921059376756, -1.97510870996509], [40.839848161712496, -1.9751226378944775], [40.83977137903628, -1.9751322191115417], [40.83969193807598, -1.9751383196201733], [40.83961090131095, -1.9751414830627478], [40.83952924538324, -1.9751419543511783], [40.839447940330416, -1.9751396884090777], [40.83936803190281, -1.9751343429625923], [40.83929072978628, -1.9751252547521414], [40.83921750465774, -1.9751113989471047], [40.83915019662908, -1.9750913322174934], [40.83909113653537, -1.9750631212025471], [40.83905042838261, -1.975033184489705], [40.839014560541294, -1.9749990646260596], [40.83894830272766, -1.9749288690831701], [40.83888177042408, -1.9748671895971182], [40.838852943671895, -1.974837142549779], [40.838831149158324, -1.9748051178976045], [40.83881917817732, -1.9747699725626955], [40.83881723458714, -1.9747333773567188], [40.83882532725323, -1.9746977870552573], [40.838843988946934, -1.974665723145863], [40.83887860105229, -1.9746356644886998], [40.838924121915994, -1.9746112673018512], [40.83897689408894, -1.9745903233511886], [40.83909197147549, -1.9745506887288489], [40.83914884371876, -1.974527995555908], [40.83920177713712, -1.9745005380507497], [40.83924341590227, -1.9744715330787255], [40.83932224900178, -1.9744084994405053], [40.83936505477955, -1.9743802736208682], [40.839426299324984, -1.9743528472762062], [40.839495080454576, -1.974333049493593], [40.83956952891211, -1.9743190479883044], [40.83964819272624, -1.9743094066004385], [40.83972995998569, -1.9743030151824659], [40.83981507008812, -1.9742990344550737], [40.83991340753138, -1.97429694828819], [40.84013955971458, -1.9742968775929182], [40.84069442749066, -1.9743050336835655], [40.84068897348044, -1.9743204808314818], [40.84069187941531, -1.9743469025827576], [40.84070435617911, -1.9743804963367584], [40.84072843931477, -1.974416687367997], [40.84077833869398, -1.9744600389701272], [40.84084807237574, -1.9744972934821359], [40.840933450155255, -1.9745274818359082], [40.84102940799373, -1.9745505163846655], [40.84113052808292, -1.9745666630877512], [40.84123128847744, -1.9745762848451864]]], [[[41.242633574487016, -1.9743473925626365], [41.24506209147275, -1.9718958337592962], [41.24449036858096, -1.9761637185460312], [41.242633574487016, -1.9743473925626365]]], [[[40.81688081525475, -1.9660972954021805], [40.82006074088814, -1.9660701579603757], [40.819757264490526, -1.9687232095380036], [40.81688081525475, -1.9660972954021805]]], [[[41.23652644778116, -2.046395159396708], [41.25895078859117, -2.0245032700370036], [41.269225419077856, -2.0042051771301583], [41.26360819884419, -2.0001864464567642], [41.261665239995445, -2.000650287237038], [41.25019798111663, -1.9952762302433147], [41.24708125779809, -1.988236181645986], [41.248463305981005, -1.9830550604420072], [41.24737293571866, -1.974304844079855], [41.249228941235046, -1.9745161549745038], [41.249683553508206, -1.9712837506397296], [41.26277526333607, -1.9637984428876099], [41.26674479663795, -1.9643649417118159], [41.27313989594602, -1.9761232298349807], [41.267987300322424, -1.987336078399471], [41.26177047286373, -1.9796854055706081], [41.259908542802755, -1.9799139096243312], [41.26171950964289, -1.9828041976496902], [41.25943514849234, -1.9856357492588739], [41.25713733151529, -1.985740261780533], [41.25687709608031, -1.9875647172101107], [41.25978708348033, -1.9881209152329493], [41.26183538203599, -1.9843346266797735], [41.26561847029749, -1.9880959917156549], [41.25632201724248, -1.993374186550989], [41.26049741239158, -1.9937252700374497], [41.26659726591094, -1.9909994975952028], [41.273827651708935, -1.997282648574883], [41.277020943282146, -1.9979031505556133], [41.28308393393177, -1.9934300366462931], [41.29295587197089, -1.9796930517268496], [41.30440202326043, -1.9685677041850536], [41.30699410891446, -1.9685621705587852], [41.307611593865275, -1.971603567079372], [41.304751909586386, -1.9762095578635286], [41.29381019928307, -1.9851994023546649], [41.28086203167528, -2.0042650086648184], [41.26802781973798, -2.016568459614776], [41.259658430493225, -2.027721534977145], [41.25758142237022, -2.0337007804358986], [41.25522222503158, -2.0321504680378855], [41.23652644778116, -2.046395159396708]]], [[[41.204872107778996, -1.9661103168665317], [41.20655046658737, -1.9586525861692738], [41.20902633667019, -1.958470940589807], [41.210383284527914, -1.9607240447565122], [41.20854551408045, -1.9638542129734038], [41.21013912858303, -1.965861827804316], [41.208988790858044, -1.9711507817940177], [41.20691580029626, -1.9703760875055654], [41.204872107778996, -1.9661103168665317]]], [[[40.9793301859347, -1.9448919467646153], [40.982606058874545, -1.9438907858740695], [40.98083141969636, -1.9456516879410746], [40.9793301859347, -1.9448919467646153]]], [[[41.17961192710276, -1.9345580936702245], [41.18208312988295, -1.9331929683684468], [41.18427866416124, -1.9360441798368822], [41.17961192710276, -1.9345580936702245]]], [[[41.365159276257664, -1.9104502895202824], [41.36902618408219, -1.9076399803160005], [41.3667266967309, -1.9106187248820294], [41.365159276257664, -1.9104502895202824]]], [[[41.37044500093002, -1.9029577928331154], [41.37263870239299, -1.899582982063075], [41.37200383754554, -1.9028423771095593], [41.37044500093002, -1.9029577928331154]]], [[[41.37790661135928, -1.9020454700739986], [41.38097381591824, -1.8990269899367807], [41.37896512010269, -1.9025880176444243], [41.37790661135928, -1.9020454700739986]]], [[[41.38576771842911, -1.8844528242346836], [41.38656356272535, -1.8824671851653374], [41.39014053344746, -1.880972027778549], [41.38812111362889, -1.884788996630915], [41.38576771842911, -1.8844528242346836]]], [[[41.438778926902145, -1.8390590824161723], [41.441528320312855, -1.835693955421247], [41.44002666116987, -1.839831576035822], [41.438778926902145, -1.8390590824161723]]], [[[41.4366008453337, -1.8372356922671695], [41.43806586446016, -1.8351843026651604], [41.439545151681585, -1.8361120398780795], [41.4366008453337, -1.8372356922671695]]], [[[41.42465829493301, -1.8369471164651596], [41.426807403564865, -1.832916021346831], [41.42659907174961, -1.8350597735937502], [41.428441753301485, -1.8362213199373922], [41.4272818596576, -1.838675903089415], [41.42465829493301, -1.8369471164651596]]], [[[41.441698527583355, -1.8353431037431367], [41.44165773452892, -1.8353464784258033], [41.44161738589621, -1.835341280102698], [41.44157958932554, -1.835327150620314], [41.44154587123499, -1.8353041057473707], [41.44151479287271, -1.8352746818013355], [41.44145264880842, -1.8352083648732975], [41.44138362440462, -1.8351437187100306], [41.44135084990009, -1.835109374479904], [41.44132291205001, -1.8350708092385926], [41.441299732704465, -1.835019689485451], [41.441285152762944, -1.8349626837064203], [41.4412780551711, -1.8349021896625128], [41.4412778423726, -1.83484037536501], [41.4412844154228, -1.834779292769051], [41.44129816566961, -1.8347209875158033], [41.44131997864858, -1.8346676034752374], [41.44134606220008, -1.8346259457160397], [41.44140713063075, -1.8345482941562796], [41.4414360662649, -1.8345068953588228], [41.44146374982843, -1.8344542094858252], [41.441486968665245, -1.834396821622386], [41.44154895554611, -1.8342168218233201], [41.44157343074984, -1.834160798595219], [41.44160329546695, -1.8341102940294451], [41.44163521222241, -1.8340716211876273], [41.44170684163947, -1.8340023779785053], [41.44174161474618, -1.8339668573356338], [41.4417731112014, -1.8339282656409939], [41.441831979580726, -1.8338471814625112], [41.44186315396966, -1.8338084757521411], [41.44196592570691, -1.833704417624249], [41.44199646052728, -1.8336660867781962], [41.442025288250235, -1.8336152919947946], [41.44204865519116, -1.8335590705674587], [41.442108032387296, -1.8333798355415265], [41.44213125565523, -1.8333235587667307], [41.442159898633705, -1.8332727151347594], [41.44219072317769, -1.8332338787456326], [41.44229476295182, -1.833128974021614], [41.44232599174808, -1.8330906833937899], [41.44238568953115, -1.8330113521787705], [41.44241827189249, -1.8329744239025114], [41.442454867195806, -1.832941391349907], [41.44253355147552, -1.8328808246468764], [41.44257150128202, -1.8328491508034173], [41.44267485227894, -1.8327439935653], [41.442713139241164, -1.832712779010448], [41.44276358095827, -1.832683654715206], [41.44281960264068, -1.8326601108493268], [41.44299967532136, -1.832601488835861], [41.443057045776584, -1.8325792948420183], [41.44310965031562, -1.8325523350842143], [41.443150350865224, -1.8325240428273215], [41.44322697276782, -1.832462679329394], [41.443268561513605, -1.8324352754568007], [41.443329310389046, -1.8324082860468938], [41.443397723558036, -1.8323889609838329], [41.44347190258203, -1.8323754018170657], [41.44355036820838, -1.8323661292853455], [41.44363198343443, -1.832360006378364], [41.44371588521524, -1.8323561700460456], [41.44388812783647, -1.832352936484094], [41.444186393665035, -1.832354164501604], [41.44486236572274, -1.8323620557783027], [41.44485882231042, -1.832375131297992], [41.44486486137248, -1.8324002662092997], [41.44487932516478, -1.8324344530128212], [41.444901895662426, -1.8324741399076583], [41.44493181978693, -1.8325159409557923], [41.445001118065335, -1.8326044826325383], [41.44503157961293, -1.832652628735465], [41.445053446933684, -1.8327048676507918], [41.445064572774555, -1.8327582752678762], [41.44506427316303, -1.83280939427104], [41.445052099056326, -1.8328545784089822], [41.44502888723311, -1.8328906004448253], [41.44493464724556, -1.8329859055992603], [41.444904693340774, -1.833023316127269], [41.44484608592177, -1.8331019430430917], [41.444813395821896, -1.8331386234824887], [41.444776361962724, -1.8331713625212576], [41.44469632489721, -1.8332313265327915], [41.444657521499025, -1.833262624303833], [41.44458634395872, -1.8333314293496716], [41.44454951235109, -1.8333645613730187], [41.44450835606666, -1.8333933367508326], [41.44444808025868, -1.8334203341773492], [41.44437950892109, -1.833438976805235], [41.444304852757, -1.833451476910808], [41.44422581059982, -1.8334595372986318], [41.444143686903715, -1.8334644675910727], [41.44405949365276, -1.8334672853751233], [41.44371665866676, -1.8334721710743462], [41.44363267800985, -1.833475062490697], [41.44355089025194, -1.8334801309363602], [41.44347234268491, -1.8334884265768014], [41.443398379473535, -1.833501296066542], [41.443330736884946, -1.8335204778435088], [41.443271650143046, -1.8335482090491073], [41.443231647748405, -1.8335777291112354], [41.44319622845228, -1.8336118301100601], [41.44312930565928, -1.8336839447133269], [41.44305809200014, -1.8337520084649395], [41.44302432059935, -1.8337878788116324], [41.44299497502982, -1.8338281786060673], [41.44296813366496, -1.833884572621125], [41.44294868267943, -1.833948367270155], [41.442934367877996, -1.8340173121193626], [41.44289306862153, -1.8343093069391525], [41.442878740287995, -1.834378409318349], [41.44285934806719, -1.8344425160642164], [41.44283272563297, -1.834499478891738], [41.44280377689712, -1.8345405524991865], [41.442770703638146, -1.8345775595462133], [41.442702353803725, -1.8346494794291512], [41.442671528905535, -1.834688185056299], [41.442611982132334, -1.834767789874503], [41.4425793058122, -1.8348047628325315], [41.44254230306893, -1.834838108164183], [41.44246259752259, -1.8348993444524009], [41.44242403703588, -1.834931394181849], [41.44231844030469, -1.8350378376653875], [41.44227932123671, -1.835069554999924], [41.44222832998034, -1.8350991409783024], [41.44217191196448, -1.835123263802485], [41.441991998013364, -1.835183217218761], [41.44193540089668, -1.8352050951949916], [41.44188413858424, -1.835230833389323], [41.44184470319826, -1.8352573603702016], [41.441773886599634, -1.8353107987290063], [41.441737706057694, -1.8353311004090767], [41.441698527583355, -1.8353431037431367]]], [[[41.43012202182278, -1.8312972320261078], [41.4320831298829, -1.8248620033263219], [41.43426123172988, -1.8274991731145551], [41.43198588275149, -1.8325513135337257], [41.43012202182278, -1.8312972320261078]]], [[[41.4367960101096, -1.8282428783220173], [41.4368806564614, -1.8246589416114123], [41.44013977050794, -1.8231960535048497], [41.43753662441246, -1.828949822522441], [41.4367960101096, -1.8282428783220173]]], [[[41.45234840352697, -1.8225970369212252], [41.454860687256115, -1.819304943084754], [41.45475170621805, -1.8223215078312816], [41.452769577090905, -1.823680180871845], [41.45234840352697, -1.8225970369212252]]], [[[41.45485331788042, -1.818242955232252], [41.456249237060845, -1.8159730434418098], [41.45644940409065, -1.818116196784425], [41.45485331788042, -1.818242955232252]]], [[[41.475142112686754, -1.8072204183547047], [41.47753345771649, -1.8032781083206384], [41.47756198357763, -1.8058953863480998], [41.475142112686754, -1.8072204183547047]]], [[[41.49100212264118, -1.7698334180836532], [41.49134729943552, -1.7652473874515167], [41.49436328899158, -1.7615876008214997], [41.50172365232551, -1.7595022968306822], [41.506194155390844, -1.7561956872164757], [41.50689465159783, -1.7538402241563205], [41.50922796466433, -1.7539533025026515], [41.511528015137074, -1.7512500286100945], [41.51089215648939, -1.7539490075708635], [41.50410529676131, -1.7599380325315366], [41.4978787133892, -1.7703100870015902], [41.494268376744444, -1.7726128434723432], [41.49428782706775, -1.771085033284825], [41.49100212264118, -1.7698334180836532]]], [[[41.609587961149515, -1.6130702036186477], [41.61375045776376, -1.607918024062947], [41.613419813460354, -1.6125069363176685], [41.609587961149515, -1.6130702036186477]]], [[[41.62794527370616, -1.5893473526957784], [41.63013839721704, -1.5859719514847086], [41.6306220105419, -1.587555464000932], [41.62794527370616, -1.5893473526957784]]], [[[41.637942548066505, -1.5640680290808433], [41.64041519165079, -1.5615279674527898], [41.640274975491224, -1.5634675640542532], [41.637942548066505, -1.5640680290808433]]], [[[41.7554425678878, -1.3818453996069273], [41.75763702392619, -1.3795820474623781], [41.75810720145617, -1.3811522963796712], [41.7554425678878, -1.3818453996069273]]], [[[41.77349416369901, -1.3612840819207754], [41.776158352811706, -1.3582842265881006], [41.7758682119871, -1.3603140507500093], [41.77349416369901, -1.3612840819207754]]], [[[41.78405394520547, -1.3470645558685028], [41.78930664062524, -1.3406959772109133], [41.788082388881705, -1.3439862995163736], [41.78405394520547, -1.3470645558685028]]], [[[41.91181222110619, -1.1850060216000529], [41.91458511352569, -1.1823619604108586], [41.91483053252513, -1.1836416394693998], [41.91181222110619, -1.1850060216000529]]], [[[41.91263419772238, -1.1689934146226193], [41.91407308249177, -1.1622208385602555], [41.916723930908276, -1.1600566745622913], [41.919078181360106, -1.1540730891940392], [41.920823844621154, -1.1538050052384712], [41.923008249290746, -1.156993138444438], [41.92485806652809, -1.1570712835895485], [41.92726253839095, -1.1558740047997489], [41.928475575988614, -1.1529225607866493], [41.92909961974537, -1.1559011572857862], [41.93082739515789, -1.1561946917182802], [41.939691316446584, -1.1435118927078918], [41.94253948496343, -1.1429917497587354], [41.92809307371236, -1.1634387949568818], [41.91993490557559, -1.1699350247847278], [41.91558761928002, -1.1789546913016906], [41.917041753007396, -1.1713809394577872], [41.91263419772238, -1.1689934146226193]]], [[[41.944583892822436, -1.1465270519255704], [41.94436926611226, -1.146533565934103], [41.94427052460253, -1.1465328637582743], [41.944166522925215, -1.146528222640562], [41.94406366589672, -1.1465180575520577], [41.94396852375864, -1.1465006574347996], [41.94388782962692, -1.14647421237488], [41.943828381822186, -1.1464369170727444], [41.9437963038222, -1.1463912299909822], [41.94377931967105, -1.1463381836733326], [41.9437714930787, -1.14628053047565], [41.943771565972924, -1.1462209573241715], [41.94377900394956, -1.1461618207991613], [41.943793907136325, -1.1461053186326602], [41.943816952779414, -1.146053637462117], [41.94384413452356, -1.1460132133671124], [41.94390666352598, -1.14593731122201], [41.943935843103134, -1.145896335038941], [41.94396355731112, -1.1458436145856936], [41.94398658931179, -1.1457859907018069], [41.94404797671095, -1.145605243263013], [41.94407244061901, -1.1455491343124606], [41.944102427685166, -1.145498658023623], [41.94413442788854, -1.1454602259339346], [41.94420624610517, -1.1453914353431998], [41.944241091769825, -1.1453560952471946], [41.94427265342108, -1.145317662179], [41.944331738795185, -1.1452369442430204], [41.94436310511432, -1.1451984890658444], [41.9444682546649, -1.1450940660374869], [41.94449949513502, -1.1450555158864155], [41.94452857936977, -1.145005007830278], [41.94455219587, -1.144949060893417], [41.94461245035443, -1.1447707551729174], [41.9446360364189, -1.1447148530579803], [41.94466507843072, -1.1446644182329528], [41.94469627640186, -1.1446259622328796], [41.944801476492984, -1.1445222288855454], [41.9448330607521, -1.1444842931556103], [41.944893260300034, -1.1444054525383756], [41.94492588193627, -1.144368550841655], [41.94496174987155, -1.1443357255983315], [41.94503777935951, -1.1442743454707731], [41.945073677326064, -1.1442415209770722], [41.94510612482355, -1.1442049009118698], [41.94516607146711, -1.1441266406205557], [41.94519749769478, -1.1440889144120874], [41.94530277463892, -1.1439846876822628], [41.94533397065304, -1.143946064298838], [41.94536290839254, -1.143895685323713], [41.94538642009748, -1.1438399257980052], [41.94544644421471, -1.1436623165620645], [41.945469913609486, -1.143606612901447], [41.945498768692076, -1.1435563063260084], [41.945529838252156, -1.1435177437685056], [41.94563414907579, -1.143413182449347], [41.94566513846817, -1.1433746717683917], [41.94572331506859, -1.1432938516193296], [41.945754314893705, -1.1432553540275485], [41.94585869095776, -1.143150881423736], [41.945889788515714, -1.1431123627587674], [41.94591876813672, -1.1430619170810878], [41.94594232337005, -1.1430060468286634], [41.94600249943045, -1.1428279451807448], [41.94602604730876, -1.142772066753615], [41.9460550153815, -1.142721608340434], [41.94608609886484, -1.1426830743040277], [41.94619040353233, -1.1425785257408876], [41.94622136662291, -1.142539990097056], [41.94627944176315, -1.1424590674950146], [41.94631036243025, -1.142420489154759], [41.94641436099326, -1.1423156324687582], [41.94644527858512, -1.1422769314107555], [41.94647401508203, -1.1422262397992249], [41.94649728410448, -1.1421700804893113], [41.946556331746095, -1.141990841249772], [41.94657942246246, -1.1419345021178344], [41.94660790892134, -1.1418835581018953], [41.9466381174047, -1.1418450987957556], [41.94674007411622, -1.1417410473211191], [41.94677121064815, -1.141702677704835], [41.94683091699433, -1.1416233668690694], [41.9468635871132, -1.1415865252614381], [41.94690031688177, -1.1415536213958504], [41.94697941807101, -1.1414934449943885], [41.94701767077726, -1.141462052315621], [41.94712171441425, -1.1413589112055682], [41.94716027858584, -1.1413283970829617], [41.94721131363633, -1.1412997898891923], [41.94726789438869, -1.1412767104480785], [41.94744925601431, -1.1412189413506617], [41.94750687354177, -1.1411967802109828], [41.94755962185451, -1.141169703900811], [41.94760064263524, -1.1411409532322097], [41.94767725349281, -1.1410778679731486], [41.947718229602955, -1.1410489033691888], [41.94777051005262, -1.1410215725566424], [41.94782756815752, -1.1409989089110155], [41.94800711049852, -1.1409384611027455], [41.9480631844838, -1.1409142102566143], [41.94811385743567, -1.14088437277373], [41.948152774608445, -1.1408523211365633], [41.948258768397665, -1.1407445958421008], [41.94829803234957, -1.1407123112337807], [41.94838062051504, -1.140651889017839], [41.94842010700343, -1.1406201508063134], [41.94849140045723, -1.1405507897536786], [41.94852732413176, -1.1405177885138933], [41.94856662695, -1.1404897005514485], [41.948617876746056, -1.140466503381397], [41.94867409372095, -1.1404523737938526], [41.948732703732375, -1.1404464171314004], [41.948791178187335, -1.1404483229310074], [41.94884689433708, -1.1404583660386862], [41.948896985764435, -1.140477424191964], [41.948938183279, -1.1405070123411392], [41.94896772887891, -1.140548129293915], [41.94898677436997, -1.1405981124001023], [41.94899682749896, -1.140653706966031], [41.94899876222068, -1.140712058074154], [41.94899285270212, -1.1407705527015182], [41.94897879072707, -1.140826671296356], [41.94895568677329, -1.140877849043374], [41.948927597376525, -1.1409172424106089], [41.94889458079648, -1.1409532546627226], [41.94882519977982, -1.141024756962004], [41.948793580888136, -1.1410642383637075], [41.94873341697996, -1.1411468380812622], [41.94870127993299, -1.1411861276060513], [41.94859363997328, -1.1412925772125142], [41.94856160103076, -1.1413316299519565], [41.94853175162693, -1.1413824307769254], [41.948507414969086, -1.1414385580673851], [41.94844550988908, -1.1416170569758393], [41.948421585601466, -1.1416729914837092], [41.94839232738322, -1.1417234812582038], [41.94836092686779, -1.1417621408912986], [41.94825538757617, -1.141866426731351], [41.948223750111254, -1.1419045183908665], [41.948163477527885, -1.14198360195412], [41.948130809843505, -1.1420205710221936], [41.948094866623734, -1.1420534067027681], [41.948018495186204, -1.142114540901627], [41.94798226140543, -1.1421470390694282], [41.947949071106024, -1.14218340475216], [41.947886844025476, -1.1422602626340854], [41.94785360357312, -1.1422965540003531], [41.947816760578334, -1.1423293564981378], [41.94773904897603, -1.142390922654755], [41.94770253765087, -1.1424240450295535], [41.94766988065625, -1.1424608998178414], [41.947609796589106, -1.1425398330259888], [41.94757833599053, -1.1425778786158673], [41.94747368469331, -1.1426820967866718], [41.94744271341496, -1.1427207470241711], [41.94741394835103, -1.1427714124490933], [41.94739065527672, -1.1428275492491018], [41.94733134644332, -1.1430065274623296], [41.94730805507591, -1.1430626645186663], [41.947279292667275, -1.1431133303335876], [41.94724832458779, -1.143151981027966], [41.9471436891172, -1.143256201345853], [41.94711223649766, -1.1432942479855583], [41.94705217407933, -1.1433731839595822], [41.947019531483335, -1.1434100405114371], [41.94698303757286, -1.1434431649337533], [41.9469053722125, -1.143504736183008], [41.94686855958683, -1.1435375418405762], [41.94683535555052, -1.1435738368672048], [41.94677322432217, -1.1436507037401604], [41.94674009627893, -1.143687074738196], [41.94670393558121, -1.1437195786116554], [41.946627753218564, -1.143780725380637], [41.94659193111009, -1.143813567834016], [41.94655940823698, -1.1438505439856677], [41.94649950710564, -1.1439296408993975], [41.94646810454704, -1.1439677373614714], [41.94636352748536, -1.14407201498463], [41.946332553111006, -1.1441106588375476], [41.94630386288499, -1.1441611065516426], [41.94628059666884, -1.1442169782755123], [41.94622128349012, -1.1443950789146378], [41.946198020357, -1.1444509537203977], [41.94616933030561, -1.1445014016078652], [41.94613834927328, -1.144540038800777], [41.94603368975703, -1.144644233960566], [41.94600223719736, -1.1446822804169514], [41.94594218599886, -1.1447612272502], [41.94590954485095, -1.1447980851180688], [41.945873038658206, -1.1448311971504737], [41.94579529673207, -1.144892691674702], [41.94575842528661, -1.144925438454301], [41.94572515827862, -1.144961670462095], [41.94566286647118, -1.1450383766865784], [41.945629604902564, -1.1450746141336658], [41.94559271473467, -1.145107342190819], [41.945514806397284, -1.1451686703037183], [41.9454781696862, -1.1452016518176826], [41.945445405598406, -1.145238386745671], [41.94538514483011, -1.145317124009047], [41.94535354860723, -1.14535502680204], [41.945247859932536, -1.14545819280276], [41.94521644723484, -1.1454963983302129], [41.945187327006664, -1.1455467055486928], [41.94516393379432, -1.1456027397828343], [41.945106243168354, -1.1457833314968617], [41.94508402278602, -1.1458405385610142], [41.945056340183854, -1.1458922834055123], [41.94502654678304, -1.1459311545555444], [41.94492236835626, -1.1460375583087306], [41.94488613471617, -1.146083164851273], [41.944810977554795, -1.146186635848732], [41.94477022446536, -1.146237791893732], [41.94468463138979, -1.1463304535306733], [41.94464692051572, -1.146373288697287], [41.94461688098522, -1.146414736776034], [41.94459632234616, -1.1464540128426108], [41.94458453418069, -1.1464880470171117], [41.944580512727654, -1.146513345209275], [41.944583892822436, -1.1465270519255704]]], [[[41.97401768373476, -1.0953669189903685], [41.97462649497422, -1.0913819204220836], [41.98006828388739, -1.0850629415879425], [41.983618283847704, -1.0771381731419432], [41.99083478890985, -1.0771317905998927], [41.99184464066886, -1.0797523692384274], [41.99591001170316, -1.0813871446642125], [41.9897820096793, -1.0892298187557863], [41.9849979072259, -1.0865772326609218], [41.974831741344516, -1.0964178453003441], [41.97401768373476, -1.0953669189903685]]], [[[42.000679827139834, -1.0675857978919439], [42.00254345350737, -1.0657782765842043], [42.00148963058102, -1.068311827852451], [42.000679827139834, -1.0675857978919439]]], [[[42.00291422027274, -1.0571352748007783], [42.00430679321309, -1.0543060302732314], [42.004787889938214, -1.0561682908838392], [42.00291422027274, -1.0571352748007783]]], [[[42.006043366215636, -1.0502799561221892], [42.00781468003446, -1.0479940894447353], [42.00728815339919, -1.0511532968874064], [42.006043366215636, -1.0502799561221892]]], [[[42.017907178397536, -1.0327817334025085], [42.024257785851674, -1.0288918599561363], [42.021815147856685, -1.0331976627549793], [42.02285786534024, -1.0363904938952544], [42.020520165606186, -1.0348869997805359], [42.0191177513031, -1.0409431625947967], [42.017907178397536, -1.0327817334025085]]], [[[42.0212583515065, -1.0214063143769252], [42.02440757766138, -1.0144053222213216], [42.03200328971947, -1.0083945310614943], [42.03105248354896, -1.0033347658703988], [42.03267702282095, -0.9994057357081125], [42.03417454795098, -0.9982386827794159], [42.03489231842356, -1.001428355001142], [42.037285204096804, -1.0008962084087507], [42.04047692377327, -0.9930664294337959], [42.04434205493098, -0.9891346832183494], [42.05361049506938, -0.9867546906811668], [42.05810492384893, -0.9835645094783168], [42.050731834983964, -0.994445140659959], [42.054274774475616, -0.9969874741718492], [42.05228534840445, -1.0009006884598364], [42.049348053542175, -0.9994031754637405], [42.047363518295995, -1.001890657426106], [42.04763433190736, -1.0041735000126266], [42.04982137476013, -1.0042108004275612], [42.04869167304538, -1.006665628279933], [42.04295475907715, -1.01080389448369], [42.041171526734374, -1.0139571456235323], [42.03921288652471, -1.0121557172243705], [42.037716670620824, -1.0132720876471417], [42.03844701238549, -1.0171541434714975], [42.03589424642546, -1.0222847229881964], [42.03021178078289, -1.0282765059769865], [42.03062073024989, -1.0303311015961363], [42.02667293631262, -1.03481178292175], [42.02633020719003, -1.0313322423610032], [42.03259576158197, -1.023879205704901], [42.02700822936444, -1.0237182173064667], [42.0212583515065, -1.0214063143769252]]], [[[42.05932844888666, -0.9821121974987506], [42.064770419631984, -0.976337779073642], [42.061987923724345, -0.9811547270888603], [42.05932844888666, -0.9821121974987506]]], [[[42.0779864190653, -0.9763960422912703], [42.084494249519025, -0.9710628330098707], [42.081437530114314, -0.9758818169375054], [42.0779864190653, -0.9763960422912703]]], [[[42.099608835076026, -0.9521228513842388], [42.10496249220911, -0.9432942511847102], [42.1076393127443, -0.9426379799841271], [42.108381077014386, -0.9442488347422433], [42.10558370635856, -0.9478754787219472], [42.099608835076026, -0.9521228513842388]]], [[[42.09401379523375, -0.9445867693651948], [42.093973163593304, -0.944588442440562], [42.09391330859235, -0.9445870468542488], [42.093840825921106, -0.9445803704832372], [42.09376229486335, -0.9445661023703238], [42.09368438205577, -0.944541787987994], [42.0936139175554, -0.9445047975707759], [42.09355444350554, -0.9444506356001341], [42.093511178647006, -0.9443840944336017], [42.093483787699896, -0.9443105181836202], [42.093471682365205, -0.9442355744851731], [42.0934704492952, -0.94416203856915], [42.09347401909193, -0.944088863638413], [42.093482448806455, -0.9440176344801081], [42.09349634917389, -0.9439499869109618], [42.09351681661141, -0.9438877095156322], [42.09354544871343, -0.9438328636164321], [42.093576355365954, -0.943793750509279], [42.09368258213982, -0.9436891803491925], [42.09371434842507, -0.9436507524348308], [42.09377412117449, -0.9435702346217028], [42.093805949015476, -0.9435319882889353], [42.09391246505892, -0.943428239732345], [42.0939439938449, -0.9433897809788299], [42.09397326291918, -0.9433392469293516], [42.09399691084937, -0.9432831435620663], [42.09405593639755, -0.943103163902002], [42.09407835157856, -0.9430459742553836], [42.094105575674064, -0.9429936166515311], [42.094134454656825, -0.9429527650750984], [42.094197488798116, -0.9428763695026525], [42.0942262292794, -0.9428354055589487], [42.09425311772873, -0.9427830623282212], [42.09427515768455, -0.9427258716537139], [42.09433273311981, -0.9425457240273865], [42.09435571862042, -0.9424894443994063], [42.09438416431955, -0.9424386050203886], [42.09441446837731, -0.9424000963531114], [42.094516838482406, -0.9422958685501897], [42.09454812891363, -0.942257384092791], [42.09460814512785, -0.9421777013888892], [42.09464096911742, -0.9421405850918312], [42.094677851394565, -0.9421073341379298], [42.09475724970774, -0.9420462053409722], [42.094795645838985, -0.9420141853861068], [42.094900841409114, -0.9419077530703461], [42.094939904224844, -0.9418759952261695], [42.09499129339794, -0.9418461264566673], [42.09504830494045, -0.9418216915755266], [42.095231423347286, -0.9417596765358454], [42.09528977159121, -0.9417363253567217], [42.095343305638096, -0.9417084367905986], [42.095385038993186, -0.9416794954014023], [42.09546303129291, -0.9416185826699213], [42.09550458496399, -0.9415927453110022], [42.095557694287336, -0.9415714072282348], [42.09561525422086, -0.9415586199289265], [42.095674924403795, -0.9415537224611619], [42.09573439915816, -0.941556627200633], [42.095791284776155, -0.9415678379730323], [42.09584296787004, -0.9415884855292305], [42.095886475708795, -0.9416203813584971], [42.095921482885515, -0.9416686705678394], [42.09594631296572, -0.9417287201698414], [42.095963473081895, -0.9417972737125062], [42.09597483956601, -0.941871784340929], [42.095981756169124, -0.9419502445286092], [42.095985111997805, -0.9420310358926081], [42.09598539756138, -0.9421127965411706], [42.09598273863408, -0.9421943020690975], [42.09597690823604, -0.942274355785198], [42.095967317299994, -0.9423516838070505], [42.095952984829495, -0.9424248311478571], [42.095932488843616, -0.9424920559290655], [42.0959039005167, -0.9425512205416524], [42.095873628000476, -0.9425924316820193], [42.09583916729348, -0.9426293462002171], [42.09576816747111, -0.9427006853316193], [42.09573598413138, -0.9427393293875745], [42.09567431383975, -0.9428188873937131], [42.09564088426207, -0.9428558753006726], [42.095603645527305, -0.9428890573810449], [42.09552466602187, -0.9429506120648838], [42.09548729392641, -0.942983375421445], [42.0954535964901, -0.9430196195188572], [42.095390617156355, -0.9430963383203022], [42.095357079857905, -0.9431325736377154], [42.09531994355889, -0.9431652878174361], [42.09524151703566, -0.9432264598038458], [42.09520451306564, -0.9432592136303413], [42.09517121231984, -0.9432955440210371], [42.09510906312347, -0.9433726037449723], [42.09507591200003, -0.9434090357785401], [42.09503911420322, -0.9434419142614985], [42.094961188898424, -0.9435033145535492], [42.09492438436088, -0.9435361621509912], [42.09489130170017, -0.9435726067820376], [42.09482964252321, -0.943649988978688], [42.09479671863879, -0.9436865805854104], [42.09476006853451, -0.9437195624923049], [42.094682216572835, -0.9437809681303015], [42.09464541941054, -0.9438137972510567], [42.09461242180002, -0.9438503053947649], [42.09455121952264, -0.9439281115507718], [42.09451858628307, -0.9439649813246724], [42.094482682880866, -0.9439977458095754], [42.09440613302144, -0.9440585302881814], [42.094368062874395, -0.9440934668226468], [42.09432996509737, -0.9441376036039877], [42.094252910077586, -0.9442403088065525], [42.09421184687071, -0.9442917906228736], [42.09412700266864, -0.9443852032304783], [42.09408989489188, -0.9444286422816788], [42.09406049528735, -0.9444707308972049], [42.09404052399127, -0.9445105947296177], [42.0940291757459, -0.9445450690365824], [42.09402533493201, -0.9445705478296134], [42.094028472900476, -0.9445840120314557], [42.09401379523375, -0.9445867693651948]]], [[[42.08627475570222, -0.9268441052657543], [42.08874893188491, -0.9243040084836878], [42.08781026885548, -0.9270502734425072], [42.08627475570222, -0.9268441052657543]]], [[[42.11542446805156, -0.9238863986197536], [42.118473052978814, -0.9187499880788579], [42.119809607235766, -0.9211071637599026], [42.116445677591415, -0.9253493414157248], [42.11542446805156, -0.9238863986197536]]], [[[42.09680551624456, -0.9183390629192694], [42.09902954101602, -0.9159719944000315], [42.098414355706566, -0.9181367024126068], [42.09680551624456, -0.9183390629192694]]], [[[42.12790505974216, -0.9049041972376308], [42.13561502525441, -0.896173447961111], [42.13658920291739, -0.8908449513068888], [42.14303000798748, -0.8818478606886764], [42.14892972777912, -0.8778179414127933], [42.15297658132987, -0.8715887814256789], [42.15870722492846, -0.8680830832350033], [42.16395049246097, -0.8622843519044281], [42.17023689889673, -0.848570399767155], [42.17278457937327, -0.8482356250455219], [42.17503893236484, -0.8508990507215302], [42.176606695429626, -0.8471526242091336], [42.179764453478455, -0.8483935164941485], [42.185377179651525, -0.8444732905793266], [42.20449077598013, -0.8227273676887563], [42.199474789562615, -0.8309314627077384], [42.19105115381279, -0.8388297890435474], [42.18503128208299, -0.849270196718475], [42.171531099463536, -0.8594482127675533], [42.145249777184375, -0.8874043754202958], [42.14373977785223, -0.8939833017214553], [42.14537528611261, -0.8944326662256401], [42.14119266483857, -0.8995250694944872], [42.138509700373746, -0.900230786473653], [42.141391901070705, -0.8974154532752614], [42.13805458590532, -0.8982498851020964], [42.13166609326572, -0.9018645661738915], [42.12950646898045, -0.9056229714993407], [42.12790505974216, -0.9049041972376308]]], [[[42.20544217110405, -0.8217832032155741], [42.22578766968877, -0.7991219463644654], [42.22819519042994, -0.7984730005263323], [42.215076160615624, -0.8147986652315069], [42.20544217110405, -0.8217832032155741]]], [[[42.23243843689009, -0.7930686817906967], [42.235510483646635, -0.7860660704415139], [42.239442457668915, -0.7813060353747829], [42.241469901927616, -0.7813218867604093], [42.23243843689009, -0.7930686817906967]]], [[[42.2465144077247, -0.7693547717241493], [42.250891444446566, -0.76811517344386], [42.254859924316804, -0.7640290260313414], [42.25480697444689, -0.7675027749549628], [42.252001111319274, -0.7706229841943006], [42.2465144077247, -0.7693547717241493]]], [[[42.25354439413495, -0.7536135354614153], [42.257139266981454, -0.748247758152008], [42.259769620160995, -0.7477191022014367], [42.25579351595174, -0.7510701460523777], [42.254542956318645, -0.7544895859375771], [42.25354439413495, -0.7536135354614153]]], [[[42.26266705070519, -0.7503994903859983], [42.276728661039456, -0.7314507674937225], [42.27829386360594, -0.7260640831366665], [42.28534101926709, -0.7245093531670115], [42.28908449139422, -0.7182513372286685], [42.292820481632106, -0.7173349641703446], [42.3049240093798, -0.7026990037529472], [42.30986022949247, -0.6998620033263663], [42.28202488963096, -0.7328592831321572], [42.2729728533117, -0.7404749704683837], [42.26726625913743, -0.7483744564344512], [42.26266705070519, -0.7503994903859983]]], [[[42.30985017196113, -0.6981537207203274], [42.31087965573474, -0.6971690670843671], [42.31004203829657, -0.6998584040970961], [42.30985017196113, -0.6981537207203274]]], [[[42.31235879092169, -0.6952762593985788], [42.31893953847285, -0.6888414708903206], [42.31388307097072, -0.6954121876510548], [42.31235879092169, -0.6952762593985788]]], [[[42.32068093724132, -0.6521319111742123], [42.323444494534726, -0.6482679604018919], [42.32241190322165, -0.6435979110255268], [42.32519863328294, -0.6399185135969248], [42.32994090476812, -0.6415203745060865], [42.33506489668049, -0.6408956733843212], [42.34272034835344, -0.6249404139478258], [42.35041809082071, -0.6212499737737502], [42.35132587966693, -0.6253397980469515], [42.353986916769244, -0.6269391131542328], [42.34993925754475, -0.6288286802922798], [42.34933360660503, -0.6316034251667695], [42.35145429157666, -0.6336750602383461], [42.342996928000446, -0.6427185266254725], [42.3390770058985, -0.6497153646280545], [42.33983477630812, -0.652151497542917], [42.33699035624136, -0.6575474737030333], [42.33155740022242, -0.6619717790058637], [42.330973476274465, -0.6577031911319402], [42.33258845080972, -0.6569534177252017], [42.33260692529922, -0.6526008047630576], [42.330000739073455, -0.6515890937321949], [42.32851644567256, -0.6547726172690709], [42.32842821360397, -0.6633436841795053], [42.32611134323162, -0.6634226158690453], [42.32397307562225, -0.6593580743742926], [42.32187342308295, -0.6586790298678906], [42.32234849801665, -0.6545871112665118], [42.32068093724132, -0.6521319111742123]]], [[[42.352942659856666, -0.610672277302136], [42.35517868206885, -0.6063579892864084], [42.36029211410167, -0.6046821665258477], [42.35672731925125, -0.608950307358878], [42.352942659856666, -0.610672277302136]]], [[[42.36262744857024, -0.6060221392467184], [42.36569595336928, -0.6034730076790211], [42.3637059386115, -0.6064282535269676], [42.36262744857024, -0.6060221392467184]]], [[[42.377909740834426, -0.5901803634011031], [42.381081966109065, -0.5837884818974608], [42.3849984059908, -0.5804690702745567], [42.377909740834426, -0.5901803634011031]]], [[[42.394612944186974, -0.5673963488318705], [42.39906882875603, -0.5624715595204925], [42.402272045413284, -0.5616143079743878], [42.39972466703465, -0.5656377148652396], [42.394612944186974, -0.5673963488318705]]], [[[42.403471850801836, -0.5613987208023623], [42.40547627076464, -0.5574188815138363], [42.40819549560567, -0.5562490224838328], [42.4083865863942, -0.5575431938645607], [42.403471850801836, -0.5613987208023623]]], [[[42.40155992589099, -0.5568348208548883], [42.40986251831079, -0.551250994205386], [42.40644770042704, -0.555899521838608], [42.404454784192865, -0.5557533183330392], [42.40226070474266, -0.5581252757371296], [42.40155992589099, -0.5568348208548883]]], [[[42.41402816772501, -0.5509729981421501], [42.414013285823785, -0.5509784238766784], [42.413986646338316, -0.5509754210884381], [42.41395231257707, -0.5509628035567964], [42.41391501770853, -0.5509385569308449], [42.413870747524925, -0.5508896199654316], [42.41383211363808, -0.5508216132518378], [42.413800199084946, -0.5507385526690705], [42.41377524235955, -0.5506452980103198], [42.413757149604706, -0.5505470659184368], [42.413745751656876, -0.5504491898868906], [42.413740916486745, -0.5503570149651509], [42.413741577553495, -0.550185741384233], [42.41374389657368, -0.5501013456452135], [42.41374796120515, -0.550018453357513], [42.41375433777873, -0.5499377441274582], [42.41376381704765, -0.5498600782653611], [42.413777459148974, -0.5497865576025589], [42.41379665006893, -0.5497185921355268], [42.41382316678825, -0.5496579717183963], [42.41385042676332, -0.5496154204732022], [42.41391066723975, -0.5495360902001849], [42.41393764599604, -0.5494933084501312], [42.41396291929186, -0.5494352291079068], [42.41398183788655, -0.549370813751036], [42.41399642840415, -0.5493020860304547], [42.41403142701846, -0.5490871932601209], [42.41404564258461, -0.5490181223545036], [42.41406413426675, -0.5489533275226925], [42.41408910943623, -0.5488950127019869], [42.414123222359564, -0.5488458284591751], [42.41416623780589, -0.5488091788695009], [42.41421719623216, -0.5487804579832094], [42.414273207330496, -0.5487567709699697], [42.41439037614968, -0.5487144656686631], [42.41444690696615, -0.5486912076207311], [42.414498990995156, -0.5486634579933352], [42.4145396658986, -0.5486343542603116], [42.414615999450874, -0.5485709785427488], [42.414656978419714, -0.5485420105217891], [42.414709358013354, -0.5485147717423793], [42.41476663160722, -0.5484923163498117], [42.41494816260155, -0.5484338337358601], [42.415005767898265, -0.5484111057389534], [42.41505875202202, -0.5483835708254929], [42.4151005960976, -0.5483544386459798], [42.41518017407914, -0.548291641981578], [42.415223624111334, -0.5482637301492659], [42.41528471964992, -0.5482370623934401], [42.41535315671517, -0.5482177679403826], [42.41542702286198, -0.5482041430556954], [42.41550474134465, -0.548194930824895], [42.41558497675709, -0.5481892697741557], [42.41566654046186, -0.548186656048653], [42.415748295196934, -0.5481869221078277], [42.41582905646145, -0.5481902337163262], [42.41590748719855, -0.5481971064261053], [42.41598198169055, -0.5482084424101679], [42.41605053445846, -0.5482255881618308], [42.41611059038421, -0.5482504128822434], [42.416158873535196, -0.5482854059896773], [42.416190677247215, -0.5483287787252138], [42.41621119372604, -0.5483802303218859], [42.41622217348731, -0.5484367488965951], [42.41622467058424, -0.5484956596880401], [42.41621908999102, -0.5485544805414726], [42.416205215158, -0.5486107836299752], [42.41618221640363, -0.548662064029724], [42.41615460280049, -0.5487009949777892], [42.41612212719056, -0.5487365751050781], [42.416053535865586, -0.5488068786859905], [42.41602149782598, -0.5488459215388524], [42.41595950437099, -0.5489266782079376], [42.415925747217656, -0.5489643488217659], [42.415888130396525, -0.548998217353212], [42.41580832273986, -0.5490610319395444], [42.41577050250048, -0.5490943113868312], [42.41573654604932, -0.549130684462316], [42.41567280449489, -0.5492071809244585], [42.41563877493705, -0.5492430759392413], [42.41560076714795, -0.5492754942550953], [42.415519807727804, -0.5493350780137334], [42.415480891456895, -0.5493663009339826], [42.415374925806944, -0.5494699835591348], [42.41533582876579, -0.5495006612730151], [42.415284524896194, -0.549529185547069], [42.415227753864585, -0.5495521964518062], [42.415046980229235, -0.549610562090173], [42.41499039652582, -0.5496336410770724], [42.41493949616154, -0.5496623853019393], [42.41490104789351, -0.5496934944507963], [42.41486650033545, -0.5497284947739693], [42.41479974578742, -0.5498008132679182], [42.414727755806695, -0.5498662042270546], [42.41469276616138, -0.549899898903881], [42.41466152675653, -0.5499373406005574], [42.414632281357015, -0.549987538463224], [42.41460890979988, -0.5500436072384467], [42.41455164905457, -0.5502246549296856], [42.414529581818186, -0.5502820208829178], [42.414502019686225, -0.5503338909125226], [42.41447184549544, -0.5503733383892744], [42.41436626635374, -0.5504809614895727], [42.41432995043422, -0.5505268801468048], [42.41425466985672, -0.5506313598229156], [42.41421382104545, -0.5506830560476388], [42.41412855300554, -0.5507760448379955], [42.41409098141419, -0.5508190200821588], [42.414061059403366, -0.5508605862974285], [42.414040590487375, -0.5508999525138485], [42.4140288568932, -0.5509340414742141], [42.41402484434769, -0.5509593485351942], [42.41402816772501, -0.5509729981421501]]], [[[42.44123163568575, -0.5409237569139229], [42.443380844710546, -0.53883683865714], [42.44286045046782, -0.5411933551981534], [42.44123163568575, -0.5409237569139229]]], [[[42.421885558168356, -0.5402821237387982], [42.42658589695357, -0.5338059506259079], [42.43013763427773, -0.5320829749106508], [42.42587581099892, -0.5380978268358021], [42.421885558168356, -0.5402821237387982]]], [[[42.427711250549834, -0.5294568501923429], [42.43135729880693, -0.522398089581209], [42.43810561149887, -0.5168972073131144], [42.427711250549834, -0.5294568501923429]]], [[[42.47680649683902, -0.47917766759168856], [42.47930526733407, -0.4773609936235417], [42.47895156743891, -0.4789511586106059], [42.47680649683902, -0.47917766759168856]]], [[[42.50627221302496, -0.4370577891183096], [42.51005676600013, -0.4346089842780714], [42.51176876418016, -0.43527311636366406], [42.50944571820804, -0.44093252368431024], [42.5066278655427, -0.43982425453683405], [42.507841357360846, -0.4377824823480019], [42.50627221302496, -0.4370577891183096]]], [[[44.03516901557404, 1.1018209410848208], [44.03662836442771, 1.1055951488282219], [44.04041671752968, 1.1073600053791672], [44.0400781174434, 1.1051987110815027], [44.03516901557404, 1.1018209410848208]]], [[[34.06636355978439, 3.2795505817668342], [34.07328395661359, 3.2977802941122754], [34.09022992950615, 3.315013026162241], [34.093977632816774, 3.33843676599286], [34.10381114013915, 3.360045571334471], [34.111522608736784, 3.3946406015136894], [34.10819095222593, 3.433329120946251], [34.101165061629686, 3.4655554189901423], [34.09290644128352, 3.4980897618210456], [34.07909996640416, 3.5245432153308016], [34.43705827842579, 3.661372665038389], [34.602189599051066, 3.7389716734759233], [34.606486865923365, 3.756153083125959], [34.60539490304964, 3.7612254599257895], [34.60889093943465, 3.76454502898347], [34.62095474433387, 3.78479541682535], [34.62624998814246, 3.7889596925863707], [34.628555692754944, 3.797089762302754], [34.63335836731805, 3.7992418140523583], [34.63667482083893, 3.80670579763618], [34.63603474407933, 3.809849392599098], [34.63968069976087, 3.8157596847189907], [34.63566785528585, 3.817618174869299], [34.63733043109994, 3.820706546391463], [34.63781488915601, 3.833389699813818], [34.642903434731494, 3.835243171791049], [34.65072962076264, 3.8327481549989457], [34.665080862610516, 3.8471047199471826], [34.67110869187434, 3.8489788753428584], [34.68190101995799, 3.859102161039509], [34.68991544291243, 3.858583463255762], [34.690477599412624, 3.8657033419141413], [34.70293476892579, 3.870835402240271], [34.70653442283674, 3.8835445865321745], [34.714061637027534, 3.882056491214005], [34.725151637950276, 3.8928607647642295], [34.7271960017471, 3.8990015410694596], [34.73224582001358, 3.9021876997130462], [34.89344095336087, 4.989828372636886], [35.41070073343101, 5.18259377466417], [36.06687066054449, 5.17706955339148], [36.06705756594782, 5.170903137699813], [36.07373299178232, 5.159264844001179], [36.07402425981637, 5.153790460723641], [36.06829594781332, 5.153749841860346], [36.0640019022009, 5.148502143905056], [36.066189679997514, 5.142875089273026], [36.07770342676791, 5.13931712150746], [36.08325615508861, 5.122891319547264], [36.07923263335043, 5.121667765566464], [36.072783835559726, 5.122980663561229], [36.07489040696113, 5.108877641129041], [36.08588293000655, 5.110145453909222], [36.08684368110407, 5.116629317449075], [36.09087120234663, 5.112679812900957], [36.09267204875977, 5.105286610735995], [36.088941041929175, 5.100192483237677], [36.08227902739057, 5.100249482312826], [36.07138529609682, 5.097335081410883], [36.061443296129355, 5.103983463497876], [36.06512444148998, 5.107231262098512], [36.065160018851834, 5.112362640392078], [36.06041723506959, 5.114703542311052], [36.05520465951671, 5.110024356816869], [36.05800997289422, 5.090357535045921], [36.061890974419704, 5.081126071933674], [36.06939854634491, 5.080872065373267], [36.064502028632724, 5.0753993472084], [36.04204809813521, 5.064498569990363], [36.03663089496792, 5.055153789264157], [36.04112795375017, 5.0490591283917325], [36.04798804328163, 5.048129652148738], [36.05170266119267, 5.057060622368638], [36.06118372388992, 5.0603601904135616], [36.07297300956525, 5.054142925446438], [36.060883534384665, 5.03915304753], [36.0625667155226, 5.035699025299458], [36.07410784514045, 5.041909271883284], [36.077105786741555, 5.0371763339708515], [36.071837824599136, 5.023303968028394], [36.062871918586666, 5.017328147994739], [36.055417984777456, 5.018680988224979], [36.05271320808435, 5.016412389595317], [36.06303928573667, 4.997930564650723], [36.05070978651455, 5.002754971092351], [36.04712909368431, 5.007363342776252], [36.04062623241476, 5.002569967228389], [36.04134928845682, 4.998911840244304], [36.04865988130737, 4.995444425720443], [36.05636108571791, 4.9843228325724205], [36.06386759294865, 4.979109596344912], [36.0734467638487, 4.981769190849185], [36.07706456241556, 4.980636956571384], [36.077429276392444, 4.973301222439243], [36.08470103318507, 4.970682298040387], [36.083345008728436, 4.9823989919962415], [36.07755577323851, 4.988515498603043], [36.08344909437805, 4.991549598821312], [36.08769560316568, 4.998053473601651], [36.090749996454726, 4.989037990367208], [36.090132583986374, 4.9806254106145715], [36.093879268652714, 4.975765809441992], [36.10339038044331, 4.983482841710398], [36.10403257803548, 4.976517536190308], [36.10103975525974, 4.963152481802393], [36.094648748038345, 4.9531202146830395], [36.08687965742342, 4.952466531180157], [36.08904614914437, 4.945803577845577], [36.10178324294041, 4.947333894867125], [36.11014035724037, 4.9527680241915135], [36.11525934993907, 4.9601353131278465], [36.11948984605001, 4.958842736429727], [36.11977547482824, 4.954582205976667], [36.11554515512659, 4.949356103383231], [36.115505218652196, 4.939772771134223], [36.11012198350441, 4.940755863710635], [36.1081390415583, 4.937736744285505], [36.10693916979742, 4.930483235732687], [36.10099588310903, 4.93145387234928], [36.098097333648134, 4.930069087000668], [36.10222563494255, 4.923316860737749], [36.09653676753962, 4.920054695081923], [36.095024621623935, 4.913429563329565], [36.09778852542221, 4.907771835772358], [36.10277874920148, 4.9033991876881196], [36.09577969538763, 4.896203424924163], [36.09462453188748, 4.892337057255915], [36.09850713173409, 4.889976490927374], [36.10332799351142, 4.890827411991829], [36.10379946844163, 4.88669190027138], [36.10050942343702, 4.882988426234338], [36.09616391845237, 4.885692542826494], [36.092537541662224, 4.884064040780835], [36.09419235426846, 4.878314246306427], [36.09200187245066, 4.869853057885322], [36.09608294225045, 4.867114990892631], [36.09711827535148, 4.863740087982517], [36.087825618512966, 4.8565748642607005], [36.07998539599838, 4.857761914272409], [36.07025768165731, 4.8556387833755394], [36.07128792825574, 4.846737013151127], [36.075778722464065, 4.83745199522523], [36.07358948032911, 4.8350500929934555], [36.0650043461746, 4.835354817309636], [36.05672097370523, 4.830539712977757], [36.0518238495482, 4.825224807825503], [36.04750104505126, 4.8007867997204485], [36.043138163439366, 4.79435790300662], [36.03721419660123, 4.795190204993595], [36.034630898452676, 4.8025849728119425], [36.02162823288478, 4.78968986383488], [36.016573638170975, 4.788404584338359], [36.01417006982502, 4.784929234796699], [36.018149269537865, 4.7735038470147835], [36.015288992124546, 4.768889639102937], [36.0080318066018, 4.766240660177036], [36.00656884921794, 4.761615587209846], [36.007330410585865, 4.754275031159729], [36.002791445841716, 4.745789297283089], [36.003669456539996, 4.7393775769931885], [35.99413712518232, 4.727931382018859], [35.99175107130251, 4.7192526011409015], [35.99121523638101, 4.691033266252511], [37.07471004561978, 4.737676237490398], [37.767216654389564, 4.365178964820117], [38.4464309382393, 3.607259028497502], [38.50369550435052, 3.629437511659141], [38.51046562089878, 3.628610141781998], [38.519054748667266, 3.6337745705144826], [38.520378361637604, 3.646177061882973], [38.51628030131896, 3.6509190418662314], [38.515550470313904, 3.6548916608258892], [38.51739167986868, 3.6576835392460723], [38.53644781142283, 3.6572776685152704], [38.54865502179266, 3.647045156024255], [38.549046663701255, 3.6419568201155457], [38.554980009290325, 3.6288012735680404], [38.55473755368931, 3.6227581824035866], [38.557329651071555, 3.61905389099131], [38.56246251170462, 3.6186959630141864], [38.56648457994361, 3.6132031664246185], [38.56947897945063, 3.6136251656002223], [38.57684134900535, 3.609173909673437], [38.60293133461462, 3.611764824973342], [38.61183801224311, 3.616831289138524], [38.61310224856248, 3.612561080601708], [38.6191099914548, 3.607428273292303], [38.62206646304341, 3.608368302354716], [38.66503665771948, 3.598963316646266], [38.666780011655185, 3.6042194860439487], [38.67087055272212, 3.609053585087942], [38.67129584976646, 3.626189591226982], [38.67887469371834, 3.62972127311836], [38.684298590523454, 3.6276423448801793], [38.68631911729033, 3.6213710897376146], [38.709720833417734, 3.586680939070199], [38.71255413313329, 3.576817746314866], [38.84424578264004, 3.5373786295712435], [38.90321561304813, 3.5169613077376667], [38.957308293394995, 3.519672797773545], [39.862355912750765, 3.3771377525100306], [41.19432327925932, 3.938035684425902], [41.20886438405159, 3.9370453536695678], [41.211581586864384, 3.9488543475188393], [41.2185509065548, 3.9504194008876965], [41.21874649323943, 3.9555047461808286], [41.23077258591775, 3.9542565992134477], [41.234325678459356, 3.9515995656218124], [41.24125537025237, 3.9591368694976055], [41.244286171531115, 3.960375656704553], [41.24553177922135, 3.957876817623209], [41.24465763103232, 3.9532996108282887], [41.24876282579422, 3.95143983694566], [41.25198137862399, 3.9559721730844117], [41.258736377313284, 3.954808719369886], [41.264437346612944, 3.9574735801868783], [41.271803832826144, 3.95362089039444], [41.27759781613883, 3.947877249081479], [41.280356900914235, 3.9515755106327006], [41.283508967034884, 3.949732582650391], [41.282832979310776, 3.944963523448088], [41.297627582082804, 3.9454451089441918], [41.29607794886728, 3.9530728604958227], [41.29964528451851, 3.9537402553027974], [41.30171966785881, 3.948915434091262], [41.30781985842945, 3.9451587559854246], [41.3129288982443, 3.945792509858272], [41.32800095278935, 3.93949200055901], [41.3337895526377, 3.944029513044846], [41.337323200613525, 3.942908824730786], [41.347738880258696, 3.94892497444075], [41.352644781085786, 3.9482976659746], [41.35454254462481, 3.9530340977442364], [41.354656504976546, 3.9593574178339104], [41.36223465120193, 3.9591919146856576], [41.363980462660884, 3.954177599867272], [41.367284250491394, 3.955200706782726], [41.37901605186994, 3.9522841344255895], [41.38092473199269, 3.954855136832826], [41.37941031512327, 3.9582095698957893], [41.387395063828166, 3.959173922387251], [41.390359784585236, 3.9636584130283055], [41.39503422008933, 3.964685658888502], [41.40926346466857, 3.954724260482269], [41.41469292516096, 3.954107074431114], [41.41885799570933, 3.948487732313268], [41.436908987477864, 3.9504406593478443], [41.43594172578419, 3.956899212424638], [41.438811566960794, 3.958398487391303], [41.44753132846529, 3.955067607530218], [41.450733754820504, 3.9578040482927364], [41.46079724654116, 3.9607991267553118], [41.46545506575025, 3.9557705504241554], [41.46790560379917, 3.955973088540567], [41.47190638816768, 3.9596969750004725], [41.47379616545736, 3.9594606672704664], [41.476460608098634, 3.9558554303936084], [41.47832844330975, 3.956970734385525], [41.47815488912681, 3.9624853434234737], [41.481355308294184, 3.9641253901341784], [41.48539605774229, 3.9627724560352036], [41.4907171959035, 3.9648475283049507], [41.49796371097915, 3.9621952483217555], [41.501386943085635, 3.963510360742319], [41.50361440959644, 3.967230898067477], [41.507222049278894, 3.9663174995538526], [41.51118472859993, 3.9606012183094137], [41.50879649909439, 3.9566085759305665], [41.50980269570877, 3.954503505666331], [41.515942593326656, 3.953790726796271], [41.52451754190666, 3.9600119293111042], [41.53001794706289, 3.9729077465709324], [41.53851372425878, 3.9757391785138836], [41.540277039168146, 3.9788853242361384], [41.545992131806045, 3.981134068110272], [41.55244974018669, 3.9822510070967283], [41.56331453646588, 3.9752658156652316], [41.569120529905504, 3.9682712082627987], [41.58043229100113, 3.972401789284998], [41.59374390387677, 3.9705928594667945], [41.603480778073816, 3.974357202742997], [41.61550162341358, 3.972998795692863], [41.621345670631996, 3.974175102577739], [41.62469930536298, 3.9807092470160583], [41.627967960062065, 3.981602432129396], [41.6293732211834, 3.976946547526829], [41.63192246907653, 3.9782662325833513], [41.63317655147411, 3.9828161676552583], [41.63632897625203, 3.9836944730165875], [41.63747849632618, 3.980536717587981], [41.63546715236103, 3.977441874704237], [41.63704564346099, 3.9762717493726747], [41.63929542378054, 3.9780746591524547], [41.64285866680953, 3.9768793402948717], [41.64503619857457, 3.9718405275541286], [41.65260338706817, 3.9698398769231886], [41.654734165019406, 3.9658599665030287], [41.662372640654695, 3.9675166452039186], [41.670412886671585, 3.9664413511182346], [41.674967178336445, 3.958931100297171], [41.67714991805519, 3.959514193474824], [41.67875737869427, 3.9671919110216187], [41.68166955124023, 3.970210800149367], [41.681929605269914, 3.974882191491737], [41.6849248723489, 3.974554793011677], [41.68577273470328, 3.9702269242340122], [41.68891950881584, 3.9711165467875027], [41.69246157138052, 3.979577736745334], [41.70201803104999, 3.9831259993723407], [41.70554156688323, 3.986316850387041], [41.71258122690401, 3.985603616813684], [41.71640166135015, 3.993165891115204], [41.719426540529284, 3.9934920439602912], [41.71980321127347, 3.9888155019025113], [41.72195232263577, 3.9872824630036625], [41.72532969415778, 3.9886740005749672], [41.727465007426915, 3.9864500939600163], [41.73277126889073, 3.9854917357295534], [41.73364959969989, 3.9837525203944253], [41.73885800701652, 3.9857699990574], [41.75252569991487, 3.9810624614781815], [41.75245109942695, 3.973634113802362], [41.763792290067784, 3.975055022823561], [41.76915219997001, 3.973298579675923], [41.77383598939245, 3.9746444006338884], [41.77762693712454, 3.9808243959105667], [41.78236322639039, 3.98038985091911], [41.78544062472548, 3.977176945542162], [41.79271321175763, 3.9819579392760502], [41.79279873212441, 3.9729019607450695], [41.797951969244465, 3.9711805101401616], [41.79776357468495, 3.969655610936364], [41.79394483539129, 3.968390863081119], [41.79758090824707, 3.9588656625548353], [41.80152648192569, 3.957783148018869], [41.80640451463093, 3.9599940463344048], [41.809967441532706, 3.9572654633536004], [41.812007241994394, 3.959312790513227], [41.81860155735892, 3.959319485727388], [41.81978571980595, 3.9576109520831366], [41.81759860394153, 3.9553482371330624], [41.81758161220391, 3.952680766529106], [41.822642388624246, 3.949294042935982], [41.82679770278473, 3.952342453852033], [41.83290775731018, 3.947717900470284], [41.83377065362565, 3.954405673998142], [41.840092089946, 3.9554454942951196], [41.844666974835405, 3.949929620774519], [41.84934940485478, 3.950249744864866], [41.85123198665012, 3.9531355649244944], [41.85047583327642, 3.9576315630098797], [41.852392680572066, 3.9617018971684033], [41.862150457015815, 3.9614389657648204], [41.86345159620598, 3.966710378809026], [41.86561134003101, 3.966736575763587], [41.8665549502757, 3.9637684871342245], [41.869691200441764, 3.963750534579315], [41.8727747842354, 3.9678370722773266], [41.87747378728464, 3.968405083292261], [41.87985859509472, 3.97469814059739], [41.89132923283961, 3.98110057607677], [41.89609659565791, 3.9824635667116155], [41.899637494110934, 3.9786522033570932], [41.903429652110276, 3.9798494064745356], [41.90528750071093, 3.982633018862238], [41.90928830989709, 3.9831944379596713], [41.91165502366091, 3.993327868752907], [41.91510603985763, 3.996571784996352], [41.92170357749704, 3.9963257349076926], [41.927261363318294, 4.001280905403217], [41.93615277328196, 4.001353326781178], [41.9436476729267, 4.008594984951099], [41.9483560022954, 4.022665295654495], [41.95232816948274, 4.023631715277666], [41.95053512603285, 4.047849705605124], [41.94639416550176, 4.052554805247823], [41.95146310344741, 4.062261063547325], [41.95539312019926, 4.061464180266718], [41.95909657758038, 4.064974760520592], [41.96394398692719, 4.072511509881995], [41.96544480133167, 4.077901238005534], [41.96957914181142, 4.082069254715439], [41.97849311549612, 4.078981099703729], [41.98000870143589, 4.081665717141593], [41.97766169463986, 4.089779255029093], [41.980964911604715, 4.093678143068182], [41.97956269214595, 4.097082412459809], [41.98084135420733, 4.098787161527053], [41.98549995611761, 4.099026296293264], [41.9889174905162, 4.104025334185881], [41.99203560006312, 4.10481990668772], [42.001332571472545, 4.100440653952788], [42.001719590224, 4.109663252328268], [42.0050571120326, 4.113271814626309], [42.02178386650904, 4.111220047610555], [42.02528491693195, 4.123427324516495], [42.03333400408057, 4.125519649878619], [42.03930840386968, 4.141660863398712], [42.042822734426196, 4.142117573085315], [42.045822790417915, 4.136855761104165], [42.05024810412718, 4.1386965539486305], [42.055318263642334, 4.148026423153041], [42.060897609570176, 4.146510545495154], [42.059197142969936, 4.15434652678184], [42.0639470311052, 4.158748607533582], [42.073356348678644, 4.163318494319547], [42.07571501705712, 4.174396651750058], [42.07878682965821, 4.177756937101986], [42.08203712871425, 4.176627020499925], [42.08718547267837, 4.168857196506927], [42.091586422389696, 4.168608656084373], [42.1019266915888, 4.170690089299136], [42.103417096304, 4.178186441584543], [42.10746387140799, 4.17922428209674], [42.113306186153395, 4.177490483826453], [42.12301612808123, 4.17197027449814], [42.15081795669634, 4.148053498622197], [42.1602398479001, 4.143713958658825], [42.17003988760341, 4.147767427391315], [42.1788867481702, 4.14798283702509], [42.18046241002861, 4.1506357005743695], [42.17989679062609, 4.1556187771731], [42.16977390443405, 4.170775916477034], [42.17031915259854, 4.176871205212464], [42.17317067014827, 4.180118511654165], [42.1817200149505, 4.1827131156311665], [42.19305939402301, 4.180443159161175], [42.198033059217906, 4.181805895638526], [42.201188318585295, 4.1795485557848195], [42.20106719932845, 4.177141130789643], [42.19713835978497, 4.174678580959281], [42.19466959291404, 4.170325479450511], [42.193352487978345, 4.163170020826758], [42.194666717043646, 4.158173599378891], [42.20045985012996, 4.156508080805523], [42.214111274351765, 4.1636503752572125], [42.21912748755551, 4.164257185809596], [42.22676526798851, 4.160616835750332], [42.232125928451765, 4.1526691935129385], [42.22558465663849, 4.1426632307459705], [42.22487832123464, 4.135151569454234], [42.229287068153994, 4.130275938249774], [42.23620352728334, 4.127063631549934], [42.24312588658191, 4.128915546509894], [42.24804411326774, 4.132584365964622], [42.25504572712549, 4.144801795972832], [42.26196350240842, 4.147463140548481], [42.27804215098044, 4.146399911767375], [42.28931723421249, 4.129483068423092], [42.293161076481326, 4.113759413015529], [42.30968105251503, 4.1022979172165925], [42.310546282006825, 4.096196309627366], [42.3053626822398, 4.08824966599677], [42.30644338455694, 4.082313285390661], [42.31288641736592, 4.078540395606158], [42.32091073976038, 4.078603233941848], [42.32203071952016, 4.07405774856753], [42.32008811692724, 4.068546740480052], [42.31434250612908, 4.066638014989767], [42.31341268245929, 4.063493700195544], [42.3252252003728, 4.054290356758241], [42.3405543891196, 4.053474830507888], [42.34772363788119, 4.048688825813464], [42.36640578671144, 4.0570090566576695], [42.37320726395312, 4.058363778846321], [42.386639531105544, 4.051707264762207], [42.39279443230491, 4.039915234512172], [42.401128120932455, 4.030636187263738], [42.408261080202806, 4.017131695611155], [42.4260156712931, 4.0077429205176], [42.43152986894573, 3.998413963372151], [42.437415447526675, 3.995921112737257], [42.44244662423125, 3.985795278305339], [42.44881300293582, 3.97789342974151], [42.44424736603723, 3.9617710786239897], [42.45088528046904, 3.9452304226739194], [42.45725375620816, 3.944567826124203], [42.45983201570952, 3.9412005188809403], [42.459889480150906, 3.930550767388443], [42.4629357942827, 3.930395120651877], [42.471456837337314, 3.934037652317592], [42.48299850870298, 3.934159182328713], [42.509942123428615, 3.9227747979252676], [42.52794227066873, 3.919806309976572], [42.52598210657919, 3.9068858089734277], [42.52759874096999, 3.901404973482549], [42.532952261512776, 3.8995806308605125], [42.54731155742279, 3.902378838133693], [42.55294371960528, 3.901892842606671], [42.55321037163267, 3.89419035863763], [42.55702933393445, 3.887272586697989], [42.56316146281823, 3.881139279356873], [42.56342581770288, 3.8583443604309338], [42.56724096509005, 3.8473516672878922], [42.57001603050627, 3.8308287333542097], [42.57682561530612, 3.8284003165935516], [42.57872735179387, 3.813341711102371], [42.581744003871165, 3.8067302667110354], [42.580572535830015, 3.802182191037808], [42.563640631674645, 3.789498467268217], [42.55594605135241, 3.7887341738098286], [42.5499956999076, 3.7897368725738474], [42.54634556521407, 3.793046252793843], [42.5468080540691, 3.797936257236458], [42.55282016308472, 3.8012869893962815], [42.56628428268351, 3.804059767079117], [42.56888939820681, 3.808738495396071], [42.56481535080444, 3.819847566565084], [42.56087515885679, 3.8221116201568], [42.546726887015765, 3.8254243469124667], [42.54151149991739, 3.8251189770718526], [42.52993322641318, 3.8190745845437597], [42.52650510502855, 3.813266285149421], [42.52605949684069, 3.8078216036120622], [42.528561953504436, 3.803254166358407], [42.54106250623924, 3.7996154378640696], [42.5426220927868, 3.795891133501918], [42.54063313270056, 3.780618952864458], [42.54101577561809, 3.770371626256221], [42.54255877027529, 3.7596526368859813], [42.54842859704554, 3.7452832702320933], [42.545754239185925, 3.7407328311125383], [42.54126390762069, 3.7372871422140648], [42.52837685537615, 3.7395463830799187], [42.52483014352944, 3.7337565422431958], [42.535309828480024, 3.7236658711437016], [42.52802000506507, 3.7032744698982896], [42.526683038135545, 3.6910770108620667], [42.52939847041334, 3.6837958622910634], [42.52622221046566, 3.6796882798760606], [42.51483225601761, 3.672040035836723], [42.503775447083044, 3.669622127726903], [42.49158706007155, 3.6620407706317266], [42.49067665632184, 3.6543251118592153], [42.493297861073756, 3.648668313513472], [42.49868813305257, 3.6437525217250872], [42.50622980598618, 3.641814097308817], [42.51853484216906, 3.641528669993967], [42.520295828245494, 3.6373353927130943], [42.515908461562915, 3.624026550792749], [42.50805673368117, 3.6180593248665645], [42.49988403880654, 3.614456019409353], [42.49553683777184, 3.609286927896484], [42.49572787629462, 3.605358607466915], [42.50871722943509, 3.5995584887669203], [42.50731442546504, 3.5952738343274078], [42.484044797519275, 3.5678902083039716], [42.4709693872707, 3.568809768000982], [42.46705453013108, 3.5652251017187737], [42.46736292140875, 3.55876506180093], [42.47138614288933, 3.5529980319918515], [42.47308234157644, 3.5446385131292963], [42.476392617187926, 3.5396713239614925], [42.489124462479936, 3.532290135957485], [42.491416433323806, 3.524705431965593], [42.49465454980951, 3.5214125620755894], [42.499827081472404, 3.5197632693724685], [42.510413984721055, 3.5229566283381715], [42.51834714599491, 3.5211476071279186], [42.52494494886872, 3.525888429207537], [42.52781129225785, 3.524185418780103], [42.53211506477969, 3.514262910090828], [42.53397198912198, 3.5041773671158367], [42.50718720218708, 3.484883150458053], [42.506770523752394, 3.478556207826202], [42.50838919695782, 3.4746587668544677], [42.512093648301544, 3.472795825128962], [42.516798097434375, 3.478593886454153], [42.520799989800665, 3.478269465516039], [42.53196258224695, 3.4633685236046503], [42.541026412134116, 3.4542615014621987], [42.54635185657422, 3.4461337990448833], [42.54524302345662, 3.439592484251321], [42.537753615700794, 3.4296032412931794], [42.53846855978837, 3.4250912389232298], [42.55568817236065, 3.4185790110528487], [42.55920011684165, 3.4096267143945553], [42.55760106237628, 3.4050008859727328], [42.55300352201826, 3.4024753460184094], [42.545705131925445, 3.401714339201291], [42.52971758469056, 3.4052317875212808], [42.521853125419725, 3.405264590902803], [42.51586135213829, 3.402266064278116], [42.50991393422156, 3.392336710051282], [42.50020067018846, 3.3857273495881763], [42.50124470787499, 3.370257927196498], [42.49936560320809, 3.3511236094205827], [42.495937109299234, 3.345070927218032], [42.4842962392928, 3.332021298909506], [42.466313950446036, 3.326536802890658], [42.46383305249975, 3.3185079499026955], [42.47338334175305, 3.304936472821886], [42.48244775411864, 3.284001871417665], [42.4868893921648, 3.279861888256576], [42.49548212547208, 3.2760069527468367], [42.495874829195316, 3.2696147400324023], [42.49954131101231, 3.2670874904361398], [42.50370058939926, 3.258741142548118], [42.4984538569028, 3.2489336677876253], [42.497625889746445, 3.2413707899393813], [42.49820405816324, 3.234471844231159], [42.50549412615713, 3.2270377864726214], [42.50635563176816, 3.221057467390189], [42.502673723351606, 3.198248417229401], [42.49793917580648, 3.190249416518533], [42.49823858286243, 3.1849869906110513], [42.50338070451623, 3.174946570013539], [42.50119763938544, 3.156156790898514], [42.49553497201718, 3.137470010411427], [42.497129625189714, 3.1285495685045035], [42.50645722611709, 3.126749634604799], [42.51684391059244, 3.130224317628951], [42.52583584027684, 3.1271013424804224], [42.534522757219776, 3.1141122313413057], [42.536696838878115, 3.1057182166738713], [42.543245941183386, 3.102126506558413], [42.55465466100718, 3.100264880285099], [42.565773139442356, 3.102393428266616], [42.58249274294937, 3.1003190834702394], [42.58578668783689, 3.0958493037117414], [42.58508271216287, 3.091009281971637], [42.5806169718591, 3.0846653091307203], [42.56411639955449, 3.0751783207489076], [42.56015235332474, 3.067329942109744], [42.55580421363946, 3.0148474162208245], [42.56502087246476, 2.992973927176436], [42.56363176134316, 2.9821646409350606], [42.55497485100294, 2.975649891392564], [42.54509779162899, 2.9709019614576633], [42.53745684916696, 2.961703293654729], [42.52216543687997, 2.9490968555497616], [42.50887300206526, 2.9309783359996473], [42.50169076339711, 2.9288385565640525], [42.48274740529202, 2.893258935598599], [42.47533292207582, 2.882688172785876], [42.46980229024136, 2.879496426842511], [42.46405985372289, 2.8705844086040173], [42.45833078248042, 2.865583278582708], [42.45360643704005, 2.856890135907843], [42.44755502812599, 2.854300890983243], [42.43823307388085, 2.846998721621354], [42.40168181503546, 2.8375815911261277], [42.373772332402396, 2.8264175194749903], [42.34652064530239, 2.7934777630212366], [42.342231597972116, 2.785361953624534], [42.341061564902574, 2.7638296810025516], [42.34539146210122, 2.752817489967054], [42.35661346902015, 2.709379763971455], [42.35949419802908, 2.6903210518943084], [42.35854292902506, 2.683645920090651], [42.364971752441434, 2.662281279877778], [42.36932672543362, 2.6554584125653165], [42.37721161808709, 2.649238697811242], [42.37903873068039, 2.6412153276452095], [42.37685625420352, 2.629414733386561], [42.36833979961078, 2.6231437846751433], [42.35268346112254, 2.6175262178005383], [42.33607290511189, 2.62218202815432], [42.32476953228962, 2.6193355462549768], [42.3172099664953, 2.6137408230056742], [42.31184514828287, 2.606276850497615], [42.30603526961404, 2.5971798264442754], [42.30093875024964, 2.5848705407442125], [42.29711420545766, 2.569868239511088], [42.29519168133554, 2.5525563267707625], [42.29392849727313, 2.5202152004728546], [42.29609531789063, 2.504194348177215], [42.30533005474656, 2.4794478192681453], [42.32127375691502, 2.4449005559735966], [43.08344206127438, 2.437817279011469], [43.10097262218379, 2.4252093139292903], [43.111367064791054, 2.42009715372107], [43.115648004189936, 2.41339987628826], [43.11794992668983, 2.405000154912031], [43.11806766216863, 2.3961735609301833], [43.128316401560355, 2.371973589590983], [43.14097279754084, 2.364982049670907], [43.15223588384481, 2.3565172182558953], [43.15886822258382, 2.349121899145114], [43.17216400285916, 2.3475541655890737], [43.185051492620204, 2.3417617698794153], [43.19203303474916, 2.333130544034791], [43.19743606236203, 2.2962762931045617], [43.20709478866914, 2.2854752312360134], [43.220813412231976, 2.2779060194588325], [43.23893505892366, 2.2550985751358184], [43.231681449803546, 2.2289806155789478], [43.23022097779675, 2.2152242814784913], [43.23286346687479, 2.192262853773787], [43.26680597594273, 2.162391389537312], [43.27484099846633, 2.1430207259095297], [43.2779801792103, 2.11542987748188], [43.28629458217233, 2.092263813201491], [43.28860149647778, 2.0760077574597986], [43.28751706854207, 2.046690450064183], [43.28917671314994, 2.034049392047656], [43.295598166268164, 2.023507903165502], [43.30683255234523, 2.010390180428125], [43.31829248868148, 2.0032535254807655], [43.329602382461744, 1.9730203324902291], [43.34224189583563, 1.9633468403488692], [43.35859274630069, 1.955856685773007], [43.36535769196442, 1.9417868933957934], [43.36989950219633, 1.927713633413621], [43.368768952708706, 1.9079643199417369], [43.36360484911596, 1.892621336042268], [43.36878361887601, 1.8781415504667294], [43.403807742352114, 1.8642467855359186], [43.41918092574703, 1.8610408652901107], [43.437880592249925, 1.850032289556271], [43.44630654313947, 1.8380021945835452], [43.46051295966387, 1.8301193022073576], [43.47180681502964, 1.8258922245604232], [43.51762984882727, 1.8174041696981575], [43.540989657380194, 1.8070781621347471], [43.56145902497187, 1.7915691382329086], [43.56539917630259, 1.7740589622595522], [43.558769610774576, 1.7242087097295595], [43.56699625633739, 1.680806806511594], [43.58334049776184, 1.6312155624823816], [43.59750752071926, 1.6005947263230809], [43.889829258499276, 1.3726621083827624], [43.89594593878387, 1.3471084255220163], [43.90193314455432, 1.3412624452077822], [43.91044890902141, 1.3424693742621692], [43.925382460453136, 1.3402864889468198], [43.92866118631319, 1.3325732365899974], [43.93478518705153, 1.3290253584761231], [43.93991589308311, 1.3315450441279815], [43.940252572684116, 1.342953018155903], [43.94209070760128, 1.3494514936242226], [43.96063821190596, 1.356258480908103], [43.97476093063625, 1.354296274654267], [43.977340166852855, 1.3444230282080767], [43.9812717186241, 1.3382894588607215], [43.996441652913106, 1.3269450839628512], [44.009053753210566, 1.322270444136155], [44.011268223173346, 1.3198981354297885], [44.010347050354795, 1.3171911171707258], [44.01289542093744, 1.3121270369099065], [44.013083415500645, 1.3071178302341409], [44.011315295051304, 1.297440575956312], [44.01523863732511, 1.2907463011193627], [44.01408234991494, 1.2839153804186338], [44.01608504707363, 1.2768213165704552], [44.01427015444705, 1.2727247770420576], [44.017476897514044, 1.263899735456377], [44.02047964466239, 1.2624179359644678], [44.01997369986647, 1.251291661509903], [44.02259041656046, 1.243603071787149], [44.03850686180651, 1.2457797578474334], [44.04878909092159, 1.2550427705880125], [44.0531868788261, 1.2540801894048066], [44.130943580167084, 1.185053895954848], [44.128399638890784, 1.1834988674536824], [44.123614836631134, 1.1867616838900048], [44.0960532543004, 1.171169746226532], [44.068113785392, 1.1471646016781207], [44.04722196084913, 1.1331358359566686], [44.04615104324546, 1.1291263090945876], [44.034104971719586, 1.1175610734702985], [44.03172919553367, 1.1096607704776957], [44.02852961868079, 1.1080586652674214], [44.023227138366224, 1.0949266917199125], [44.02225853345084, 1.0876722386738997], [44.019916135455276, 1.0874969864632007], [44.01910446865679, 1.0889293164305442], [44.02060925689622, 1.0903058420017615], [44.018594511305594, 1.0923703018305382], [44.007766256426535, 1.0884232935652456], [43.96883066863141, 1.0614463451479779], [43.941326810680266, 1.0353399974485384], [43.93848863158995, 1.0287691411443163], [43.94045897842177, 1.0255174900100101], [43.942895739773405, 1.025351390616482], [43.93816656425341, 1.0208076541588191], [43.93710436752444, 1.0215972653733658], [43.93892259158943, 1.0236733691912931], [43.93583344397244, 1.0234163870057174], [43.914941321498276, 1.0120015038193948], [43.89629419353051, 0.9975259730322001], [43.89254416566183, 0.9924570150957841], [43.88941449513251, 0.9914516672818969], [43.88839351425614, 0.9885512351645716], [43.88355072886229, 0.9881158872024471], [43.852166444594346, 0.9667246634422995], [43.8246271032023, 0.9453043323831807], [43.80783530920348, 0.9293855516156597], [43.77851315227163, 0.9105842522089809], [43.77341105094034, 0.9024217570779776], [43.76216378727024, 0.8939501949310831], [43.755623276137726, 0.8793461110471874], [43.73239696082295, 0.8625323721479745], [43.72946888638795, 0.8585543514164868], [43.717442257639775, 0.8514461925380985], [43.712320914196226, 0.8458039856691819], [43.694108211151146, 0.8336687454074472], [43.64823608790776, 0.7953047832360411], [43.62992202901471, 0.7786878976863605], [43.61979944397875, 0.7668671058411753], [43.564366486046794, 0.7189658618238965], [43.52714653486008, 0.6845208240159124], [43.47020075360392, 0.6286887761018285], [43.374367980455204, 0.530355732184475], [43.15813335800752, 0.29159012412534224], [43.137146664360785, 0.2709103100506667], [43.104243353129604, 0.23131091880768295], [43.076310429286494, 0.20257672896853052], [43.04535547552693, 0.16714430691693494], [42.98575707668172, 0.10563181197596094], [42.87340961544396, -0.019799198775459104], [42.776743730516216, -0.11785485277608743], [42.694367645482075, -0.19464422593453534], [42.66214382500824, -0.22742214651238868], [42.659803150731804, -0.2317456291494473], [42.63589044614005, -0.252280376387624], [42.62629331227129, -0.25775058146213325], [42.61108039123728, -0.2732314000810625], [42.60363979019887, -0.2859331456634955], [42.58997352151043, -0.29823602465701526], [42.57741404207424, -0.31777099216152394], [42.57348890021363, -0.3282004673759147], [42.573417089770345, -0.34112050583714293], [42.56839346961351, -0.3464577782423355], [42.566297767878154, -0.3463754404300339], [42.56576874649981, -0.3505833403978791], [42.5690410626281, -0.34997768531534845], [42.566883118125006, -0.3513266731995017], [42.56561042285921, -0.356445577678997], [42.563043658547, -0.35730382725644816], [42.56449160164753, -0.3543606270737669], [42.560889137732985, -0.35263825364846113], [42.556576206373734, -0.3552674556197104], [42.5557001754605, -0.3596947205919392], [42.557155762019875, -0.36367836876407367], [42.56059819063333, -0.36421355701210345], [42.5601892457868, -0.3615867148585288], [42.56256925483336, -0.3598813148300444], [42.56376407840074, -0.3607352426009385], [42.56061221334947, -0.36896072558865], [42.560286656272, -0.36546356608213415], [42.557290626393225, -0.36488906810627597], [42.555168044439114, -0.36644985017475307], [42.55660360519738, -0.37535294466546176], [42.55812934349788, -0.37322000804000766], [42.56093605950842, -0.37392623866234587], [42.55705768174282, -0.3811550555247827], [42.544723575216295, -0.3895374332644401], [42.54134634184369, -0.3875966780002109], [42.542559281620754, -0.3862506559328942], [42.54473143521233, -0.3878723898900631], [42.549821207920516, -0.3847498099001072], [42.55480388158564, -0.37888947709050314], [42.555673677477316, -0.37568863265513386], [42.55399139695673, -0.3710766536691317], [42.544763030930014, -0.36633643763379453], [42.53388616289159, -0.36685406879679405], [42.52131085835737, -0.3760311826347156], [42.51614710562245, -0.38510411851366655], [42.5140630908258, -0.38552220240526225], [42.50577674760444, -0.39383040322839946], [42.50106450860383, -0.4015866116791038], [42.500897262069884, -0.4050625236959853], [42.49466366357436, -0.4093865538762991], [42.489765651438574, -0.4189315308814372], [42.47875054919278, -0.426395631423258], [42.4746532603603, -0.43355418429151626], [42.47589295273501, -0.43531685363107187], [42.47379076886287, -0.4393953958752732], [42.477178800471734, -0.44532331601847375], [42.48542150867341, -0.44861011905603476], [42.474903469111794, -0.45943486856212346], [42.47542362614284, -0.46138288501471436], [42.47815607160757, -0.46254778913454686], [42.47702801960057, -0.46528555190481313], [42.47299172447275, -0.4657700673372105], [42.47026702185633, -0.46868057469126967], [42.47059976715876, -0.46577828292506496], [42.468936172659085, -0.4667732154348663], [42.46686787317576, -0.46500219971945356], [42.469524407030164, -0.4544073385311691], [42.46487279298316, -0.4532203957366292], [42.4580135085984, -0.45551324276131666], [42.448638304547444, -0.47120939143021445], [42.43242126012757, -0.48186566780210427], [42.41670170375454, -0.5017014438779093], [42.41136305340608, -0.5062909435564293], [42.40452034340693, -0.5183291779589076], [42.39603746518857, -0.5258384513437946], [42.387299006585636, -0.5400773936538243], [42.37712375785617, -0.5458044257325305], [42.364418749436624, -0.5599054215991366], [42.33049913233292, -0.6032765128337374], [42.32283717050721, -0.6156185674920138], [42.32133254745422, -0.6154892752293399], [42.31574003287602, -0.6241658670752308], [42.31532255945788, -0.6300433480564287], [42.31135836293927, -0.6307318848997916], [42.29132295076782, -0.657718845894049], [42.29089589909522, -0.6608944344879113], [42.28553762390935, -0.6648882811456573], [42.269778471278315, -0.6872801592827642], [42.26021603416169, -0.6977165706028003], [42.25764064575445, -0.7064083431045347], [42.25947796168798, -0.714507634084292], [42.24710307568796, -0.7157881607468646], [42.234665331836936, -0.7310525205122858], [42.23143132377204, -0.7414634833118754], [42.226328201519806, -0.7468835189208249], [42.21979917559226, -0.7591656599457579], [42.21159089753411, -0.7657570953103026], [42.20419628717133, -0.777323199287892], [42.185529553862025, -0.7957378113793361], [42.178101287304955, -0.80948935550391], [42.15295568803779, -0.8260802395592108], [42.148923854609436, -0.832829331173766], [42.147835427619825, -0.831051607362852], [42.144167546657854, -0.8302200361684591], [42.140598867252706, -0.833679436510824], [42.13872471859405, -0.8326345726387778], [42.12968058767058, -0.83411677969276], [42.11500993881519, -0.8437015082110015], [42.10880717445367, -0.8447201956769383], [42.1007836089002, -0.8565976068641383], [42.10263429386069, -0.8580034550477826], [42.10147586350318, -0.8633402510179948], [42.08633022610489, -0.8843859345126752], [42.08313246989343, -0.8999972817862449], [42.077002995550046, -0.9056144290691108], [42.07184309670549, -0.907747575731797], [42.06452241785766, -0.916745559890007], [42.058251921134385, -0.9213086711271394], [42.04867687331469, -0.9392244021482625], [42.0383009278048, -0.9479545349641221], [42.02989800980605, -0.9585984007012698], [42.02874426797011, -0.9620303352299224], [42.03039930830653, -0.9659665104196229], [42.03019266176044, -0.971391845389256], [42.035628233803564, -0.9756095024921123], [42.028302601416826, -0.9798996020358146], [42.02700807851852, -0.9847847442053563], [42.02311744728996, -0.9897899679865745], [42.01771994380225, -0.9885468137585711], [41.99577179578108, -1.0038296379153415], [41.98855035155377, -1.0110513433745787], [41.96325212879374, -1.0602671685570257], [41.962889335672145, -1.0727106771689847], [41.95713726104559, -1.081943940256867], [41.95537008253166, -1.090568045564531], [41.9489658768578, -1.098686903277855], [41.93910436777114, -1.1074405208006048], [41.928803708861665, -1.1291659858990037], [41.928549855563105, -1.136726999738034], [41.92971963511401, -1.1379152553225396], [41.9325644390277, -1.1365935106482077], [41.934807493317564, -1.1405447850812749], [41.933392072406775, -1.145059343012143], [41.9320860715665, -1.1465166293627576], [41.9291210021692, -1.1457816203063835], [41.92951153292698, -1.147836326732186], [41.92558004471164, -1.1512592289842232], [41.92460044308463, -1.1498576948107058], [41.9262375813979, -1.1445678775978223], [41.924660529172726, -1.1443766479145339], [41.922014258201315, -1.1525224800450466], [41.91716387393481, -1.153552080388252], [41.908441322420856, -1.1625267018273249], [41.90691528154905, -1.1618334357033504], [41.90488804336853, -1.1642198506382577], [41.905371962335465, -1.168611770273074], [41.900744522308045, -1.1755448234823866], [41.90032379856065, -1.1786567435728017], [41.896599430863205, -1.1789608663750322], [41.896203374199644, -1.1754692597583976], [41.89360940818983, -1.175695211846815], [41.890965673696286, -1.1811330418951975], [41.893139612660605, -1.183890308586875], [41.89138930365212, -1.1835161512302221], [41.88607842499509, -1.1868436985410717], [41.884785377451564, -1.193401120088609], [41.87579981121577, -1.2004530323751688], [41.87574526995627, -1.2038897468401792], [41.8786825963995, -1.2059431003098346], [41.88088403235001, -1.2049511928817296], [41.880752800152095, -1.2078338585071329], [41.882745425456676, -1.2068066512401536], [41.8883338491396, -1.2084223455434788], [41.9003120952887, -1.196766812643844], [41.90156750408836, -1.192469641416281], [41.906978814216714, -1.1899458325496752], [41.9061704604852, -1.1925584669956173], [41.89462363917899, -1.2065854517338863], [41.894253562805886, -1.2092452655061408], [41.88756266857344, -1.215340531121754], [41.8851763641504, -1.2155223524238572], [41.882286052879905, -1.21975221080519], [41.8782299660018, -1.2196885212127455], [41.87115915015856, -1.2284047825530813], [41.87422737457017, -1.2210707583840446], [41.86902459784358, -1.2179296524922982], [41.86022237307104, -1.217371872337612], [41.85444421425065, -1.2192991808788172], [41.850347363915944, -1.2176650557457407], [41.8396587170122, -1.2238253150275362], [41.83320147365849, -1.2432793120636703], [41.83357997491069, -1.2462138197306665], [41.83704757844123, -1.2485616711703322], [41.82799039486122, -1.2624393185532305], [41.82821561058853, -1.2644770099591511], [41.830069047673405, -1.264220325247532], [41.81116840013193, -1.2908918917214223], [41.798832392581716, -1.3054975072863222], [41.79770570452615, -1.3083949150997292], [41.80138992676598, -1.3096429088718757], [41.801504921401474, -1.31104217995399], [41.79802447397877, -1.3118434531854888], [41.793548789606675, -1.3188265234087098], [41.792859677407364, -1.3233369287319867], [41.78685288708836, -1.3280450951051108], [41.78394885284416, -1.3422838385693119], [41.776032995114335, -1.3471465815394694], [41.7711924051183, -1.3559137319456553], [41.76436640604014, -1.3604782834077938], [41.757819254403486, -1.3705977988727618], [41.7496618244778, -1.3766056509568507], [41.734936815965554, -1.3982948317768233], [41.736843577353795, -1.4014198864303644], [41.74116364956629, -1.403918091233301], [41.737503546302094, -1.4059000745115995], [41.73666348651183, -1.403240103236179], [41.73133224135644, -1.4079985151141265], [41.71467692656849, -1.4326992998987969], [41.71782796212648, -1.4375756104017405], [41.70962411254156, -1.4430272947721683], [41.702749972865774, -1.4507347398257302], [41.69505777555075, -1.4639497061276856], [41.67966603540451, -1.4841095139884501], [41.67655781915106, -1.4909036822084758], [41.67816817685478, -1.4928820638462774], [41.677033495699874, -1.495288973680296], [41.671170363051516, -1.5045049282134997], [41.66049736681538, -1.5163327789696517], [41.6598126322322, -1.5219536703023877], [41.64521667589939, -1.5429959022016142], [41.64339135968619, -1.5503375445755623], [41.62772087369399, -1.5652190855542685], [41.622009257183564, -1.5833509959075158], [41.6140262100548, -1.5832049490227078], [41.61242307400866, -1.5846451555413736], [41.606450210230875, -1.59589398922164], [41.598275621563204, -1.6049425202901517], [41.588830286558405, -1.619665319020978], [41.586540223529425, -1.6274528480422639], [41.587394861069, -1.6357657084192994], [41.59020401764285, -1.6392182183480024], [41.59124916257842, -1.6382044777734954], [41.59337546200118, -1.6395087053036477], [41.59660219381519, -1.6327483459920948], [41.59776037398652, -1.63296217704114], [41.59422634101412, -1.6397813365503815], [41.58716325585986, -1.6470509783901726], [41.588724169521825, -1.6408940188961978], [41.585407197906946, -1.6393273182636818], [41.579940308914956, -1.639663565280312], [41.572420778456035, -1.6449198152450144], [41.569227626910006, -1.6514511614936538], [41.55830480343853, -1.662681902562067], [41.55007818340107, -1.6742438375835427], [41.5182758250012, -1.7021617569695096], [41.49658106382593, -1.7352708620855566], [41.49521468102721, -1.7380203720836356], [41.49677606538093, -1.7395482826687108], [41.49488787472589, -1.7431194176644276], [41.49559391204251, -1.745099802741688], [41.45966342468893, -1.7793867161642662], [41.459217100335806, -1.7812251751017083], [41.4631022896714, -1.7790723525322516], [41.46730484539988, -1.77921710644946], [41.47049434350923, -1.7735492364708616], [41.47268196768917, -1.7723954327670821], [41.47174223170272, -1.7797765989776781], [41.475788165659836, -1.7721097880722514], [41.47840025864849, -1.7707994064061428], [41.47738742452081, -1.7737868392019518], [41.47866969318629, -1.774511463292372], [41.48219098545081, -1.7685100028047778], [41.48617602253994, -1.7669178231663345], [41.48895224740717, -1.7778210921870485], [41.48518979690704, -1.7830500136994498], [41.48562167192598, -1.7881218377787444], [41.48235739299936, -1.7886038681992122], [41.47963073907573, -1.7938828602036327], [41.48012324714864, -1.7989332117884782], [41.4655419118093, -1.7998159284183135], [41.46459639267094, -1.798199798880562], [41.466515846405386, -1.792979500943792], [41.46532702653741, -1.7915602812915044], [41.453272927742205, -1.8025724253555087], [41.452111382974095, -1.7975680717075004], [41.457040659749836, -1.7888848893163445], [41.45635223512426, -1.7877137769054752], [41.4477486209819, -1.7954564886034863], [41.44619495929068, -1.8000840669942786], [41.436850165036546, -1.8063810470302588], [41.440241434036565, -1.8086682322136394], [41.446656310868775, -1.8088146245924808], [41.44700558215179, -1.8122921767720346], [41.42880273020852, -1.8093596201155915], [41.428801487643, -1.8130591751424507], [41.432159856272946, -1.8181192687339642], [41.434796095340516, -1.8174496799425288], [41.43675607198337, -1.8205521280925563], [41.433533558243425, -1.8199526206263084], [41.428511679786354, -1.8235815173555547], [41.426984162761656, -1.8278181271092375], [41.42267435050117, -1.8299674019821577], [41.41215824075584, -1.8408779970387368], [41.415000083950744, -1.8420713700772584], [41.419065190451406, -1.8407278791527926], [41.419602023957054, -1.8420538905246087], [41.422558974239735, -1.8401635375731917], [41.4255474558976, -1.8407528098656645], [41.42648873168949, -1.844399004645103], [41.42443290904937, -1.8489560822020135], [41.428672391752926, -1.846449886511392], [41.43060392240319, -1.8382235932073332], [41.43611198335134, -1.838244023278568], [41.438637217117076, -1.8414982685502235], [41.429267179940695, -1.8516974270084585], [41.424085801010165, -1.8532533100884319], [41.42170134713511, -1.8581616363258835], [41.417701420516025, -1.8596447046554498], [41.387463518492325, -1.8911660178469791], [41.389107944282706, -1.8868873136568265], [41.40950437469809, -1.8597802733210766], [41.411180755607916, -1.8549318824028216], [41.409621796208825, -1.8546848929097859], [41.40616472054292, -1.8597902166406666], [41.404343373822, -1.8588481402981305], [41.403086051772334, -1.862321243088294], [41.39660484757571, -1.867717456484952], [41.395603102834684, -1.87115737355108], [41.39106160951123, -1.8727021975281755], [41.39344085748907, -1.875904315360044], [41.39229841327322, -1.8789774396754222], [41.38693411571524, -1.87658160953883], [41.37772076388374, -1.885219047970077], [41.37826641239944, -1.8903425178872002], [41.3814564645378, -1.8911544839669059], [41.37535919049427, -1.8984167476056246], [41.37327510641669, -1.8988937925764393], [41.37758957155509, -1.8919549108729061], [41.376223035575606, -1.888860391574232], [41.369969794921786, -1.8946216055226284], [41.36851208484114, -1.8975486366513916], [41.36925892142572, -1.9002687204427549], [41.36747204151661, -1.899894157748827], [41.362175707619116, -1.908535250228871], [41.363439880600524, -1.910383050487452], [41.3625610815327, -1.9131146314585568], [41.35343158960652, -1.9222494439833593], [41.35052578307282, -1.924216315542493], [41.34839655664067, -1.9185490347960243], [41.34624392690097, -1.9176542654072204], [41.341586356967504, -1.920199280595325], [41.339934188796875, -1.9247827420023622], [41.34643612207523, -1.9286861441970782], [41.32287790599439, -1.9536396320468885], [41.3216662224043, -1.9507416364773267], [41.31769740416474, -1.9521419984819044], [41.314061482695415, -1.9586654480797439], [41.31703676573207, -1.960830554369375], [41.315909952565384, -1.9631325681330747], [41.31273330187995, -1.9653320631811244], [41.31482265579632, -1.9606002288355295], [41.311109376308515, -1.9579681409903404], [41.30838754413447, -1.957691104142567], [41.30438601881555, -1.9599419823288944], [41.29935636668645, -1.9658247826633168], [41.29781454818407, -1.9720474746534489], [41.294344668027, -1.9721847381079183], [41.285596551645305, -1.9830973765734061], [41.28055928772448, -1.9870020124140186], [41.27799462111704, -1.9858923925335947], [41.27564067221333, -1.972220664668578], [41.27059406897403, -1.964962652713309], [41.266042938761956, -1.96210991169683], [41.260491318353594, -1.9628440510511158], [41.261397528891315, -1.954629813134412], [41.258498985304655, -1.9592472741606581], [41.25925915802338, -1.9641666699764304], [41.25604693320125, -1.9670523328119582], [41.24282384764336, -1.9640644785619887], [41.240833570504705, -1.9678579895058501], [41.23670487306637, -1.9692736331694771], [41.23562007141502, -1.9621594666716202], [41.23327376765858, -1.961881933429721], [41.23209593537585, -1.9642386581638416], [41.233709887499266, -1.9688397830555981], [41.23161554731781, -1.9731237630894238], [41.22905725213358, -1.9699369118053145], [41.22431304378847, -1.9454209930215516], [41.22611031665287, -1.943249585462281], [41.23562769741334, -1.9402351974578291], [41.22631486372229, -1.9403421166325874], [41.22684200692533, -1.9346097542345841], [41.22536236786641, -1.9394496974705522], [41.22326539008317, -1.9395144514613438], [41.22177956226346, -1.92673166129107], [41.22014166565045, -1.9247812390255081], [41.2215172060364, -1.916805910006092], [41.219494850302326, -1.9148940822598437], [41.22068617014972, -1.9172952359486128], [41.21904885615884, -1.9223729999795491], [41.21846222752553, -1.9362877984527405], [41.2198505753473, -1.9422776726345514], [41.215339001102976, -1.9528402525665012], [41.21323694273063, -1.9533712266791792], [41.21147890391673, -1.9499226933548552], [41.20546842604825, -1.9452591852159085], [41.203952370785764, -1.9346500298591085], [41.202665392600586, -1.9350593270629712], [41.2025510183419, -1.9414378475979266], [41.19662634216877, -1.9394872397676455], [41.1957229192133, -1.9358995858128392], [41.19765032171117, -1.9358314133639976], [41.198950568886524, -1.9327390912787568], [41.19805264819477, -1.9315742075746822], [41.196048573261564, -1.9336462938035925], [41.19592446724952, -1.9297195934633304], [41.19386661971412, -1.9270731967174992], [41.19242936017252, -1.9275344392070348], [41.195105576968245, -1.9327070158321025], [41.19127857141454, -1.937122784140266], [41.194230911819936, -1.9349276106547908], [41.19444849047938, -1.9392570920770513], [41.18827788090123, -1.937832517470861], [41.18284158393096, -1.9324316023166421], [41.179725403188, -1.9326915934762656], [41.17605277664734, -1.935220805811655], [41.171727653303954, -1.9456163604645749], [41.16744190676301, -1.9488147963972136], [41.1728154411426, -1.9472600212204316], [41.17927526746784, -1.9354454418972988], [41.19306582663694, -1.9415779151997992], [41.200088015800425, -1.9474905044740698], [41.20087560399242, -1.9506040732124585], [41.19100683605553, -1.950243846168087], [41.18827542295823, -1.9566295857943228], [41.189762869559495, -1.9569946892668444], [41.19103228556665, -1.9527825555619938], [41.19255169913175, -1.9524018697381518], [41.19923294068855, -1.955105722033279], [41.20318069192131, -1.954298829447021], [41.20256688155824, -1.9564521990041772], [41.19771169294691, -1.9571519837974005], [41.19899790682738, -1.9621608575135507], [41.1956026098844, -1.9686594501400645], [41.18906661080431, -1.9669874121106101], [41.196795624304634, -1.9715303466612877], [41.192892155054935, -1.9875586864551043], [41.186943983204756, -1.9845243257889944], [41.1830537334522, -1.9790810483957255], [41.18054100469167, -1.9785239753117967], [41.174794381920606, -1.9812411136502117], [41.17181189574169, -1.980136543665667], [41.173834696402, -1.9820776353265845], [41.18311394719943, -1.9810455976185803], [41.184551156938205, -1.9827322115271162], [41.182430297949686, -1.9864459891713704], [41.18952258221747, -1.9902002037321953], [41.19167511705034, -1.9961935903106909], [41.185265997945926, -1.997415057234564], [41.17727720175762, -2.0031257165292526], [41.17282801289051, -2.002960342888249], [41.1714696348188, -2.0043154854336276], [41.16334162060938, -2.001467039811944], [41.162492540986946, -1.9993809301126486], [41.15973350266576, -2.0020360963975303], [41.157880185866, -1.995238816734135], [41.15312055369263, -1.9981691151848668], [41.15228180438689, -1.9946650230111995], [41.1492459172429, -1.9921742656371588], [41.14522854845966, -1.9942178674263733], [41.14448372001701, -1.9904876499877933], [41.143469731351175, -1.9955313672037622], [41.14482833656422, -1.9968934302725838], [41.14332998267632, -1.9981403483067428], [41.141122797798786, -1.998129706049001], [41.13751364043364, -1.9949120924765307], [41.13358585406229, -1.9950467283998297], [41.13147841795045, -1.992625273505011], [41.1286918640224, -1.9973093094718397], [41.12590193754198, -1.9978881017208128], [41.12377711003533, -1.9956279540331412], [41.128920955801725, -1.9923204837455355], [41.129280393896835, -1.9884319008026896], [41.12774450939246, -1.9882243921816478], [41.1257746617082, -1.9922544483046867], [41.124601704764004, -1.9854258558290372], [41.12763152883013, -1.9801354330439391], [41.12443948908436, -1.9804675522379522], [41.11757581481435, -1.9908829373362469], [41.113462904108296, -1.985981214697885], [41.11400155971961, -1.9893775579832518], [41.11230324741869, -1.9914693732999478], [41.10937798889208, -1.9934431267891295], [41.10527631102024, -1.9931848113075912], [41.10593990196137, -1.9990953113711907], [41.10353678167425, -2.002054316870572], [41.10101993127309, -1.9986145313219073], [41.1003377810026, -1.9924417119592253], [41.098895439828105, -1.9904601589231685], [41.09628347747379, -1.9905224657477572], [41.095504559503134, -1.9914657168718986], [41.099000120625114, -1.9950702201014803], [41.10040843989094, -2.0027040401723983], [41.09951651980897, -2.0055597990490615], [41.0963937380096, -2.001301882990747], [41.095589905366666, -2.0039909143935386], [41.09006030389165, -2.0083959918077543], [41.08798680682711, -2.008956367154857], [41.087467578419464, -2.006617505067121], [41.08333727281775, -2.0137058474163805], [41.08023859476014, -2.0128185400289045], [41.07687898198052, -2.007843060100667], [41.07735796656176, -1.9985502996910487], [41.07602815028724, -1.997445438234502], [41.07543472554021, -2.0081849558992726], [41.07810686564709, -2.0127368864366613], [41.07841761166232, -2.017861244470831], [41.07049415893496, -2.019106599864484], [41.065837802096546, -2.023702635337399], [41.06389464817753, -2.0224095855498003], [41.06399783312967, -2.0244775054933495], [41.06076478755441, -2.0265036516074364], [41.05778899848876, -2.02601843768373], [41.05814026369715, -2.027777285300969], [41.05496042229345, -2.0288483425978665], [41.052502033080714, -2.0320387042701338], [41.044958521941595, -2.033014704802083], [41.03882728936768, -2.040216244019133], [41.038695083101125, -2.046111645984938], [41.03422123988257, -2.053682355022568], [41.02966857468556, -2.050700264381744], [41.02527778320245, -2.0539829811880406], [41.012568360700826, -2.0559437892138543], [41.00506035013983, -2.0513280280035406], [40.999727007842786, -2.0503522015999476], [40.997137458961326, -2.048045801463916], [40.997268238245795, -2.0452312819765783], [40.98995740124281, -2.0414311193486245], [40.987036297753406, -2.0308215854455636], [40.98216354311753, -2.0261698932481753], [40.979029467816915, -2.0194160063396804], [40.97905058051819, -2.0131179832320267], [40.981177955064226, -2.012571670131047], [40.982063058935665, -2.0079075496916676], [40.98213674166776, -1.9997159927222175], [40.99151608033421, -1.9794906469316143], [40.99066420181022, -1.9625691657096933], [40.986288574617376, -1.956875168768546], [40.98574520057757, -1.9483336646977545], [40.98667383072066, -1.9465906882935702], [40.99115097926181, -1.9450398723885431], [41.000616542960174, -1.9347842914201774], [41.00633000531922, -1.91966354051325], [41.01284012223446, -1.9128395026500211], [41.01384317382966, -1.9091229568454882], [41.01728618556653, -1.9088893257247275], [41.013198876047426, -1.9082112012797747], [41.01076756226175, -1.910143480151616], [41.00999357592877, -1.9082301288308567], [41.008334943035514, -1.9126384220080173], [41.00545798589864, -1.911706881946218], [41.00329505676648, -1.908268829633153], [40.99798125361414, -1.914405698137811], [40.99031029758678, -1.9301013809221335], [40.98138189198473, -1.9329700628530677], [40.973526800278044, -1.9391676110970035], [40.97126572590018, -1.946813543464243], [40.97125387564216, -1.9549729690298445], [40.97508637705439, -1.9638900110534596], [40.9754127126087, -1.9683921757760015], [40.971577006348, -1.9722113530379115], [40.96985837312631, -1.9787683390818156], [40.97512017963361, -1.9890180795644863], [40.97341238742445, -1.9922997766744555], [40.96850284354546, -1.9953282212570311], [40.9676338252119, -1.998776284386361], [40.96955484048373, -2.002011543042004], [40.96897237335498, -2.0055534471092873], [40.959878049465466, -2.0173662075186893], [40.961330122765645, -2.0267272521616864], [40.96397084287045, -2.0277749015626956], [40.97216208232145, -2.0431160186460406], [40.98064761248122, -2.052222059493447], [40.98064340967725, -2.066110810558408], [40.97894989134475, -2.0686730015428534], [40.971945882206214, -2.071866682072576], [40.97016781487675, -2.073400169365547], [40.97060605945125, -2.075036884321113], [40.9652902127764, -2.0787031691364977], [40.947499230950164, -2.084847857004446], [40.9369353445408, -2.0812008503131363], [40.933520348179904, -2.077787705594192], [40.93325034187104, -2.0741570756846794], [40.9359208863398, -2.070277348378591], [40.938976520598665, -2.05944206244415], [40.930585676199456, -2.0476772248694264], [40.92382757044764, -2.041730242588491], [40.91880106623692, -2.033332923583453], [40.917088509800344, -2.0153072014544637], [40.91962047540481, -2.004518595680649], [40.92150279772807, -2.0027125405071455], [40.92087411898647, -1.9988478429570744], [40.913823842608295, -1.994343209660565], [40.905966349505015, -1.9926559444441327], [40.89326336360469, -1.9954182689530864], [40.88160064626934, -1.9915547157547397], [40.87892743813982, -1.992036937273367], [40.88005028616966, -1.990759838862255], [40.87309119444527, -1.9826777421123598], [40.8627752604371, -1.9735268005392381], [40.86072259045822, -1.9732971901051055], [40.860492187886884, -1.9753244625685173], [40.86320825600006, -1.977348140009516], [40.85027120004537, -1.9731524235489406], [40.84948703700562, -1.9716005641874812], [40.847919518427396, -1.9731768931003035], [40.84471927791143, -1.972153724864123], [40.84197233525356, -1.97319634590154], [40.82916792207901, -1.9700879389418002], [40.81666779987963, -1.9626892756372971], [40.81316278834067, -1.9615591551065403], [40.81021760186979, -1.962846171621857], [40.80903908778507, -1.9597201897532113], [40.810064377181384, -1.9571562028033451], [40.80751123208302, -1.9576350331571124], [40.806821224955854, -1.9606876774691084], [40.80825400271096, -1.9631330850155226], [40.81700081552793, -1.9674406555722168], [40.823548276901896, -1.9731178329517096], [40.827500486915376, -1.9732428348321118], [40.834447456528984, -1.976306922325266], [40.832998623448454, -1.9768656678997854], [40.83388618315134, -1.977587566848138], [40.845826477650434, -1.9807647329499911], [40.856612497099405, -1.988944715730634], [40.86222263605635, -1.9913097322513895], [40.868269813111276, -1.997840748964519], [40.88805859339573, -2.0054643727605903], [40.88988763070028, -2.0083590433265908], [40.89145791216496, -2.0082652814077395], [40.89091210393506, -2.014166701049147], [40.88652169755776, -2.015120511030899], [40.882421684470145, -2.0128586428661333], [40.87889175999991, -2.0065774894569177], [40.881607244198655, -2.014503767306719], [40.88680486667614, -2.016792697338543], [40.89089477644948, -2.0161727090968196], [40.892865602390145, -2.0141704706547525], [40.894662936336175, -2.0068832511946244], [40.89828711036248, -2.0046657355133224], [40.90200657493473, -2.006051030848388], [40.90589056549164, -2.010219953869141], [40.90676562723755, -2.0184968824695115], [40.90432189377112, -2.0423552183141513], [40.90574784099275, -2.050000001795338], [40.908990924075546, -2.0542172591540453], [40.906844225040835, -2.0597268311845607], [40.91254970415364, -2.060509280810985], [40.91317115292466, -2.065492541368963], [40.90721986046902, -2.0667253595114676], [40.89747060466334, -2.0650998183867397], [40.89739336114687, -2.0561813920493943], [40.90117365776039, -2.051109278067509], [40.897367621033005, -2.047931542640713], [40.895500354398, -2.049486728892047], [40.898414271285695, -2.0485591327744412], [40.9000595789733, -2.051153711964071], [40.897440576513596, -2.053829812898167], [40.89494054180066, -2.0622224668566336], [40.89520535095091, -2.0656189489822285], [40.898421650904034, -2.068064401694736], [40.8961661604808, -2.069573328128138], [40.89243079372907, -2.0686006299735826], [40.895777189047074, -2.0712454409625547], [40.9019060106866, -2.068554702473291], [40.90725510623639, -2.069897236771423], [40.91130473228138, -2.0844439893549893], [40.91648282150314, -2.0939351686620977], [40.91626656294008, -2.1018148836967843], [40.918477658476256, -2.10676289661067], [40.91680286877165, -2.116640615244103], [40.91848784274497, -2.123332287278812], [40.916272390116866, -2.128474279283088], [40.917699565624595, -2.1330556524652433], [40.921251853730396, -2.1352915201759526], [40.92042791606688, -2.1561118082069175], [40.92209059479384, -2.172305531342511], [40.92013751222457, -2.1829599909171105], [40.92263632862015, -2.2008581426987472], [40.92157948481799, -2.210568776860411], [40.92688602424169, -2.2189484217137956], [40.93166688419388, -2.220612451550563], [40.93671299817424, -2.2199564640375424], [40.93394903947623, -2.227560327582223], [40.93021011406997, -2.229492663810584], [40.934761519008596, -2.2293953669249245], [40.93686841066884, -2.234163985498716], [40.943056002102026, -2.2403742017921946], [40.937371735655155, -2.2308810959283054], [40.938248557720776, -2.2255555332925336], [40.94111027132322, -2.2215824543296403], [40.9452752613861, -2.220465890539325], [40.94826766648439, -2.2236736961548598], [40.95416176718346, -2.2256181589723756], [40.95812006821334, -2.2232279738438887], [40.96301659217883, -2.223498832480475], [40.961835193005854, -2.227946798103142], [40.96325420851717, -2.2311081266465305], [40.96504342624031, -2.2310616321888244], [40.96936053455736, -2.2368074226635226], [40.97061865754111, -2.2358761935614258], [40.96978095589848, -2.2341074222807844], [40.96544412902646, -2.230216674281982], [40.96660037744116, -2.223546426993872], [40.97000029970844, -2.2232456095843123], [40.97589664244979, -2.2263235770266565], [40.977282625940255, -2.2283253971763006], [40.97601658492583, -2.2372229162904045], [40.983861086660774, -2.2489849359217384], [40.98675477401753, -2.25085384466861], [40.98657092603376, -2.2591651710416993], [40.99032853909535, -2.2619736542739854], [40.97049497086048, -2.2818829866069645], [40.96951091710022, -2.2906161252400192], [40.96049063954511, -2.3004929273244823], [40.960363782878424, -2.3063890397311493], [40.955639389470385, -2.3123052241764253], [40.9463902884248, -2.31897234256242], [40.925201965986176, -2.323182232022214], [40.91605176979379, -2.3181159495183845], [40.9129179367243, -2.313601411467703], [40.91296795426712, -2.3105575718604054], [40.91549465563827, -2.306604837445958], [40.92092355101152, -2.3025027546267562], [40.92345892620469, -2.295134998345949], [40.92300295113596, -2.288842236849087], [40.93826185783343, -2.2901050661189526], [40.943800450375186, -2.2851302272373086], [40.950836905135375, -2.2903570096069803], [40.95179368646705, -2.288754693816797], [40.94513718091407, -2.2834817953808706], [40.939944388575185, -2.284666775115296], [40.93478284317627, -2.288467635178071], [40.927437741775215, -2.285338706558848], [40.92061958271814, -2.2727171368721155], [40.91464861320696, -2.267495040928358], [40.90714884682943, -2.2572112472410755], [40.90342276727555, -2.242500372429701], [40.900146558847624, -2.236323190248113], [40.9027017880618, -2.2261162329896944], [40.908704211377696, -2.219677655200103], [40.90490152713358, -2.220526601028139], [40.90235480180056, -2.2251276423274735], [40.896121936736314, -2.2190772204339293], [40.885536624208825, -2.2157532544405445], [40.88901305626163, -2.2187141609836925], [40.88465050600477, -2.221120166925017], [40.888544882397866, -2.220719539239857], [40.889537217290346, -2.222222569356047], [40.885721834253815, -2.2284949532264786], [40.89120179663404, -2.2402732093201205], [40.89087916154793, -2.2425531923402797], [40.8711784976223, -2.2421094252005336], [40.84799467345964, -2.252440081578433], [40.84107039955765, -2.258291468449114], [40.83561342335785, -2.267002039919097], [40.82639057260665, -2.271760102134257], [40.8222253983249, -2.2707361359901146], [40.82314397227692, -2.2733425683208797], [40.81887982965534, -2.2778606419892267], [40.81439117414139, -2.276341973981255], [40.8161774229237, -2.2803355792404556], [40.810355025674745, -2.2886878141874956], [40.80641597788866, -2.2912460441971927], [40.79909347723288, -2.28498965312931], [40.797418306903495, -2.2780481149986986], [40.80214329627801, -2.2696432676668987], [40.81033569935678, -2.263946596419908], [40.81315880736228, -2.25715252281824], [40.813303341813175, -2.251845923224005], [40.82095078430222, -2.2467732130468487], [40.81236661041406, -2.250402504370941], [40.80886142243224, -2.248541500380119], [40.81149955324933, -2.253955890574799], [40.811170629406675, -2.257561874281544], [40.804266861213286, -2.26558523853444], [40.79746791570447, -2.2690677329727738], [40.793272456659054, -2.2805614429465937], [40.79493947939526, -2.2856152442012334], [40.80199968779397, -2.29383242177037], [40.806035540435566, -2.3038990701496953], [40.808926185960644, -2.3046458151363414], [40.808266840127246, -2.3103927009415326], [40.799165474875394, -2.303524740116769], [40.776326967801786, -2.2995097364798323], [40.77517658032424, -2.2903544924539165], [40.776608937404475, -2.2854974204519873], [40.78258187568125, -2.2772208427782825], [40.78457075305551, -2.2681888344821655], [40.78170891223146, -2.263570070882759], [40.773722345224435, -2.2590216249058326], [40.768221861069705, -2.260943844450791], [40.766382485818305, -2.2593654194530632], [40.767009915271586, -2.2625610897109905], [40.76305480785188, -2.2642543914379143], [40.75945406886135, -2.2604650419803196], [40.750773470646, -2.2575606431832096], [40.74661840196044, -2.2516171590786893], [40.749646171551575, -2.257578116219028], [40.760063275618926, -2.2629926100491193], [40.76088109080481, -2.264758801875777], [40.7593445244757, -2.2652674325663202], [40.76132544294283, -2.2670068333179305], [40.771612010619236, -2.2632061554956895], [40.77784070223452, -2.2657706105811304], [40.77786794470129, -2.2686231983058303], [40.76962370082225, -2.2822697656507795], [40.77118284726496, -2.298119005613808], [40.76598205771643, -2.2984532414271452], [40.76297590138723, -2.297023564555234], [40.76099732446075, -2.2882140125254136], [40.76046834857242, -2.294668856354365], [40.76271442233442, -2.298396546882797], [40.77450135978769, -2.3027195531936773], [40.78556491867645, -2.3120203742866163], [40.7958327581028, -2.3149124334717275], [40.79871050286422, -2.3171946443640845], [40.80069736607702, -2.3221954390222788], [40.79741412141403, -2.323053980465284], [40.79929594131198, -2.324863553972323], [40.79811923068118, -2.32839743615485], [40.79673017842183, -2.3303407607728754], [40.78969996384601, -2.3331979261193236], [40.77972080940172, -2.3295328355416256], [40.76871167152874, -2.317193275065632], [40.7689032461871, -2.31949506859066], [40.76355290865284, -2.3170046757799323], [40.761199429311475, -2.3138426145449476], [40.7568856691885, -2.3136697927368832], [40.74837651782524, -2.304333058988428], [40.74088984048193, -2.299385733248771], [40.727867543947845, -2.295701146260809], [40.72379195536407, -2.2972289677157587], [40.734445901115286, -2.2990800460177763], [40.74332075916499, -2.3032637516344767], [40.75156266228391, -2.314207292064241], [40.771141970606635, -2.326013123528492], [40.77358272138306, -2.3309316396094015], [40.777589944251964, -2.333319974622805], [40.775502726491204, -2.337457746288818], [40.77571118528028, -2.343748673637114], [40.777416931468665, -2.351115239335355], [40.781606366673635, -2.3575666233987658], [40.78283711032161, -2.3577838796960737], [40.77907635554095, -2.3524993480443346], [40.77709883804844, -2.3431430130509856], [40.77767037005274, -2.3367344312801297], [40.77911286500218, -2.33514445710008], [40.785841699490895, -2.336578304930148], [40.788343636162246, -2.339520248231919], [40.79700712171573, -2.3424377063166357], [40.804343551921114, -2.355032014676306], [40.81063163807031, -2.3578812171801022], [40.817501867381274, -2.3588023061651864], [40.82148868775644, -2.361915161845518], [40.826230792266934, -2.3745911418103116], [40.82616136115576, -2.3836546848872597], [40.82437952957179, -2.386944823397963], [40.8256209793855, -2.388332277517824], [40.82506655135277, -2.392287978682317], [40.82111301979055, -2.39785774651593], [40.8116709217957, -2.4024240683753195], [40.78080365274702, -2.42823502635221], [40.77185438526066, -2.4441663588321116], [40.7703795504812, -2.4541999846455997], [40.75769366514007, -2.4523551576008717], [40.743334018938, -2.4546355841077006], [40.70632999867883, -2.4757747016483034], [40.67795881019941, -2.4980280040390657], [40.66247285116945, -2.5149031947968137], [40.64952627082406, -2.5328604306749103], [40.630053800611606, -2.548902725339941], [40.62063736279616, -2.554767010079173], [40.61827355730295, -2.554656109171516], [40.60979856973984, -2.560870510154567], [40.60256580232587, -2.5601108827210783], [40.59444068310612, -2.555749633607851], [40.573610464854866, -2.552033210453386], [40.5652698070405, -2.5449238306408883], [40.559644248989464, -2.5429564771145774], [40.54327151928288, -2.540895412398436], [40.54081087273965, -2.5397850629268692], [40.540616880372944, -2.536885454295623], [40.538113160071994, -2.5341076422351616], [40.51888968018283, -2.526470980370066], [40.50020450386996, -2.5157272249238805], [40.49423858380728, -2.515449633867961], [40.482157994409114, -2.5202146064230657], [40.47616570347464, -2.5290529880145574], [40.46834628981185, -2.5202502061274945], [40.4713650306083, -2.515778266884139], [40.47851411335631, -2.5118794322356752], [40.46627640597152, -2.500161176318594], [40.456101655761955, -2.504012052583393], [40.45102358661615, -2.494891291000423], [40.439659433098825, -2.4913225067558553], [40.43230629659434, -2.485131617400116], [40.41708106017819, -2.476655512359871], [40.38297440752193, -2.4736295298440236], [40.37319083733798, -2.4596261604227454], [40.36554966223492, -2.4410484027068247], [40.36356037961185, -2.4266276961898203], [40.35263357367259, -2.4128812875761074], [40.34044396374075, -2.401261624666473], [40.33014697690974, -2.3858934235694296], [40.31986151627268, -2.3819126750639352], [40.31212012478608, -2.375061901404729], [40.2848539013232, -2.3853875728074403], [40.27989589241177, -2.3780300611271787], [40.270158248630146, -2.3486069284013755], [40.26228863048918, -2.337214735067983], [40.24003946737321, -2.3219224099322755], [40.21219418725482, -2.306058875873207], [40.19860492767507, -2.305470733903947], [40.1792382946475, -2.2996834245336384], [40.169791562140674, -2.3052231982108484], [40.15649630545664, -2.3000008384797876], [40.147864952019326, -2.2861876870258424], [40.15013917201103, -2.267943999215971], [40.147256196039656, -2.2460491359950208], [40.14890983124318, -2.2217089257998257], [40.143798833467066, -2.1885504167799663], [40.137416417098855, -2.1729608095316433], [40.14172577189595, -2.155428320889241], [40.15145876028968, -2.140018749848638], [40.15155118819723, -2.1266902844621516], [40.147915569429415, -2.101081642931968], [40.147678483932225, -2.0838872872981806], [40.14962429711347, -2.072398868858061], [40.14247889549481, -2.0565331059302583], [40.13116783442286, -2.037557409247581], [40.133891099385906, -2.0261686074583007], [40.14004879542484, -2.0120999648158833], [40.13563362137723, -1.997312770238091], [40.138420333783394, -1.9587615291142502], [40.136157160985604, -1.9525792605586734], [40.142533847849656, -1.9483502846174172], [40.140373222830135, -1.922647801576316], [40.14638630542447, -1.9139794275960131], [40.14092130162866, -1.9062042565345383], [40.1422494179796, -1.8798616884011299], [40.135615775329654, -1.86097423004008], [40.118448664066804, -1.8517039228736376], [40.11147085781933, -1.8188082603516786], [40.11949884184026, -1.812650739906685], [40.116415108856984, -1.7983653041660386], [40.11011483419998, -1.7820791135384706], [40.1141464669201, -1.7722719685629773], [40.11316117269957, -1.7544267818258668], [40.120851127765185, -1.7420513421952926], [40.128925837126694, -1.7347447017244093], [40.11384579766571, -1.7261077009480523], [40.120499429680486, -1.7199597899921741], [40.11057800340244, -1.7079967524522104], [40.11069309348941, -1.693170848742696], [40.11397236680666, -1.6817379718505592], [40.11179521024318, -1.6538144550367377], [40.115464793622564, -1.6397304396387185], [40.10679948553602, -1.6238258707889734], [40.10910050910451, -1.616895262608729], [40.0927929020627, -1.6022349376417537], [40.090994916425615, -1.5961063025400328], [40.08212868920325, -1.5958182304099715], [40.07611324959416, -1.5800811830497956], [40.06715047434729, -1.5695106250465756], [40.0594101919583, -1.548451173410868], [40.062059738095186, -1.5405849245756258], [40.05742016159886, -1.5296149412926212], [40.047073808305996, -1.5161244403146128], [40.05144307181673, -1.5036217666490863], [40.040704716623495, -1.4944815088895318], [40.041518841585784, -1.483644308252206], [40.038824739330366, -1.4718553372540448], [40.04080632485501, -1.4630565296935387], [40.03455186085834, -1.4588211133159206], [40.040893589703515, -1.4510873636109238], [40.0342642653107, -1.4325441468438598], [40.035835535414954, -1.422360672218968], [40.026670283005934, -1.4108920693436815], [40.01945487501902, -1.392187695493206], [40.01190360812235, -1.3791250091783596], [40.01394499536889, -1.3622356751599156], [40.006011287970196, -1.353496037800948], [40.00772436177186, -1.339863866680389], [40.01488146321385, -1.3353373542629647], [40.00830860712973, -1.3308612319351525], [40.01134093345869, -1.324211525761097], [39.9979583549258, -1.3024678689471862], [40.009072200022906, -1.2999521476650493], [40.00248891439898, -1.2908695563184729], [40.0097772701833, -1.2761772075558824], [40.016592165158926, -1.2712531200812265], [40.00556920485013, -1.260685157331885], [40.009441220249904, -1.2515964893872393], [39.994412430308756, -1.2293923883975637], [40.001560536437985, -1.2176675298476418], [39.98890177911943, -1.2146649458238272], [39.993921637337515, -1.207474318247435], [39.983249112147064, -1.2056799770521636], [39.981488609094306, -1.1952146277583324], [39.97309767569686, -1.192929907478966], [39.97189868499361, -1.181796216739393], [39.962755647090205, -1.1735405172560647], [39.965053672578506, -1.1645137400547938], [39.95542941452107, -1.1462754788256184], [39.94489359125578, -1.1451266510178009], [39.94313921578129, -1.1346973970382628], [39.932730375542576, -1.1339659728231126], [39.93010893646539, -1.1124252288731356], [39.93571640385599, -1.1170760858642197], [39.94166790436538, -1.115245230194482], [39.93581964978859, -1.0998436447621422], [39.92657264414873, -1.0978975873086476], [39.92818163631143, -1.0823819954654184], [39.922463139531146, -1.0836325065468593], [39.913079254269064, -1.0705690533281391], [39.918908578688146, -1.0634482993073107], [39.90794294780563, -1.0538029556919497], [39.912538778448614, -1.0479007829910607], [39.90184968957983, -1.033362711468964], [39.89189716589642, -1.0110791927694578], [39.88558065006248, -1.0017708408870156], [39.89190712361666, -0.9935468473389868], [39.88768911379311, -0.9813691467827717], [39.89163883448655, -0.9722185767861973], [39.88364344154221, -0.9746933949223084], [39.88086388145931, -0.957555690153054], [39.873040502784825, -0.9662394845531423], [39.87089938246929, -0.9556583591262751], [39.88450434844087, -0.9435005421844593], [39.87464606158096, -0.9319073933135229], [39.86408829055464, -0.929979382776434], [39.85969142181443, -0.9146615017921782], [39.85021709507902, -0.9057066651701788], [39.8592998256385, -0.9000030768222516], [39.849934475459754, -0.8898797959013365], [39.86306125234354, -0.8901772914272392], [39.857247296251074, -0.8736335690994395], [39.86013126588733, -0.8523076383014399], [39.852860142084985, -0.8519224814726982], [39.847366164328875, -0.8370636144114911], [39.84615561934906, -0.8249316602796135], [39.83788301452638, -0.8175891713320986], [39.842202608066664, -0.8077640882380592], [39.837453129860656, -0.7993303283038138], [39.828715574791495, -0.7943231004746458], [39.83136568718156, -0.785858624683609], [39.81185149302774, -0.7771727938677735], [39.81692422572252, -0.7703619176292236], [39.81237681391133, -0.7637150863832858], [39.82437907824946, -0.7511097795822579], [39.82159721305126, -0.74280288631887], [39.810899723426736, -0.7350180451949555], [39.814133530598205, -0.715634964506549], [39.809443943500355, -0.7078722845591727], [39.810607080702994, -0.6979198539291502], [39.80375701882935, -0.7003929751321785], [39.79751958365672, -0.6846136056985124], [39.801386149165474, -0.6750735903885179], [39.79424320463699, -0.6751937219248809], [39.7925337429169, -0.6644233417623973], [39.78337839761413, -0.6637025255763689], [39.7833425293392, -0.6576496768535094], [39.77787510667429, -0.6346141038507263], [39.78076597278531, -0.6223968840522325], [39.76956399078944, -0.6147217696749401], [39.754099041241375, -0.6070030722819624], [39.744046513007454, -0.5948517089325627], [39.735576154850534, -0.5959335154624306], [39.7176163315173, -0.5925034668857947], [39.704879765179875, -0.5943260731919402], [39.68754376669282, -0.5754152445156961], [39.68755232191842, -0.5532368731952602], [39.670611469061086, -0.5501237868480651], [39.66327364772032, -0.5456516595030863], [39.66875555194705, -0.5399632101263023], [39.66833436489995, -0.5336577692595306], [39.65716785740324, -0.5264261129396246], [39.65045625368396, -0.5184756417337937], [39.63759201273859, -0.5169796754425953], [39.643717846624334, -0.5066729949464204], [39.632503064727416, -0.4985823372267255], [39.6302062039311, -0.4742694634377358], [39.63561431017642, -0.4653286351465873], [39.63321499478428, -0.45781721815676235], [39.62371357400923, -0.4559222457770389], [39.62352555954488, -0.4505554099508906], [39.61119421817926, -0.44785173292525116], [39.615724270748586, -0.4341772737833409], [39.60968708498723, -0.42640867956164996], [39.61873256579366, -0.41648607735979937], [39.60563972182812, -0.410908240746231], [39.6112567733602, -0.4045800414182992], [39.59984917969167, -0.394928584171204], [39.60376301263323, -0.388533088243868], [39.59317581264009, -0.38260283173845266], [39.59777589018146, -0.36044971123136804], [39.58283158329837, -0.34936510806278065], [39.56240887214647, -0.32945333713869474], [39.54584403719413, -0.2954763304986656], [39.536567161749765, -0.2997666638493861], [39.52199388337255, -0.28390508518651814], [39.50988825538079, -0.28613109811907833], [39.51431870700458, -0.2794467966025209], [39.50534420594352, -0.2622942217424189], [39.50401912919262, -0.2526364371271832], [39.495187917010554, -0.25242037629466907], [39.484097342685686, -0.24754044975190226], [39.47326028948464, -0.2385414872999796], [39.47557341568341, -0.22884758573851016], [39.46402702822099, -0.22486480325087754], [39.46268172308934, -0.21616737032847766], [39.45054616632949, -0.21380813243907326], [39.43522252801533, -0.19747933908962167], [39.42376879461716, -0.1903631924793352], [39.414591363435136, -0.19795990594313295], [39.40623068477481, -0.18846781364021226], [39.39740023336419, -0.19204731244610684], [39.38701140657078, -0.1923777363353345], [39.36069946560395, -0.16546114416953017], [39.339233353097576, -0.1709605051160672], [39.33005398593804, -0.15086992203401195], [39.313445958412274, -0.1398751230268651], [39.29169285008928, -0.14088261232747357], [39.27552726897706, -0.14453270283740594], [39.25733633488778, -0.1452409834202122], [39.238467368710246, -0.1417259346822668], [39.22383230107248, -0.13209530802096126], [39.210295318467566, -0.14192119427751493], [39.19217256266566, -0.143027244088632], [39.151734853397365, -0.12437764955639352], [39.13027262290215, -0.12617142905386558], [39.12310388059766, -0.11481475286631948], [39.09419611078012, -0.08462859384157184], [39.08287947982646, -0.07844340232545477], [39.06018846444753, -0.0762519690640211], [39.05310769644999, -0.09035593152612975], [39.02110178227361, -0.0852028502714468], [39.01242490504711, -0.09464611677842782], [38.9760045908223, -0.08191456891872662], [38.95812610470247, -0.08468813691622046], [38.94372719964113, -0.09624941479837545], [38.93099159364005, -0.09868473681921941], [38.91509801996574, -0.08864133578953926], [38.89354823084386, -0.09679576117709132], [38.83090162358701, -0.09632567333306241], [38.803927063172424, -0.08644156927854851], [38.76617533210808, -0.06921189819126639], [38.75786689861417, -0.0732609328326177], [38.7493411841919, -0.07243950003492472], [38.73758944481339, -0.07054869401845565], [38.72770844262937, -0.06474126787181333], [38.71339319755239, -0.062344534215561964], [38.69744802101974, -0.051206102610244386], [38.69057578275009, -0.04215806476070938], [38.687990744985974, -0.04117926694893015], [38.68518079549147, -0.044314489072359464], [38.68449321189314, -0.05252190426925196], [38.681253862594474, -0.05534714134935825], [38.67554842334418, -0.05476499681198277], [38.65517811953652, -0.04663291963935379], [38.647674640613346, -0.05371615955671416], [38.63893960300039, -0.0546053808292406], [38.61175434336222, -0.030348262620137234], [38.60837205734314, -0.029710005938408557], [38.60114729310543, -0.03409195053189862], [38.59772251237051, -0.033371179366213255], [38.58851075435031, -0.02643889798332566], [38.58007663817321, -0.02492579342896306], [38.570798911110955, -0.019943982396817717], [38.56963505141283, -0.015269521935444175], [38.56900139381435, -0.01837943056339597], [38.56092015246944, -0.01954797112113482], [38.55458399870458, -0.01744613568939002], [38.54861495705705, -0.019682653463746647], [38.54210409636273, -0.032866973550358836], [38.540495110971314, -0.04325870864945003], [38.530042957700694, -0.04510461656175124], [38.53025994649305, -0.055443464921943075], [38.52625855706623, -0.057091948052743646], [38.521883076959284, -0.06197007002719346], [38.518754931711385, -0.0629045369566299], [38.511565964287804, -0.05974386497346984], [38.50207688550472, -0.06338810820509622], [38.49298943597149, -0.059605787822601286], [38.48998048550599, -0.06064424940590385], [38.48760458241927, -0.07019763850748362], [38.48303053851129, -0.07585870408086492], [38.47152167049802, -0.0794145163201847], [38.46280279244763, -0.08510189747439156], [38.45761426997473, -0.08639835790540218], [38.45325173439892, -0.08518716406569027], [38.43835658829847, -0.07248119557501198], [38.432572649779935, -0.07683996052993791], [38.42642428363537, -0.0750258113556761], [38.41908028568898, -0.07022385406636289], [38.41458599578332, -0.07379778684959248], [38.40586954676564, -0.07607378990796931], [38.39246312408005, -0.07421370375877245], [38.38855034829055, -0.08342628494362003], [38.38353551613852, -0.08708520269409092], [38.38108102646248, -0.08665111274148529], [38.37702507477082, -0.0814961878591518], [38.36821823006221, -0.07891982246221829], [38.348107344970835, -0.06376887182137736], [38.339044487086234, -0.06239166514414407], [38.33125909072611, -0.06817578538788993], [38.327638498175276, -0.06755024379523178], [38.31263719150161, -0.05202110512407643], [38.305647305514164, -0.054848380079118186], [38.30048613625739, -0.05226982206347586], [38.30256672399753, -0.0480946166739642], [38.30191943794975, -0.04540050663161921], [38.29782260537034, -0.04244917162669992], [38.296452663804025, -0.03924964612553694], [38.29163624741288, -0.036491345141296705], [38.286901124517144, -0.027016431676727848], [38.28208721063692, -0.02447757541479234], [38.269487512021534, -0.021740927988254555], [38.264251066749296, -0.0184741503151713], [38.254696076624846, -0.017122422395619452], [38.25051439012502, -0.017452114087699755], [38.24587721368432, -0.02131672813629848], [38.23802174135925, -0.015103732830954897], [38.23718077585721, -0.011480829362263023], [38.23072615303432, -0.009579520952705423], [38.22830972979717, 0.0021886215698003753], [38.22127744149509, 0.005123901152749966], [38.222226828329305, 0.009432756995810365], [38.22050004517524, 0.011771634924119923], [38.21211227555069, 0.013533220605800977], [38.20847052320363, 0.01667169376040789], [38.204930324899784, 0.017188509283052156], [38.191660413032665, 0.01438364742356768], [38.182882517678706, 0.01827854751170932], [38.17597286601401, 0.024047063579459405], [38.16034872912929, 0.028350800339850935], [38.13582391075823, 0.04862960047602627], [38.128202222959125, 0.05066530434745431], [38.119526452003704, 0.04942186128516113], [38.114729788261236, 0.054393808754628736], [38.1116811592456, 0.05412273827061398], [38.105128788855154, 0.047610662594046005], [38.09674118031766, 0.04793182683520314], [38.0890943108236, 0.04176344023689893], [38.083666972619056, 0.03019990001926942], [38.08153039419527, 0.02883381404852514], [38.07411194895441, 0.03163606952845299], [38.07261027013943, 0.03048566238885897], [38.07312952312128, 0.028033080443059077], [38.06961439798756, 0.02457923796588446], [38.06250795831546, 0.026805388250174644], [38.05908352174657, 0.024398758548162647], [38.05177266723688, 0.02821707583575872], [38.049071196446434, 0.026590690960805574], [38.04631438993545, 0.028244215492769342], [38.04363991379081, 0.02762953676680624], [38.034427720483876, 0.0373451478429061], [38.03344452278089, 0.043242202950334985], [38.027065948317514, 0.05147224565198627], [38.020886312997256, 0.05328960872126487], [38.01826886035943, 0.058848289249048946], [38.00970645303981, 0.06287519346481929], [38.002171386187655, 0.06319879170226983], [37.998255908462404, 0.06684183767951168], [37.994871779442015, 0.06765402510846741], [37.98180580927869, 0.06405565308322991], [37.943422364466, 0.07951859780459714], [37.8999577126912, 0.10264578505725552], [37.849975822160616, 0.1327162806021427], [37.73225828940615, 0.17872261562996883], [37.6596707036467, 0.20923151352616642], [37.59914985565632, 0.23997819125454356], [37.5244366933103, 0.2694379723665392], [37.449295738468635, 0.2925757842586769], [37.38805178900169, 0.31580937527535724], [37.27982395289403, 0.3945276731596188], [37.257481458090076, 0.4182733436014736], [37.20673798181081, 0.46422313139271765], [37.13743958833647, 0.5118883032683392], [37.06780648656266, 0.5458899993404671], [37.02342987310062, 0.5940972536043105], [36.992712980487596, 0.6630969964473117], [36.98441437312373, 0.7160431711757305], [36.950610221923974, 0.7870398126315976], [36.89791860793506, 0.9360226872148232], [36.86767027426675, 1.0127308155540433], [36.83930020072737, 1.0716014908295897], [36.7999927359958, 1.1115674633380053], [36.759552408229645, 1.156975852949806], [36.711384298404155, 1.17661105338356], [36.67243559214405, 1.2022292735669033], [36.63977190375142, 1.232409987360807], [36.650655231038975, 1.274928828716206], [36.66795682668226, 1.3078636421072005], [36.68847353605492, 1.3396436436498256], [36.71038683888553, 1.3980973382432111], [36.74707301147865, 1.424506868000865], [36.80763455056298, 1.4597552449372238], [36.80457988284705, 1.5109987346106486], [36.77479664930435, 1.5434484156003698], [36.74732473923826, 1.588591734989155], [36.746269765519656, 1.6146787370011424], [36.71700127101972, 1.707030804257716], [36.67113540640915, 1.7486960210389775], [36.68409016825623, 1.7746209936700303], [36.67936288656382, 1.8568692985263553], [36.65484618364233, 1.892023303530312], [36.56451630780425, 1.9302306463531167], [36.45402530397722, 1.9928901797460448], [36.37157932746594, 2.061525964299939], [36.273235096826106, 2.130207860805335], [36.21987230850437, 2.2091786872464176], [36.174920009574684, 2.2672565604727097], [36.10697426734052, 2.321587746199995], [35.997759819456576, 2.3616668145315174], [35.89033140854224, 2.3789796666327874], [35.77266260536237, 2.4191809898994627], [35.6837786430317, 2.4736882296616542], [35.44770337546553, 2.593917013545923], [35.297625384799154, 2.6787667884228057], [35.17617901360613, 2.721853086404426], [35.08989466202995, 2.7242585104930512], [35.05671788833383, 2.7014942364620893], [34.96778198413875, 2.7001263775916513], [34.90385092692155, 2.715462941557824], [34.80169549264477, 2.7292118696812935], [34.727141943493855, 2.737391084510456], [34.63883565543401, 2.73970574565179], [34.566197282279106, 2.7383936651361758], [34.52351859437056, 2.726315551066129], [34.506398452275995, 2.7079113751721913], [34.46186360530988, 2.6976957909387274], [34.416634687571886, 2.691751147564993], [34.3759694745038, 2.697344256789826], [34.35250520634191, 2.71324196687144], [34.36484607835616, 2.7404387659922165], [34.36328628818615, 2.7721253951084286], [34.352059627197036, 2.8109043585289335], [34.32849320800316, 2.8515430535176485], [34.28827716455408, 2.9116335131577316], [34.255908794662034, 2.956731584358298], [34.21062715972517, 3.0395622234370663], [34.138259186984506, 3.0942142898429132], [34.109922616752726, 3.120372763876535], [34.08544317908007, 3.164343330265897], [34.079469125378125, 3.2048252334291334], [34.07751852812001, 3.23895187564003], [34.06636355978439, 3.2795505817668342]]]]}}]}