{"type": "FeatureCollection", "features": [{"id": "0", "type": "Feature", "properties": {"NAME_FULL": "Republic of Gabal", "NAME_SHORT": "Gabal", "CODE": "RoG", "DEMONYM": "Gabalians", "LANGUAGE": "Gabal", "STATUS": "NOTIONAL", "REGION": "Indo-Pacific"}, "geometry": {"type": "MultiPolygon", "coordinates": [[[[117.30777740478538, 7.509170055389973], [117.31194305419967, 7.513609886169604], [117.31527709960983, 7.513060092926139], [117.31582641601597, 7.510280132293985], [117.31416320800838, 7.507500171661775], [117.30917358398483, 7.507219791412808], [117.30777740478538, 7.509170055389973]]], [[[117.2955627441412, 7.523610115051383], [117.29666900634766, 7.524439811706941], [117.30722045898483, 7.521669864654768], [117.30194091796886, 7.520559787750415], [117.2955627441412, 7.523610115051383]]], [[[117.29138946533249, 7.5608301162722], [117.29277801513683, 7.561669826508137], [117.29888916015636, 7.559720039367846], [117.2973709106451, 7.558810234070108], [117.29138946533249, 7.5608301162722]]], [[[117.21166992187545, 7.823329925537678], [117.21499633789131, 7.828889846802213], [117.21499633789131, 7.831940174103181], [117.22556304931697, 7.823609828949259], [117.22471618652366, 7.822500228882291], [117.21971893310592, 7.824440002441861], [117.21166992187545, 7.823329925537678]]], [[[117.21943664550827, 7.915559768676928], [117.22083282470737, 7.917500019073543], [117.22250366210994, 7.916669845581282], [117.22138977050827, 7.914999961853312], [117.21943664550827, 7.915559768676928]]], [[[117.21166992187545, 8.015560150146484], [117.21138763427768, 8.015279769897688], [117.21125030517635, 8.015560150146484], [117.21111297607456, 8.015830039978425], [117.21061706543037, 8.0172195434576], [117.21028137207077, 8.018469810486351], [117.21083068847656, 8.018750190735147], [117.21138763427768, 8.018329620361783], [117.21159362792969, 8.017499923706396], [117.21180725097702, 8.016389846802042], [117.21166992187545, 8.015560150146484]]], [[[117.16504669189487, 8.021710395813557], [117.16448974609375, 8.021570205688988], [117.16449737548874, 8.022029876709325], [117.16471099853572, 8.022509574890591], [117.16526794433639, 8.022859573364713], [117.16528320312557, 8.02305984497076], [117.16610717773438, 8.023889541626318], [117.16665649414108, 8.023889541626318], [117.16694641113315, 8.024169921875114], [117.16722106933639, 8.024169921875114], [117.16750335693428, 8.023889541626318], [117.16750335693428, 8.023610115051667], [117.1673889160162, 8.023389816284691], [117.1671829223634, 8.02303981781057], [117.1665573120124, 8.022629737854288], [117.16606903076195, 8.022069931030785], [117.16574096679733, 8.02192020416311], [117.16504669189487, 8.021710395813557]]], [[[117.0008316040039, 8.068889617920206], [117.00389099121094, 8.070560455322152], [117.01139068603561, 8.070830345154093], [117.014930725098, 8.069860458374308], [117.01667022705078, 8.066940307617699], [117.01304626464844, 8.064999580383699], [117.0031585693365, 8.066989898681754], [117.0008316040039, 8.068889617920206]]], [[[117.04019927978561, 8.073829650878906], [117.04158782958996, 8.07470035553007], [117.04273223876964, 8.071649551391658], [117.04019927978561, 8.073829650878906]]], [[[116.92833709716831, 7.936389923096044], [116.93444824218784, 7.940279960632608], [116.93666839599655, 7.938330173492659], [116.9347534179692, 7.9357299804689205], [116.93557739257881, 7.934889793395939], [116.94194793701195, 7.930830001831509], [116.94444274902389, 7.930830001831509], [116.95054626464889, 7.93777990341232], [116.9622192382817, 7.945829868316935], [116.96666717529365, 7.951940059662377], [116.96527862548874, 7.953889846802099], [116.96028137207077, 7.954440116882267], [116.95805358886776, 7.958330154419514], [116.96542358398483, 7.960969924927156], [116.96916961669922, 7.96667003631643], [116.96499633789108, 7.9694399833684315], [116.95944213867188, 7.990829944610823], [116.94999694824253, 7.9997200965882485], [116.9591674804692, 8.012639999389933], [116.95749664306663, 8.015279769897688], [116.95411682128952, 8.015359878540607], [116.95889282226608, 8.02305984497076], [116.95889282226608, 8.025560379028263], [116.95514678955112, 8.030209541320744], [116.96138763427791, 8.045829772949787], [116.96694183349632, 8.055000305176009], [116.97068023681675, 8.0534095764163], [116.96999359130882, 8.050840377808129], [116.97389221191463, 8.045829772949787], [116.97138977050793, 8.041110038757722], [116.96499633789108, 8.038330078125512], [116.96305847168003, 8.031109809875772], [116.96389007568382, 8.028329849243732], [116.96749877929744, 8.033610343933617], [116.96872711181652, 8.032899856567951], [116.96916961669922, 8.024439811706486], [116.96676635742233, 8.018329620361783], [116.96861267089889, 8.0172195434576], [116.97528076171875, 8.02101993560791], [116.97860717773472, 8.026940345764558], [116.98222351074253, 8.024999618530671], [116.98722076416027, 8.025830268860375], [116.98916625976631, 8.028329849243732], [116.98916625976631, 8.035969734192406], [116.99555206298851, 8.034580230713402], [116.99833679199253, 8.038060188293969], [116.998397827149, 8.043190002441293], [117.00404357910224, 8.043709754944018], [117.0038604736335, 8.047169685364054], [117.0002670288086, 8.050780296325911], [117.0035476684576, 8.056220054626976], [116.99667358398494, 8.06278038024908], [117.00464630126953, 8.064620018005883], [117.01405334472679, 8.064069747925203], [117.02471923828182, 8.066980361938988], [117.03117370605514, 8.065219879150277], [117.03571319580146, 8.067979812622468], [117.03791809082065, 8.066470146179597], [117.03759002685604, 8.064760208130451], [117.04118347168014, 8.065480232239054], [117.05190277099666, 8.075770378113305], [117.05683135986374, 8.074950218200684], [117.06213378906295, 8.079380035400675], [117.06588745117233, 8.080260276794945], [117.07198333740234, 8.076379776001545], [117.07694244384766, 8.065589904785668], [117.08055114746128, 8.05056953430227], [117.08027648925781, 8.038929939270304], [117.07833099365257, 8.033929824829556], [117.07673645019565, 8.033599853516023], [117.07833099365257, 8.031430244446199], [117.07861328125023, 8.018650054932209], [117.07749938964878, 8.017259597778889], [117.07055664062545, 8.017809867859228], [117.06645202636719, 8.01607990264921], [117.06610870361385, 8.014479637146167], [117.06749725341797, 8.01198005676315], [117.0704803466798, 8.011150360107933], [117.0780563354499, 8.012539863586824], [117.07833099365257, 8.004199981689737], [117.07527160644554, 8.001700401306323], [117.07111358642612, 8.00364971160883], [117.06861114501999, 8.001700401306323], [117.0645065307624, 8.00162982940725], [117.06139373779297, 7.995279788970834], [117.05666351318416, 7.996109962463663], [117.05304718017635, 7.99306011200008], [117.05249786377021, 7.990280151367358], [117.05361175537166, 7.98611021041927], [117.05610656738304, 7.985280036926838], [117.06111145019531, 7.988329887390023], [117.06445312500045, 7.987500190735375], [117.07221984863304, 7.992219924927269], [117.07527923584007, 7.990829944610823], [117.07833099365257, 7.977779865264779], [117.07694244384766, 7.9755601882940255], [117.08000183105514, 7.972219944000415], [117.07833099365257, 7.968609809876], [117.0811080932624, 7.964439868927343], [117.08027648925781, 7.958059787750756], [117.08361053466797, 7.953889846802099], [117.07917022705135, 7.949170112610375], [117.08055877685547, 7.945829868316935], [117.08556365966854, 7.944719791412581], [117.0811080932624, 7.93777990341232], [117.08416748046909, 7.936669826508137], [117.08611297607467, 7.9336099624638905], [117.08471679687523, 7.923890113831078], [117.08721923828159, 7.908329963684025], [117.08416748046909, 7.900559902191674], [117.08055877685547, 7.903059959412133], [117.07527923584007, 7.9025001525882885], [117.06861114501999, 7.897500038147257], [117.06749725341797, 7.887780189514444], [117.07111358642612, 7.884719848633267], [117.07721710205112, 7.8833298683169915], [117.07917022705135, 7.880559921264819], [117.075546264649, 7.866390228271825], [117.07221984863304, 7.8625001907351475], [117.06694793701183, 7.861390113830964], [117.06749725341797, 7.854440212250154], [117.06527709961006, 7.849170207977863], [117.06139373779297, 7.84556007385271], [117.06166839599643, 7.842780113220726], [117.0472335815432, 7.830830097198827], [117.04389190673885, 7.832220077515103], [117.04250335693393, 7.824999809265535], [117.03500366210949, 7.820280075073583], [117.02777862548851, 7.812220096588419], [117.02139282226585, 7.820559978485676], [117.01721954345737, 7.822780132294213], [117.01499938964866, 7.821390151977937], [117.01583099365246, 7.815830230713402], [117.0255584716798, 7.808060169220369], [117.02361297607456, 7.804440021515347], [117.01860809326229, 7.803060054779621], [117.01444244384811, 7.804440021515347], [117.0116729736335, 7.803609848022916], [117.00222015380882, 7.808609962463265], [116.9977798461914, 7.808889865875358], [116.9933319091798, 7.813610076904865], [116.99276733398494, 7.8166699409484295], [116.99610900878963, 7.820000171661491], [116.99639129638729, 7.823060035706135], [116.99250030517601, 7.830560207367455], [116.99250030517601, 7.838610172271899], [116.99846649169967, 7.843190193176838], [116.99958038330112, 7.8505501747135895], [116.99527740478584, 7.851389884949015], [116.98832702636753, 7.848889827728726], [116.982498168946, 7.853889942169246], [116.97972106933616, 7.859169960022257], [116.98027801513729, 7.86443996429449], [116.97389221191463, 7.870279788970947], [116.97444152832043, 7.875830173492716], [116.96916961669922, 7.887219905853556], [116.9677810668951, 7.894720077515217], [116.96360778808662, 7.896389961243074], [116.96415710449276, 7.898890018463135], [116.95639038085938, 7.906939983368318], [116.95583343505905, 7.913330078125455], [116.95027923584018, 7.918330192565804], [116.94167327880928, 7.913060188293912], [116.93499755859443, 7.914169788360482], [116.93417358398438, 7.926670074463061], [116.92833709716831, 7.936389923096044]]], [[[117.0741806030278, 8.090860366821687], [117.0791168212894, 8.087220191955964], [117.08023071289085, 8.083310127258699], [117.0791168212894, 8.081950187683674], [117.07578277587925, 8.083550453186547], [117.0741806030278, 8.090860366821687]]], [[[117.09822845458996, 8.073209762573242], [117.10262298583996, 8.089909553527775], [117.10485839843795, 8.09274005889938], [117.1080627441412, 8.092189788818871], [117.1116027832037, 8.081299781799714], [117.10941314697288, 8.076239585876976], [117.10991668701206, 8.072770118713436], [117.10661315918014, 8.07087993621883], [117.09822845458996, 8.073209762573242]]], [[[116.98309326171875, 8.086910247803132], [116.98416900634777, 8.090279579163166], [116.98860931396518, 8.093890190125023], [116.9916763305664, 8.087490081787678], [116.98634338378906, 8.07950973510765], [116.98309326171875, 8.086910247803132]]], [[[116.98972320556697, 8.095829963684594], [116.99138641357456, 8.102499961853312], [116.99812316894554, 8.110139846802326], [117.00485992431686, 8.112319946289574], [117.0238494873048, 8.128350257874047], [117.03128051757824, 8.129940032958928], [117.04376983642624, 8.124730110168855], [117.0446929931644, 8.125599861145531], [117.05097961425815, 8.117950439453182], [117.053329467774, 8.102809906006144], [117.05172729492256, 8.098799705505769], [117.05346679687534, 8.099349975586449], [117.05583190918014, 8.097260475159203], [117.06276702880916, 8.085120201110897], [117.06134033203182, 8.082920074463459], [117.05349731445358, 8.082240104675805], [117.0520629882817, 8.080430030823209], [117.04530334472668, 8.08242988586477], [117.04328155517624, 8.078300476074503], [117.0407104492192, 8.078849792480526], [117.02808380127021, 8.074709892273347], [117.02306365966842, 8.070870399474984], [117.01616668701217, 8.071290016174771], [117.01361083984375, 8.073929786682413], [117.01399993896484, 8.076379776001545], [117.0102767944336, 8.07530975341848], [117.00776672363327, 8.076430320740258], [117.00360107421875, 8.082530021667878], [117.00895690918014, 8.086359977722225], [117.00910186767624, 8.091620445251749], [117.00228881835949, 8.09232997894344], [116.9977798461914, 8.087499618530614], [116.99500274658237, 8.087220191955964], [116.99138641357456, 8.08895969390926], [116.98972320556697, 8.095829963684594]]], [[[117.12944793701195, 8.13444042205839], [117.13139343261719, 8.13444042205839], [117.13581848144588, 8.126079559326456], [117.1551818847662, 8.116840362548828], [117.15632629394588, 8.113550186157227], [117.14906311035168, 8.111479759216763], [117.14328765869209, 8.114509582519759], [117.1361694335942, 8.120800018311058], [117.12944793701195, 8.13444042205839]]], [[[117.21916961669979, 8.156940460205476], [117.22145080566418, 8.16205024719261], [117.22492980957065, 8.163880348205566], [117.2282180786134, 8.16205024719261], [117.2320938110355, 8.15546035766647], [117.2310562133789, 8.152259826660725], [117.22888946533214, 8.153889656067463], [117.21985626220726, 8.154760360718228], [117.21916961669979, 8.156940460205476]]], [[[117.23641967773449, 8.173680305481469], [117.23985290527355, 8.17691040039091], [117.24878692626953, 8.176280021667992], [117.256942749024, 8.167499542236612], [117.2455673217778, 8.167260169983422], [117.2392578125, 8.169690132141284], [117.23641967773449, 8.173680305481469]]], [[[117.00977325439521, 8.179200172424373], [117.02076721191406, 8.175660133362328], [117.02877044677768, 8.170929908752612], [117.02538299560604, 8.170330047607706], [117.01481628417991, 8.174530029297046], [117.00977325439521, 8.179200172424373]]], [[[117.13139343261719, 8.174690246582543], [117.13349151611328, 8.178709983825684], [117.13913726806686, 8.179989814758471], [117.14730072021518, 8.177789688110863], [117.15827178955112, 8.179710388184162], [117.18506622314487, 8.177359580993993], [117.18781280517601, 8.179050445557209], [117.20137786865268, 8.16800975799589], [117.20469665527412, 8.161950111389672], [117.20549011230469, 8.153829574584904], [117.20115661621116, 8.151100158691975], [117.17340850830101, 8.148240089416504], [117.14851379394554, 8.151289939880769], [117.14405059814521, 8.159680366516568], [117.13423156738327, 8.168720245361328], [117.13139343261719, 8.174690246582543]]], [[[117.27742767333996, 8.182270050049226], [117.28141021728516, 8.183469772339265], [117.28151702880905, 8.177849769592683], [117.27742767333996, 8.182270050049226]]], [[[117.18730926513683, 8.200770378113361], [117.1907424926759, 8.201370239257756], [117.19860839843784, 8.1961097717288], [117.18730926513683, 8.200770378113361]]], [[[117.07927703857445, 8.232199668884562], [117.0797424316412, 8.244299888611351], [117.08107757568416, 8.2464799880986], [117.0882720947269, 8.2479896545413], [117.10072326660213, 8.24687004089401], [117.11402130126987, 8.241860389709984], [117.11730957031261, 8.239109992981298], [117.12584686279331, 8.225230216980265], [117.12773132324241, 8.218689918517953], [117.12616729736374, 8.215620040893668], [117.11966705322266, 8.215270042419377], [117.11569976806697, 8.212400436401879], [117.08904266357456, 8.214050292969318], [117.08202362060558, 8.218609809875772], [117.07927703857445, 8.232199668884562]]], [[[117.12065887451229, 8.28188991546648], [117.12484741210994, 8.287059783935831], [117.12776184082065, 8.285389900207974], [117.12689208984409, 8.278180122376], [117.12065887451229, 8.28188991546648]]], [[[117.14111328125034, 8.302780151367074], [117.14167022705124, 8.304719924926985], [117.14305877685558, 8.304169654846646], [117.14333343505905, 8.302499771118278], [117.14111328125034, 8.302780151367074]]], [[[117.18141937255882, 8.303700447082974], [117.18334960937534, 8.30827999114996], [117.1839370727539, 8.303970336914347], [117.18242645263717, 8.30231952667242], [117.18141937255882, 8.303700447082974]]], [[[117.26280975341797, 8.20983028411922], [117.26540374755905, 8.226779937744425], [117.27018737793026, 8.228569984436604], [117.265380859375, 8.229749679565941], [117.26489257812534, 8.231800079346215], [117.27086639404354, 8.230999946594522], [117.2682266235355, 8.23439979553251], [117.265663146973, 8.235050201416527], [117.26933288574276, 8.237759590149437], [117.27084350585949, 8.244549751282022], [117.2668533325201, 8.267979621887434], [117.26937866210972, 8.27663040161184], [117.26638793945335, 8.285940170288143], [117.27023315429722, 8.31433963775686], [117.27922058105514, 8.32264995575008], [117.28675079345703, 8.318869590759789], [117.29084014892612, 8.319390296936092], [117.29547882080101, 8.31552982330362], [117.30050659179699, 8.319109916687296], [117.30200958251953, 8.318679809570824], [117.30122375488315, 8.320389747620084], [117.30406951904365, 8.322970390320336], [117.30539703369163, 8.328689575195881], [117.30721282959007, 8.330209732056005], [117.31147766113293, 8.330189704895304], [117.31868743896518, 8.32707977294973], [117.32578277587902, 8.322349548340014], [117.3334503173835, 8.3121995925909], [117.33778381347702, 8.309439659118937], [117.34139251708984, 8.310830116272257], [117.33860778808628, 8.307780265808674], [117.3435363769537, 8.307499885559537], [117.35205078125045, 8.290430068969613], [117.35254669189453, 8.281579971313647], [117.34882354736362, 8.266119956970442], [117.34409332275402, 8.259420394897688], [117.34223175048862, 8.25335979461721], [117.34282684326172, 8.234910011291788], [117.34648895263729, 8.21242046356241], [117.34548950195312, 8.207200050354572], [117.334716796875, 8.19454002380428], [117.32649230957077, 8.19089031219471], [117.31392669677734, 8.189660072327229], [117.29351043701206, 8.178640365601098], [117.29176330566429, 8.181500434876], [117.28320312500034, 8.182640075684048], [117.28656768798874, 8.182789802551383], [117.28784942626976, 8.184379577637003], [117.28698730468773, 8.188119888305835], [117.29208374023438, 8.186459541321312], [117.29360961914062, 8.187780380248967], [117.28610992431652, 8.189169883728539], [117.2717132568365, 8.201100349426383], [117.26885986328182, 8.201749801636083], [117.26280975341797, 8.20983028411922]]], [[[117.1627807617192, 8.28582954406778], [117.16506958007858, 8.286669731140591], [117.16876220703159, 8.285269737243596], [117.1697387695317, 8.28227996826223], [117.17175292968795, 8.28435993194637], [117.17508697509811, 8.284159660339242], [117.19264221191418, 8.290369987488134], [117.19731903076183, 8.29745006561319], [117.20629882812557, 8.303130149841365], [117.21827697753906, 8.315750122070199], [117.22411346435558, 8.32400035858194], [117.23047637939453, 8.338749885559139], [117.23316955566452, 8.337080001831339], [117.2334671020509, 8.33265018463186], [117.22409057617188, 8.31912040710472], [117.22313690185547, 8.314869880676838], [117.23100280761776, 8.311180114746378], [117.23673248291038, 8.315830230713118], [117.23441314697277, 8.309760093689363], [117.23995971679744, 8.30815982818632], [117.24794006347702, 8.317049980164086], [117.2539215087894, 8.314649581909691], [117.25724792480514, 8.315150260925805], [117.26180267334041, 8.305930137634277], [117.25656127929744, 8.288519859314476], [117.23364257812545, 8.271789550781762], [117.2296905517585, 8.266409873962914], [117.22486114501999, 8.265460014343319], [117.21941375732422, 8.261940002441804], [117.21425628662143, 8.26255035400419], [117.21061706543037, 8.265859603882234], [117.20617675781295, 8.263669967651822], [117.2063598632817, 8.265800476074673], [117.20274353027389, 8.265600204467717], [117.2049636840826, 8.264579772949617], [117.18737030029297, 8.259840011597134], [117.18386840820324, 8.256529808044434], [117.1778335571289, 8.254489898681584], [117.17504119873092, 8.25722026825008], [117.17534637451206, 8.270099639893033], [117.17140197753929, 8.272069931030558], [117.1627807617192, 8.28582954406778]]], [[[117.51434326171898, 8.339320182800748], [117.51611328125045, 8.342200279236408], [117.52031707763717, 8.342700004577864], [117.517616271973, 8.338629722595499], [117.51434326171898, 8.339320182800748]]], [[[117.31001281738281, 8.345970153809105], [117.31407165527366, 8.351929664612157], [117.3160018920903, 8.351610183716389], [117.3166122436528, 8.346910476685025], [117.31075286865303, 8.344679832459065], [117.31001281738281, 8.345970153809105]]], [[[117.2238922119144, 8.358329772949503], [117.22534942626999, 8.359169960022484], [117.22528076171932, 8.357640266418343], [117.2238922119144, 8.358329772949503]]], [[[117.2283172607423, 8.360380172729776], [117.2362365722662, 8.366889953613736], [117.23821258544967, 8.367340087891137], [117.23932647705124, 8.36553001403837], [117.23050689697277, 8.357830047607877], [117.2283172607423, 8.360380172729776]]], [[[117.24166870117199, 8.369170188904263], [117.24333190918014, 8.3694496154788], [117.24392700195312, 8.37250995635992], [117.2483367919923, 8.378060340881689], [117.24555206298828, 8.370280265808617], [117.24333190918014, 8.367850303650016], [117.24166870117199, 8.369170188904263]]], [[[117.26184082031284, 8.391810417175805], [117.26653289794922, 8.392709732055948], [117.26381683349632, 8.390460014343205], [117.26184082031284, 8.391810417175805]]], [[[117.26045989990291, 8.394319534302156], [117.25991058349632, 8.394319534302156], [117.25993347168003, 8.395190238953091], [117.2602310180664, 8.395210266113452], [117.2602310180664, 8.395440101623933], [117.26048278808616, 8.39550971984886], [117.26052856445358, 8.395730018616177], [117.26104736328148, 8.395759582520043], [117.26104736328148, 8.396030426025902], [117.26127624511753, 8.396030426025902], [117.26127624511753, 8.396280288696346], [117.26183319091842, 8.396280288696346], [117.26183319091842, 8.39597988128719], [117.2615737915039, 8.39597988128719], [117.26155090332065, 8.395480155944824], [117.26129913330124, 8.395480155944824], [117.26129913330124, 8.395190238953091], [117.2607498168951, 8.395139694214379], [117.26080322265625, 8.394639968872582], [117.26048278808616, 8.394639968872582], [117.26045989990291, 8.394319534302156]]], [[[117.27017211914108, 8.400970458984943], [117.27017211914108, 8.400139808654728], [117.26995849609375, 8.400199890137287], [117.26989746093761, 8.39986038208059], [117.26989746093761, 8.399580001831623], [117.26959991455124, 8.39962959289602], [117.26959991455124, 8.399319648743187], [117.2693862915039, 8.399319648743187], [117.269363403321, 8.399040222168367], [117.26911163330124, 8.399080276489258], [117.26904296875057, 8.398730278015535], [117.26907348632858, 8.39848995208763], [117.26879119873115, 8.398460388183594], [117.26879119873115, 8.398180007934798], [117.26854705810592, 8.398180007934798], [117.26851654052768, 8.39793968200729], [117.26827239990246, 8.39793968200729], [117.2682266235355, 8.397689819336108], [117.26795196533237, 8.397640228272053], [117.26772308349632, 8.397629737854459], [117.26763916015693, 8.39743041992216], [117.26738739013672, 8.397359848022916], [117.26738739013672, 8.397080421447868], [117.26712036132858, 8.397080421447868], [117.26683807373058, 8.397120475769327], [117.26683807373058, 8.396220207214867], [117.26656341552791, 8.396260261536156], [117.26656341552791, 8.396010398864973], [117.26600646972679, 8.396010398864973], [117.26600646972679, 8.395739555358773], [117.26571655273494, 8.395700454712141], [117.26571655273494, 8.395429611205941], [117.26544952392624, 8.395429611205941], [117.26544952392624, 8.395739555358773], [117.26496124267601, 8.395739555358773], [117.26496124267601, 8.39597988128719], [117.26521301269577, 8.396010398864973], [117.26516723632881, 8.396289825440022], [117.26544952392624, 8.39632987976114], [117.2654800415039, 8.396599769592854], [117.26576232910156, 8.396599769592854], [117.26576232910156, 8.396849632263127], [117.26656341552791, 8.39688014984182], [117.26658630371116, 8.397399902344034], [117.26687622070381, 8.397439956665323], [117.26690673828125, 8.397680282593342], [117.26709747314453, 8.397749900818155], [117.26712036132858, 8.39791965484659], [117.267372131348, 8.39799976348894], [117.26738739013672, 8.398189544678132], [117.26738739013672, 8.39846992492727], [117.26764678955146, 8.398550033569848], [117.26766967773438, 8.398750305176236], [117.26766967773438, 8.399029731750375], [117.26825714111374, 8.399060249329068], [117.26834869384811, 8.399359703064476], [117.26878356933662, 8.39939022064209], [117.26878356933662, 8.399580001831623], [117.26892089843795, 8.399950027466275], [117.26905822753929, 8.39995956420887], [117.26909637451206, 8.40044975280756], [117.26934051513729, 8.40048980712902], [117.26937103271518, 8.400730133056925], [117.26957702636719, 8.400759696960392], [117.26962280273494, 8.400970458984943], [117.27017211914108, 8.400970458984943]]], [[[117.18860626220737, 8.43278026580856], [117.19082641601608, 8.434439659119164], [117.19222259521518, 8.433609962463947], [117.18860626220737, 8.43278026580856]]], [[[117.42923736572311, 8.439120292664086], [117.43298339843807, 8.441639900208031], [117.4357376098634, 8.439820289612328], [117.43276214599655, 8.437520027161213], [117.42923736572311, 8.439120292664086]]], [[[117.37333679199219, 8.756110191345613], [117.37695312500034, 8.75778007507381], [117.37708282470714, 8.754719734192463], [117.37333679199219, 8.756110191345613]]], [[[117.37951660156295, 8.757639884949242], [117.38361358642646, 8.759169578552473], [117.3811111450201, 8.756669998169457], [117.37951660156295, 8.757639884949242]]], [[[118.24777221679733, 8.890801429749104], [118.25201416015648, 8.889277458191259], [118.25674438476608, 8.88497829437307], [118.25131988525402, 8.886018753051928], [118.24777221679733, 8.890801429749104]]], [[[118.11640167236351, 9.045209884643953], [118.11714935302791, 9.048480033874796], [118.12019348144543, 9.049090385437523], [118.12085723876964, 9.047129631042935], [118.11917114257835, 9.043530464172647], [118.11752319335949, 9.042929649353027], [118.11640167236351, 9.045209884643953]]], [[[118.1334228515625, 9.067020416259709], [118.13864898681675, 9.070309638977562], [118.14383697509777, 9.06585979461721], [118.14105987548874, 9.061670303345238], [118.13569641113315, 9.059840202332111], [118.1334228515625, 9.067020416259709]]], [[[118.15422821044967, 9.08786010742216], [118.15757751464855, 9.089099884033487], [118.1599578857423, 9.088040351868187], [118.16104888916084, 9.086540222168423], [118.15994262695358, 9.083580017089844], [118.15696716308628, 9.084119796753328], [118.15422821044967, 9.08786010742216]]], [[[118.1214218139653, 9.093580245971623], [118.12362670898449, 9.096570014954068], [118.12693786621094, 9.096920013428019], [118.13023376464866, 9.095490455627498], [118.13110351562568, 9.092690467834586], [118.12918853759834, 9.089730262756916], [118.1245803833009, 9.089189529419514], [118.1214218139653, 9.093580245971623]]], [[[118.13002014160213, 9.101779937744482], [118.13352966308639, 9.102970123291584], [118.13500976562545, 9.100640296936092], [118.13362121582077, 9.099260330200366], [118.13002014160213, 9.101779937744482]]], [[[118.15915679931675, 9.113329887390421], [118.15833282470714, 9.113329887390421], [118.15833282470714, 9.113610267639217], [118.15778350830135, 9.113889694214436], [118.15693664550804, 9.114170074463402], [118.15693664550804, 9.11472034454357], [118.1572189331057, 9.11472034454357], [118.15915679931675, 9.114439964294775], [118.15944671630893, 9.114170074463402], [118.15944671630893, 9.113889694214436], [118.15915679931675, 9.113610267639217], [118.15915679931675, 9.113329887390421]]], [[[118.15894317627021, 9.124179840087777], [118.16329193115246, 9.12640953064016], [118.16426849365291, 9.121549606323299], [118.16058349609409, 9.121910095215014], [118.15894317627021, 9.124179840087777]]], [[[118.16795349121139, 9.133029937744652], [118.17178344726574, 9.134229660034691], [118.17331695556697, 9.132679939270531], [118.17051696777344, 9.130040168762378], [118.16795349121139, 9.133029937744652]]], [[[118.37917327880893, 9.20506954193155], [118.38082885742199, 9.206629753113305], [118.38295745849632, 9.203100204468285], [118.38082885742199, 9.201979637146508], [118.37917327880893, 9.20506954193155]]], [[[118.38416290283214, 9.219719886779899], [118.38527679443393, 9.221389770508267], [118.38657379150413, 9.219140052795694], [118.38416290283214, 9.219719886779899]]], [[[118.38889312744175, 9.228059768677156], [118.389999389649, 9.229439735412882], [118.39138793945312, 9.227780342102335], [118.3899765014653, 9.226690292358853], [118.38889312744175, 9.228059768677156]]], [[[117.84886932373058, 9.24446010589628], [117.8586578369144, 9.24853992462198], [117.86004638671932, 9.247429847717626], [117.85534667968795, 9.242710113525902], [117.85114288330124, 9.242719650268839], [117.84886932373058, 9.24446010589628]]], [[[118.42510223388695, 9.209970474243448], [118.42707824707043, 9.217989921569881], [118.43331146240257, 9.226730346680142], [118.43121337890648, 9.23810958862299], [118.43258666992188, 9.244930267334269], [118.43810272216831, 9.248849868774812], [118.44209289550827, 9.248749732971703], [118.43979644775413, 9.24087047576927], [118.44139099121105, 9.23750019073475], [118.4479904174807, 9.23886966705362], [118.45404815673828, 9.235520362854459], [118.45800781250023, 9.225740432739656], [118.45791625976585, 9.221409797668457], [118.45308685302734, 9.213829994202172], [118.44637298584007, 9.210330009461018], [118.44029235839878, 9.209750175476643], [118.43374633789108, 9.211910247802791], [118.42674255371162, 9.206970214844091], [118.42510223388695, 9.209970474243448]]], [[[118.50000000000034, 9.252220153809162], [118.50083160400413, 9.253060340881632], [118.50277709960938, 9.251110076904808], [118.50138854980526, 9.250559806824128], [118.50000000000034, 9.252220153809162]]], [[[117.88513946533226, 9.260000228882404], [117.88916778564487, 9.26249980926508], [117.89138793945358, 9.258609771729084], [117.88944244384834, 9.25749969482473], [117.88513946533226, 9.260000228882404]]], [[[117.95707702636753, 9.267189979553677], [117.95783996582065, 9.268230438232706], [117.95867919921943, 9.26690959930471], [117.95707702636753, 9.267189979553677]]], [[[117.92973327636764, 9.282219886779842], [117.9305572509769, 9.28444004058855], [117.93750000000068, 9.285829544067951], [117.94721984863304, 9.295000076294514], [117.9475021362307, 9.293060302734602], [117.93833160400447, 9.281940460205533], [117.94055175781318, 9.276390075684105], [117.93895721435581, 9.273469924926815], [117.94277954101562, 9.273059844971044], [117.94409942626987, 9.270210266113736], [117.94666290283271, 9.269169807434366], [117.94389343261764, 9.264719963073787], [117.93389129638706, 9.270560264587687], [117.93444824218818, 9.272500038146859], [117.93771362304722, 9.273119926452523], [117.93723297119175, 9.274720191955566], [117.93496704101608, 9.27884960174589], [117.92973327636764, 9.282219886779842]]], [[[117.99714660644577, 9.295490264893033], [117.99861145019588, 9.297780036926554], [118.00102233886787, 9.29722023010305], [118.00321197509811, 9.287030220032136], [117.99973297119186, 9.288319587708031], [117.99714660644577, 9.295490264893033]]], [[[117.95652770996139, 9.300350189208984], [117.96069335937534, 9.30140018463186], [117.96472167968795, 9.298330307007404], [117.96778106689499, 9.291110038757267], [117.96666717529354, 9.289440155029808], [117.96056365966854, 9.294170379638956], [117.96056365966854, 9.297780036926554], [117.95652770996139, 9.300350189208984]]], [[[117.94361114502021, 9.316109657287598], [117.94534301757847, 9.316249847411996], [117.94833374023449, 9.31083011627203], [117.94553375244175, 9.312459945679109], [117.94361114502021, 9.316109657287598]]], [[[118.08949279785213, 9.353190422058674], [118.09147644043014, 9.354450225830192], [118.0936737060548, 9.352959632874104], [118.0912170410162, 9.351380348205907], [118.08949279785213, 9.353190422058674]]], [[[118.0831222534182, 9.357170104980753], [118.08445739746116, 9.358900070190941], [118.08737945556652, 9.359009742737157], [118.08843231201183, 9.354579925537166], [118.08538055419933, 9.352809906006257], [118.0831222534182, 9.357170104980753]]], [[[118.05166625976608, 9.361940383911701], [118.05722045898438, 9.363059997558821], [118.05583190918026, 9.359439849854027], [118.05333709716808, 9.359720230102994], [118.05166625976608, 9.361940383911701]]], [[[118.06223297119163, 9.363889694214379], [118.06445312500034, 9.366939544678303], [118.06610870361374, 9.36666965484659], [118.06305694580124, 9.362500190735375], [118.06223297119163, 9.363889694214379]]], [[[118.57971954345737, 9.37374973297176], [118.58159637451229, 9.37658977508596], [118.58484649658226, 9.376339912414778], [118.58087921142578, 9.371199607849519], [118.57971954345737, 9.37374973297176]]], [[[118.56445312500068, 9.419170379638842], [118.5672225952153, 9.420559883118244], [118.56916809082077, 9.417220115661507], [118.56445312500068, 9.419170379638842]]], [[[118.60893249511764, 9.439640045166243], [118.60990142822277, 9.449159622192667], [118.61691284179722, 9.450260162353686], [118.62554931640682, 9.461350440979459], [118.62973785400402, 9.462180137634675], [118.632156372071, 9.460670471191804], [118.63345336914074, 9.458259582519815], [118.63273620605537, 9.448710441589526], [118.62798309326206, 9.437580108643033], [118.62487030029308, 9.434350013733251], [118.62349700927768, 9.434069633484455], [118.6205902099615, 9.438449859619539], [118.61900329589912, 9.432519912720295], [118.61569976806686, 9.430600166321312], [118.6119308471682, 9.430879592895792], [118.60893249511764, 9.439640045166243]]], [[[118.62033081054756, 9.485639572144123], [118.62254333496128, 9.48770046234182], [118.628036499024, 9.487509727478539], [118.62584686279354, 9.482620239258381], [118.62933349609375, 9.482419967651424], [118.6293869018557, 9.478879928589379], [118.62790679931686, 9.477600097656762], [118.62558746337936, 9.479280471801644], [118.62033081054756, 9.485639572144123]]], [[[118.77233123779354, 9.838809967041414], [118.77404022216854, 9.839420318603743], [118.77461242675838, 9.836620330810831], [118.77233123779354, 9.838809967041414]]], [[[118.76834869384834, 9.8393297195434], [118.77027130126987, 9.839879989624308], [118.7714767456057, 9.838009834290062], [118.77065277099643, 9.837269783020531], [118.76834869384834, 9.8393297195434]]], [[[118.75794982910202, 9.852149963379361], [118.7589263916019, 9.85379981994663], [118.76403808593773, 9.85523033142124], [118.76590728759811, 9.854100227356525], [118.76432037353572, 9.849100112915266], [118.75794982910202, 9.852149963379361]]], [[[118.81282043457031, 9.877019882202717], [118.81517791748092, 9.878009796142862], [118.81784820556686, 9.873140335083065], [118.81408691406261, 9.873370170593546], [118.81282043457031, 9.877019882202717]]], [[[118.77591705322311, 9.887849807739542], [118.77906799316452, 9.88916969299305], [118.78418731689487, 9.887820243836018], [118.78729248046932, 9.888750076294514], [118.78636169433616, 9.885580062866609], [118.7947235107423, 9.8791704177861], [118.79332733154365, 9.878609657288166], [118.78475952148472, 9.88360023498592], [118.78304290771518, 9.880849838257234], [118.77826690673896, 9.881230354308968], [118.77591705322311, 9.887849807739542]]], [[[118.82158660888672, 9.898389816284748], [118.82362365722668, 9.90058040618942], [118.8234329223634, 9.898579597473201], [118.82158660888672, 9.898389816284748]]], [[[118.87583160400436, 9.911160469055403], [118.87695312500023, 9.915080070496003], [118.88098144531295, 9.91357994079641], [118.882186889649, 9.909649848937875], [118.88107299804756, 9.905790328979492], [118.87783050537178, 9.907349586487328], [118.87583160400436, 9.911160469055403]]], [[[118.83896636962936, 9.920579910278718], [118.84175872802791, 9.923159599304483], [118.84410095214844, 9.92169952392635], [118.8409118652346, 9.919219970703693], [118.83896636962936, 9.920579910278718]]], [[[118.78810882568393, 9.9284801483156], [118.79007720947288, 9.92990970611612], [118.79403686523483, 9.929329872131746], [118.78954315185547, 9.923669815063874], [118.78810882568393, 9.9284801483156]]], [[[118.8525009155278, 9.926670074463402], [118.8547210693365, 9.93389034271297], [118.8580627441412, 9.92916965484676], [118.8525009155278, 9.926670074463402]]], [[[118.91670227050793, 9.93301010131853], [118.92157745361385, 9.940250396728857], [118.92971038818428, 9.938010215759789], [118.93232727050827, 9.933730125427132], [118.93038940429722, 9.93006992340122], [118.92437744140659, 9.925760269165607], [118.9208374023442, 9.928139686584984], [118.92056274414097, 9.931130409241177], [118.91670227050793, 9.93301010131853]]], [[[118.7885208129884, 9.938489913940714], [118.78888702392624, 9.940560340881689], [118.79083251953182, 9.940560340881689], [118.79044342041072, 9.937680244445858], [118.7885208129884, 9.938489913940714]]], [[[118.61750030517578, 9.962779998779695], [118.6188888549807, 9.963330268860375], [118.62027740478561, 9.96082973480253], [118.61860656738304, 9.960559844970987], [118.61750030517578, 9.962779998779695]]], [[[119.21362304687545, 10.062970161438557], [119.21383666992188, 10.065770149231469], [119.21765899658249, 10.067290306091593], [119.22364044189487, 10.074790000915868], [119.22772216796898, 10.086279869080158], [119.230712890625, 10.087459564209496], [119.23380279541072, 10.078260421753328], [119.22884368896541, 10.069970130920694], [119.22588348388683, 10.068579673766976], [119.22386932373092, 10.061630249023949], [119.21901702880871, 10.059499740601098], [119.21453094482433, 10.061059951782681], [119.21362304687545, 10.062970161438557]]], [[[118.7794418334961, 10.075280189514558], [118.7830581665039, 10.098329544067553], [118.78388977050827, 10.08860969543457], [118.78138732910213, 10.07221984863287], [118.7794418334961, 10.075280189514558]]], [[[119.22921752929699, 10.092459678650357], [119.23410797119163, 10.105730056763207], [119.23282623291061, 10.122309684753873], [119.23789978027355, 10.126770019531307], [119.24120330810547, 10.127619743347452], [119.24741363525436, 10.11592006683395], [119.24652862548862, 10.100190162659203], [119.23834228515625, 10.086359977722566], [119.23632812500034, 10.086790084839038], [119.23436737060558, 10.090200424194848], [119.22981262207054, 10.09062957763723], [119.22921752929699, 10.092459678650357]]], [[[119.24701690673862, 10.149510383606298], [119.24713897705124, 10.153940200806119], [119.24919128418037, 10.154859542847191], [119.25443267822311, 10.149140357971646], [119.25388336181675, 10.14554977417015], [119.25013732910224, 10.141790390014705], [119.2478332519537, 10.142900466919059], [119.24701690673862, 10.149510383606298]]], [[[118.76416778564487, 10.154439926147575], [118.76638793945358, 10.157219886780297], [118.76611328125011, 10.153059959411848], [118.76416778564487, 10.154439926147575]]], [[[119.29915618896553, 10.237750053406273], [119.30114746093773, 10.24022960662893], [119.30461120605503, 10.236900329590355], [119.30357360839844, 10.234560012817951], [119.30124664306663, 10.233949661254883], [119.29915618896553, 10.237750053406273]]], [[[119.30000305175804, 10.24250030517618], [119.30194091796909, 10.243060111999625], [119.30139160156295, 10.241109848022859], [119.30000305175804, 10.24250030517618]]], [[[119.32169342041016, 10.240500450134789], [119.32621765136776, 10.24997043609676], [119.33302307128952, 10.242529869079476], [119.33215332031318, 10.239239692687875], [119.32887268066418, 10.236709594727074], [119.32418823242233, 10.237230300903889], [119.32169342041016, 10.240500450134789]]], [[[119.38305664062557, 10.252300262451342], [119.38388824462936, 10.253890037536962], [119.38639068603572, 10.252499580383812], [119.38749694824219, 10.249170303345238], [119.38639068603572, 10.24750041961704], [119.38305664062557, 10.252300262451342]]], [[[119.36679077148472, 10.25757980346691], [119.36907196044967, 10.25860023498575], [119.37019348144554, 10.257399559021053], [119.36882019043014, 10.256409645081078], [119.36679077148472, 10.25757980346691]]], [[[119.48972320556675, 10.266389846802156], [119.49511718750057, 10.27005004882858], [119.49829864501987, 10.270000457764183], [119.49136352539108, 10.265620231628759], [119.48972320556675, 10.266389846802156]]], [[[119.35067749023472, 10.271039962768725], [119.35370635986396, 10.273750305176122], [119.35281372070324, 10.277449607849405], [119.35469818115234, 10.281339645385913], [119.36209869384834, 10.281259536743562], [119.36106109619186, 10.274430274963265], [119.35289764404342, 10.269450187683105], [119.35067749023472, 10.271039962768725]]], [[[119.44956970214878, 10.283809661865803], [119.45208740234386, 10.284859657287996], [119.45320892333984, 10.283610343933503], [119.45185089111374, 10.282329559326456], [119.44956970214878, 10.283809661865803]]], [[[119.36325836181675, 10.286109924316918], [119.36528015136719, 10.286669731140364], [119.36472320556686, 10.285280227661701], [119.36325836181675, 10.286109924316918]]], [[[119.3883666992192, 10.30300998687801], [119.39016723632812, 10.306819915771996], [119.39275360107467, 10.305669784546353], [119.39214324951217, 10.301609992980843], [119.38932800293014, 10.301269531250568], [119.3883666992192, 10.30300998687801]]], [[[119.4800033569336, 10.318909645081021], [119.48111724853584, 10.320229530334927], [119.48314666748081, 10.318220138549862], [119.48100280761776, 10.317540168762719], [119.4800033569336, 10.318909645081021]]], [[[118.93694305419945, 10.331669807434253], [118.94222259521518, 10.33388996124296], [118.94416809082043, 10.331939697265625], [118.94972229003929, 10.335000038147314], [118.95361328125057, 10.334170341491756], [118.94526672363315, 10.329449653625545], [118.93694305419945, 10.331669807434253]]], [[[118.95471954345703, 10.333060264587402], [118.95971679687557, 10.337499618530558], [118.96083068847656, 10.336939811707055], [118.95722198486374, 10.331939697265625], [118.95471954345703, 10.333060264587402]]], [[[119.13764953613327, 10.412540435791414], [119.13903808593795, 10.415320396423567], [119.1382064819336, 10.418379783630428], [119.14154052734409, 10.417260169983479], [119.1419067382817, 10.40861034393339], [119.1402969360355, 10.407279968261719], [119.13854980468773, 10.407719612121525], [119.13764953613327, 10.412540435791414]]], [[[119.01139068603561, 10.433059692383381], [119.0127792358403, 10.440279960632438], [119.0158309936528, 10.442779541016193], [119.0193862915039, 10.436690330505428], [119.02258300781273, 10.435150146484943], [119.0265274047855, 10.436050415039574], [119.0279235839846, 10.425439834594897], [119.02449798584053, 10.425140380859489], [119.02063751220749, 10.41800022125284], [119.01587677001964, 10.421870231628986], [119.01139068603561, 10.433059692383381]]], [[[119.16095733642601, 10.457500457764183], [119.1600036621096, 10.457500457764183], [119.15950775146496, 10.457599639892635], [119.15879821777378, 10.457719802857014], [119.15808105468807, 10.457819938659952], [119.15756225585972, 10.457989692688386], [119.15746307373081, 10.458239555359398], [119.15756225585972, 10.45845031738304], [119.15779113769543, 10.45860958099405], [119.1581878662115, 10.45860958099405], [119.15888977050815, 10.45860958099405], [119.16055297851574, 10.45833015441923], [119.16117095947311, 10.458180427551667], [119.1615829467778, 10.458080291748558], [119.16162872314476, 10.457949638366927], [119.16169738769543, 10.457790374755916], [119.16140747070324, 10.457500457764183], [119.16095733642601, 10.457500457764183]]], [[[118.9950027465826, 10.452500343322924], [118.99861145019577, 10.458889961242846], [119.00444793701229, 10.45860958099405], [119.00076293945358, 10.454239845276277], [119.00126647949219, 10.452130317688443], [119.00466156005928, 10.451239585876749], [119.00472259521496, 10.449720382690941], [119.00034332275447, 10.443980216980378], [118.99694824218795, 10.445280075073697], [118.99749755859398, 10.449720382690941], [118.9950027465826, 10.452500343322924]]], [[[119.15413665771484, 10.458279609680687], [119.15528106689453, 10.460280418395996], [119.15611267089912, 10.45833015441923], [119.15413665771484, 10.458279609680687]]], [[[119.16264343261764, 10.460619926452864], [119.16750335693405, 10.462849617004906], [119.17194366455146, 10.460829734802758], [119.1773605346682, 10.461460113525845], [119.17785644531318, 10.457280158997037], [119.18182373046886, 10.45497989654558], [119.18298339843807, 10.451120376587198], [119.18158721923862, 10.451040267944279], [119.17555236816429, 10.459170341491642], [119.16722106933639, 10.4600000381472], [119.16361236572322, 10.458060264587289], [119.16264343261764, 10.460619926452864]]], [[[119.14792633056675, 10.462679862976472], [119.14945983886719, 10.466469764710041], [119.15361022949276, 10.461110115051554], [119.14792633056675, 10.462679862976472]]], [[[119.16033172607422, 10.467200279236067], [119.16139221191452, 10.472220420837687], [119.1639862060548, 10.466540336608944], [119.16033172607422, 10.467200279236067]]], [[[119.1638870239259, 10.481109619141023], [119.16583251953193, 10.481670379639127], [119.16500091552768, 10.479720115661962], [119.1638870239259, 10.481109619141023]]], [[[119.15754699707077, 10.481690406799316], [119.15863800048874, 10.482600212097623], [119.16223907470703, 10.480389595031681], [119.16004943847656, 10.47735023498592], [119.15754699707077, 10.481690406799316]]], [[[119.1516799926759, 10.490460395813443], [119.15328979492233, 10.491270065307901], [119.15344238281318, 10.488499641419025], [119.15206909179699, 10.488320350647484], [119.1516799926759, 10.490460395813443]]], [[[119.99069213867222, 10.495140075683707], [119.9970092773442, 10.495759963989371], [119.9993133544923, 10.49833011627237], [119.99861145019531, 10.489999771118448], [119.99667358398506, 10.488329887390591], [119.99360656738338, 10.490489959717308], [119.99221801757847, 10.489450454712369], [119.99069213867222, 10.495140075683707]]], [[[119.91055297851585, 10.508609771729027], [119.9094467163086, 10.508060455322777], [119.9091567993164, 10.508060455322777], [119.90907287597702, 10.507960319519498], [119.90891265869197, 10.508069992065373], [119.9086532592778, 10.508049964905354], [119.90828704834018, 10.508139610290868], [119.90811157226562, 10.508099555969409], [119.90785217285168, 10.508239746093807], [119.90770721435592, 10.508379936218205], [119.90750122070335, 10.508749961853596], [119.90778350830101, 10.509169578552303], [119.90833282470714, 10.509169578552303], [119.90875244140693, 10.509169578552303], [119.9090270996096, 10.509309768676701], [119.90930938720726, 10.509440422058503], [119.90972137451206, 10.509440422058503], [119.91014099121105, 10.509440422058503], [119.91027832031318, 10.509169578552303], [119.91055297851585, 10.508890151977994], [119.91055297851585, 10.508609771729027]]], [[[119.1305465698249, 10.499170303345181], [119.13314819335972, 10.504969596863305], [119.13083648681686, 10.507499694824503], [119.13276672363315, 10.50971984863321], [119.13462066650447, 10.50640964508085], [119.13894653320381, 10.507650375366666], [119.14129638671932, 10.504949569702205], [119.14482879638729, 10.504619598389183], [119.14469909667969, 10.500040054321687], [119.14682769775447, 10.497340202332055], [119.14898681640625, 10.498080253601017], [119.15222167968784, 10.492779731750602], [119.14700317382858, 10.49300003051792], [119.1429367065432, 10.497579574584904], [119.13684844970771, 10.499690055847736], [119.1325073242192, 10.493439674377726], [119.1305465698249, 10.499170303345181]]], [[[119.05481719970726, 10.489489555359], [119.06244659423851, 10.497460365295353], [119.05726623535168, 10.50150966644344], [119.05653381347679, 10.505410194396859], [119.06722259521553, 10.50891971588186], [119.06900787353572, 10.512519836426293], [119.071609497071, 10.511019706726529], [119.07861328125045, 10.511110305786701], [119.07776641845749, 10.50833034515415], [119.07888793945312, 10.506669998169457], [119.07663726806697, 10.504199981689567], [119.07951354980491, 10.501839637756461], [119.08334350585983, 10.503060340881746], [119.08139038085983, 10.497500419616813], [119.07776641845749, 10.494170188903752], [119.07917022705112, 10.49139022827194], [119.07721710205135, 10.488329887390591], [119.07811737060581, 10.485139846801928], [119.07195281982433, 10.485830307007234], [119.06967926025447, 10.490139961243187], [119.06365203857467, 10.489819526672932], [119.05944824218795, 10.487779617310082], [119.05481719970726, 10.489489555359]]], [[[119.76302337646553, 10.514499664306754], [119.76260375976574, 10.514340400695744], [119.7622604370124, 10.514360427857014], [119.76199340820347, 10.514459609985295], [119.76190185546909, 10.514670372009846], [119.76191711425781, 10.514940261841389], [119.76219940185547, 10.51527023315424], [119.76257324218784, 10.515640258789631], [119.76293182373092, 10.5159597396854], [119.76332855224643, 10.516139984131257], [119.76361846923862, 10.516180038452717], [119.76384735107433, 10.516099929809798], [119.76392364501999, 10.516079902649437], [119.76393127441452, 10.515810012817894], [119.76392364501999, 10.515540122986351], [119.76383209228561, 10.51544952392635], [119.76368713378929, 10.5153102874757], [119.76347351074276, 10.514960289001408], [119.76322174072334, 10.514690399170036], [119.76302337646553, 10.514499664306754]]], [[[119.75756835937557, 10.514670372009846], [119.76200866699219, 10.517319679260765], [119.76027679443393, 10.515029907226904], [119.75756835937557, 10.514670372009846]]], [[[120.00499725341831, 10.515560150147053], [120.00917053222702, 10.517419815064045], [120.00930786132858, 10.515480041504134], [120.00554656982467, 10.513609886169718], [120.00499725341831, 10.515560150147053]]], [[[119.22805786132858, 10.531940460205476], [119.23027801513729, 10.535559654235783], [119.2316665649414, 10.53472042083763], [119.22805786132858, 10.531940460205476]]], [[[119.72460937500034, 10.53472042083763], [119.72727966308628, 10.536319732666414], [119.72934722900413, 10.53487968444864], [119.72460937500034, 10.53472042083763]]], [[[120.0186080932624, 10.531390190124569], [120.02443695068405, 10.538060188293855], [120.02639007568371, 10.53777980804449], [120.02438354492233, 10.530619621277083], [120.02139282226597, 10.529439926147973], [120.0186080932624, 10.531390190124569]]], [[[119.11517333984432, 10.541199684143066], [119.11641693115291, 10.542619705200252], [119.11678314208996, 10.538789749145906], [119.11517333984432, 10.541199684143066]]], [[[119.73136138916084, 10.537929534912564], [119.73444366455078, 10.542499542236612], [119.73139190673828, 10.546939849854027], [119.73388671875045, 10.54778003692627], [119.73610687255916, 10.543889999390103], [119.73552703857433, 10.542050361633471], [119.74033355712959, 10.53934955596975], [119.74181365966808, 10.53625011444143], [119.73947906494186, 10.533690452576195], [119.73490142822311, 10.533390045165959], [119.73136138916084, 10.537929534912564]]], [[[119.70417022705101, 10.548330307007348], [119.70503234863304, 10.549519538879963], [119.70657348632881, 10.548689842224576], [119.70417022705101, 10.548330307007348]]], [[[120.00666046142635, 10.548749923706225], [120.01055908203136, 10.548609733581827], [120.01499938964878, 10.54471969604532], [120.01000213623104, 10.541669845581566], [120.00771331787166, 10.543399810791584], [120.00853729248047, 10.546090126037711], [120.00666046142635, 10.548749923706225]]], [[[120.09155273437523, 10.548310279846419], [120.09204101562568, 10.55121040344227], [120.09430694580135, 10.552359580994164], [120.0933990478519, 10.549169540405842], [120.09528350830146, 10.54687976837181], [120.09242248535224, 10.546870231628873], [120.09155273437523, 10.548310279846419]]], [[[119.10888671875023, 10.552780151367699], [119.11000061035202, 10.554439544678132], [119.11428070068405, 10.553239822387695], [119.11163330078136, 10.550869941711994], [119.10888671875023, 10.552780151367699]]], [[[119.1968078613287, 10.553830146790062], [119.19962310791016, 10.55628967285196], [119.20371246337925, 10.552610397339436], [119.19970703125034, 10.550219535828035], [119.1968078613287, 10.553830146790062]]], [[[119.70200347900425, 10.556909561157624], [119.70350646972679, 10.56013011932373], [119.70719146728561, 10.561570167542015], [119.70793151855469, 10.555609703064476], [119.7040405273442, 10.554490089416447], [119.70200347900425, 10.556909561157624]]], [[[119.71668243408271, 10.56315040588396], [119.7217102050787, 10.56567955017141], [119.71954345703193, 10.562279701233365], [119.71668243408271, 10.56315040588396]]], [[[119.74059295654354, 10.558360099792992], [119.74260711669945, 10.565710067749535], [119.74514770507858, 10.565999984741495], [119.74725341796886, 10.56005001068155], [119.74154663085994, 10.557459831237793], [119.74059295654354, 10.558360099792992]]], [[[119.74234008789108, 10.577449798583928], [119.74282073974643, 10.582099914551236], [119.74778747558628, 10.58693027496389], [119.74941253662143, 10.58154010772705], [119.7485580444336, 10.577610015869595], [119.74569702148438, 10.57411003112827], [119.74234008789108, 10.577449798583928]]], [[[119.11888885498104, 10.54944038391153], [119.12000274658249, 10.551939964294888], [119.12277984619186, 10.552499771118732], [119.12460327148449, 10.556099891663166], [119.12954711914108, 10.559169769287621], [119.12922668457065, 10.561380386352482], [119.1266174316412, 10.56175994873081], [119.12602233886764, 10.565179824829386], [119.13247680664097, 10.566630363464753], [119.13507843017624, 10.569140434265535], [119.13461303710949, 10.572310447692757], [119.13086700439453, 10.572219848633324], [119.12934112548828, 10.575059890747355], [119.11920928955124, 10.577099800110375], [119.11926269531261, 10.585320472717342], [119.12336730957088, 10.58860015869152], [119.12967681884788, 10.59051990509073], [119.12754821777389, 10.583860397339265], [119.13229370117188, 10.582260131836222], [119.1363906860355, 10.586669921875455], [119.1393890380865, 10.587200164795433], [119.13867187500034, 10.582610130309945], [119.14212799072311, 10.580340385437182], [119.1451568603519, 10.581290245056437], [119.14581298828193, 10.583259582519645], [119.14444732666072, 10.58403015136713], [119.15055847168026, 10.586939811706998], [119.15249633789097, 10.589719772339379], [119.16058349609398, 10.593139648437784], [119.16152954101585, 10.588789939880883], [119.16361236572322, 10.587779998779808], [119.15666961669945, 10.583060264587914], [119.16069793701206, 10.579850196838493], [119.16129302978516, 10.577750205994164], [119.15921020507858, 10.57493019104055], [119.16040802001999, 10.572839736938988], [119.163368225098, 10.572930335998421], [119.16552734375057, 10.5711097717288], [119.17639160156307, 10.573060035705964], [119.17639160156307, 10.576109886169661], [119.17111206054688, 10.578060150146996], [119.17500305175815, 10.581669807434025], [119.17923736572311, 10.576060295105435], [119.18386077880905, 10.575799942016829], [119.18934631347702, 10.569580078125341], [119.19167327880882, 10.5691699981694], [119.1933364868164, 10.570980072021996], [119.20027923584018, 10.567500114441032], [119.19782257080124, 10.56416988372797], [119.19509887695335, 10.565509796142976], [119.19320678710983, 10.562890052795922], [119.19035339355514, 10.565179824829386], [119.18520355224655, 10.562629699707486], [119.1815490722662, 10.565509796142976], [119.18184661865257, 10.56865978241018], [119.17321014404297, 10.569720268249739], [119.16750335693405, 10.566390037536678], [119.16575622558628, 10.562879562378328], [119.15361785888695, 10.568570137023926], [119.15090179443405, 10.565569877624966], [119.15138244628952, 10.561920166016137], [119.14829254150459, 10.558010101318871], [119.14272308349621, 10.557410240173738], [119.13902282714866, 10.555089950562092], [119.1416702270509, 10.550559997559162], [119.13999938964889, 10.550559997559162], [119.13696289062534, 10.554470062256428], [119.13291168212947, 10.551639556884652], [119.12975311279308, 10.555239677429086], [119.12793731689464, 10.554220199585075], [119.12763214111374, 10.551679611206112], [119.12473297119186, 10.551670074463345], [119.123046875, 10.548890113830623], [119.11888885498104, 10.54944038391153]]], [[[119.74610900878918, 10.590000152588345], [119.74973297119152, 10.592780113220158], [119.74870300293026, 10.595439910888672], [119.75147247314476, 10.596549987793026], [119.75026702880893, 10.589170455933129], [119.74777984619175, 10.588060379028775], [119.74610900878918, 10.590000152588345]]], [[[119.74185943603584, 10.525710105896394], [119.74387359619175, 10.530690193176554], [119.74368286132847, 10.542039871216048], [119.75083160400425, 10.545399665832974], [119.74916839599666, 10.553059577941838], [119.74833679199287, 10.549719810486181], [119.74537658691429, 10.546979904174748], [119.7423706054692, 10.546870231628873], [119.74257659912121, 10.549940109253498], [119.74595642089889, 10.552800178527889], [119.74582672119152, 10.556420326233422], [119.75311279296943, 10.560750007629395], [119.75715637207077, 10.560059547424828], [119.75933074951206, 10.56412982940725], [119.76750183105491, 10.564439773560082], [119.7658309936528, 10.562219619751374], [119.7680511474615, 10.559020042419377], [119.76999664306686, 10.561670303345295], [119.78350830078182, 10.558059692383267], [119.79134368896507, 10.546339988709065], [119.7937088012701, 10.550729751587426], [119.79589843750057, 10.551670074463345], [119.79615020751953, 10.553999900817757], [119.79444122314499, 10.555000305176236], [119.79543304443416, 10.557729721069734], [119.79264068603561, 10.557920455933015], [119.79004669189453, 10.561779975891397], [119.79421997070358, 10.564669609070336], [119.80034637451172, 10.563220024109455], [119.80486297607479, 10.566940307617585], [119.8004379272461, 10.569600105285929], [119.79805755615234, 10.568610191345385], [119.7969436645509, 10.571390151978107], [119.80206298828125, 10.578310012817667], [119.80333709716854, 10.585280418395882], [119.80805206298862, 10.591110229492699], [119.81677246093761, 10.597029685974292], [119.8209686279298, 10.595820426941486], [119.8240966796875, 10.606809616088754], [119.83345031738327, 10.61406993866018], [119.83312225341842, 10.638099670410725], [119.82811737060592, 10.64591026306141], [119.82778167724655, 10.652500152588459], [119.83165740966808, 10.64943981170694], [119.83778381347679, 10.651940345764444], [119.84014129638683, 10.65083026886009], [119.84278106689453, 10.638609886169604], [119.84583282470703, 10.639439582825162], [119.84834289550793, 10.636940002441804], [119.85527801513672, 10.63444042205839], [119.85614776611374, 10.628510475159203], [119.8613891601567, 10.624170303345238], [119.8622207641605, 10.620829582214753], [119.8642883300787, 10.630270004272347], [119.86860656738327, 10.63416957855219], [119.86972045898494, 10.633060455322664], [119.8688125610355, 10.630040168762434], [119.87180328369152, 10.630299568176383], [119.87470245361374, 10.624509811401936], [119.88336181640682, 10.616970062256371], [119.88555908203148, 10.615830421447981], [119.8891677856451, 10.617219924927042], [119.8936691284182, 10.61392974853544], [119.89407348632847, 10.611000061035554], [119.90337371826183, 10.60552024841337], [119.90528106689464, 10.601670265198152], [119.90471649169979, 10.598059654235726], [119.90740966796943, 10.600620269775959], [119.91606140136776, 10.601229667664029], [119.91988372802791, 10.603730201721703], [119.9289169311528, 10.604419708252351], [119.93876647949276, 10.607609748840275], [119.9452133178711, 10.603139877319904], [119.95787811279331, 10.598959922790925], [119.97144317626999, 10.598389625549828], [119.9750366210942, 10.601510047913166], [119.98303222656273, 10.600009918213061], [119.9874191284182, 10.594929695129963], [119.9941711425787, 10.591529846191406], [119.99181365966842, 10.589139938355004], [119.99028015136741, 10.579449653625886], [119.99276733398483, 10.573060035705964], [119.99861145019531, 10.568059921265217], [120.00285339355526, 10.56777954101608], [120.00422668457065, 10.566109657287882], [119.99893951416072, 10.5581703186038], [120.00158691406295, 10.552499771118732], [119.98603820800827, 10.550399780273324], [119.98722076416038, 10.555279731750545], [119.9895629882817, 10.557459831237793], [119.98972320556686, 10.5631303787236], [119.98370361328193, 10.566909790039404], [119.9825820922855, 10.570670127869164], [119.97820281982422, 10.569529533386458], [119.97827911376999, 10.565730094909554], [119.98126983642624, 10.562689781189306], [119.9772262573249, 10.561050415039631], [119.9759597778326, 10.557820320129508], [119.9802780151374, 10.551939964294888], [119.97020721435592, 10.549050331116291], [119.97028350830112, 10.545880317688386], [119.98132324218795, 10.541279792785986], [119.9857635498048, 10.535750389099064], [119.98335266113281, 10.530949592590844], [119.97753143310581, 10.528380393982331], [119.9728088378912, 10.530980110168798], [119.96737670898494, 10.529140472412394], [119.96485137939453, 10.52276039123592], [119.95897674560604, 10.517439842224064], [119.95336151123104, 10.519089698791902], [119.94764709472679, 10.518610000610636], [119.94254302978516, 10.523440361023063], [119.94287109375057, 10.527000427246037], [119.94770050048874, 10.534099578857706], [119.94444274902344, 10.535590171814476], [119.93605041503906, 10.527779579162711], [119.93549346923874, 10.52410984039335], [119.93762969970726, 10.520090103149982], [119.93551635742244, 10.51632976531971], [119.93611145019554, 10.507220268249796], [119.93499755859409, 10.505559921265103], [119.93277740478584, 10.506669998169457], [119.93012237548862, 10.504570007324617], [119.92700195312545, 10.50771999359182], [119.92780303955135, 10.51150035858194], [119.92397308349621, 10.517620086669922], [119.91874694824241, 10.518610000610636], [119.91000366210972, 10.516670227051236], [119.91278839111328, 10.522009849548454], [119.9109497070317, 10.523309707642], [119.90937042236374, 10.531510353088947], [119.90302276611396, 10.533709526062466], [119.90653991699241, 10.536049842834473], [119.90596771240257, 10.540630340576286], [119.90194702148494, 10.543330192566259], [119.90396881103538, 10.546179771423226], [119.8998718261721, 10.547360420227562], [119.89421844482433, 10.552459716797443], [119.88500213623092, 10.550000190734977], [119.8869400024414, 10.544030189514672], [119.89026641845737, 10.540559768677213], [119.89360809326206, 10.542220115661905], [119.89499664306697, 10.540829658508756], [119.89985656738338, 10.541669845581566], [119.89700317382835, 10.53687953949003], [119.898193359375, 10.53378009796171], [119.89517974853572, 10.52385997772268], [119.89813232421932, 10.521519660949764], [119.90249633789108, 10.524169921875512], [119.90511322021507, 10.521220207214355], [119.9054565429692, 10.509869575500886], [119.90956115722702, 10.505359649658715], [119.91134643554722, 10.496299743652855], [119.91548919677791, 10.49429035186813], [119.92082977294979, 10.485280036926326], [119.92402648925815, 10.483559608459984], [119.91285705566452, 10.474479675293026], [119.90937042236374, 10.475279808044547], [119.90531921386787, 10.480199813843228], [119.90297698974655, 10.479929924011685], [119.90236663818405, 10.482170104980582], [119.89597320556709, 10.478969573974496], [119.89354705810558, 10.480560302734943], [119.88980102539062, 10.480090141296273], [119.88876342773483, 10.478099822998558], [119.88469696044979, 10.480770111084496], [119.87155914306709, 10.482540130615632], [119.86810302734432, 10.486499786377465], [119.86415100097656, 10.480340003967626], [119.8598937988287, 10.48128986358671], [119.85639190673874, 10.48472023010305], [119.85843658447311, 10.479149818420353], [119.86501312255905, 10.47297954559366], [119.86554718017624, 10.47000026702898], [119.8719711303711, 10.471249580383812], [119.87586212158237, 10.469309806824242], [119.87500000000034, 10.461839675903832], [119.86636352539074, 10.458909988403605], [119.84948730468761, 10.45750999450712], [119.84284973144577, 10.453419685363997], [119.83260345458996, 10.451849937439476], [119.82845306396553, 10.448690414428597], [119.82351684570312, 10.448439598083837], [119.81519317626999, 10.442549705505769], [119.81072235107456, 10.444540023803995], [119.80497741699241, 10.441300392151277], [119.80383300781273, 10.446740150452172], [119.79760742187511, 10.451009750366666], [119.78083038330135, 10.45331001281778], [119.77321624755882, 10.45003986358688], [119.77023315429699, 10.452650070190998], [119.76206207275413, 10.465069770812875], [119.76397705078193, 10.472640037537133], [119.76999664306686, 10.472499847412394], [119.76856231689521, 10.474849700928246], [119.77008056640693, 10.478420257568814], [119.76647186279331, 10.480770111084496], [119.76561737060581, 10.485030174255883], [119.76532745361362, 10.494600296020963], [119.7685394287115, 10.499950408935433], [119.767822265625, 10.505709648132267], [119.76344299316406, 10.513299942016886], [119.76555633544967, 10.522219657898347], [119.76402282714889, 10.521530151367188], [119.76251220703136, 10.523460388184162], [119.76441192626999, 10.528220176697346], [119.7609634399414, 10.532540321350382], [119.7574996948249, 10.528610229492756], [119.75486755371139, 10.53178024292032], [119.75129699707077, 10.526180267334496], [119.7524337768557, 10.521550178528287], [119.74922943115234, 10.517840385437239], [119.74696350097668, 10.52270030975393], [119.74185943603584, 10.525710105896394]]], [[[120.24117279052791, 10.657779693604027], [120.24569702148472, 10.668959617615144], [120.24548339843773, 10.67339992523182], [120.24408721923828, 10.674030303955476], [120.2455520629884, 10.67722034454357], [120.24887084960983, 10.668250083923226], [120.25228881835938, 10.666529655457055], [120.25444793701195, 10.66082954406778], [120.25360870361362, 10.656109809875659], [120.25512695312568, 10.652779579162598], [120.25138092041072, 10.64799022674572], [120.25332641601597, 10.64667034149221], [120.24973297119186, 10.643059730530183], [120.25721740722724, 10.638059616089436], [120.25890350341808, 10.632849693298851], [120.24604034423885, 10.632479667663631], [120.24916839599621, 10.638609886169604], [120.2469482421875, 10.64249992370651], [120.24411773681652, 10.6434402465826], [120.24478912353527, 10.646809577942463], [120.24117279052791, 10.657779693604027]]], [[[119.59947204589889, 10.676039695740315], [119.60246276855469, 10.679739952087687], [119.60228729248092, 10.6748695373538], [119.59947204589889, 10.676039695740315]]], [[[120.24555969238338, 10.680000305176293], [120.24791717529342, 10.682640075683537], [120.24687194824264, 10.679719924927326], [120.24555969238338, 10.680000305176293]]], [[[119.58171844482445, 10.675450325012093], [119.58750915527355, 10.68282985687307], [119.58867645263729, 10.679860115051724], [119.58721160888717, 10.676520347595726], [119.58171844482445, 10.675450325012093]]], [[[120.32694244384811, 10.683329582214697], [120.32971954345737, 10.686670303345181], [120.33159637451195, 10.686109542847248], [120.32694244384811, 10.683329582214697]]], [[[119.29472351074264, 10.691940307617472], [119.29527282714878, 10.693960189819563], [119.29945373535202, 10.69388961792049], [119.29778289794933, 10.691940307617472], [119.29472351074264, 10.691940307617472]]], [[[119.83035278320381, 10.693799972534464], [119.83138275146541, 10.695420265198209], [119.83276367187534, 10.694879531860636], [119.83035278320381, 10.693799972534464]]], [[[120.26860809326217, 10.69443988800083], [120.2708435058596, 10.695560455322607], [120.272499084473, 10.693610191345272], [120.27111053466808, 10.69027996063221], [120.26860809326217, 10.69443988800083]]], [[[119.30219268798885, 10.695980072022053], [119.30444335937545, 10.701669692993732], [119.30740356445358, 10.70436000823969], [119.3095169067384, 10.702440261841218], [119.31239318847713, 10.70368957519571], [119.3118515014653, 10.694060325622502], [119.30962371826229, 10.689929962158487], [119.30390930175838, 10.688489913940714], [119.30219268798885, 10.695980072022053]]], [[[120.2530517578125, 10.706040382385652], [120.25444793701195, 10.713330268860034], [120.25639343261719, 10.715829849243448], [120.26222229003952, 10.712499618530728], [120.26526641845703, 10.718059539795433], [120.2666625976567, 10.716939926147973], [120.2673568725586, 10.709380149841309], [120.26950836181663, 10.708330154419514], [120.27111053466808, 10.704719543457315], [120.2663192749028, 10.700559616089379], [120.26722717285179, 10.695560455322607], [120.25749969482445, 10.692779541016137], [120.25554656982467, 10.69443988800083], [120.25749969482445, 10.701390266418343], [120.2530517578125, 10.706040382385652]]], [[[119.62149047851585, 10.714850425720158], [119.62677001953159, 10.717519760132348], [119.62626647949287, 10.722149848938557], [119.63378143310604, 10.721340179443757], [119.63662719726574, 10.718059539795433], [119.63571166992233, 10.71168994903553], [119.62985992431652, 10.708410263061921], [119.62780761718784, 10.71463012695341], [119.62344360351562, 10.710610389710041], [119.62149047851585, 10.714850425720158]]], [[[119.20221710205124, 10.724029541015568], [119.20639038085972, 10.722780227661644], [119.20284271240303, 10.722290039062955], [119.20221710205124, 10.724029541015568]]], [[[119.68840026855514, 10.707960128784123], [119.68978881836006, 10.715900421143033], [119.69222259521496, 10.718330383301293], [119.69399261474643, 10.724780082703035], [119.69824218750057, 10.72824001312307], [119.69917297363327, 10.725970268249966], [119.69770812988327, 10.721960067749421], [119.69904327392624, 10.719750404358479], [119.69677734375, 10.71778964996389], [119.69656372070358, 10.710320472717228], [119.70255279541038, 10.704059600830533], [119.70276641845737, 10.700280189514558], [119.69809722900425, 10.693759918213345], [119.69838714599643, 10.687279701233422], [119.69331359863327, 10.683440208435059], [119.68840026855514, 10.707960128784123]]], [[[119.62571716308628, 10.731929779053019], [119.62732696533249, 10.732930183411156], [119.6337738037115, 10.73077011108444], [119.63523101806709, 10.728130340576115], [119.63394927978561, 10.727219581604231], [119.62571716308628, 10.731929779053019]]], [[[119.65463256835983, 10.745860099792992], [119.65725708007835, 10.747980117797852], [119.66011047363304, 10.74466991424606], [119.6551132202153, 10.744299888611238], [119.65463256835983, 10.745860099792992]]], [[[119.29546356201206, 10.76119995117233], [119.2950820922855, 10.761179924011628], [119.29480743408203, 10.761389732360783], [119.29480743408203, 10.761839866638581], [119.29495239257835, 10.762319564819279], [119.2951889038086, 10.762820243835392], [119.29580688476585, 10.763389587402742], [119.2962036132817, 10.763600349426724], [119.29640960693393, 10.76352977752714], [119.29653930664108, 10.76348972320585], [119.29650115966831, 10.762849807739428], [119.29633331298828, 10.762359619140739], [119.29621124267624, 10.762009620666447], [119.29570770263729, 10.761429786682243], [119.29546356201206, 10.76119995117233]]], [[[119.37638854980526, 10.794719696045433], [119.37454986572311, 10.794540405273324], [119.37415313720703, 10.794670104980867], [119.37397766113327, 10.79506015777605], [119.37397766113327, 10.795519828796955], [119.37422943115268, 10.795849800110147], [119.37457275390682, 10.796019554138581], [119.37510681152344, 10.79598045349178], [119.37555694580124, 10.795829772949787], [119.37666320800838, 10.795559883118074], [119.37666320800838, 10.795280456543367], [119.37638854980526, 10.7950000762944], [119.37638854980526, 10.794719696045433]]], [[[119.64388275146541, 10.797089576721476], [119.6454162597662, 10.802889823914086], [119.64718627929688, 10.80307960510305], [119.64835357666027, 10.80058956146297], [119.64653778076217, 10.797780036926781], [119.64388275146541, 10.797089576721476]]], [[[119.61956024169933, 10.81357002258352], [119.62245178222724, 10.814680099487873], [119.62402343750045, 10.813260078430687], [119.61956024169933, 10.81357002258352]]], [[[119.35056304931686, 10.823189735412882], [119.35292053222713, 10.822219848633267], [119.35151672363327, 10.821669578552758], [119.35056304931686, 10.823189735412882]]], [[[119.3536071777346, 10.827779769897973], [119.35375213623092, 10.829440116882495], [119.35527801513717, 10.826109886169434], [119.3536071777346, 10.827779769897973]]], [[[119.32639312744152, 10.826020240783919], [119.32845306396518, 10.831950187683674], [119.32975769042991, 10.831890106201115], [119.3288879394537, 10.829719543457543], [119.33361053466831, 10.828240394592626], [119.3288879394537, 10.821109771729084], [119.32639312744152, 10.826020240783919]]], [[[119.42973327636753, 10.834989547729435], [119.43244934082043, 10.834460258484114], [119.43154144287143, 10.831450462341309], [119.42973327636753, 10.834989547729435]]], [[[119.34655761718795, 10.832929611206566], [119.34863281250057, 10.836150169372672], [119.35102844238304, 10.836199760437296], [119.352577209473, 10.830329895019531], [119.35077667236362, 10.829480171203954], [119.34895324707065, 10.832839965820881], [119.34726715087936, 10.83176040649414], [119.34655761718795, 10.832929611206566]]], [[[119.23515319824241, 10.833889961243074], [119.23705291748104, 10.83631038665817], [119.23935699462913, 10.835769653320767], [119.23671722412143, 10.831179618835847], [119.23515319824241, 10.833889961243074]]], [[[119.61669158935558, 10.822179794311978], [119.61840820312511, 10.825130462646882], [119.62490081787121, 10.821479797363565], [119.63194274902389, 10.823060035706078], [119.63054656982445, 10.824720382690941], [119.62391662597656, 10.825559616089265], [119.62145233154342, 10.828599929809513], [119.62095642089844, 10.832659721375023], [119.62568664550804, 10.837630271911905], [119.629638671875, 10.836339950562035], [119.63040924072311, 10.83203983306936], [119.63497924804688, 10.826120376586857], [119.6354064941412, 10.823360443115405], [119.63735961914062, 10.823510169983479], [119.63909149169967, 10.826239585876408], [119.64057159423896, 10.824870109558105], [119.63768005371105, 10.822649955749398], [119.64102935791072, 10.82182025909475], [119.64190673828193, 10.818229675293423], [119.63935852050815, 10.816490173340128], [119.64160919189476, 10.81009960174606], [119.6407089233403, 10.802180290222566], [119.63835906982479, 10.799850463867756], [119.63403320312545, 10.799659729004475], [119.63218688964912, 10.79792022705118], [119.62848663330112, 10.800080299377669], [119.62978363037132, 10.802120208740519], [119.6259613037115, 10.806699752807504], [119.6238403320317, 10.804759979248331], [119.62165832519543, 10.805720329284952], [119.62271881103572, 10.808420181274926], [119.62737274169933, 10.810179710388638], [119.63009643554722, 10.809320449829386], [119.6304931640625, 10.811699867249104], [119.62808990478561, 10.817709922790698], [119.61824035644588, 10.820079803467308], [119.61669158935558, 10.822179794311978]]], [[[119.42828369140693, 10.838609695435139], [119.42874908447288, 10.839719772339322], [119.43055725097713, 10.838609695435139], [119.42973327636753, 10.835829734802417], [119.42828369140693, 10.838609695435139]]], [[[119.3088912963874, 10.84333038330135], [119.3097229003912, 10.844169616699673], [119.31166839599643, 10.842220306396996], [119.3088912963874, 10.84333038330135]]], [[[119.42888641357422, 10.845000267029206], [119.43000030517646, 10.84694004058855], [119.43195343017624, 10.846389770508381], [119.43000030517646, 10.844030380249421], [119.42888641357422, 10.845000267029206]]], [[[119.29723358154354, 10.848609924316918], [119.30428314209041, 10.850090026855753], [119.30526733398506, 10.844719886779842], [119.30416870117233, 10.843890190125023], [119.29723358154354, 10.848609924316918]]], [[[119.33833312988338, 10.845829963684196], [119.34139251709007, 10.850560188293741], [119.34397125244163, 10.850069999695393], [119.33944702148483, 10.845279693604027], [119.33833312988338, 10.845829963684196]]], [[[119.36805725097702, 10.856940269470329], [119.36776733398483, 10.856670379638956], [119.36723327636776, 10.857219696045377], [119.36723327636776, 10.857500076294514], [119.3675003051759, 10.85778045654331], [119.3675003051759, 10.85832977294973], [119.36782836914131, 10.85888004303024], [119.36815643310592, 10.859129905701252], [119.36830902099655, 10.859160423279036], [119.36859893798862, 10.85921001434366], [119.36913299560604, 10.85916996002237], [119.36916351318428, 10.858889579772836], [119.36916351318428, 10.85778045654331], [119.36833190917969, 10.856940269470329], [119.36805725097702, 10.856940269470329]]], [[[119.31742095947311, 10.859029769897973], [119.32279968261741, 10.86133003234886], [119.32705688476608, 10.858699798584382], [119.3194198608403, 10.855609893799226], [119.31742095947311, 10.859029769897973]]], [[[119.35366821289074, 10.860179901123047], [119.35682678222713, 10.861689567566316], [119.35585021972702, 10.858469963074299], [119.35366821289074, 10.860179901123047]]], [[[119.62149810791084, 10.858130455017601], [119.6286773681644, 10.867239952087516], [119.63495635986374, 10.867300033569734], [119.63421630859375, 10.851240158081566], [119.62149810791084, 10.858130455017601]]], [[[119.35868835449253, 10.869090080261742], [119.36273193359386, 10.87080001831049], [119.36591339111396, 10.868209838867472], [119.36360931396541, 10.867219924927326], [119.35868835449253, 10.869090080261742]]], [[[119.31141662597702, 10.870160102844807], [119.31334686279354, 10.871509552002237], [119.31532287597702, 10.870570182800577], [119.31410217285213, 10.868980407714957], [119.31141662597702, 10.870160102844807]]], [[[119.32776641845771, 10.86972045898483], [119.33305358886764, 10.877220153809105], [119.33805847167991, 10.879440307617642], [119.34015655517601, 10.877779960632608], [119.3452835083009, 10.880559921264933], [119.34678649902389, 10.879819869995629], [119.34758758544979, 10.876629829407307], [119.34358215332088, 10.874190330505769], [119.34396362304744, 10.86972045898483], [119.34124755859375, 10.861809730530126], [119.33976745605526, 10.867970466614281], [119.33786773681663, 10.868060111999796], [119.33439636230514, 10.863180160522916], [119.33067321777389, 10.869729995727596], [119.32776641845771, 10.86972045898483]]], [[[119.61685180664097, 10.878479957580623], [119.61945343017624, 10.885829925537564], [119.61959075927803, 10.880669593811547], [119.61685180664097, 10.878479957580623]]], [[[119.31833648681686, 10.885829925537564], [119.31916809082088, 10.887780189514558], [119.3212280273442, 10.884840011597078], [119.32523345947311, 10.883259773254906], [119.32652282714866, 10.879790306091593], [119.33042144775447, 10.87674045562801], [119.32331085205112, 10.878789901733455], [119.32157897949264, 10.87784004211477], [119.31833648681686, 10.885829925537564]]], [[[119.33915710449264, 10.890279769897916], [119.34055328369209, 10.89138984680227], [119.34166717529354, 10.889439582824934], [119.33915710449264, 10.890279769897916]]], [[[119.61860656738293, 10.896880149841706], [119.62159729003952, 10.903200149536644], [119.6204833984375, 10.899510383606355], [119.62304687500034, 10.896670341491983], [119.6202774047855, 10.889789581299226], [119.61860656738293, 10.896880149841706]]], [[[119.29535675048862, 10.905179977416935], [119.29496765136787, 10.90507030487106], [119.29454803466808, 10.905110359192179], [119.29389953613304, 10.905260086059855], [119.29379272460994, 10.905320167541902], [119.29350280761776, 10.905489921569767], [119.29350280761776, 10.90573978424112], [119.29382324218818, 10.905989646912133], [119.2941513061528, 10.906209945679109], [119.29448699951217, 10.906479835510822], [119.29493713378963, 10.906570434570824], [119.29553222656318, 10.906570434570824], [119.29598999023494, 10.90651988983194], [119.29633331298828, 10.906339645386254], [119.29640960693393, 10.906049728393953], [119.29630279541084, 10.90571975708059], [119.2960433959961, 10.905590057373445], [119.29572296142646, 10.905360221862793], [119.29535675048862, 10.905179977416935]]], [[[119.49263763427791, 10.905690193176724], [119.4938888549807, 10.90777969360397], [119.49291229248058, 10.903479576110954], [119.49263763427791, 10.905690193176724]]], [[[119.50028228759788, 10.913709640503214], [119.50267791748115, 10.915450096130655], [119.5020828247076, 10.91213035583553], [119.50028228759788, 10.913709640503214]]], [[[119.28675079345726, 10.920149803162019], [119.29396057128952, 10.927080154418945], [119.29638671875023, 10.925279617310025], [119.29514312744163, 10.92403030395559], [119.29750823974666, 10.92195034027145], [119.2933273315432, 10.922369956970158], [119.28930664062557, 10.918979644775618], [119.28675079345726, 10.920149803162019]]], [[[119.31391906738338, 10.925860404968716], [119.31513214111374, 10.927330017090298], [119.31580352783249, 10.925009727478482], [119.31427764892624, 10.924289703369709], [119.31391906738338, 10.925860404968716]]], [[[119.34929656982479, 10.928469657898518], [119.3513870239259, 10.93056011200008], [119.35526275634766, 10.928930282593342], [119.35453796386776, 10.927069664001522], [119.35056304931686, 10.926529884338777], [119.34929656982479, 10.928469657898518]]], [[[119.34205627441463, 10.931839942932527], [119.34361267089878, 10.936109542847191], [119.34443664550838, 10.9338903427128], [119.34205627441463, 10.931839942932527]]], [[[119.35221862792969, 10.936940193176326], [119.3541564941412, 10.937780380249308], [119.35411834716797, 10.93564033508352], [119.35221862792969, 10.936940193176326]]], [[[119.33715820312545, 10.93463993072561], [119.34027862548862, 10.939169883728539], [119.34249877929733, 10.938059806824015], [119.33944702148483, 10.931670188904093], [119.33767700195335, 10.931630134582974], [119.33715820312545, 10.93463993072561]]], [[[119.22750091552746, 10.958609580993596], [119.22927093505893, 10.959620475769498], [119.2303771972662, 10.958410263062035], [119.22904205322322, 10.957130432129418], [119.22750091552746, 10.958609580993596]]], [[[119.70561218261787, 10.954589843750455], [119.70861816406295, 10.960650444031273], [119.71425628662121, 10.9633798599246], [119.71517181396518, 10.961350440979515], [119.71401977539097, 10.958950042725121], [119.71607208251964, 10.954870223999592], [119.71308135986328, 10.936479568481673], [119.7083663940432, 10.939660072327058], [119.70884704589866, 10.947799682617699], [119.70561218261787, 10.954589843750455]]], [[[119.61083221435581, 10.965000152588345], [119.61195373535179, 10.967220306397053], [119.61472320556663, 10.962779998779638], [119.61833190918026, 10.94750022888229], [119.61611175537155, 10.949440002441861], [119.61521911621128, 10.954270362853947], [119.61319732666038, 10.953339576721703], [119.61165618896541, 10.954440116882381], [119.61277770996139, 10.961389541626488], [119.61083221435581, 10.965000152588345]]], [[[119.5278930664067, 10.972829818725472], [119.53070831298896, 10.973999977112385], [119.53703308105469, 10.97146034240717], [119.5278930664067, 10.972829818725472]]], [[[119.63569641113304, 10.989789962768782], [119.63742828369186, 10.990280151367472], [119.63834381103527, 10.986390113830964], [119.63672637939464, 10.986669540405614], [119.63569641113304, 10.989789962768782]]], [[[119.5902786254884, 10.99083042144764], [119.5902786254884, 10.992779731750886], [119.59194183349678, 10.992779731750886], [119.59166717529331, 10.989720344543855], [119.5902786254884, 10.99083042144764]]], [[[119.694168090821, 11.006110191345726], [119.69526672363327, 11.008060455322322], [119.69722747802803, 11.002490043640535], [119.6970825195317, 10.995829582214412], [119.69534301757812, 10.99695014953619], [119.694168090821, 11.006110191345726]]], [[[119.59084320068405, 11.013890266418969], [119.5924987792971, 11.016949653626], [119.59458160400447, 11.01733970642141], [119.59555816650459, 11.015279769897802], [119.59388732910202, 11.012780189514444], [119.59084320068405, 11.013890266418969]]], [[[119.30576324462925, 11.0208301544194], [119.30722045898483, 11.022279739380451], [119.30618286132824, 11.01889038085966], [119.30576324462925, 11.0208301544194]]], [[[119.26244354248092, 10.9823398590093], [119.26767730712913, 10.991490364074764], [119.2738876342778, 10.996669769287394], [119.27263641357445, 11.000860214233455], [119.2675399780278, 11.00148010253912], [119.27174377441452, 11.008060455322322], [119.27084350585983, 11.011940002441975], [119.27306365966797, 11.01443958282482], [119.26889038085949, 11.017780303955305], [119.27194213867199, 11.021389961243074], [119.27861022949264, 11.018329620361897], [119.28278350830078, 11.018679618836018], [119.28360748291038, 11.01583003997797], [119.28138732910168, 11.01443958282482], [119.28250885009811, 11.012559890747639], [119.28578948974666, 11.012769699097191], [119.29004669189499, 11.019599914550838], [119.2914428710942, 11.018839836120776], [119.29110717773449, 11.023059844970874], [119.2989883422855, 11.020709991455192], [119.30249786376999, 11.015560150146598], [119.30512237548874, 11.016059875488793], [119.30444335937545, 11.01280975341848], [119.30333709716854, 11.013330459595295], [119.30000305175804, 11.009719848633267], [119.30132293701229, 11.004030227661417], [119.29945373535202, 11.000000000000455], [119.30222320556675, 10.993330001831566], [119.29176330566452, 10.988960266113224], [119.28883361816463, 10.980819702148438], [119.29180908203148, 10.974379539489632], [119.2966613769537, 10.975410461425895], [119.29833221435547, 10.973609924316975], [119.29833221435547, 10.970700263977108], [119.29303741455135, 10.96704959869379], [119.29531097412121, 10.965379714966332], [119.29608917236385, 10.961520195007608], [119.30081939697311, 10.958490371704045], [119.29680633544922, 10.948470115662076], [119.29129791259777, 10.94803047180227], [119.28986358642624, 10.950409889221476], [119.28610992431675, 10.950830459595181], [119.28237152099678, 10.956239700317894], [119.27749633789085, 10.957220077515103], [119.27694702148483, 10.959170341492268], [119.27084350585983, 10.959309577942179], [119.27012634277355, 10.962499618530842], [119.27174377441452, 10.96553993225109], [119.26915740966842, 10.975560188293969], [119.26377105712913, 10.978930473328148], [119.26244354248092, 10.9823398590093]]], [[[119.26833343505916, 11.023610115051781], [119.26944732666061, 11.024999618530785], [119.27139282226585, 11.024169921875227], [119.27084350585983, 11.022500038147257], [119.26833343505916, 11.023610115051781]]], [[[119.6639328002932, 11.023110389709757], [119.66535949707054, 11.026840209961165], [119.67073822021484, 11.021519660950219], [119.6673202514653, 11.018779754639127], [119.6639328002932, 11.023110389709757]]], [[[119.72444152832077, 11.025560379028377], [119.72693634033214, 11.02943992614803], [119.72915649414085, 11.027219772339322], [119.73110961914062, 11.03055953979515], [119.73444366455078, 11.024999618530785], [119.74166870117256, 11.023889541626431], [119.74500274658249, 11.020560264587857], [119.74667358398483, 11.018329620361897], [119.74527740478538, 11.012780189514444], [119.7366561889653, 11.007780075073526], [119.73388671875045, 11.008330345153695], [119.726669311524, 11.018329620361897], [119.72444152832077, 11.025560379028377]]], [[[119.30278015136787, 11.042779922485636], [119.30416870117233, 11.042779922485636], [119.30473327636764, 11.039170265198265], [119.30278015136787, 11.042779922485636]]], [[[119.30304718017635, 11.04582977294973], [119.30304718017635, 11.049169540405558], [119.30682373046875, 11.048370361328693], [119.30526733398506, 11.04388999938999], [119.30304718017635, 11.04582977294973]]], [[[119.69780731201206, 11.037910461425838], [119.69866943359409, 11.053400039673079], [119.70144653320312, 11.056079864502351], [119.70588684082054, 11.055769920349519], [119.70777893066463, 11.058059692382983], [119.71444702148449, 11.055279731751], [119.71584320068393, 11.049440383911588], [119.7141571044923, 11.046939849854084], [119.71694183349666, 11.04249954223684], [119.72334289550804, 11.041390419006632], [119.72360992431697, 11.043609619141193], [119.72556304931675, 11.043330192565804], [119.72416687011764, 11.034720420837914], [119.72638702392635, 11.03361034393339], [119.72305297851585, 11.029720306396996], [119.7215270996096, 11.032460212708088], [119.71739196777389, 11.034270286559945], [119.70252990722668, 11.026550292969262], [119.69814300537121, 11.031579971313988], [119.69780731201206, 11.037910461425838]]], [[[119.67725372314464, 11.065990447998445], [119.68110656738327, 11.064999580383812], [119.67810058593795, 11.06429958343557], [119.67725372314464, 11.065990447998445]]], [[[119.36894989013729, 11.06169033050594], [119.36987304687545, 11.068630218506371], [119.3724975585942, 11.07028007507347], [119.37496185302757, 11.066479682922818], [119.37461090087925, 11.061849594116609], [119.3724670410162, 11.060150146484716], [119.36894989013729, 11.06169033050594]]], [[[119.61888885498058, 11.069439888000488], [119.61945343017624, 11.071109771729027], [119.62167358398494, 11.070830345154206], [119.61888885498058, 11.069439888000488]]], [[[119.67028045654342, 11.035829544067951], [119.67220306396496, 11.051079750061433], [119.67086029052746, 11.054780006408805], [119.67397308349643, 11.058850288391568], [119.6798400878912, 11.059069633484398], [119.68166351318382, 11.064720153809105], [119.6849822998048, 11.064720153809105], [119.68472290039085, 11.067210197449185], [119.68229675293014, 11.06916046142635], [119.68283081054733, 11.071479797363338], [119.68805694580101, 11.072779655457055], [119.69096374511719, 11.067589759827172], [119.69476318359409, 11.065719604492756], [119.69611358642578, 11.068610191345499], [119.6972198486335, 11.064720153809105], [119.69422912597668, 11.061169624328727], [119.69106292724655, 11.046629905701252], [119.68662261962913, 11.045720100402946], [119.68334197998092, 11.042209625244027], [119.67530059814487, 11.029290199279785], [119.67028045654342, 11.035829544067951]]], [[[119.72779083251999, 11.068380355835018], [119.72997283935592, 11.071700096130655], [119.72884368896496, 11.077989578247639], [119.73061370849643, 11.079119682312012], [119.73863983154297, 11.07355022430471], [119.74015808105503, 11.06774997711193], [119.73872375488315, 11.065349578857365], [119.72779083251999, 11.068380355835018]]], [[[119.56197357177791, 11.08658981323282], [119.56430053710972, 11.08858966827421], [119.56416320800838, 11.086389541626374], [119.56197357177791, 11.08658981323282]]], [[[119.6694412231451, 11.088330268860261], [119.67144012451183, 11.091429710388581], [119.6748733520509, 11.091449737549283], [119.67230987548885, 11.088170051575275], [119.6694412231451, 11.088330268860261]]], [[[119.34050750732433, 11.095569610596272], [119.34085083007847, 11.096949577331998], [119.34194183349621, 11.093890190124796], [119.34050750732433, 11.095569610596272]]], [[[119.38629150390636, 11.093370437622582], [119.38804626464912, 11.097559928893986], [119.39125823974666, 11.099869728088777], [119.39512634277344, 11.097089767456566], [119.39763641357433, 11.091500282288166], [119.40238952636764, 11.092399597167969], [119.40512847900425, 11.090390205383812], [119.40910339355491, 11.082599639893147], [119.40763092041061, 11.075489997864281], [119.40429687500045, 11.07371044158947], [119.39933013916016, 11.082989692688386], [119.39492797851597, 11.08271026611385], [119.39073944091797, 11.085680007935025], [119.39053344726597, 11.088580131531046], [119.3874130249028, 11.0903396606451], [119.38629150390636, 11.093370437622582]]], [[[119.55832672119152, 11.056110382080476], [119.56027984619209, 11.063610076904752], [119.56971740722702, 11.074999809265421], [119.57026672363338, 11.080559730530297], [119.58000183105491, 11.09027957916311], [119.58055877685604, 11.097220420837687], [119.58305358886741, 11.10000038147001], [119.58583068847724, 11.098890304565657], [119.58833312988315, 11.088330268860261], [119.59528350830124, 11.08806037902832], [119.59805297851597, 11.08582973480219], [119.59889221191429, 11.087220191956078], [119.59722137451217, 11.090559959412076], [119.60056304931686, 11.09167003631643], [119.60500335693405, 11.082500457763956], [119.60888671875057, 11.087220191956078], [119.61444091796943, 11.08360958099405], [119.6202774047855, 11.088330268860261], [119.6224975585942, 11.087779998779524], [119.62473297119163, 11.085559844970817], [119.62389373779342, 11.079999923706453], [119.61723327636753, 11.075280189514729], [119.61694335937534, 11.065560340881916], [119.61805725097679, 11.060560226440487], [119.62110900878929, 11.061109542847248], [119.62333679199253, 11.058059692382983], [119.62110900878929, 11.05667018890432], [119.62139129638695, 11.053059577942463], [119.62526702880905, 11.052499771118619], [119.62304687500034, 11.046939849854084], [119.62695312500034, 11.046669960022541], [119.62860870361374, 11.043609619141193], [119.62583160400436, 11.036669731140421], [119.62999725341842, 11.03361034393339], [119.63445281982479, 11.032779693603857], [119.63971710205124, 11.038060188293912], [119.64138793945358, 11.026940345764103], [119.64305877685615, 11.024720191955964], [119.64193725585938, 11.015279769897802], [119.63610839843784, 11.01027965545694], [119.633827209473, 11.003640174866177], [119.63362121582077, 10.994669914246003], [119.63082885742244, 10.998129844666039], [119.6317596435548, 11.002940177917765], [119.62722015380928, 11.011940002441975], [119.63083648681663, 11.016670227050952], [119.62889099121139, 11.022780418396565], [119.62583160400436, 11.022290229797875], [119.62548828125057, 11.023759841919457], [119.62277984619186, 11.022500038147257], [119.62082672119163, 11.020000457764013], [119.62082672119163, 11.016670227050952], [119.61472320556663, 11.011670112610432], [119.61472320556663, 11.00889015197788], [119.61277770996139, 11.009169578552758], [119.61000061035202, 11.005000114441202], [119.60388946533203, 11.010829925537621], [119.60138702392624, 11.011670112610432], [119.59860992431709, 11.009719848633267], [119.59500122070347, 11.018610000610863], [119.59834289550815, 11.032779693603857], [119.59555816650459, 11.033060073852653], [119.59340667724655, 11.02849960327194], [119.59221649169945, 11.028610229492642], [119.5894470214846, 11.032500267029206], [119.57917022705112, 11.036390304565714], [119.57026672363338, 11.043330192565804], [119.5677795410162, 11.042220115662019], [119.56139373779354, 11.043060302734432], [119.55832672119152, 11.056110382080476]]], [[[119.59638977050838, 11.097499847412507], [119.59750366210938, 11.101110458374364], [119.60138702392624, 11.099169731140705], [119.5994262695317, 11.094050407409895], [119.59694671630905, 11.09500026702932], [119.59638977050838, 11.097499847412507]]], [[[119.35555267333984, 11.099720001221215], [119.35694122314476, 11.101670265198209], [119.35694122314476, 11.099169731140705], [119.35555267333984, 11.099720001221215]]], [[[119.40107727050838, 11.105850219727017], [119.40155029296886, 11.107930183411156], [119.40666961669922, 11.107500076294286], [119.4052810668951, 11.103890419006916], [119.40611267089889, 11.098329544067894], [119.40305328369186, 11.100560188294025], [119.40107727050838, 11.105850219727017]]], [[[119.6066970825201, 11.106619834899846], [119.60859680175838, 11.108340263367268], [119.60996246337936, 11.106809616089379], [119.60859680175838, 11.105620384216593], [119.6066970825201, 11.106619834899846]]], [[[119.30473327636764, 11.10861015319864], [119.30555725097702, 11.111109733582055], [119.30695343017635, 11.106940269470101], [119.30473327636764, 11.10861015319864]]], [[[119.53888702392635, 11.110830307007348], [119.540283203125, 11.112219810486238], [119.5416564941412, 11.11139011383085], [119.540283203125, 11.109720230102994], [119.53888702392635, 11.110830307007348]]], [[[119.32669830322322, 11.11668968200712], [119.33067321777389, 11.119110107422273], [119.33511352539108, 11.117340087891137], [119.33686828613327, 11.113759994507234], [119.33582305908249, 11.112719535828205], [119.32669830322322, 11.11668968200712]]], [[[119.33944702148483, 11.119449615478572], [119.34084320068405, 11.120280265808617], [119.34194183349621, 11.11806011200008], [119.34084320068405, 11.117500305176065], [119.33944702148483, 11.119449615478572]]], [[[119.74794769287132, 11.117970466614054], [119.75157928466865, 11.12045001983671], [119.75299835205101, 11.119449615478572], [119.75063323974678, 11.115739822388264], [119.74861145019554, 11.115969657898518], [119.74794769287132, 11.117970466614054]]], [[[119.69477081298828, 11.120070457459065], [119.69944763183594, 11.124440193176156], [119.70249938964844, 11.12139034271297], [119.69759368896507, 11.117989540100496], [119.69477081298828, 11.120070457459065]]], [[[119.3898162841798, 11.123760223389013], [119.39380645751999, 11.124170303344783], [119.3943176269537, 11.118720054627033], [119.39055633544922, 11.119170188904263], [119.3898162841798, 11.123760223389013]]], [[[119.66689300537178, 11.121029853821256], [119.6694412231451, 11.123889923095987], [119.67305755615246, 11.12333011627237], [119.67666625976608, 11.125829696655728], [119.68145751953182, 11.122220039368187], [119.68472290039085, 11.121939659118652], [119.6866683959961, 11.125829696655728], [119.69322967529331, 11.118829727172908], [119.69096374511719, 11.115070343017464], [119.69146728515636, 11.10857009887718], [119.69803619384811, 11.103059768676871], [119.69833374023449, 11.093059539795092], [119.69333648681675, 11.090000152588232], [119.69471740722713, 11.084719657897836], [119.6914215087894, 11.084719657897836], [119.68860626220714, 11.081939697266193], [119.6836166381836, 11.082269668579215], [119.67749786376987, 11.075830459595238], [119.676551818848, 11.08123970031778], [119.67954254150402, 11.081819534301985], [119.68168640136764, 11.086350440979572], [119.68527984619197, 11.089440345764046], [119.68242645263695, 11.091589927673851], [119.68417358398472, 11.0952796936038], [119.68166351318382, 11.103059768676871], [119.67723846435592, 11.100379943848168], [119.67328643798874, 11.103949546813908], [119.6747665405278, 11.111220359802758], [119.67034149169956, 11.111849784851358], [119.66689300537178, 11.121029853821256]]], [[[119.24804687500068, 11.123889923095987], [119.24944305419979, 11.125559806824185], [119.25771331787155, 11.126059532165812], [119.26045989990268, 11.121740341186921], [119.26167297363304, 11.112219810486238], [119.25401306152355, 11.120439529419457], [119.24804687500068, 11.123889923095987]]], [[[119.65841674804733, 11.126930236816804], [119.66076660156307, 11.12802028656057], [119.66007232666061, 11.125849723815918], [119.65841674804733, 11.126930236816804]]], [[[119.32967376709053, 11.12880039215139], [119.33117675781307, 11.131460189819734], [119.33521270752021, 11.131799697876033], [119.33677673339889, 11.126339912414608], [119.33202362060558, 11.126779556274414], [119.32967376709053, 11.12880039215139]]], [[[119.31388854980514, 11.129170417786213], [119.31835174560581, 11.136159896850529], [119.32142639160202, 11.136710166931437], [119.31388854980514, 11.129170417786213]]], [[[119.6547012329105, 11.136489868164631], [119.6563796997076, 11.140089988709065], [119.65918731689487, 11.134619712830045], [119.65721893310592, 11.133469581604572], [119.6547012329105, 11.136489868164631]]], [[[119.31791687011776, 11.13986015319864], [119.319442749024, 11.139169692993335], [119.31867980957088, 11.137220382690828], [119.31791687011776, 11.13986015319864]]], [[[119.23444366455124, 11.140560150146484], [119.23638916015682, 11.141670227050838], [119.24212646484443, 11.140279769897688], [119.24749755859375, 11.13500022888212], [119.24965667724632, 11.128640174866234], [119.24568176269565, 11.127880096436002], [119.24526214599632, 11.133520126343285], [119.23665618896496, 11.137780189514672], [119.23444366455124, 11.140560150146484]]], [[[119.66538238525425, 11.13809967041044], [119.66593170166038, 11.141010284423714], [119.66808319091842, 11.141579627991234], [119.66895294189464, 11.137849807739656], [119.66538238525425, 11.13809967041044]]], [[[119.5545883178711, 11.144590377808129], [119.55702209472679, 11.145910263062035], [119.55819702148472, 11.144280433655297], [119.55526733398483, 11.143329620361783], [119.5545883178711, 11.144590377808129]]], [[[119.38966369628952, 11.144309997559162], [119.39089965820381, 11.146530151367699], [119.3918075561528, 11.144579887390705], [119.38966369628952, 11.144309997559162]]], [[[119.6897201538086, 11.149169921875114], [119.69326019287155, 11.153360366821175], [119.69494628906284, 11.158809661865178], [119.70041656494186, 11.157540321350382], [119.69460296630905, 11.150879859924771], [119.6897201538086, 11.149169921875114]]], [[[119.30516815185592, 11.145110130310513], [119.31021881103584, 11.155859947205101], [119.31381225585949, 11.157609939575309], [119.31701660156284, 11.156949996948185], [119.31971740722668, 11.15999984741245], [119.32675933837936, 11.153429985046671], [119.32417297363281, 11.148610115051667], [119.32087707519588, 11.148500442505394], [119.32180786132858, 11.143260002136458], [119.31794738769577, 11.14449024200485], [119.3180236816412, 11.142069816589753], [119.31362152099621, 11.14544963836721], [119.31228637695324, 11.142760276795002], [119.30970764160168, 11.144069671631144], [119.30613708496128, 11.142760276795002], [119.30516815185592, 11.145110130310513]]], [[[119.53888702392635, 11.166110038757722], [119.5400009155278, 11.168889999389876], [119.54239654541061, 11.168199539185139], [119.54135894775402, 11.16491985321096], [119.53942871093795, 11.164649963379418], [119.53888702392635, 11.166110038757722]]], [[[119.64861297607422, 11.169170379638672], [119.65000152587913, 11.169719696045433], [119.65389251708996, 11.162779808045002], [119.65222167968784, 11.15999984741245], [119.64990997314476, 11.161930084228914], [119.64861297607422, 11.169170379638672]]], [[[119.66723632812511, 11.170180320740087], [119.67131042480469, 11.174579620361214], [119.67371368408249, 11.167619705200764], [119.67237854003952, 11.16592025756853], [119.66874694824264, 11.167269706726643], [119.66723632812511, 11.170180320740087]]], [[[119.67204284668037, 11.187600135803223], [119.67552947998092, 11.190939903259789], [119.67819213867233, 11.190159797668798], [119.67524719238293, 11.186710357666186], [119.67204284668037, 11.187600135803223]]], [[[119.55388641357467, 11.157460212707974], [119.55658721923828, 11.16734981536905], [119.55583190918014, 11.173060417175748], [119.56111145019588, 11.17805957794235], [119.56445312500057, 11.180000305176009], [119.57356262207031, 11.180749893188647], [119.58159637451183, 11.179209709167992], [119.58928680419956, 11.175200462341706], [119.59120178222656, 11.180150032043741], [119.58966064453159, 11.18183994293264], [119.59085845947322, 11.190210342407681], [119.59822845459053, 11.196960449219318], [119.60502624511753, 11.192979812622468], [119.61109161376976, 11.192359924316804], [119.61354827880871, 11.1893701553347], [119.61611175537155, 11.190830230713345], [119.62473297119163, 11.190279960632836], [119.62583160400436, 11.189169883728482], [119.62473297119163, 11.186670303344727], [119.62786102294979, 11.187219619751488], [119.62917327880905, 11.185000419617268], [119.62750244140648, 11.182499885559594], [119.631210327149, 11.174610137939908], [119.62526702880905, 11.162220001221158], [119.62167358398494, 11.161669731140648], [119.60588073730503, 11.150950431824015], [119.6039581298835, 11.15225028991739], [119.60404968261764, 11.155309677124421], [119.60138702392624, 11.15909957885799], [119.59610748291072, 11.161109924316804], [119.59610748291072, 11.14638996124296], [119.59411621093773, 11.140749931336018], [119.58512115478561, 11.146659851074673], [119.57997131347702, 11.145930290222395], [119.57630157470771, 11.140339851379906], [119.57350158691463, 11.138939857483422], [119.56253051757824, 11.137809753418367], [119.5599975585942, 11.145830154419457], [119.55505371093784, 11.152170181274982], [119.55388641357467, 11.157460212707974]]], [[[119.51274871826183, 11.139289855957543], [119.54154205322277, 11.16386032104549], [119.5489196777346, 11.204279899597736], [119.55297088623092, 11.202619552612873], [119.5454330444336, 11.171159744262638], [119.54675292968784, 11.170570373535668], [119.54826354980537, 11.174510002136799], [119.55139160156273, 11.173060417175748], [119.55110931396507, 11.165829658508187], [119.54435729980514, 11.157870292664086], [119.54116058349621, 11.15699958801298], [119.54151153564487, 11.158729553223168], [119.537879943848, 11.156729698181437], [119.51580810546932, 11.136850357056176], [119.51274871826183, 11.139289855957543]]], [[[119.68472290039085, 11.206669807434537], [119.68639373779342, 11.20777988433889], [119.68776702880882, 11.206390380859489], [119.68472290039085, 11.206669807434537]]], [[[119.33487701416061, 11.204170227050781], [119.3369827270509, 11.208310127258699], [119.34068298339889, 11.204099655151879], [119.34069824218761, 11.200079917907658], [119.33618164062534, 11.193980216980549], [119.33738708496116, 11.197890281677815], [119.33628082275425, 11.197959899902628], [119.3365631103519, 11.202380180359285], [119.33487701416061, 11.204170227050781]]], [[[119.37721252441452, 11.207759857177791], [119.37832641601597, 11.210559844970703], [119.3801422119144, 11.210519790649812], [119.37888336181709, 11.207340240479084], [119.37721252441452, 11.207759857177791]]], [[[119.27097320556686, 11.209159851074787], [119.27424621582088, 11.21350955963186], [119.27787780761741, 11.212269783020531], [119.27934265136753, 11.206950187683674], [119.27851104736374, 11.198399543762775], [119.28514099121139, 11.186249732971532], [119.29067230224655, 11.184129714965763], [119.29025268554699, 11.179369926452921], [119.29283905029354, 11.179439544678246], [119.29283905029354, 11.17805957794235], [119.29080963134811, 11.177709579468228], [119.28749847412166, 11.166669845581168], [119.28325653076206, 11.1639604568486], [119.28415679931697, 11.156109809875772], [119.28221130371094, 11.150440216064965], [119.28430175781284, 11.13897991180471], [119.28347015380905, 11.136150360107933], [119.28045654296898, 11.142780303955192], [119.28073883056663, 11.157409667969262], [119.28249359130893, 11.165760040283772], [119.28045654296898, 11.169070243835733], [119.28192901611328, 11.176589965820597], [119.27774047851608, 11.188050270080453], [119.27696990966797, 11.193360328674885], [119.2785797119144, 11.196049690247094], [119.27732086181686, 11.200260162353516], [119.27097320556686, 11.209159851074787]]], [[[119.29106903076206, 11.21026992797897], [119.29258728027389, 11.216659545898892], [119.29399108886776, 11.216659545898892], [119.29884338378963, 11.202890396118562], [119.29918670654297, 11.198749542236726], [119.2973098754884, 11.194129943847543], [119.29325866699253, 11.198129653931062], [119.29389190673885, 11.203040122986408], [119.29145812988315, 11.206170082092171], [119.29106903076206, 11.21026992797897]]], [[[119.63221740722656, 11.21693992614803], [119.63445281982479, 11.217220306396825], [119.63361358642624, 11.215559959412133], [119.63221740722656, 11.21693992614803]]], [[[119.2536468505865, 11.21535015106241], [119.25435638427768, 11.21693992614803], [119.25861358642601, 11.216460227966763], [119.26029205322311, 11.217969894409464], [119.25727844238304, 11.220999717712289], [119.25456237792969, 11.221079826355208], [119.25567626953193, 11.224599838256722], [119.25932312011719, 11.223489761352937], [119.25920104980514, 11.226719856262491], [119.26265716552768, 11.225219726562386], [119.26650238037121, 11.220600128173942], [119.26853179931663, 11.20431041717518], [119.27034759521507, 11.205069541931664], [119.27349090576195, 11.200240135193326], [119.27216339111351, 11.199689865112816], [119.27369689941452, 11.191539764404524], [119.27194976806697, 11.189129829407193], [119.2688064575201, 11.188679695129963], [119.26663970947311, 11.190679550171353], [119.26566314697322, 11.19585990905756], [119.26705932617233, 11.197239875793855], [119.26439666748092, 11.197719573974553], [119.26384735107479, 11.203450202942179], [119.26064300537143, 11.207180023193587], [119.25720977783237, 11.209589958191316], [119.2539367675787, 11.208040237427156], [119.2553329467778, 11.21175956726114], [119.2536468505865, 11.21535015106241]]], [[[119.36485290527366, 11.231699943542651], [119.36641693115268, 11.233639717102562], [119.36609649658226, 11.23101043701223], [119.36485290527366, 11.231699943542651]]], [[[120.26805877685558, 11.23472023010288], [120.26941680908226, 11.238220214844205], [120.27278137207065, 11.239999771118448], [120.2740783691412, 11.239069938659952], [120.27391815185592, 11.235980033874796], [120.2710571289067, 11.232799530029581], [120.26805877685558, 11.23472023010288]]], [[[119.33957672119197, 11.220910072326774], [119.34062194824276, 11.223739624023722], [119.34536743164108, 11.22325038909969], [119.34718322753918, 11.227809906006144], [119.34494781494175, 11.232080459595124], [119.34767150878963, 11.240300178528344], [119.34526824951217, 11.24170017242443], [119.34554290771484, 11.245149612427042], [119.3478164672855, 11.24732971191429], [119.35080718994152, 11.244850158691634], [119.35571289062545, 11.24540042877237], [119.35648345947311, 11.239119529724007], [119.35452270507858, 11.236780166626488], [119.3547973632817, 11.234640121459961], [119.35653686523449, 11.232430458069246], [119.35633850097668, 11.226980209351098], [119.36060333251953, 11.218560218811092], [119.36862945556686, 11.219730377197664], [119.37122344970714, 11.217729568481957], [119.3718414306644, 11.222359657287996], [119.37365722656284, 11.221989631653344], [119.37547302246128, 11.226220130920865], [119.37680053710972, 11.22525024414108], [119.37743377685604, 11.219459533691975], [119.37526702880928, 11.213330268860147], [119.37610626220726, 11.204170227050781], [119.37973785400413, 11.202839851379679], [119.3822631835942, 11.19454956054733], [119.3798065185548, 11.19489955902145], [119.37737274169956, 11.198900222778889], [119.37087249755928, 11.199319839477596], [119.36514282226585, 11.20483970642141], [119.35885620117256, 11.20779991149925], [119.3548736572269, 11.20648956298885], [119.34377288818416, 11.208559989929313], [119.34335327148483, 11.210359573364826], [119.34642028808605, 11.214280128479515], [119.3419494628912, 11.213520050049283], [119.34159851074264, 11.220560073852482], [119.33957672119197, 11.220910072326774]]], [[[119.67694091796875, 11.239439964294831], [119.68000030517624, 11.246669769287166], [119.68222045898494, 11.248060226440316], [119.68472290039085, 11.245829582214753], [119.68417358398472, 11.240280151367244], [119.68694305419956, 11.236390113831078], [119.67694091796875, 11.239439964294831]]], [[[119.35521697998104, 11.248299598694246], [119.3571014404298, 11.249679565429972], [119.35690307617233, 11.248089790344352], [119.35521697998104, 11.248299598694246]]], [[[119.40666961669922, 11.252220153808935], [119.40693664550815, 11.253330230713289], [119.40915679931686, 11.252220153808935], [119.40888977050793, 11.248889923095874], [119.40666961669922, 11.252220153808935]]], [[[119.69492340087913, 11.228489875793969], [119.70128631591808, 11.24326992034969], [119.70054626464866, 11.248330116272257], [119.70471954345714, 11.247220039368074], [119.70948028564499, 11.251279830933015], [119.70777893066463, 11.255559921264592], [119.70916748046909, 11.260000228882006], [119.71362304687568, 11.257340431213493], [119.71650695800815, 11.25920963287382], [119.72339630126999, 11.255089759827172], [119.72743988037132, 11.257120132446175], [119.73058319091854, 11.25607013702438], [119.72931671142624, 11.251299858093773], [119.71955871582065, 11.24775981903133], [119.71600341796898, 11.242569923401447], [119.71231079101597, 11.243399620056664], [119.70835113525447, 11.238539695739803], [119.7020568847662, 11.234910011291902], [119.69805908203182, 11.228830337524812], [119.69492340087913, 11.228489875793969]]], [[[119.69499969482479, 11.260279655457055], [119.69777679443416, 11.263330459595068], [119.69638824462925, 11.25971984863321], [119.69499969482479, 11.260279655457055]]], [[[119.61953735351608, 11.237810134888264], [119.62222290039074, 11.24610996246389], [119.62222290039074, 11.253609657287996], [119.62473297119163, 11.256939888000886], [119.6239471435548, 11.261260032654093], [119.62725067138672, 11.264599800110432], [119.63305664062534, 11.260009765625512], [119.63510131835949, 11.256139755249535], [119.63114929199253, 11.251230239868619], [119.63120269775447, 11.246000289917447], [119.62722015380928, 11.24333000183151], [119.62706756591797, 11.233849525452115], [119.62490081787121, 11.23134994506836], [119.62159729003952, 11.23180007934559], [119.61953735351608, 11.237810134888264]]], [[[119.34731292724632, 11.2677202224736], [119.34911346435604, 11.272020339966275], [119.35072326660213, 11.27264022827194], [119.35233306884777, 11.271129608154752], [119.35449218750034, 11.263400077820393], [119.35330963134822, 11.262020111084496], [119.35533142089889, 11.26263999939016], [119.359169006348, 11.258609771728857], [119.35806274414074, 11.2541704177861], [119.35376739501964, 11.256429672241609], [119.35315704345737, 11.259940147400357], [119.35056304931686, 11.260390281677758], [119.34731292724632, 11.2677202224736]]], [[[119.34175109863293, 11.273770332336653], [119.34316253662155, 11.275750160217854], [119.34485626220737, 11.273220062256314], [119.34353637695312, 11.271789550781705], [119.34175109863293, 11.273770332336653]]], [[[119.68305206298874, 11.27917003631643], [119.68499755859432, 11.280559539794922], [119.6858367919923, 11.278610229492415], [119.68417358398472, 11.27777957916311], [119.68305206298874, 11.27917003631643]]], [[[120.23155212402366, 11.296569824219034], [120.2341995239259, 11.29716968536394], [120.23314666748058, 11.293720245361328], [120.23155212402366, 11.296569824219034]]], [[[119.41166687011776, 11.31389045715332], [119.41249847412155, 11.315279960632893], [119.41388702392624, 11.314439773560082], [119.41333007812534, 11.313260078430233], [119.41166687011776, 11.31389045715332]]], [[[119.65556335449253, 11.29944038391153], [119.66500091552768, 11.313059806824185], [119.66805267334018, 11.308609962463663], [119.67523956298874, 11.308589935302905], [119.6797332763673, 11.314720153808878], [119.68110656738327, 11.319169998168888], [119.68026733398472, 11.322219848633154], [119.6833267211914, 11.321390151977596], [119.68990325927768, 11.32567977905319], [119.69357299804744, 11.323630332947062], [119.69603729248058, 11.31091022491455], [119.6912231445317, 11.302379608154581], [119.68990325927768, 11.294859886169718], [119.67858123779342, 11.280099868774926], [119.68135833740246, 11.272080421448095], [119.67738342285224, 11.263199806213265], [119.66504669189464, 11.269840240479027], [119.65992736816429, 11.282879829407136], [119.65931701660202, 11.288610458374194], [119.65673828125045, 11.291629791260164], [119.65556335449253, 11.29944038391153]]], [[[119.54472351074241, 11.343059539794865], [119.5455627441412, 11.344719886780297], [119.54778289794967, 11.343330383301065], [119.54472351074241, 11.343059539794865]]], [[[119.6975021362307, 11.33582973480253], [119.69777679443416, 11.340829849243562], [119.6997222900394, 11.341389656067406], [119.70089721679733, 11.344300270081021], [119.69917297363327, 11.351389884949185], [119.70361328125045, 11.34889030456543], [119.706787109375, 11.344530105590934], [119.7141571044923, 11.343609809875772], [119.7127838134769, 11.340829849243562], [119.70857238769577, 11.339650154113713], [119.70764160156284, 11.33596992492727], [119.70471954345714, 11.338060379028832], [119.70105743408237, 11.335249900817757], [119.6975021362307, 11.33582973480253]]], [[[119.40425872802803, 11.357979774475325], [119.4095077514653, 11.359660148621117], [119.40818023681675, 11.362919807434025], [119.41081237793026, 11.36573028564493], [119.41790008544967, 11.367130279541527], [119.41459655761764, 11.356140136719262], [119.40857696533203, 11.352470397949673], [119.40750122070381, 11.349169731140648], [119.40583038330124, 11.350279808045002], [119.40425872802803, 11.357979774475325]]], [[[119.52471923828159, 11.36888980865524], [119.53234863281284, 11.36931991577137], [119.5342407226567, 11.374979972839924], [119.53986358642646, 11.373940467834643], [119.54277801513717, 11.371669769287053], [119.53907775878963, 11.371159553528344], [119.53527832031273, 11.367779731751057], [119.53666687011764, 11.364170074462777], [119.53415679931675, 11.366390228271484], [119.52729034423862, 11.364279747009732], [119.52471923828159, 11.36888980865524]]], [[[120.07891845703125, 11.388270378113305], [120.07994079589889, 11.390139579773063], [120.08396911621094, 11.38982963562023], [120.08627319335983, 11.392450332642113], [120.08924102783214, 11.392299652100121], [120.09073638916016, 11.389570236206282], [120.09947204589866, 11.383760452270565], [120.10730743408271, 11.386440277100178], [120.10989379882847, 11.384630203247582], [120.11389160156295, 11.37889003753719], [120.11332702636753, 11.376110076904467], [120.11472320556697, 11.374719619751318], [120.11013031005871, 11.370149612426928], [120.11009216308628, 11.365119934082543], [120.10833740234398, 11.363570213318383], [120.10709381103572, 11.364589691162564], [120.10133361816452, 11.36345958709768], [120.090682983399, 11.36600971221975], [120.0889816284182, 11.371700286865746], [120.08954620361385, 11.377659797668628], [120.09443664550827, 11.381389617920036], [120.09413146972679, 11.383970260620458], [120.0842437744144, 11.387450218201081], [120.08128356933628, 11.383850097656648], [120.07891845703125, 11.388270378113305]]], [[[119.45305633544979, 11.388609886170002], [119.45555877685615, 11.392499923706168], [119.45694732666061, 11.389719963074015], [119.45555877685615, 11.384719848633097], [119.45305633544979, 11.388609886170002]]], [[[119.80547332763717, 11.387000083923283], [119.80666351318371, 11.392780303954964], [119.8077774047855, 11.392780303954964], [119.80832672119186, 11.387499809265648], [119.80547332763717, 11.387000083923283]]], [[[119.66506958007835, 11.398340225220238], [119.6668777465826, 11.400139808654842], [119.66610717773494, 11.396940231323583], [119.66506958007835, 11.398340225220238]]], [[[119.513046264649, 11.40145969390909], [119.51499938964878, 11.403610229492301], [119.51629638671898, 11.403079986572152], [119.51471710205078, 11.400830268860147], [119.513046264649, 11.40145969390909]]], [[[120.13532257080135, 11.410579681396428], [120.13892364501964, 11.411499977112328], [120.14485168457088, 11.408760070800895], [120.14309692382812, 11.406499862671296], [120.14071655273438, 11.406809806824128], [120.13532257080135, 11.410579681396428]]], [[[119.71674346923885, 11.402389526367585], [119.7192230224615, 11.41337966918934], [119.72441864013706, 11.413229942322346], [119.72075653076229, 11.405380249023779], [119.72210693359398, 11.399120330810831], [119.71848297119163, 11.400150299072266], [119.71674346923885, 11.402389526367585]]], [[[119.46333312988327, 11.42222023010271], [119.46833038330101, 11.425000190735432], [119.46639251708996, 11.421110153198356], [119.46333312988327, 11.42222023010271]]], [[[117.17350006103538, 8.351260185242268], [117.1741333007817, 8.355660438538052], [117.17775726318405, 8.358880043029671], [117.17807006835994, 8.361680030823152], [117.17656707763717, 8.363189697266023], [117.17787933349666, 8.369310379028661], [117.18205261230514, 8.380399703979947], [117.18668365478561, 8.383990287781273], [117.18654632568371, 8.387590408325707], [117.191932678223, 8.402259826660497], [117.19465637207088, 8.403050422668741], [117.19615936279342, 8.409669876099088], [117.20355224609443, 8.41423034667963], [117.20638275146496, 8.424579620361612], [117.21172332763683, 8.427029609680744], [117.21470642089866, 8.43070030212425], [117.21571350097702, 8.457679748535611], [117.21369171142578, 8.461489677429597], [117.20916748046898, 8.463370323181437], [117.21806335449253, 8.466830253601472], [117.21839904785168, 8.480600357055948], [117.21697235107479, 8.486120223999535], [117.2119216918951, 8.486900329589787], [117.21044158935581, 8.489089965820881], [117.21356964111374, 8.500800132751408], [117.22161102294922, 8.506839752197777], [117.22400665283249, 8.512359619141193], [117.2239227294923, 8.515600204468058], [117.21813964843773, 8.518610000610295], [117.21804046630882, 8.522780418396337], [117.22696685791061, 8.53090953826944], [117.22870635986385, 8.530139923096215], [117.23432922363338, 8.537039756774846], [117.24031066894577, 8.54036045074514], [117.24031066894577, 8.546279907226562], [117.23446655273472, 8.549619674683129], [117.237060546875, 8.555410385132404], [117.24308013916061, 8.559080123901254], [117.24204254150402, 8.563590049744164], [117.23806762695335, 8.564259529113883], [117.23809051513706, 8.567899703979776], [117.2437133789067, 8.567959785461824], [117.24749755859432, 8.565589904785554], [117.24704742431709, 8.568679809570597], [117.25070190429688, 8.572620391845987], [117.25846862793026, 8.571599960327148], [117.26500701904297, 8.579549789428654], [117.26374816894565, 8.588430404663484], [117.256942749024, 8.594490051270043], [117.25604248046875, 8.59976959228544], [117.25417327880916, 8.601860046387003], [117.2547225952153, 8.609199523926293], [117.26162719726585, 8.613969802856559], [117.2666168212894, 8.598970413208008], [117.27229309082088, 8.60190963745174], [117.27057647705135, 8.604470252990893], [117.27205657958984, 8.60632038116512], [117.27680969238315, 8.606749534607502], [117.27641296386787, 8.612310409546183], [117.27852630615268, 8.616589546203613], [117.27809906005871, 8.621390342712743], [117.27558135986362, 8.625780105591275], [117.28077697753963, 8.630680084228516], [117.28737640380882, 8.64515972137491], [117.29521942138706, 8.656450271606332], [117.30240631103561, 8.655759811401765], [117.30491638183616, 8.662380218506428], [117.30970764160202, 8.665710449219318], [117.31062316894588, 8.668959617614803], [117.31722259521507, 8.669899940490723], [117.3261108398442, 8.673930168152367], [117.32971954345726, 8.67280960083059], [117.33357238769531, 8.67368984222469], [117.32996368408249, 8.683340072632348], [117.33439636230537, 8.69198036193859], [117.33915710449241, 8.695799827576081], [117.3422164916999, 8.696149826049805], [117.3435592651374, 8.698599815369164], [117.33930969238327, 8.699069976807095], [117.332801818848, 8.694479942322346], [117.32834625244186, 8.694140434265648], [117.32604217529297, 8.69211959838924], [117.32279968261719, 8.694299697876488], [117.32273101806652, 8.696399688721158], [117.34456634521496, 8.710869789124047], [117.34626770019577, 8.717189788818814], [117.34529113769565, 8.724140167236328], [117.34699249267646, 8.728540420532283], [117.3494567871096, 8.731419563293855], [117.35642242431663, 8.733949661254826], [117.35643768310592, 8.737319946289347], [117.36144256591808, 8.73758983612072], [117.3593368530278, 8.744219779968546], [117.36406707763717, 8.742670059204386], [117.36799621582031, 8.747179985046728], [117.37719726562557, 8.750539779663654], [117.38847351074264, 8.748709678650187], [117.39557647705124, 8.751970291138264], [117.40960693359386, 8.752289772033862], [117.41826629638717, 8.75827026367216], [117.42027282714889, 8.757120132446857], [117.42165374755882, 8.758560180664233], [117.42449188232479, 8.758259773254906], [117.42308807373115, 8.760259628296467], [117.42391967773494, 8.764010429382893], [117.43074035644565, 8.769200325012775], [117.42581939697277, 8.771380424500023], [117.42209625244152, 8.77880001068172], [117.42257690429699, 8.780929565430085], [117.41906738281307, 8.782649993896996], [117.41861724853561, 8.785360336304223], [117.42659759521541, 8.794139862060547], [117.43112182617222, 8.80183982849178], [117.43483734130893, 8.802749633789176], [117.4378280639653, 8.799019813537768], [117.44055938720737, 8.807000160217797], [117.44434356689476, 8.80762004852346], [117.4499588012701, 8.811360359192463], [117.45532226562568, 8.811220169067894], [117.4541473388673, 8.819849967956884], [117.46495819091842, 8.838500022888752], [117.46450042724643, 8.848409652710188], [117.4670028686528, 8.855219841003304], [117.4719467163086, 8.856869697571312], [117.47444152832077, 8.853949546814533], [117.47979736328136, 8.856240272522143], [117.48397064208984, 8.860400199890591], [117.48519134521518, 8.86406993866018], [117.49347686767646, 8.87357997894344], [117.49410247802746, 8.88393020629934], [117.49117279052757, 8.888170242309968], [117.49875640869186, 8.89338016510004], [117.50695037841797, 8.894689559936864], [117.50868988037121, 8.896430015564306], [117.5111770629884, 8.906749725342081], [117.51737976074276, 8.911840438843285], [117.5165786743164, 8.916060447693383], [117.52287292480469, 8.916859626770247], [117.52996826171932, 8.921919822693326], [117.5320434570317, 8.928440093994709], [117.52996063232433, 8.933520317078148], [117.53838348388695, 8.932000160217854], [117.54300689697311, 8.934129714966389], [117.54490661621094, 8.93826007843063], [117.54412078857467, 8.94244003295944], [117.54797363281295, 8.945019721985204], [117.54712677001964, 8.953880310058594], [117.54840087890693, 8.957269668579556], [117.55313110351574, 8.956139564514672], [117.55771636962902, 8.957799911499535], [117.56613922119209, 8.956089973449878], [117.5733032226567, 8.956919670105435], [117.58373260498092, 8.961910247803019], [117.58718109130871, 8.970520019531648], [117.59268951416016, 8.973879814148404], [117.59555816650436, 8.98208045959501], [117.60073089599666, 8.98445034027128], [117.6095809936528, 8.993650436401879], [117.61360931396541, 8.99419975280773], [117.61575317382847, 8.998009681702058], [117.62167358398438, 9.000000000000512], [117.62304687500057, 9.004790306091706], [117.62145996093818, 9.01618003845266], [117.62555694580124, 9.023059844971272], [117.62167358398438, 9.030619621277026], [117.63054656982422, 9.03514003753719], [117.63194274902412, 9.044650077820279], [117.62972259521541, 9.048060417175577], [117.63722229003906, 9.047570228577058], [117.64076995849655, 9.049240112304858], [117.64314270019577, 9.051730155944938], [117.64444732666061, 9.056949615479027], [117.64972686767624, 9.05770969390909], [117.65361022949253, 9.064720153809162], [117.65721893310592, 9.064720153809162], [117.65986633300838, 9.06715965271053], [117.6644363403326, 9.074720382690941], [117.66889190673874, 9.073889732360897], [117.67507171630893, 9.069930076599576], [117.68694305419979, 9.073060035706078], [117.6891632080085, 9.076109886169604], [117.68715667724632, 9.086389541626431], [117.69110870361328, 9.089719772339151], [117.69666290283214, 9.082150459290062], [117.69972229003963, 9.081669807433968], [117.6999969482423, 9.070560455322664], [117.70298767089866, 9.064999580383471], [117.70089721679733, 9.063699722290494], [117.70471954345749, 9.064439773559855], [117.71056365966797, 9.060279846191918], [117.71666717529297, 9.060560226440884], [117.72000122070312, 9.06805992126516], [117.72360992431675, 9.07139015197805], [117.72833251953182, 9.064720153809162], [117.73222351074264, 9.063059806824128], [117.73800659179722, 9.064129829407022], [117.74083709716854, 9.07194042205839], [117.74667358398483, 9.067779541016193], [117.75083160400402, 9.073610305786588], [117.75250244140659, 9.085829734802587], [117.75861358642612, 9.090559959412133], [117.75861358642612, 9.095829963684366], [117.75360870361385, 9.10916996002237], [117.76000213623104, 9.113329887390421], [117.76083374023483, 9.119999885559139], [117.75945281982467, 9.124170303345181], [117.76693725585983, 9.135000228882348], [117.77749633789097, 9.137399673462255], [117.77834320068405, 9.142499923706623], [117.77999877929733, 9.143890380859943], [117.77583312988338, 9.14416980743448], [117.77278137207088, 9.147219657898177], [117.77777862548862, 9.153129577636832], [117.77528381347702, 9.164719581604231], [117.7816696166999, 9.168330192566088], [117.78778076171943, 9.17611026763916], [117.79723358154331, 9.176039695740258], [117.80249786376953, 9.17916965484659], [117.80666351318428, 9.18556022644077], [117.80777740478572, 9.1941699981694], [117.81111145019588, 9.198060035705964], [117.81388854980526, 9.197219848633324], [117.81861114501953, 9.189720153809048], [117.82611083984443, 9.188610076904865], [117.83083343505905, 9.191670417786042], [117.83361053466808, 9.200559616089322], [117.84632110595726, 9.20660018920944], [117.84916687011776, 9.214170455932958], [117.85639190673874, 9.217780113220726], [117.85888671875011, 9.216320037842081], [117.85936737060604, 9.211460113525561], [117.86138916015648, 9.209170341492097], [117.86138916015648, 9.210969924926871], [117.86541748046909, 9.214240074158283], [117.86666870117222, 9.21944046020559], [117.87055206298896, 9.223609924316975], [117.87167358398494, 9.227219581604174], [117.86945343017624, 9.229720115661678], [117.88221740722656, 9.233329772949787], [117.88305664062545, 9.234999656677246], [117.88027954101631, 9.237219810485954], [117.88249969482456, 9.240280151367642], [117.88166809082077, 9.243330001831566], [117.89611053466865, 9.255000114440804], [117.90277862548851, 9.256389617920377], [117.90277862548851, 9.25889015197805], [117.90556335449264, 9.261110305786588], [117.91528320312545, 9.261110305786588], [117.91889190673851, 9.259719848633267], [117.9230575561528, 9.261670112610261], [117.92861175537166, 9.253890037537019], [117.9372863769537, 9.25090980529825], [117.93945312500045, 9.251939773559855], [117.9370803833009, 9.254599571228539], [117.93572235107422, 9.253020286560513], [117.93583679199264, 9.255000114440804], [117.94194793701183, 9.258330345153865], [117.94611358642578, 9.252779960632836], [117.95221710205078, 9.251669883728312], [117.95417022705135, 9.25555992126499], [117.95276641845771, 9.261670112610261], [117.95861816406295, 9.264100074768123], [117.96111297607433, 9.269720077515217], [117.96444702148483, 9.27167034149221], [117.96778106689499, 9.273329734802417], [117.9716033935548, 9.272020339966332], [117.97444152832031, 9.273059844971044], [117.98097229003963, 9.280690193176781], [117.98381805419933, 9.278189659118937], [117.98583221435604, 9.272500038146859], [117.97888946533271, 9.262220382690941], [117.97812652587959, 9.251939773559855], [117.9839172363287, 9.244930267334269], [117.98722076416016, 9.244449615478857], [117.98786926269565, 9.241889953613281], [117.99186706543037, 9.239100456237793], [117.99861145019588, 9.24083042144781], [118.00404357910213, 9.246609687805744], [118.00916290283249, 9.245530128479174], [118.0135803222662, 9.242280006409032], [118.0199890136721, 9.243729591370084], [118.02747344970749, 9.25197029113798], [118.02232360839889, 9.260210037231957], [118.02380371093773, 9.265520095825309], [118.0308227539067, 9.270709991455362], [118.03279113769565, 9.27579021453846], [118.03826904296886, 9.277729988098372], [118.04548645019531, 9.276860237122094], [118.04833221435581, 9.278650283813931], [118.05107879638695, 9.285829544067951], [118.04638671875057, 9.294090270996037], [118.0517807006836, 9.30020046234182], [118.0693664550787, 9.298399925232218], [118.06678009033214, 9.300040245056152], [118.072616577149, 9.303759574890137], [118.07411956787155, 9.307259559631632], [118.07341766357456, 9.312150001526277], [118.07713317871128, 9.316749572754361], [118.07875823974643, 9.317859649658715], [118.08492279052791, 9.315899848938272], [118.08711242675838, 9.316749572754361], [118.08735656738281, 9.323399543762719], [118.08944702148472, 9.323889732361238], [118.0866928100586, 9.331069946289517], [118.08757781982433, 9.333919525146484], [118.09963226318428, 9.338190078735465], [118.10265350341854, 9.33627986907959], [118.10697174072311, 9.329230308533113], [118.10916900634834, 9.33028030395542], [118.11756134033271, 9.34210014343273], [118.12210083007824, 9.341389656067292], [118.12670898437568, 9.342820167541902], [118.12747192382881, 9.346320152282829], [118.12555694580101, 9.353890419006746], [118.11666870117244, 9.366939544678303], [118.11583709716865, 9.374440193176326], [118.12249755859432, 9.377779960632722], [118.12610626220714, 9.38166999816923], [118.12860870361351, 9.388059616089151], [118.12695312500045, 9.39721965789795], [118.13880920410179, 9.398500442505394], [118.14266204834018, 9.396320343018147], [118.14749908447334, 9.39638996124296], [118.1629867553711, 9.403240203857706], [118.16782379150436, 9.403809547424828], [118.17191314697334, 9.402270317078091], [118.18515014648494, 9.41051006317133], [118.18882751464844, 9.420189857482853], [118.18784332275436, 9.42893981933588], [118.19303131103561, 9.433340072631836], [118.18892669677734, 9.439129829407193], [118.19349670410156, 9.444479942322005], [118.19322967529342, 9.449620246887662], [118.19979095458984, 9.464030265808333], [118.19666290283249, 9.468609809875886], [118.19721984863281, 9.47111034393339], [118.1994476318365, 9.473329544067951], [118.20554351806652, 9.474300384521484], [118.21083068847724, 9.485560417175861], [118.21444702148506, 9.488059997558707], [118.21868133544922, 9.48799037933378], [118.2211227416999, 9.492580413818871], [118.2255172729499, 9.495860099793049], [118.22899627685592, 9.496500015258903], [118.2343597412115, 9.492139816284407], [118.23706817626987, 9.492630004883097], [118.23840332031284, 9.497520446777742], [118.24176025390625, 9.500550270080566], [118.24595642089844, 9.51027011871355], [118.25190734863338, 9.514039993286417], [118.26017761230514, 9.515890121460473], [118.2666702270509, 9.520750045776595], [118.27139282226608, 9.521710395813272], [118.2765731811528, 9.530810356140421], [118.28333282470703, 9.533820152282658], [118.28610229492188, 9.538290023804109], [118.28378295898483, 9.54477977752697], [118.28401184082077, 9.549110412598168], [118.29031372070358, 9.551179885864315], [118.29776000976574, 9.563920021057527], [118.30055236816429, 9.564439773560082], [118.30883026123058, 9.57304954528854], [118.31500244140625, 9.573200225830533], [118.31500244140625, 9.574999809265535], [118.31749725341842, 9.574999809265535], [118.31971740722713, 9.578330039978425], [118.32444763183639, 9.58055973053024], [118.3255767822269, 9.579190254211937], [118.32881164550815, 9.58139991760305], [118.3326416015625, 9.587820053100927], [118.33561706543014, 9.600760459900016], [118.3390579223634, 9.602379798889672], [118.34007263183628, 9.604579925537507], [118.33638763427746, 9.602780342102506], [118.33471679687545, 9.608329772949787], [118.33986663818405, 9.611960411071664], [118.34076690673874, 9.616100311279581], [118.33457183837902, 9.623950004578148], [118.33445739746094, 9.628020286560513], [118.33055877685592, 9.63127994537382], [118.33528137207077, 9.641739845276277], [118.34098052978572, 9.646679878234977], [118.33999633789108, 9.649169921875057], [118.3430633544923, 9.651940345764672], [118.3499984741211, 9.653059959412133], [118.35639190673828, 9.657500267029377], [118.35973358154342, 9.652219772339322], [118.3630523681644, 9.652219772339322], [118.36583709716842, 9.64888954162626], [118.36805725097713, 9.650509834290062], [118.37027740478584, 9.649999618530614], [118.37473297119197, 9.64527988433889], [118.38194274902344, 9.651940345764672], [118.38590240478572, 9.652819633484285], [118.39055633544933, 9.662220001221101], [118.40000152587902, 9.661109924316747], [118.40614318847724, 9.66345977783243], [118.41045379638706, 9.668169975281216], [118.40701293945347, 9.673749923706339], [118.40860748291038, 9.675559997558537], [118.40860748291038, 9.686109542847078], [118.4196929931644, 9.695280075073299], [118.42182922363327, 9.700269699097134], [118.41893768310581, 9.701479911804768], [118.41950225830112, 9.704979896545922], [118.4230575561528, 9.70306015014637], [118.42749786377021, 9.703889846801928], [118.43110656738338, 9.707779884338834], [118.43343353271518, 9.716879844665812], [118.43804168701217, 9.720740318298283], [118.44396972656307, 9.720859527587834], [118.44949340820324, 9.728050231934105], [118.4565200805664, 9.727230072021882], [118.46224975585938, 9.732700347900902], [118.46833038330112, 9.73060989379934], [118.47444152832065, 9.731389999389762], [118.48213195800804, 9.741009712219807], [118.48908996582088, 9.742369651794831], [118.49104309082031, 9.749870300293196], [118.49495697021484, 9.753580093384244], [118.50611114501953, 9.761670112610318], [118.50721740722679, 9.759719848633154], [118.5109100341798, 9.760100364685456], [118.51686096191452, 9.7687997817996], [118.513778686524, 9.774519920349235], [118.52464294433605, 9.779560089111612], [118.5302124023442, 9.785499572754304], [118.53482818603561, 9.79603958129934], [118.5404663085942, 9.800029754639183], [118.54071807861362, 9.806870460510254], [118.54512023925781, 9.811459541321256], [118.55114746093795, 9.81338977813715], [118.55671691894554, 9.822830200195824], [118.56468200683639, 9.827469825744629], [118.56820678710983, 9.834500312805062], [118.56694793701206, 9.840279579163166], [118.56804656982479, 9.84471988678007], [118.57328796386776, 9.848699569702092], [118.57864379882835, 9.849029541016193], [118.58920288085949, 9.855819702148949], [118.5923767089846, 9.864540100098111], [118.5952224731451, 9.868049621582543], [118.59999847412166, 9.865830421448322], [118.60520935058639, 9.87007045745878], [118.60775756835972, 9.874270439148518], [118.6058273315432, 9.878330230713118], [118.6109008789067, 9.882450103760277], [118.61444854736328, 9.889570236206225], [118.61408233642624, 9.893159866333235], [118.60990142822277, 9.89694976806669], [118.61197662353516, 9.903960227966536], [118.60388946533214, 9.90555953979532], [118.6071166992192, 9.910610198975064], [118.60482025146484, 9.912489891052246], [118.60473632812545, 9.914839744567928], [118.60910034179722, 9.916390419006916], [118.61913299560592, 9.916319847107331], [118.62153625488293, 9.91862010955822], [118.62342071533203, 9.918310165405387], [118.62609863281295, 9.921190261841218], [118.62492370605503, 9.92481040954641], [118.63543701171875, 9.928569793701115], [118.63691711425804, 9.933679580688988], [118.64147949218807, 9.931980133057095], [118.64465332031295, 9.934249877929858], [118.64607238769554, 9.936610221862963], [118.64463806152366, 9.938489913940714], [118.64550781250068, 9.940119743347054], [118.64315795898438, 9.942489624024006], [118.64579772949264, 9.945810317993221], [118.6420288085942, 9.94838047027622], [118.64743804931675, 9.953040122986124], [118.64807128906273, 9.955539703369539], [118.64334869384766, 9.959950447082917], [118.64639282226597, 9.960789680481412], [118.64662933349666, 9.964139938354833], [118.65601348876987, 9.965880393982275], [118.65778350830135, 9.971110343933617], [118.66235351562511, 9.973259925842171], [118.6632919311528, 9.975440025329988], [118.6623611450201, 9.980520248413598], [118.66036224365291, 9.982700347900845], [118.65411376953159, 9.982000350952603], [118.65141296386741, 9.983389854431664], [118.65065002441429, 9.990870475769327], [118.6521224975586, 9.993599891662598], [118.64488220214889, 9.995809555053881], [118.64721679687523, 9.999999999999943], [118.64444732666038, 10.004170417785986], [118.64639282226597, 10.004719734192406], [118.6488876342778, 10.003060340881632], [118.64984893798874, 9.999629974365632], [118.65994262695312, 9.998559951782738], [118.66194152832031, 9.999999999999943], [118.66388702392635, 10.006409645081135], [118.66826629638683, 10.009989738464299], [118.67333221435604, 10.012780189514615], [118.67804718017612, 10.010279655457111], [118.69167327880928, 10.018890380859887], [118.69441986084007, 10.022589683533113], [118.69222259521541, 10.028329849243335], [118.69277954101574, 10.030830383300838], [118.69499969482445, 10.032779693603914], [118.69860839843807, 10.031109809876057], [118.70417022705124, 10.03861045837391], [118.70639038085938, 10.039170265198095], [118.71028137207065, 10.033329963684594], [118.7177810668951, 10.036669731140591], [118.72277832031284, 10.036390304565941], [118.72313690185615, 10.038829803467308], [118.72750091552791, 10.042779922485863], [118.7252807617192, 10.047220230102539], [118.7252807617192, 10.059439659118937], [118.7283325195317, 10.064720153808594], [118.72638702392646, 10.070830345154377], [118.73027801513695, 10.07194042205856], [118.73722076416027, 10.08139038085966], [118.74555206298874, 10.084170341491983], [118.74333190918026, 10.089719772338924], [118.74722290039108, 10.09305953979532], [118.7482986450201, 10.096559524536076], [118.7452774047855, 10.100000381470238], [118.74645996093795, 10.107560157776334], [118.75166320800827, 10.111109733582055], [118.75235748291016, 10.113880157471101], [118.75591278076183, 10.11446952819864], [118.75694274902389, 10.119170188904093], [118.76055908203125, 10.120829582214867], [118.75837707519577, 10.129229545593773], [118.76194763183616, 10.13333034515432], [118.7677764892585, 10.127220153808537], [118.76889038085994, 10.121669769287507], [118.77194213867244, 10.11666965484659], [118.77050018310558, 10.114170074463402], [118.76667022705124, 10.11666965484659], [118.76363372802746, 10.115579605102823], [118.77194213867244, 10.10305976867727], [118.77062988281318, 10.09451007843063], [118.76555633544979, 10.095829963684537], [118.76444244384811, 10.094719886780354], [118.7677764892585, 10.087779998779581], [118.77249908447277, 10.087499618530217], [118.77416992187545, 10.085280418396337], [118.77306365966842, 10.080280303955476], [118.77438354492188, 10.078160285950219], [118.77306365966842, 10.073889732361408], [118.77391815185592, 10.069970130920694], [118.77139282226631, 10.069720268250023], [118.76770019531284, 10.074020385742699], [118.76027679443405, 10.074170112610204], [118.75721740722656, 10.076390266418912], [118.75527954101608, 10.074999809265591], [118.75222015380882, 10.075559616089265], [118.7477798461914, 10.078889846802156], [118.74194335937534, 10.075280189514558], [118.75250244140648, 10.064999580383812], [118.75554656982479, 10.066390037537133], [118.75776672363327, 10.064169883728425], [118.76222229003963, 10.065560340881575], [118.7652664184576, 10.059720039368244], [118.76860809326229, 10.061940193176781], [118.77583312988327, 10.059439659118937], [118.77471923828148, 10.056949615479027], [118.77749633789131, 10.05506038665817], [118.77562713623047, 10.053959846496753], [118.77633666992244, 10.047289848328035], [118.77443695068382, 10.044440269470726], [118.77055358886753, 10.043330192566373], [118.77306365966842, 10.03861045837391], [118.77221679687511, 10.036109924316406], [118.7755584716798, 10.02388954162592], [118.78083038330101, 10.024169921875284], [118.78428649902378, 10.02235984802303], [118.78806304931697, 10.023679733276765], [118.78888702392624, 10.020560264587687], [118.79416656494197, 10.023059844971101], [118.79582977294956, 10.02861022949213], [118.79360961914085, 10.034720420837914], [118.79444122314464, 10.036669731140591], [118.8000030517585, 10.034440040588947], [118.80416870117199, 10.027500152587777], [118.8086090087894, 10.03028011322067], [118.80972290039085, 10.037500381470124], [118.80777740478561, 10.041939735412882], [118.80666351318416, 10.055279731751], [118.8108062744144, 10.06682968139694], [118.80972290039085, 10.069720268250023], [118.8138885498048, 10.070830345154377], [118.81777954101562, 10.074999809265591], [118.82138824462925, 10.082220077514648], [118.82111358642578, 10.086110115051724], [118.82584381103538, 10.090829849243278], [118.82333374023449, 10.094169616699503], [118.82584381103538, 10.095560073852823], [118.82749938964844, 10.100560188293684], [118.83693695068393, 10.103890419006746], [118.8386077880865, 10.105830192566486], [118.8283309936528, 10.110830307006836], [118.82277679443416, 10.109439849853686], [118.81804656982456, 10.11194038391119], [118.8108367919923, 10.110830307006836], [118.80666351318416, 10.11666965484659], [118.80777740478561, 10.119170188904093], [118.80526733398472, 10.121669769287507], [118.80999755859432, 10.126110076904183], [118.81333160400447, 10.134719848632812], [118.81027984619197, 10.138890266418855], [118.8116683959961, 10.142499923706453], [118.8086090087894, 10.149439811707055], [118.81223297119175, 10.163610458374535], [118.80686187744163, 10.167909622192894], [118.80477142334053, 10.172889709473225], [118.80805206298828, 10.184169769287621], [118.80600738525413, 10.192279815674055], [118.80917358398472, 10.194999694824617], [118.8108367919923, 10.193889617920433], [118.819442749024, 10.19777965545694], [118.82333374023449, 10.194439888000943], [118.8225021362307, 10.192219734192406], [118.82389068603561, 10.190560340881461], [118.8316574096682, 10.186670303345295], [118.8386077880865, 10.187219619750977], [118.8447189331057, 10.190560340881461], [118.84555816650402, 10.196390151977937], [118.85028076171909, 10.203330039978539], [118.86499786376999, 10.210559844971272], [118.87555694580112, 10.210559844971272], [118.88221740722724, 10.208889961243074], [118.89527893066452, 10.196390151977937], [118.90110778808628, 10.19832992553711], [118.90666961669967, 10.19777965545694], [118.90921020507858, 10.202050209045922], [118.91137695312557, 10.200810432434594], [118.92082977294945, 10.200830459594613], [118.9240570068365, 10.204380035400902], [118.92445373535179, 10.201669692993676], [118.92666625976597, 10.200280189514444], [118.93916320800815, 10.208609580994107], [118.94007873535213, 10.215940475464265], [118.9436111450201, 10.219440460205021], [118.93860626220703, 10.225279808044775], [118.93916320800815, 10.226389884949128], [118.94249725341831, 10.22556018829357], [118.94526672363315, 10.22832965850887], [118.94638824462913, 10.234720230102937], [118.95084381103527, 10.241669654846476], [118.94777679443405, 10.245829582214924], [118.95221710205146, 10.251669883728255], [118.94944763183639, 10.25749969482473], [118.94526672363315, 10.260000228882234], [118.94220733642624, 10.258199691772575], [118.94082641601574, 10.260829925537053], [118.93710327148449, 10.262060165405785], [118.93715667724643, 10.264749526977994], [118.94313812255882, 10.26348018646297], [118.95084381103527, 10.265279769897973], [118.95417022705124, 10.264439582825162], [118.96138763427768, 10.268329620361328], [118.96189880371105, 10.27050018310598], [118.95944213867244, 10.274439811707111], [118.95665740966808, 10.275830268860432], [118.95249938964889, 10.272780418396167], [118.95242309570347, 10.276399612427213], [118.94750213623058, 10.28444004058889], [118.93360900878929, 10.284999847412394], [118.93166351318405, 10.286669731140364], [118.93222045898438, 10.28944015502924], [118.94000244140693, 10.28944015502924], [118.94139099121139, 10.291669845581623], [118.93776702880905, 10.2974996566777], [118.94277954101608, 10.300000190735204], [118.94695281982445, 10.292220115662133], [118.9518127441412, 10.294099807739144], [118.95221710205146, 10.288330078124886], [118.95583343505928, 10.284720420837857], [118.95944213867244, 10.283060073852994], [118.96555328369163, 10.284720420837857], [118.96716308593807, 10.289649963379134], [118.97028350830124, 10.288330078124886], [118.97471618652412, 10.292220115662133], [118.97805786132858, 10.299719810486408], [118.97138977050827, 10.31027984619169], [118.97522735595703, 10.30902957916311], [118.98222351074276, 10.302780151367756], [118.9897232055664, 10.301389694214265], [118.9983367919923, 10.308059692383324], [119.0017013549807, 10.314840316772745], [119.0020370483403, 10.312359809876], [119.00444793701229, 10.312500000000398], [119.00061035156295, 10.320369720459496], [118.99777984619197, 10.321390151977823], [118.9958267211914, 10.319999694824503], [118.99445343017601, 10.321940422058674], [119.00000000000045, 10.325830459595238], [119.00108337402389, 10.331029891968228], [119.00495910644577, 10.333900451660384], [119.00418853759811, 10.339719772339265], [119.00618743896553, 10.343390464783283], [119.01097106933628, 10.344269752502896], [119.01930999755871, 10.33726024627731], [119.02519226074253, 10.337800025940226], [119.0265502929692, 10.339799880981616], [119.01505279541038, 10.354669570923193], [119.02050781250034, 10.360540390015217], [119.01587677001964, 10.365050315857445], [119.01896667480537, 10.371760368347452], [119.01834106445358, 10.374810218811149], [119.01567077636764, 10.37553024292032], [119.01268005371162, 10.375280380249478], [119.00639343261753, 10.37082958221481], [119.00144195556675, 10.360890388489338], [119.00161743164131, 10.358149528503816], [118.99722290039131, 10.358329772949105], [118.99555206298874, 10.356109619141137], [118.9962463378912, 10.35363006591848], [118.98555755615246, 10.35000038147001], [118.98361206054722, 10.352780342102164], [118.98082733154365, 10.352780342102164], [118.97666931152389, 10.346110343933447], [118.97499847412132, 10.346110343933447], [118.97471618652412, 10.35000038147001], [118.97165679931663, 10.352219581604572], [118.97499847412132, 10.35667037963924], [118.96916961669979, 10.362779617309855], [118.96491241455112, 10.364370346069563], [118.96721649169922, 10.366109848022745], [118.96555328369163, 10.37082958221481], [118.97305297851608, 10.373330116272484], [118.97721862793003, 10.37082958221481], [118.98298645019588, 10.377759933472134], [118.98000335693405, 10.385829925537507], [118.9922332763673, 10.39167022705135], [118.98889160156261, 10.3966703414917], [118.98610687255905, 10.407500267029036], [118.99166870117244, 10.409440040588947], [118.99527740478527, 10.414719581604515], [119.0013885498048, 10.403329849243562], [119.00409698486396, 10.403869628906818], [119.00694274902366, 10.408889770508097], [119.0088882446289, 10.407779693604084], [119.00945281982456, 10.404999732971532], [119.01178741455135, 10.40423965454147], [119.01676177978538, 10.407440185547387], [119.02102661132824, 10.4079599380496], [119.022781372071, 10.415559768677326], [119.02471923828125, 10.41666984558151], [119.02944183349666, 10.411729812622468], [119.03598785400436, 10.411820411682072], [119.03472137451206, 10.403329849243562], [119.03559112548828, 10.398469924927213], [119.04138946533249, 10.399439811706998], [119.04556274414085, 10.403889656067179], [119.04744720458996, 10.403980255127522], [119.04725646972668, 10.396730422973917], [119.04979705810581, 10.389780044555664], [119.05444335937568, 10.38667011260992], [119.06305694580078, 10.38833045959501], [119.06472015380916, 10.394720077514933], [119.07173919677734, 10.396409988403832], [119.0749435424807, 10.40023994445852], [119.07544708251987, 10.402609825134391], [119.07353210449253, 10.405719757080135], [119.0757980346682, 10.409620285034634], [119.06844329834041, 10.41763019561779], [119.06394195556652, 10.41870975494436], [119.06360626220771, 10.422780036926383], [119.06527709960949, 10.423890113830737], [119.06916809082031, 10.420280456543537], [119.07626342773494, 10.420359611511799], [119.07913970947288, 10.416740417480753], [119.08184814453125, 10.417110443115632], [119.08545684814487, 10.421660423279263], [119.0910797119144, 10.418089866638695], [119.09597778320358, 10.420089721680256], [119.09712982177746, 10.422080039978539], [119.09761810302791, 10.424400329590355], [119.09538269043003, 10.42770957946766], [119.10472106933628, 10.433890342712516], [119.09834289550781, 10.440279960632438], [119.0946273803711, 10.439970016479606], [119.09333038330135, 10.44221973419235], [119.0899963378912, 10.441109657287996], [119.08647918701195, 10.443019866943871], [119.08740997314464, 10.445280075073697], [119.09306335449241, 10.44806003570551], [119.0922164916999, 10.451109886169775], [119.08677673339889, 10.45003986358688], [119.08421325683628, 10.451049804687955], [119.0775833129884, 10.448010444641454], [119.07375335693405, 10.450869560242268], [119.08476257324241, 10.4559202194215], [119.08348846435592, 10.457929611206566], [119.08925628662155, 10.462129592895565], [119.08793640136753, 10.463330268860261], [119.08554840087925, 10.461790084839265], [119.07829284668037, 10.46199989318859], [119.07721710205135, 10.463330268860261], [119.0830383300787, 10.466810226440316], [119.08412933349643, 10.46951007843029], [119.08249664306675, 10.480560302734943], [119.08444213867233, 10.483059883117619], [119.08556365966797, 10.482500076294514], [119.08625030517624, 10.476670265197697], [119.09156036376987, 10.471070289611873], [119.09332275390636, 10.472359657287996], [119.09722137451217, 10.48556041717569], [119.10278320312523, 10.48332977294973], [119.10250091552757, 10.479169845581623], [119.10582733154354, 10.479439735413166], [119.10749816894531, 10.47778034210205], [119.1144409179692, 10.485280036926326], [119.11723327636719, 10.48278045654348], [119.116943359375, 10.47889995575008], [119.12194824218807, 10.47805976867727], [119.1216735839846, 10.472780227661701], [119.12027740478516, 10.471670150757348], [119.11360931396484, 10.47332954406778], [119.11057281494186, 10.470910072327115], [119.10668945312557, 10.47105979919445], [119.10408020019577, 10.46809959411678], [119.10439300537166, 10.466030120850064], [119.10655975341842, 10.465100288391568], [119.10553741455135, 10.459650039672908], [119.10669708251976, 10.458510398865258], [119.11414337158271, 10.460129737854174], [119.1113891601567, 10.447779655456713], [119.11868286132824, 10.445349693298851], [119.12346649169979, 10.447930335998535], [119.12449645996139, 10.445929527283226], [119.12329864502021, 10.442879676819302], [119.11826324462925, 10.440660476685082], [119.11805725097702, 10.431670188903809], [119.11499786376976, 10.428330421448152], [119.11286163330124, 10.420610427856559], [119.11367797851608, 10.411270141601904], [119.11535644531307, 10.40713977813732], [119.1193466186528, 10.403559684753986], [119.12045288085972, 10.395799636841275], [119.12679290771496, 10.383850097656818], [119.13916015625, 10.381979942322232], [119.14215850830135, 10.383600234985636], [119.14093780517601, 10.390199661255451], [119.14668273925815, 10.39227962493942], [119.14582824707065, 10.394109725952717], [119.14103698730537, 10.395380020141488], [119.14203643798874, 10.399660110474144], [119.14488983154297, 10.399589538574162], [119.1501083374028, 10.402560234070336], [119.15203094482456, 10.405050277710416], [119.15637207031307, 10.40666961669973], [119.15799713134822, 10.410180091858308], [119.16194915771518, 10.410889625549828], [119.16478729248092, 10.413559913635765], [119.1723937988287, 10.41003990173391], [119.17603302001976, 10.411609649658772], [119.17830657959041, 10.41606044769344], [119.17584228515648, 10.42031955719034], [119.17696380615291, 10.426360130310627], [119.18296813964855, 10.428190231323754], [119.18756866455101, 10.43284034729055], [119.18903350830112, 10.437700271606843], [119.18784332275447, 10.442839622498013], [119.18977355957077, 10.445440292358455], [119.19082641601631, 10.451769828796898], [119.19889831543026, 10.45748996734676], [119.20275878906284, 10.456279754638956], [119.20894622802803, 10.46092033386276], [119.21327972412155, 10.460720062255803], [119.21639251709018, 10.472220420837687], [119.21205139160168, 10.472860336304109], [119.2159729003912, 10.481269836426122], [119.2225112915039, 10.481430053711449], [119.22444152832077, 10.48377990722696], [119.22460174560581, 10.487950325012264], [119.22704315185604, 10.486419677734716], [119.23293304443371, 10.487190246582202], [119.24112701416061, 10.485090255737873], [119.24224090576206, 10.481340408325593], [119.24488067626976, 10.479749679565998], [119.25038146972702, 10.48033046722469], [119.25585937500068, 10.483830451965844], [119.26135253906261, 10.497150421142521], [119.25923156738281, 10.501130104065282], [119.2685775756836, 10.507220268249796], [119.26882171630882, 10.513460159302042], [119.26468658447311, 10.518420219421444], [119.25430297851574, 10.524490356445767], [119.25195312500045, 10.531649589538517], [119.24884033203125, 10.532979965210188], [119.24516296386776, 10.531000137329386], [119.23972320556697, 10.531390190124569], [119.23777770996094, 10.53777980804449], [119.23610687255882, 10.53917026519764], [119.23388671875011, 10.538330078125398], [119.22944641113327, 10.547220230102823], [119.23222351074253, 10.54944038391153], [119.23528289794956, 10.54944038391153], [119.23695373535213, 10.545559883117562], [119.23944091796932, 10.544440269470613], [119.24194335937568, 10.54611015319881], [119.24210357666072, 10.55115032196079], [119.2436370849615, 10.551810264587914], [119.24749755859375, 10.545829772949503], [119.25277709960949, 10.543609619141137], [119.25554656982479, 10.537220001221215], [119.2602767944336, 10.536669731140137], [119.26638793945312, 10.538330078125398], [119.28250122070312, 10.548060417175805], [119.29194641113281, 10.55611038208059], [119.30610656738304, 10.57444000244169], [119.307937622071, 10.578940391541096], [119.30764007568382, 10.583649635315396], [119.30917358398483, 10.58444023132364], [119.31054687500045, 10.582220077514933], [119.31234741210938, 10.582869529724633], [119.3185882568365, 10.591079711914176], [119.32472229003974, 10.6094398498538], [119.32347869873092, 10.613329887390478], [119.31852722168014, 10.613450050354515], [119.31680297851608, 10.617340087890682], [119.32550048828159, 10.634810447693269], [119.32964324951183, 10.650500297546898], [119.326248168946, 10.664529800415494], [119.32972717285202, 10.668939590454386], [119.33590698242188, 10.686840057373615], [119.33889007568371, 10.690830230713459], [119.33889007568371, 10.696109771729027], [119.34139251709007, 10.701669692993732], [119.34361267089878, 10.717780113220613], [119.34333038330112, 10.735560417175805], [119.336669921875, 10.74306011199991], [119.32955169677791, 10.74645042419479], [119.324462890625, 10.744870185852108], [119.32277679443371, 10.751669883728539], [119.32430267333996, 10.752360343933617], [119.32333374023483, 10.757780075073754], [119.32472229003974, 10.75860977172897], [119.32250213623104, 10.763059616089322], [119.3180465698249, 10.76900005340616], [119.31452941894565, 10.768989562988565], [119.30663299560547, 10.774419784546467], [119.30217742919933, 10.775170326232853], [119.29313659667991, 10.771499633789517], [119.28778076171932, 10.765830039978198], [119.28444671630916, 10.76667022705118], [119.27455139160224, 10.764760017395304], [119.27411651611374, 10.771320343018147], [119.26833343505916, 10.777230262756802], [119.26889038085949, 10.780280113220726], [119.26695251464844, 10.78061008453426], [119.26531219482467, 10.785599708557015], [119.26624298095726, 10.78946971893339], [119.26191711425827, 10.797989845275936], [119.26167297363304, 10.805560112000023], [119.26416778564499, 10.812219619751488], [119.25980377197266, 10.815070152283283], [119.26492309570358, 10.82553005218523], [119.26244354248092, 10.831480026245345], [119.25229644775402, 10.837750434875716], [119.2488937377932, 10.83693981170677], [119.24781799316418, 10.833410263061808], [119.24571228027355, 10.83444976806669], [119.24063873291016, 10.832659721375023], [119.24301147460972, 10.84323024749807], [119.24194335937568, 10.845560073852823], [119.23097229003952, 10.840829849243676], [119.22972106933616, 10.84193992614803], [119.23139190673874, 10.843890190125023], [119.22811889648483, 10.846320152282885], [119.2242736816412, 10.842269897461222], [119.2213516235355, 10.843139648438068], [119.22383880615268, 10.850110054016511], [119.22245788574276, 10.85097980499279], [119.21946716308594, 10.849980354309366], [119.21762847900436, 10.847060203552758], [119.21222686767624, 10.846440315247094], [119.20916748046875, 10.84887981414846], [119.21093750000023, 10.85319042205856], [119.20863342285213, 10.858189582824991], [119.21131896972679, 10.86075973510782], [119.2241668701173, 10.856670379638956], [119.22833251953125, 10.858889579772836], [119.23110961914108, 10.85778045654331], [119.2340774536134, 10.853719711304223], [119.23970794677746, 10.858220100403116], [119.24356079101608, 10.857689857482967], [119.24523925781261, 10.859729766845817], [119.24472045898472, 10.864439964294604], [119.23602294921943, 10.863719940186002], [119.23777770996094, 10.868889808655183], [119.23339080810547, 10.868630409240666], [119.23142242431697, 10.87193965911888], [119.22612762451206, 10.873439788818814], [119.2219467163086, 10.872220039367676], [119.22250366210972, 10.879309654236181], [119.22471618652389, 10.877779960632608], [119.22750091552746, 10.879159927368676], [119.23278045654365, 10.875000000000568], [119.24102020263672, 10.871459960937614], [119.24327087402412, 10.873950004577694], [119.23948669433594, 10.879039764404808], [119.24278259277366, 10.881719589233342], [119.2441635131836, 10.885829925537564], [119.24694824218795, 10.886389732361238], [119.24916839599666, 10.884440422058162], [119.25459289550838, 10.886590003967797], [119.25694274902344, 10.883330345153809], [119.25908660888729, 10.884960174560888], [119.25614166259788, 10.895549774170206], [119.25129699707065, 10.898710250855004], [119.248611450196, 10.896940231323697], [119.25055694580078, 10.900279998779695], [119.24915313720714, 10.903619766235352], [119.24414825439487, 10.903459548950764], [119.24388885498092, 10.905830383301293], [119.24194335937568, 10.905830383301293], [119.2402801513673, 10.908060073852766], [119.23583221435615, 10.90750026702932], [119.2350006103519, 10.901390075684048], [119.22972106933616, 10.903610229492756], [119.22471618652389, 10.909440040588493], [119.21916961669956, 10.906109809875431], [119.21360778808616, 10.905280113220613], [119.2180633544923, 10.909720420837289], [119.22138977050827, 10.91611003875721], [119.22528076171875, 10.915280342102562], [119.22888946533237, 10.920280456543253], [119.22944641113327, 10.921939849854027], [119.22666931152366, 10.92471981048584], [119.23209381103572, 10.933750152588402], [119.2272186279298, 10.939169883728539], [119.22360992431697, 10.937500000000512], [119.21666717529342, 10.937500000000512], [119.21472167968761, 10.938890457153661], [119.21499633789108, 10.941670417786213], [119.22055816650447, 10.944720268249398], [119.22138977050827, 10.947779655456827], [119.21916198730503, 10.95110988616932], [119.22041320800781, 10.954170227051009], [119.22360992431697, 10.953330039978027], [119.22792053222702, 10.956939697266137], [119.23056030273494, 10.956390380859716], [119.22944641113327, 10.949170112610147], [119.23055267333996, 10.946669578552644], [119.2386093139653, 10.952779769897859], [119.24223327636764, 10.950690269470783], [119.24166870117222, 10.948749542236214], [119.24527740478561, 10.943059921264876], [119.24223327636764, 10.938329696655728], [119.24276733398494, 10.935210227966309], [119.23777770996094, 10.934720039367619], [119.2350006103519, 10.930000305176236], [119.24445343017578, 10.927499771118732], [119.24092102050781, 10.9239902496343], [119.24555206298851, 10.92111015319881], [119.24388885498092, 10.919440269470272], [119.24582672119197, 10.916939735412768], [119.2441635131836, 10.910639762878361], [119.25444793701206, 10.913060188294025], [119.25833129882835, 10.916669845581396], [119.25888824462947, 10.9191703796389], [119.25360870361328, 10.925000190735375], [119.25527954101585, 10.928609848022916], [119.25195312500045, 10.92971992492727], [119.25055694580078, 10.93249988555948], [119.25360870361328, 10.936940193176326], [119.2563934326173, 10.9355602264406], [119.25969696044956, 10.936400413513581], [119.2601699829105, 10.94009017944353], [119.26611328125045, 10.947779655456827], [119.26889038085949, 10.948329925537678], [119.2680587768557, 10.943329811096248], [119.26972198486328, 10.939999580383187], [119.27361297607456, 10.938329696655728], [119.27445983886764, 10.935170173645417], [119.28472900390682, 10.93624973297176], [119.27805328369197, 10.930279731750772], [119.2788925170903, 10.927780151367529], [119.2755279541019, 10.92879962921154], [119.27536773681686, 10.924389839172818], [119.28333282470771, 10.922220230102994], [119.28333282470771, 10.916939735412768], [119.28555297851562, 10.911939620972248], [119.2933273315432, 10.913060188294025], [119.29389190673885, 10.911390304565828], [119.2905578613287, 10.904580116272541], [119.28157806396496, 10.907150268555199], [119.2799530029298, 10.906370162964208], [119.28056335449264, 10.903610229492756], [119.27722167968818, 10.901109695435082], [119.28166961669933, 10.897219657898006], [119.27839660644531, 10.89577960968063], [119.27778625488304, 10.893489837646598], [119.28368377685604, 10.890379905700854], [119.29007720947322, 10.895039558410758], [119.2936096191412, 10.89556026458797], [119.29902648925793, 10.892910003662394], [119.29902648925793, 10.891530036926667], [119.29416656494152, 10.8912496566777], [119.29528045654297, 10.888330459595238], [119.29232788085938, 10.88780021667526], [119.28861236572311, 10.882499694824673], [119.2858734130865, 10.8818998336792], [119.28356933593795, 10.883979797363509], [119.28175354003952, 10.882189750671841], [119.27443695068416, 10.88278007507364], [119.2738876342778, 10.876939773560139], [119.26648712158249, 10.873029708862873], [119.26566314697322, 10.870619773864632], [119.27018737793003, 10.865639686584473], [119.27275848388706, 10.86528968811075], [119.28381347656295, 10.869379997253304], [119.29004669189499, 10.869339942932413], [119.29389190673885, 10.873060226440657], [119.29972076416038, 10.873889923096215], [119.30278015136787, 10.878330230713459], [119.30777740478516, 10.875000000000568], [119.30496978759788, 10.874640464782999], [119.30666351318416, 10.873609542847248], [119.29972076416038, 10.869999885558968], [119.30361175537166, 10.868889808655183], [119.30832672119175, 10.871109962463322], [119.30166625976562, 10.864170074463232], [119.29750061035168, 10.864170074463232], [119.2933273315432, 10.867500305176293], [119.29222106933628, 10.86332988739025], [119.28633117675827, 10.860610008240258], [119.28666687011764, 10.859029769897973], [119.29028320312523, 10.858610153198697], [119.29083251953182, 10.85638999939016], [119.28861236572311, 10.85638999939016], [119.28971862793014, 10.854439735412825], [119.28778076171932, 10.852219581604118], [119.28320312500057, 10.852120399475666], [119.28321838378929, 10.84739017486578], [119.2933273315432, 10.844440460205533], [119.29778289794933, 10.839440345764274], [119.30091094970703, 10.840559959412133], [119.31217193603561, 10.82968044281057], [119.31626892089889, 10.833530426025618], [119.31305694580135, 10.838609695435139], [119.31472015380893, 10.840829849243676], [119.31472015380893, 10.845829963684196], [119.3172225952153, 10.846670150757177], [119.31861114502021, 10.844169616699673], [119.31667327880871, 10.842780113220499], [119.31833648681686, 10.838060379028548], [119.32333374023483, 10.834440231323754], [119.32195281982467, 10.829170227051122], [119.32469940185604, 10.826250076293832], [119.32250213623104, 10.820830345153865], [119.32485961914108, 10.817640304565941], [119.33083343505893, 10.8149995803833], [119.33222198486385, 10.810560226440714], [119.33583068847702, 10.814720153809162], [119.33889007568371, 10.813059806824128], [119.34139251709007, 10.813610076904808], [119.34249877929733, 10.816390037537019], [119.33778381347702, 10.820830345153865], [119.34027862548862, 10.823610305786588], [119.34638977050815, 10.820280075073697], [119.3445816040039, 10.827360153198185], [119.3472213745124, 10.826669692993619], [119.34638977050815, 10.825280189514444], [119.3479232788086, 10.822360038757836], [119.35305786132847, 10.81999969482473], [119.35666656494186, 10.82139015197805], [119.35749816894588, 10.81805992126499], [119.3554229736335, 10.814949989319246], [119.34944152832065, 10.816940307617699], [119.34777832031307, 10.815560340881632], [119.35193634033249, 10.812500000000455], [119.35122680664131, 10.806579589844205], [119.3450012207037, 10.80500030517635], [119.3452835083009, 10.800279617310139], [119.34665679931709, 10.798890113830964], [119.3513870239259, 10.799719810485954], [119.35388946533226, 10.798060417175577], [119.35582733154331, 10.80000019073475], [119.35221862792969, 10.80500030517635], [119.36195373535202, 10.804439544678246], [119.3644409179692, 10.802499771118676], [119.36416625976574, 10.798060417175577], [119.36860656738315, 10.793889999390217], [119.36737060546909, 10.789540290832974], [119.37169647216808, 10.788189888000772], [119.37806701660202, 10.79454994201717], [119.38639068603572, 10.793889999390217], [119.39055633544922, 10.789719581604174], [119.3897171020509, 10.785280227661588], [119.39235687255893, 10.78347015380865], [119.39364624023494, 10.77898025512718], [119.39694213867188, 10.782500267028695], [119.39778137207065, 10.780559539795377], [119.39943695068405, 10.78166961669973], [119.40000152587936, 10.77694034576433], [119.40389251709018, 10.773050308227823], [119.40249633789074, 10.767499923706566], [119.40519714355491, 10.765489578247582], [119.40117645263729, 10.763810157776447], [119.40028381347656, 10.761389732360783], [119.397499084473, 10.760829925537678], [119.39305877685558, 10.765830039978198], [119.39138793945358, 10.764439582825048], [119.39639282226574, 10.76027965545643], [119.39694213867188, 10.755829811096419], [119.40249633789074, 10.756110191345215], [119.40630340576217, 10.753000259399471], [119.41114807128906, 10.754509925842171], [119.41409301757847, 10.759129524231355], [119.4127807617192, 10.763330459595181], [119.41564941406295, 10.766309738159464], [119.41555786132858, 10.763890266418855], [119.42693328857479, 10.74221992492727], [119.42685699462936, 10.734970092773835], [119.42973327636753, 10.725830078125568], [119.42851257324219, 10.723830223084008], [119.43068695068393, 10.71928024292015], [119.43282318115246, 10.718930244445858], [119.43222045898472, 10.720560073852937], [119.43389129638729, 10.722499847412678], [119.44249725341842, 10.72527980804432], [119.44499969482456, 10.724169731140535], [119.44583129882881, 10.721389770508324], [119.45333099365246, 10.72082996368431], [119.4574966430664, 10.721389770508324], [119.46193695068382, 10.724720001221215], [119.45945739746116, 10.727029800415607], [119.45944213867244, 10.736109733581657], [119.4559936523442, 10.745929718017578], [119.45324707031307, 10.747890472412337], [119.45084381103561, 10.760829925537678], [119.44486999511741, 10.769229888916584], [119.44222259521518, 10.777219772339379], [119.4438171386721, 10.784930229187296], [119.43860626220737, 10.796910285950275], [119.43360900878963, 10.799440383911644], [119.43798828125057, 10.801650047302758], [119.43904876709007, 10.806659698486612], [119.4365234375, 10.80932998657255], [119.4391632080085, 10.809439659118937], [119.43945312500045, 10.812219619751488], [119.43860626220737, 10.822219848633267], [119.43560791015682, 10.823840141296671], [119.43195343017624, 10.830559730530183], [119.4403305053711, 10.828189849853743], [119.44333648681697, 10.830699920654581], [119.44638824462947, 10.828610420226937], [119.45084381103561, 10.828330039978141], [119.4550628662115, 10.833089828491723], [119.44976043701206, 10.837050437927132], [119.44986724853516, 10.838870048523233], [119.45343017578136, 10.841210365295751], [119.45301818847656, 10.843390464782999], [119.44917297363327, 10.848609924316918], [119.44191741943382, 10.844579696655444], [119.44082641601608, 10.838609695435139], [119.43258666992233, 10.846599578857933], [119.42781066894577, 10.856599807739713], [119.42527770996139, 10.856670379638956], [119.42472076416027, 10.851940155029808], [119.41528320312511, 10.856109619141193], [119.41626739502021, 10.858289718628441], [119.4150619506836, 10.861969947815453], [119.41837310791084, 10.866080284119107], [119.41301727294945, 10.87156009674112], [119.40853118896507, 10.868430137634789], [119.40444183349678, 10.86917018890432], [119.40319824218773, 10.87152957916311], [119.39412689209041, 10.868490219116268], [119.3899230957037, 10.870519638061694], [119.38054656982467, 10.85999965667719], [119.37587738037155, 10.86215019226114], [119.37194824218784, 10.858059883118187], [119.36873626708996, 10.868820190430199], [119.36427307128963, 10.873029708862873], [119.3593368530278, 10.872639656067463], [119.35333251953193, 10.876110076904752], [119.35151672363327, 10.875280380249364], [119.35221862792969, 10.871669769287507], [119.34860992431686, 10.871109962463322], [119.34944152832065, 10.877499580383244], [119.3541564941412, 10.878609657287598], [119.35111236572322, 10.881669998169286], [119.35472106933605, 10.883060455322436], [119.35166931152355, 10.889169692993562], [119.3483581542971, 10.888879776001488], [119.34707641601608, 10.891599655151822], [119.34860992431686, 10.89416980743448], [119.3472213745124, 10.895279884338663], [119.33528137207088, 10.891440391540982], [119.33374023437511, 10.893239974975984], [119.3410263061528, 10.902720451355549], [119.33885192871128, 10.906390190124796], [119.34149169921898, 10.90738964080822], [119.34137725830135, 10.90985965728811], [119.3480529785162, 10.908610343933503], [119.34554290771484, 10.912919998169457], [119.35259246826172, 10.922750473022973], [119.3561172485355, 10.924880027771508], [119.35694885253974, 10.930279731750772], [119.3612136840826, 10.9370899200444], [119.35524749755893, 10.944869995117642], [119.34992980957031, 10.947779655456827], [119.34664916992256, 10.947529792786156], [119.34330749511741, 10.943180084229084], [119.33833312988338, 10.944720268249398], [119.33611297607467, 10.940279960632722], [119.33361053466831, 10.942310333252237], [119.32906341552746, 10.941320419312092], [119.32971954345749, 10.938890457153661], [119.32776641845771, 10.936389923096158], [119.32971954345749, 10.934720039367619], [119.32736206054744, 10.933750152588402], [119.325546264649, 10.9338903427128], [119.32584381103572, 10.936670303344954], [119.32417297363281, 10.938329696655728], [119.31916046142635, 10.936809539795433], [119.32202148437557, 10.939889907837482], [119.32113647460983, 10.941370010376318], [119.3163909912115, 10.94110965728754], [119.31375122070358, 10.938750267029263], [119.30944824218773, 10.943610191345613], [119.31625366210972, 10.946530342102335], [119.31846618652389, 10.944450378418026], [119.32166290283271, 10.94750022888229], [119.32472229003974, 10.945280075073583], [119.32721710205112, 10.948060035706135], [119.32333374023483, 10.947779655456827], [119.32138824462936, 10.949170112610147], [119.320556640625, 10.950280189514672], [119.32277679443371, 10.951939582824878], [119.32195281982467, 10.953610420227562], [119.31262969970737, 10.952859878540607], [119.31358337402378, 10.957079887390705], [119.30860900878952, 10.963330268859806], [119.30999755859386, 10.967780113220726], [119.30800628662166, 10.978989601135481], [119.30912780761764, 10.989230155945336], [119.3029937744144, 11.00749969482473], [119.30416870117233, 11.009440422058049], [119.30610656738304, 11.008060455322322], [119.30757141113315, 11.00889015197788], [119.31349182128906, 11.020750045776651], [119.31247711181652, 11.025779724121605], [119.31656646728561, 11.027480125427758], [119.32000732421886, 11.034509658813874], [119.3229827880865, 11.031749725342252], [119.32393646240291, 11.027549743652344], [119.3288879394537, 11.027500152588289], [119.32749938964878, 11.024999618530785], [119.33110809326217, 11.023059844970874], [119.33065795898438, 11.019490242004963], [119.33444213867256, 11.01943969726608], [119.33548736572288, 11.01583003997797], [119.33277893066452, 11.015279769897802], [119.33125305175827, 11.009719848633267], [119.34087371826217, 10.993670463562012], [119.34777832031307, 10.99110984802303], [119.34934997558594, 10.9958896636968], [119.34796905517635, 11.003339767456112], [119.35388946533226, 11.002499580383699], [119.35720062255871, 11.000800132751976], [119.35778045654354, 10.998889923096101], [119.36177825927746, 11.003709793091332], [119.36389160156307, 11.009440422058049], [119.36987304687545, 11.008330345153695], [119.37389373779308, 11.005000114441202], [119.36888885498081, 11.010560035706078], [119.36325836181675, 11.011179924011742], [119.36110687255871, 11.009099960327603], [119.35674285888729, 11.013330459595295], [119.3541564941412, 11.013890266418969], [119.3536071777346, 11.015000343323152], [119.35590362548874, 11.015219688415982], [119.3548812866211, 11.018549919128702], [119.35180664062568, 11.019519805908487], [119.34783172607422, 11.024649620056493], [119.34480285644543, 11.02375030517618], [119.34333038330112, 11.025560379028377], [119.3452835083009, 11.027779579162996], [119.34333038330112, 11.029170036316486], [119.34319305419979, 11.032910346985318], [119.34075927734409, 11.032710075378361], [119.33979034423896, 11.030070304871117], [119.33451080322322, 11.02785015106258], [119.33464813232456, 11.030070304871117], [119.3278503417971, 11.038109779358308], [119.33249664306652, 11.043609619141193], [119.34159851074264, 11.049579620361328], [119.34388732910202, 11.05583000183151], [119.34271240234432, 11.05757045745895], [119.33860778808605, 11.056599617004338], [119.33759307861374, 11.053170204163166], [119.33187866210983, 11.050279617309911], [119.32956695556663, 11.053000450134732], [119.33033752441429, 11.056650161743221], [119.32694244384766, 11.05667018890432], [119.32778167724643, 11.059370040893953], [119.32417297363281, 11.055560111999966], [119.32305908203136, 11.056110382080476], [119.32692718505893, 11.066329956054744], [119.32717132568416, 11.074629783630542], [119.32479095459041, 11.084239959717308], [119.32721710205112, 11.08500003814737], [119.32597351074253, 11.089719772339436], [119.32729339599655, 11.092989921570336], [119.32231903076195, 11.098360061645508], [119.32407379150425, 11.105400085449787], [119.32584381103572, 11.106389999389933], [119.3274078369144, 11.103249549866234], [119.3303833007817, 11.101799964905354], [119.33611297607467, 11.104720115662133], [119.33531188964889, 11.100230216979924], [119.34055328369209, 11.085280418396508], [119.34549713134788, 11.0903396606451], [119.35030364990234, 11.087730407715298], [119.35444641113338, 11.088890075683878], [119.35228729248092, 11.083470344543912], [119.34924316406284, 11.084289550781705], [119.34664154052757, 11.083020210266682], [119.3474273681644, 11.073760032654093], [119.35952758789108, 11.06414031982473], [119.36374664306675, 11.053500175476017], [119.3723373413086, 11.043840408325764], [119.37570190429699, 11.043009757995549], [119.38166809082065, 11.048890113831078], [119.3822402954105, 11.041390419006632], [119.3909835815432, 11.037960052490632], [119.39401245117199, 11.03483009338413], [119.401893615723, 11.034170150757006], [119.4052810668951, 11.044719696045377], [119.40944671630905, 11.033060073852653], [119.41174316406295, 11.036729812622582], [119.413612365723, 11.035559654236408], [119.41620635986328, 11.03736019134567], [119.41462707519588, 11.039779663086506], [119.41362762451172, 11.048990249634357], [119.41610717773438, 11.062780380249194], [119.41472625732479, 11.06865024566639], [119.41620635986328, 11.074589729309082], [119.41531372070381, 11.077280044556119], [119.42186737060604, 11.081370353699242], [119.42220306396518, 11.090189933777253], [119.41835021972713, 11.096830368042447], [119.41853332519588, 11.103389739990803], [119.4144363403326, 11.106809616089379], [119.41374969482433, 11.109930038452717], [119.41596984863304, 11.110759735107933], [119.42056274414108, 11.10721969604549], [119.42330932617244, 11.110500335693644], [119.42056274414108, 11.115559577942406], [119.4200210571289, 11.129070281982933], [119.42301940918026, 11.131210327148892], [119.42681884765636, 11.138669967651879], [119.42102813720726, 11.147540092468773], [119.40992736816452, 11.145620346069563], [119.40502166748115, 11.142869949340707], [119.4062118530278, 11.135510444641397], [119.40242767334007, 11.13494014740047], [119.40000152587936, 11.132499694824617], [119.39250183105526, 11.143329620361783], [119.39663696289097, 11.147629737854288], [119.39768218994186, 11.156270027161042], [119.39566040039085, 11.168109893799112], [119.39362335205124, 11.169500350952603], [119.38999938964889, 11.165829658508187], [119.38861083984443, 11.167220115661905], [119.38533782958996, 11.166879653931062], [119.38258361816463, 11.172380447388093], [119.37576293945347, 11.174309730529842], [119.3755187988287, 11.183930397034203], [119.37664031982467, 11.186550140381428], [119.38166809082065, 11.18945026397762], [119.38654327392578, 11.181180000305687], [119.39042663574264, 11.181480407715242], [119.39208221435547, 11.186459541321256], [119.39737701416038, 11.193079948425748], [119.39647674560592, 11.196669578552758], [119.39877319335983, 11.199049949646223], [119.3988723754884, 11.20160007476835], [119.41332244873092, 11.206210136413631], [119.4173202514653, 11.212200164795206], [119.41558837890648, 11.22122955322294], [119.42101287841854, 11.227140426635685], [119.42208099365257, 11.23764038085983], [119.41574859619186, 11.248089790344352], [119.411697387696, 11.248849868774414], [119.41763305664062, 11.251749992371003], [119.42043304443371, 11.25568008422897], [119.41980743408249, 11.263910293579272], [119.41623687744152, 11.26673984527622], [119.41841125488327, 11.269920349121605], [119.41999816894577, 11.277500152588061], [119.41777801513729, 11.280559539794922], [119.4191665649414, 11.29611015319847], [119.41610717773438, 11.301110267639729], [119.41708374023483, 11.303400039672852], [119.41555786132858, 11.30416965484676], [119.41880798339855, 11.307530403137434], [119.41722106933662, 11.310000419617154], [119.41459655761764, 11.309129714966218], [119.41005706787132, 11.3120899200444], [119.4190673828125, 11.311960220337426], [119.42592620849643, 11.317689895630224], [119.43109893798874, 11.333140373230492], [119.42571258544967, 11.339179992676293], [119.43225860595714, 11.3409500122076], [119.43166351318405, 11.346389770507926], [119.4369735717778, 11.343680381775357], [119.44304656982479, 11.343330383301065], [119.44444274902389, 11.338060379028832], [119.44367218017578, 11.334110260010277], [119.44709777832065, 11.332110404968546], [119.45094299316418, 11.332309722900447], [119.4537963867192, 11.335419654846191], [119.45108032226608, 11.340390205383756], [119.45171356201183, 11.348119735717944], [119.45361328125011, 11.349720001220987], [119.4576034545903, 11.348050117493187], [119.4605484008789, 11.34947967529348], [119.47331237793003, 11.363490104675634], [119.4769515991211, 11.376930236816918], [119.47503662109409, 11.377059936523722], [119.47640991210949, 11.378800392151163], [119.47357940673851, 11.382639884948787], [119.47393035888683, 11.38726043701206], [119.47142791748047, 11.389450073242472], [119.47120666503974, 11.39517974853544], [119.46861267089866, 11.401670455933129], [119.47212219238293, 11.405659675598656], [119.47792053222702, 11.405119895935002], [119.47987365722679, 11.407389640808503], [119.47915649414108, 11.411109924316577], [119.47721862793014, 11.41082954406778], [119.47752380371094, 11.41320037841831], [119.47416687011764, 11.414719581604515], [119.47415924072311, 11.421870231628418], [119.47693634033237, 11.423609733582111], [119.47583007812545, 11.425000190735432], [119.47721862793014, 11.425829887390648], [119.48078155517624, 11.420519828796728], [119.48805236816463, 11.424169540405217], [119.49044036865291, 11.415920257568303], [119.49329376220714, 11.413929939270588], [119.49833679199264, 11.418609619140852], [119.50434112548874, 11.416110038757836], [119.50289916992188, 11.40672969818172], [119.50898742675815, 11.399439811706827], [119.50531005859386, 11.380000114441373], [119.50763702392646, 11.375410079956453], [119.50707244873081, 11.37073040008596], [119.51009368896541, 11.364689826965503], [119.50705718994209, 11.361809730529671], [119.5082931518557, 11.352580070496117], [119.5113677978519, 11.347169876099088], [119.50930786132824, 11.336819648743187], [119.51027679443416, 11.332770347595101], [119.51705169677791, 11.326820373535554], [119.52097320556663, 11.32781028747604], [119.52767944335972, 11.324020385742074], [119.53749847412143, 11.321940422058503], [119.54250335693371, 11.325670242310082], [119.54094696044922, 11.328769683838402], [119.54653167724632, 11.340379714966332], [119.55361175537143, 11.340279579163052], [119.55473327636741, 11.33889007568365], [119.55198669433639, 11.336640357971476], [119.55551910400425, 11.328189849854027], [119.55371856689487, 11.324640274047738], [119.55403900146496, 11.319390296936206], [119.56111145019588, 11.311940193176554], [119.56445312500057, 11.312780380248967], [119.56139373779354, 11.309720039368187], [119.56166839599621, 11.300829887390421], [119.56836700439476, 11.291640281677758], [119.56622314453125, 11.288900375366666], [119.56688690185547, 11.273240089416504], [119.56347656250011, 11.258520126343342], [119.5584869384769, 11.245360374451081], [119.55638885498081, 11.243610382080305], [119.55738830566463, 11.234539985657022], [119.55535125732422, 11.228679656982422], [119.55478668212936, 11.21827030181936], [119.54823303222713, 11.206680297852131], [119.53854370117222, 11.195759773254622], [119.5402069091798, 11.194239616394498], [119.54083251953159, 11.18638992309593], [119.53833007812523, 11.183329582214242], [119.53825378418014, 11.174590110779206], [119.52900695800815, 11.160559654236295], [119.52055358886764, 11.155280113220726], [119.51583099365303, 11.147500038147484], [119.5105209350586, 11.147179603577058], [119.50554656982456, 11.144169807434594], [119.50090789794967, 11.131779670715844], [119.50325775146518, 11.12413978576717], [119.50656127929744, 11.122469902038802], [119.51067352294945, 11.116160392761799], [119.51325225830101, 11.103360176086937], [119.5127105712894, 11.097760200500943], [119.52513885498058, 11.093359947205158], [119.52744293212947, 11.090350151062523], [119.52665710449264, 11.088330268860261], [119.53109741211006, 11.084250450134562], [119.53127288818382, 11.074839591980435], [119.53721618652378, 11.069439888000488], [119.53971862793014, 11.069169998169116], [119.54666900634766, 11.075830459595238], [119.56111145019588, 11.084719657897836], [119.55889129638717, 11.072779655457055], [119.55110931396507, 11.06167030334484], [119.55277252197266, 11.05722045898483], [119.55709075927746, 11.055910110473917], [119.55888366699264, 11.042429924011344], [119.5669479370124, 11.024169921875227], [119.56500244140636, 11.023610115051781], [119.56680297851608, 11.011389732361124], [119.56971740722702, 11.006939888000545], [119.5677795410162, 11.005559921264819], [119.56771087646553, 11.00028038024925], [119.56194305419967, 10.995829582214412], [119.55750274658226, 11.002220153809162], [119.54611206054733, 11.000559806824299], [119.54200744628952, 11.004170417786156], [119.53732299804688, 11.013330459595295], [119.53556060791038, 11.010899543762605], [119.53056335449264, 11.01159954071045], [119.52694702148483, 11.015000343323152], [119.5261077880865, 11.011110305786588], [119.52416992187545, 11.009719848633267], [119.52034759521484, 11.01583003997797], [119.51770019531261, 11.017080307006722], [119.51110839843795, 11.013609886169831], [119.50833129882812, 11.009440422058049], [119.50527954101562, 11.009719848633267], [119.50277709960983, 11.007780075073526], [119.50332641601585, 11.003330230713345], [119.50183105468784, 10.999609947204704], [119.49851989746139, 10.994879722595726], [119.49501800537166, 10.994150161743278], [119.4934692382817, 10.9909095764163], [119.49384307861374, 10.979490280151595], [119.49169921875023, 10.972920417785815], [119.49694824218818, 10.968609809875375], [119.49363708496128, 10.963979721069506], [119.4881973266605, 10.961310386658226], [119.49601745605503, 10.948329925537678], [119.49537658691452, 10.941379547119652], [119.49886322021553, 10.925939559936978], [119.49542236328193, 10.915510177612816], [119.49173736572266, 10.909939765930687], [119.49243164062511, 10.903389930725439], [119.49018096923874, 10.892849922180744], [119.4922027587894, 10.890609741211335], [119.49244689941463, 10.886980056763207], [119.48887634277344, 10.88216972351114], [119.48415374755916, 10.880949974060513], [119.48371887207065, 10.874959945679109], [119.48487091064453, 10.873029708862873], [119.49626159668026, 10.868860244751488], [119.50498199462925, 10.861680030823152], [119.50903320312557, 10.861390113831078], [119.50975036621128, 10.85464000701944], [119.50847625732445, 10.852519989014183], [119.51348114013672, 10.847920417785929], [119.50926208496139, 10.840129852295433], [119.50962829589866, 10.835029602050895], [119.51197052001999, 10.832300186157624], [119.5109329223634, 10.829369544983422], [119.51471710205078, 10.826049804687955], [119.51750183105514, 10.828889846802326], [119.51833343505893, 10.827219963073787], [119.52371215820324, 10.826180458069416], [119.52646636962936, 10.823100090027367], [119.52974700927757, 10.822299957275675], [119.53482055664108, 10.81299972534191], [119.53838348388717, 10.813440322876545], [119.5405120849615, 10.817049980163574], [119.53987884521518, 10.818619728088834], [119.55181121826206, 10.827199935913598], [119.57466125488304, 10.838170051575162], [119.5794372558596, 10.834030151367472], [119.58651733398472, 10.83648967742954], [119.59020996093773, 10.831640243530842], [119.5933303833009, 10.830280303955476], [119.59249114990291, 10.825079917907999], [119.59944915771541, 10.822500228882404], [119.59590148925793, 10.819589614868448], [119.59944152832088, 10.812780380249421], [119.59860992431709, 10.808890342712914], [119.59094238281261, 10.81239032745367], [119.5794372558596, 10.812500000000455], [119.59015655517578, 10.807559967041584], [119.59517669677803, 10.798310279846191], [119.58853912353516, 10.787969589233967], [119.58772277832088, 10.78162956237827], [119.58487701416084, 10.780540466308764], [119.58397674560592, 10.784729957581078], [119.58083343505871, 10.785280227661588], [119.5772171020509, 10.783329963684253], [119.58236694335949, 10.782400131225756], [119.58113861084041, 10.777830123901367], [119.58251190185581, 10.774109840393635], [119.59528350830124, 10.770279884338777], [119.59583282470726, 10.765560150146825], [119.59381866455135, 10.76103973388723], [119.59485626220714, 10.759380340576627], [119.59181213378963, 10.757029533386287], [119.5902786254884, 10.752499580383358], [119.59108734130905, 10.750300407410066], [119.58693695068371, 10.744720458984943], [119.58889007568428, 10.742500305176236], [119.59055328369186, 10.734439849854027], [119.59468841552757, 10.734600067138956], [119.60083007812534, 10.730830192566088], [119.60083007812534, 10.724720001221215], [119.59618377685592, 10.722290039062955], [119.59306335449276, 10.718079566955453], [119.59284210205124, 10.712739944458406], [119.5950317382817, 10.708990097046296], [119.59075927734386, 10.70104026794462], [119.58923339843761, 10.700900077820222], [119.59159851074264, 10.697979927063443], [119.5894470214846, 10.69626045227102], [119.58557128906284, 10.69624042510975], [119.5856704711914, 10.693059921265103], [119.58750152587936, 10.691390037536564], [119.58553314209007, 10.690179824829272], [119.58579254150402, 10.686679840087777], [119.5819473266605, 10.68222045898483], [119.5772171020509, 10.682499885559139], [119.57334136962936, 10.680560111999796], [119.5758438110355, 10.677780151367756], [119.57039642334018, 10.66483020782465], [119.57647705078148, 10.659629821777742], [119.58099365234409, 10.661950111389558], [119.58727264404342, 10.668470382690543], [119.5902786254884, 10.669170379639127], [119.59131622314499, 10.662779808044377], [119.59805297851597, 10.66271018981962], [119.59674072265625, 10.666810035706021], [119.59800720214855, 10.669879913330305], [119.60215759277378, 10.670109748840218], [119.61141204834018, 10.664569854736612], [119.61319732666038, 10.667759895325105], [119.61673736572334, 10.669520378113248], [119.6149978637701, 10.67249965667736], [119.61611175537155, 10.674440383911417], [119.62406921386741, 10.670000076294514], [119.62473297119163, 10.67249965667736], [119.62695312500034, 10.672430038452433], [119.62882232666072, 10.676250457763615], [119.62805175781307, 10.678059577942292], [119.62304687500034, 10.67889022827194], [119.61982727050827, 10.682149887084847], [119.62140655517624, 10.683210372925146], [119.6242828369144, 10.68220043182373], [119.62361145019565, 10.686940193176554], [119.62695312500034, 10.686940193176554], [119.62743377685581, 10.690480232239338], [119.63667297363327, 10.683329582214697], [119.63777923584041, 10.686940193176554], [119.6355590820317, 10.691670417785929], [119.63999938964912, 10.69027996063221], [119.6402664184576, 10.68167018890432], [119.64277648925827, 10.678609848022973], [119.64916992187534, 10.676939964294775], [119.65112304687511, 10.67477035522495], [119.65778350830124, 10.674169540405728], [119.65083312988293, 10.67028045654348], [119.64935302734443, 10.665260314941861], [119.65416717529342, 10.661939620971964], [119.6588897705085, 10.664170265198265], [119.661941528321, 10.662220001221272], [119.66361236572277, 10.664440155029808], [119.66500091552768, 10.659720420837516], [119.6694412231451, 10.658329963684366], [119.66805267334018, 10.656109809875659], [119.6611099243164, 10.659170150757348], [119.65693664550793, 10.658889770508381], [119.65396118164062, 10.656660079956566], [119.65334320068382, 10.651390075684105], [119.64894866943416, 10.650110244751488], [119.64694213867244, 10.650979995727823], [119.64727020263706, 10.653960227966593], [119.64379882812557, 10.656809806824242], [119.64111328125011, 10.65083026886009], [119.6386108398442, 10.64943981170694], [119.63777923584041, 10.651390075684105], [119.63950347900447, 10.65557956695551], [119.63464355468807, 10.654780387878816], [119.63388824462913, 10.656390190124455], [119.63527679443405, 10.657779693604027], [119.63281250000011, 10.6578502655031], [119.63027954101631, 10.662220001221272], [119.62419891357422, 10.660719871521508], [119.6234283447269, 10.658040046692292], [119.62695312500034, 10.658329963684366], [119.62944793701172, 10.656109809875659], [119.62748718261776, 10.653670310974462], [119.62999725341842, 10.651940345764444], [119.62906646728516, 10.64818954467819], [119.6316528320317, 10.648170471191577], [119.63471984863293, 10.645000457764183], [119.6388931274414, 10.636940002441804], [119.63809967041084, 10.635740280151765], [119.63999938964912, 10.63444042205839], [119.6386108398442, 10.63055992126516], [119.63244628906307, 10.628549575806176], [119.6259613037115, 10.620750427246662], [119.6283721923835, 10.61894989013723], [119.63381958007847, 10.622879981995027], [119.63955688476562, 10.622289657593228], [119.64331054687557, 10.61445999145559], [119.64261627197311, 10.609140396118562], [119.64063262939464, 10.608070373535668], [119.64083099365291, 10.60416984558151], [119.64555358886753, 10.606940269470556], [119.65032196044956, 10.605600357056119], [119.65471649169922, 10.6075000762944], [119.65322113037121, 10.598460197448901], [119.65495300293026, 10.593179702759073], [119.65812683105537, 10.589969635009822], [119.65833282470737, 10.583060264587914], [119.66278076171898, 10.57777976989803], [119.66306304931697, 10.573610305786644], [119.66042327880893, 10.569820404052678], [119.66249847412132, 10.560830116272314], [119.66464233398438, 10.56009006500284], [119.66610717773494, 10.561670303345295], [119.66850280761741, 10.559350013733479], [119.66828918457043, 10.557040214539086], [119.6710968017585, 10.558070182800861], [119.67392730712947, 10.555120468139535], [119.67434692382847, 10.549469947814828], [119.67066955566418, 10.546549797058617], [119.67038726806652, 10.544249534607331], [119.674148559571, 10.541589736938818], [119.67833709716865, 10.543330192566259], [119.68083190918003, 10.546669960021916], [119.68464660644565, 10.544930458069302], [119.6866683959961, 10.541110038757552], [119.69139099121116, 10.544440269470613], [119.69695281982456, 10.53876018524187], [119.70326232910156, 10.542360305786303], [119.7058334350586, 10.538330078125398], [119.69864654541038, 10.536129951477392], [119.69538116455135, 10.533140182495686], [119.69521331787132, 10.529930114746492], [119.69277954101608, 10.527219772339265], [119.69611358642578, 10.527500152588402], [119.69660186767624, 10.52040958404541], [119.69891357421932, 10.52248954772972], [119.70095062255905, 10.530440330505883], [119.70825195312511, 10.5317001342774], [119.7188873291019, 10.51778030395559], [119.71833038330078, 10.515560150147053], [119.7136077880865, 10.51278018951416], [119.71658325195358, 10.507749557495117], [119.71163940429722, 10.505200386047875], [119.70562744140659, 10.499460220337312], [119.70437622070358, 10.49633026123098], [119.7002410888673, 10.494239807129247], [119.69526672363327, 10.493610382080647], [119.69499969482479, 10.501669883728027], [119.69055175781318, 10.498060226440998], [119.69082641601585, 10.495829582214867], [119.68723297119175, 10.493889808654956], [119.67691802978561, 10.492690086365087], [119.66439819335994, 10.478139877319848], [119.65515136718773, 10.47035026550327], [119.65305328369163, 10.461239814758528], [119.64734649658249, 10.4587802886968], [119.64214324951217, 10.45102024078426], [119.63305664062534, 10.442779541016193], [119.62194824218807, 10.443329811096703], [119.61416625976608, 10.434169769287564], [119.61054992675815, 10.433270454406852], [119.5965881347662, 10.422450065613361], [119.58889007568428, 10.419170379639183], [119.58573150634788, 10.422479629516886], [119.58437347412166, 10.411769866943757], [119.57666778564476, 10.401670455933129], [119.57554626464878, 10.395560264587346], [119.57666778564476, 10.390830039978539], [119.57420349121162, 10.38667011260992], [119.57221984863315, 10.375559806823787], [119.5699996948249, 10.372500419616927], [119.55574035644577, 10.372269630432186], [119.55036163330146, 10.368309974670865], [119.54563140869186, 10.371069908142317], [119.53486633300793, 10.369540214539086], [119.52237701416027, 10.363389968872184], [119.51471710205078, 10.363559722900618], [119.51053619384811, 10.360899925232104], [119.50467681884811, 10.366009712219238], [119.49762725830124, 10.365679740906216], [119.49167633056697, 10.37063026428251], [119.48603057861374, 10.372559547424828], [119.48307800293014, 10.372920036316373], [119.47471618652366, 10.369449615479084], [119.46224212646553, 10.37561035156267], [119.45642089843795, 10.375060081482502], [119.45493316650436, 10.372719764709416], [119.44886779785213, 10.369489669800373], [119.4430770874028, 10.3685703277593], [119.4376831054692, 10.362910270690918], [119.43582916259811, 10.356309890747525], [119.43068695068393, 10.355039596557504], [119.42723846435592, 10.351510047913052], [119.42159271240291, 10.355690002441861], [119.41478729248092, 10.355560302734887], [119.40617370605503, 10.347290039062955], [119.40210723876999, 10.345549583435513], [119.3929977416999, 10.349780082703205], [119.39277648925793, 10.345000267029093], [119.38318634033249, 10.34535980224598], [119.38155364990303, 10.34731960296682], [119.37757873535156, 10.3452796936038], [119.37214660644531, 10.34535980224598], [119.37126159668037, 10.343070030212857], [119.3643417358403, 10.339019775391193], [119.35970306396507, 10.330599784851358], [119.35473632812557, 10.326649665832633], [119.35199737548896, 10.314840316772745], [119.33512878418003, 10.315520286560456], [119.32317352294979, 10.311699867249047], [119.31935882568416, 10.304889678955021], [119.30608367919933, 10.289560317993619], [119.29900360107422, 10.283570289612044], [119.29361724853538, 10.28355979919462], [119.28591156005905, 10.262510299683015], [119.28562164306709, 10.255229949951229], [119.27591705322266, 10.248689651489485], [119.26812744140636, 10.240839958190918], [119.26261138916072, 10.232310295105208], [119.25858306884811, 10.232649803162076], [119.2581787109375, 10.22618961334257], [119.25196075439499, 10.218589782715355], [119.24667358398449, 10.204449653625659], [119.2433319091798, 10.201390266418798], [119.24445343017578, 10.198060035705737], [119.24226379394577, 10.191390037537019], [119.24609375000011, 10.18222999572805], [119.24118804931675, 10.179459571838663], [119.23388671875011, 10.180830001831055], [119.2350006103519, 10.178059577942179], [119.23055267333996, 10.173330307006779], [119.22888946533237, 10.16833019256643], [119.23018646240291, 10.155989646911735], [119.23583221435615, 10.149169921875512], [119.23082733154342, 10.1483297348027], [119.22482299804733, 10.139670372009675], [119.22617340087947, 10.137530326843148], [119.22511291503918, 10.133029937744254], [119.22772216796898, 10.119739532470874], [119.21933746337936, 10.103329658508812], [119.21750640869197, 10.093009948730526], [119.21891021728561, 10.088379859924657], [119.21753692626987, 10.08302021026617], [119.21820831298862, 10.07754993438732], [119.21630859375034, 10.073969841003986], [119.21042633056652, 10.069869995117188], [119.20414733886776, 10.062390327454182], [119.20333099365268, 10.058890342712857], [119.20694732666061, 10.055279731751], [119.19695281982422, 10.047499656677758], [119.19361114501987, 10.046939849853743], [119.19229888916061, 10.048239707947289], [119.18776702880928, 10.043889999390046], [119.18170928955124, 10.044039726257893], [119.17415618896518, 10.036939620971964], [119.16472625732422, 10.031720161437875], [119.15786743164108, 10.030440330505655], [119.15450286865268, 10.027739524841706], [119.13221740722702, 10.024169921875284], [119.1222229003912, 10.025279998779808], [119.11576080322288, 10.021739959717365], [119.10668182373104, 10.023289680481525], [119.09925842285179, 10.020560264587687], [119.09052276611328, 10.020959854126033], [119.08583068847702, 10.018329620361555], [119.07861328125045, 10.018329620361555], [119.07121276855526, 10.01196956634567], [119.06788635253929, 10.013110160828035], [119.06166839599666, 10.009169578552758], [119.0491561889653, 10.008609771728572], [119.0304565429692, 10.004119873047102], [119.02574920654342, 10.001489639282624], [119.02448272705135, 9.99835968017618], [119.0175018310548, 9.995329856872615], [119.01194763183594, 9.998060226440941], [119.00198364257835, 9.996529579162484], [118.99333190918003, 9.991109848022518], [118.9875030517585, 9.991109848022518], [118.98388671875034, 9.986390113831135], [118.97583007812511, 9.985560417175577], [118.97305297851608, 9.98388957977346], [118.96896362304699, 9.985019683838004], [118.96266937255871, 9.982709884643782], [118.9523773193365, 9.98402976989803], [118.94721984863293, 9.982009887695199], [118.94438171386741, 9.978619575500659], [118.9211120605471, 9.979169845581566], [118.913330078125, 9.974720001220817], [118.89971923828136, 9.974720001220817], [118.8945770263673, 9.981040000915812], [118.89865112304688, 9.98392963409475], [118.90193939209007, 9.98227977752714], [118.9040679931644, 9.983010292053677], [118.9044570922855, 9.986100196838322], [118.9006805419923, 9.989310264587914], [118.90373992919979, 9.986000061035384], [118.90331268310581, 9.983860015869595], [118.89556884765693, 9.983650207519702], [118.89363098144588, 9.977879524231355], [118.89026641845749, 9.98027992248575], [118.88194274902378, 9.981109619140739], [118.8616561889653, 9.97583007812517], [118.85231781005905, 9.971309661865746], [118.84278106689499, 9.962820053100586], [118.83222198486385, 9.949170112610318], [118.83061981201217, 9.949790000915982], [118.8304901123048, 9.94793033599899], [118.82189178466842, 9.93848037719738], [118.80970764160213, 9.93747997283981], [118.80673217773483, 9.93537998199514], [118.80403137207065, 9.936470031738565], [118.80254364013683, 9.934820175171467], [118.79666900634811, 9.94194984436075], [118.79192352294956, 9.944350242615144], [118.77755737304699, 9.938690185547273], [118.77409362792969, 9.93776988983194], [118.77269744873058, 9.938819885254247], [118.77443695068382, 9.933329582214867], [118.77139282226631, 9.92916965484676], [118.76944732666027, 9.928330421448265], [118.76387023925827, 9.930489540100666], [118.76318359375023, 9.922809600830533], [118.76464843750034, 9.91314983367937], [118.7616729736335, 9.915829658508812], [118.76249694824276, 9.918889999389592], [118.75833129882858, 9.92444038391136], [118.75756835937545, 9.931799888611238], [118.75583648681663, 9.929240226745662], [118.75389099121139, 9.930000305175724], [118.75138854980503, 9.928609848022575], [118.75110626220737, 9.919170379638956], [118.74555206298874, 9.91110992431652], [118.74472045898438, 9.903059959412076], [118.74091339111328, 9.896249771118619], [118.74575042724655, 9.895319938660123], [118.74532318115246, 9.887729644775845], [118.74741363525436, 9.882479667664143], [118.74333190918026, 9.866109848022631], [118.74472045898438, 9.863889694213924], [118.74388885498058, 9.861669540405217], [118.74610900878929, 9.858610153198356], [118.74416351318405, 9.854439735412882], [118.74500274658237, 9.849169731140591], [118.74194335937534, 9.844440460205362], [118.74639129638729, 9.843890190125023], [118.74166870117188, 9.840829849243505], [118.75666809082043, 9.826939582825219], [118.75721740722656, 9.825280189514615], [118.75444793701172, 9.821390151977539], [118.75499725341865, 9.815830230713175], [118.75666809082043, 9.81499958038387], [118.75971984863293, 9.816670417786156], [118.76416778564487, 9.815279960632836], [118.77027893066406, 9.80778026580856], [118.77416992187545, 9.797220230102766], [118.77443695068382, 9.793889999389705], [118.77249908447277, 9.790829658508585], [118.77361297607456, 9.782779693603572], [118.77221679687511, 9.779720306396712], [118.77361297607456, 9.77194023132364], [118.77171325683594, 9.765600204467773], [118.77306365966842, 9.75360965728811], [118.77166748046898, 9.739720344543741], [118.77306365966842, 9.73499965667753], [118.77111053466842, 9.726670265198209], [118.76915740966842, 9.724720001221044], [118.77027893066406, 9.722780227661133], [118.7652664184576, 9.721389770507983], [118.75971984863293, 9.723059654236351], [118.75417327880905, 9.727780342102562], [118.75026702880905, 9.727219581604288], [118.7474975585942, 9.729169845581055], [118.74166870117188, 9.727780342102562], [118.73528289794922, 9.730279922485408], [118.73306274414131, 9.729720115662133], [118.73139190673874, 9.731670379638558], [118.72638702392646, 9.742500305175895], [118.72778320312557, 9.744449615478402], [118.73805236816406, 9.744720458984602], [118.73610687255928, 9.747500419617154], [118.73805236816406, 9.752220153808878], [118.73528289794922, 9.75360965728811], [118.73805236816406, 9.754719734192292], [118.73278045654342, 9.761940002441861], [118.73555755615268, 9.765560150146882], [118.73500061035156, 9.774169921874943], [118.73332977294945, 9.773889541626147], [118.73110961914074, 9.776940345764558], [118.72583007812534, 9.766670227050668], [118.72424316406261, 9.769029617310025], [118.72499847412155, 9.770560264587914], [118.72222137451172, 9.77278041839645], [118.7252807617192, 9.775560379028832], [118.72334289550815, 9.779720306396712], [118.72583007812534, 9.782779693603572], [118.72389221191429, 9.78499984741228], [118.72138977050793, 9.78139019012508], [118.71978759765648, 9.786450386047647], [118.72165679931686, 9.788060188293969], [118.7252807617192, 9.786669731140648], [118.72444152832043, 9.789170265198322], [118.71861267089889, 9.787220001220987], [118.7177810668951, 9.790829658508585], [118.71555328369186, 9.787779808045002], [118.71472167968807, 9.785280227661076], [118.7177810668951, 9.785280227661076], [118.71971893310581, 9.77805995941219], [118.7152786254884, 9.770830154419286], [118.70500183105526, 9.776670455933015], [118.70276641845703, 9.776320457458894], [118.70054626464889, 9.772500038147484], [118.69770812988281, 9.777009963989315], [118.69194793701195, 9.769439697266137], [118.69139099121139, 9.763890266419025], [118.69333648681686, 9.74833011627237], [118.6983337402346, 9.741939544678303], [118.69999694824219, 9.737219810486238], [118.69638824462936, 9.736180305481469], [118.69944763183605, 9.733329772949673], [118.7008438110355, 9.728890419006916], [118.6983337402346, 9.725279808044888], [118.69361114501953, 9.722780227661133], [118.69695281982467, 9.717499732971476], [118.69499969482445, 9.712499618530558], [118.70333099365234, 9.70806026458797], [118.71111297607445, 9.710000038147541], [118.71250152587936, 9.707500457763786], [118.71943664550815, 9.712499618530558], [118.72194671630905, 9.71193981170694], [118.72444152832043, 9.70860958099405], [118.72915649414108, 9.70806026458797], [118.72666931152389, 9.705280303955078], [118.72334289550815, 9.705559730530297], [118.72055816650413, 9.703330039978312], [118.72055816650413, 9.699720382690714], [118.7177810668951, 9.694720268250023], [118.71555328369186, 9.694439888000886], [118.71166992187557, 9.689720153808935], [118.70665740966831, 9.688890457153377], [118.70527648925838, 9.680279731751], [118.71193695068405, 9.68667030334467], [118.7144470214846, 9.682499885559366], [118.72028350830146, 9.684720039368074], [118.7208328247076, 9.6916704177861], [118.72250366210938, 9.6916704177861], [118.72334289550815, 9.694169998168945], [118.72805786132824, 9.6966695785527], [118.73055267334041, 9.700280189514729], [118.73249816894565, 9.698329925537564], [118.73473358154308, 9.699170112610375], [118.73889160156284, 9.695280075073299], [118.73416900634777, 9.691940307617642], [118.73139190673874, 9.685830116272257], [118.73166656494186, 9.683890342712857], [118.73551177978572, 9.680879592895565], [118.73555755615268, 9.683890342712857], [118.74028015136776, 9.684720039368074], [118.74416351318405, 9.682499885559366], [118.75000000000011, 9.686109542847078], [118.75055694580124, 9.688610076904581], [118.75222015380882, 9.688059806824242], [118.75499725341865, 9.690279960632779], [118.7616729736335, 9.687500000000227], [118.76222229003963, 9.682780265808674], [118.75861358642646, 9.671669960022541], [118.76139068603561, 9.670280456542969], [118.76083374023472, 9.666669845581112], [118.74722290039108, 9.656669616699332], [118.74054718017624, 9.661939620972134], [118.73777770996139, 9.660559654236408], [118.73832702636753, 9.658060073852482], [118.73361206054744, 9.651940345764672], [118.73139190673874, 9.652779579163166], [118.73222351074253, 9.659170150756836], [118.73000335693428, 9.654170036316486], [118.72389221191429, 9.658329963684594], [118.72305297851608, 9.656669616699332], [118.72471618652389, 9.65443992614803], [118.71916961669922, 9.653059959412133], [118.72000122070358, 9.651390075683764], [118.72250366210938, 9.651109695434968], [118.72194671630905, 9.648059844970703], [118.72750091552791, 9.64667034149221], [118.73249816894565, 9.650560379028207], [118.73610687255928, 9.65027999877941], [118.73139190673874, 9.636940002441975], [118.72277832031284, 9.626939773560025], [118.71555328369186, 9.62222003936796], [118.70861053466808, 9.614170074462947], [118.70417022705124, 9.611390113831135], [118.69860839843807, 9.600830078125512], [118.69972229003952, 9.597780227661246], [118.69555664062557, 9.590829849243732], [118.69471740722724, 9.584719657898347], [118.69139099121139, 9.581390380859546], [118.68860626220726, 9.58111000061075], [118.68945312500057, 9.57950019836477], [118.68776702880905, 9.577779769897688], [118.68472290039097, 9.577500343323038], [118.68472290039097, 9.574999809265535], [118.67833709716831, 9.569439888000431], [118.67973327636741, 9.567219734192292], [118.67415618896484, 9.561389923095987], [118.67082977294967, 9.560000419616983], [118.66443634033249, 9.561389923095987], [118.65833282470749, 9.557220458984773], [118.65528106689499, 9.551670074463004], [118.65277862548862, 9.552499771118562], [118.65499877929733, 9.550000190735375], [118.65249633789097, 9.544170379638729], [118.65277862548862, 9.538060188294025], [118.64527893066418, 9.52777957916311], [118.64389038085983, 9.515000343323265], [118.63999938964878, 9.510560035706021], [118.63861083984386, 9.505829811096135], [118.63416290283249, 9.503609657287996], [118.6283264160162, 9.508609771729027], [118.6222229003912, 9.505279541015966], [118.62333679199264, 9.501669883728596], [118.62139129638717, 9.499440193176213], [118.62304687500045, 9.49333000183151], [118.6211090087894, 9.488889694214265], [118.61723327636764, 9.48610973358194], [118.6158370971682, 9.48832988739008], [118.61110687255893, 9.484439849854084], [118.60916900634788, 9.479439735412654], [118.61000061035168, 9.476940155029808], [118.60278320312568, 9.462499618530785], [118.59528350830078, 9.45917034149221], [118.59221649169956, 9.460280418396565], [118.58666992187545, 9.455559730530354], [118.58528137207077, 9.450559616089095], [118.5888900756836, 9.446109771729084], [118.58611297607456, 9.441670417786156], [118.58499908447311, 9.441109657287484], [118.58110809326229, 9.444439888000545], [118.57666778564487, 9.443610191345726], [118.57305908203125, 9.440830230713345], [118.56777954101585, 9.430279731750886], [118.56777954101585, 9.426670074463118], [118.56566619873104, 9.425140380859887], [118.56610870361374, 9.42193984985397], [118.5633316040039, 9.420829772949787], [118.56105804443405, 9.42562961578426], [118.55473327636753, 9.428669929504508], [118.55444335937545, 9.427499771118676], [118.56111145019577, 9.424169540405614], [118.56388854980503, 9.415829658508358], [118.55444335937545, 9.409999847412621], [118.54972076416027, 9.403889656067406], [118.55027770996139, 9.401670455932788], [118.544998168946, 9.398889541626488], [118.53811645507835, 9.389679908752953], [118.53500366210972, 9.3730602264406], [118.53637695312511, 9.371439933777367], [118.54332733154342, 9.371939659118823], [118.54444122314487, 9.370559692383097], [118.54277801513729, 9.366939544678303], [118.54000091552746, 9.366939544678303], [118.53778076171875, 9.363889694214379], [118.54055786132858, 9.359720230102994], [118.53778076171875, 9.356109619141137], [118.53500366210972, 9.359439849854027], [118.52722167968761, 9.35721969604549], [118.52111053466808, 9.347499847412678], [118.51637268066429, 9.331100463867699], [118.51316833496094, 9.329460144043537], [118.51020812988315, 9.331709861755769], [118.50538635253963, 9.329369544983365], [118.49833679199276, 9.31888961792049], [118.49804687500057, 9.310560226440657], [118.48832702636776, 9.308400154114167], [118.49582672119186, 9.307780265808503], [118.49144744873092, 9.302390098571834], [118.48885345458984, 9.293649673462482], [118.48606109619209, 9.294260025024471], [118.48583221435558, 9.298890113831078], [118.47693634033203, 9.303059577942292], [118.46604156494175, 9.301569938660123], [118.45308685302734, 9.292249679565657], [118.44270324707077, 9.275759696961018], [118.44035339355526, 9.276510238647973], [118.43866729736374, 9.280779838562466], [118.43103027343795, 9.279150009155558], [118.42681884765648, 9.274660110474088], [118.42433166503963, 9.2673997879034], [118.42003631591854, 9.261130332946777], [118.41855621337925, 9.25298976898199], [118.42101287841865, 9.244799613953148], [118.40569305419922, 9.244449615478857], [118.39595031738315, 9.242320060730492], [118.3928833007817, 9.234490394592683], [118.38938903808594, 9.234120368957633], [118.38616943359386, 9.22908973693859], [118.38831329345749, 9.224220275878793], [118.38701629638717, 9.223589897155705], [118.38445281982433, 9.227219581604174], [118.38194274902344, 9.226110458374478], [118.38249969482456, 9.222780227661588], [118.3797225952153, 9.222780227661588], [118.37750244140682, 9.220829963684253], [118.38014984130905, 9.218170166015739], [118.37944793701206, 9.215559959412019], [118.37741851806663, 9.215009689331112], [118.37419891357467, 9.217599868774698], [118.37291717529308, 9.216349601746117], [118.37555694580078, 9.213609695435025], [118.37444305419933, 9.211389541626488], [118.3691635131836, 9.214170455932958], [118.36250305175827, 9.209170341492097], [118.36360931396553, 9.203330039978198], [118.36222076416061, 9.200559616089322], [118.36499786376964, 9.196940422058276], [118.36444091796932, 9.195280075073754], [118.3630523681644, 9.1941699981694], [118.36028289794956, 9.19556045532255], [118.3577804565432, 9.193059921265046], [118.3600006103519, 9.190830230713402], [118.35944366455078, 9.188890457153832], [118.35365295410168, 9.187760353088777], [118.35083007812568, 9.18332958221464], [118.34416961669956, 9.177780151367699], [118.33808135986328, 9.17883968353317], [118.32805633544956, 9.174169540405842], [118.32444763183639, 9.176939964294718], [118.31582641601608, 9.177780151367699], [118.31333160400413, 9.18111038208059], [118.30724334716842, 9.182689666748615], [118.29472351074276, 9.182430267334496], [118.28173828125011, 9.17815017700201], [118.26822662353538, 9.17630958557163], [118.24710083007812, 9.165599822998502], [118.2325515747076, 9.162859916687239], [118.22160339355514, 9.15719032287592], [118.21611022949264, 9.168609619141137], [118.209716796875, 9.168889999390103], [118.20610809326217, 9.164440155029581], [118.20166778564521, 9.163889884948674], [118.19695281982467, 9.15972042083746], [118.19316101074276, 9.16069984436075], [118.18750762939499, 9.15342044830362], [118.17817687988293, 9.151900291442928], [118.17223358154297, 9.15493965148977], [118.16700744628952, 9.153079986572777], [118.16558837890636, 9.149780273437898], [118.15962982177768, 9.146840095520417], [118.1542663574221, 9.147199630737816], [118.15191650390625, 9.14416980743448], [118.15392303466797, 9.138529777527367], [118.14877319335938, 9.134610176086767], [118.14571380615268, 9.135640144348201], [118.14341735839878, 9.140729904175316], [118.1368103027346, 9.14776039123575], [118.1311264038086, 9.147999763489338], [118.12458801269588, 9.144989967346703], [118.11875915527355, 9.134289741516511], [118.11801147460994, 9.125809669494856], [118.11476898193416, 9.116029739380394], [118.10915374755882, 9.111900329590298], [118.10785675048828, 9.104570388794457], [118.10511779785168, 9.102129936218773], [118.1039886474615, 9.09558963775686], [118.10604095459018, 9.092020034790039], [118.10632324218784, 9.079139709473168], [118.10369873046932, 9.073590278625488], [118.10469055175827, 9.067859649658601], [118.10166931152389, 9.05500030517635], [118.10278320312545, 9.051939964294831], [118.09568023681652, 9.0450000762944], [118.08952331543037, 9.052740097046353], [118.08695983886753, 9.053190231323583], [118.08528137207043, 9.04948997497604], [118.07824707031307, 9.046739578247355], [118.06963348388717, 9.046830177307697], [118.07041168212902, 9.04405975341848], [118.07383728027355, 9.041500091553246], [118.07353210449219, 9.03849029541044], [118.07833099365291, 9.037500381470295], [118.08583068847656, 9.030830383301065], [118.08334350585972, 9.02361011505144], [118.07993316650436, 9.022939682006893], [118.08277893066406, 9.020560264587914], [118.08139038085994, 9.014719963074015], [118.07417297363327, 9.008890151978107], [118.06555175781307, 9.0086097717288], [118.06218719482467, 9.0102796554566], [118.05912780761719, 9.008870124816838], [118.05899810791084, 9.004599571228425], [118.06276702880905, 9.004170417786042], [118.06652832031273, 9.000969886780297], [118.06688690185604, 8.99472999572788], [118.06540679931675, 8.993089675903377], [118.06244659423862, 8.993450164795092], [118.05892181396518, 8.996660232544343], [118.05615234375034, 8.994959831237793], [118.05507659912132, 8.990920066833553], [118.06056213378906, 8.98610019683889], [118.05648040771496, 8.981599807739656], [118.05240631103538, 8.969940185547443], [118.04723358154308, 8.970239639282681], [118.04586791992188, 8.968930244446028], [118.04653167724643, 8.96422004699724], [118.04882049560581, 8.963049888611408], [118.04225921630905, 8.948169708252408], [118.03823089599643, 8.94676971435598], [118.03357696533249, 8.949139595032193], [118.02961730957054, 8.943779945373876], [118.02826690673885, 8.938480377197777], [118.02567291259811, 8.936039924622094], [118.0245132446289, 8.921489715576115], [118.02008819580146, 8.915869712830101], [118.01673889160179, 8.905119895935513], [118.01426696777366, 8.904089927673738], [118.01097106933594, 8.906089782715128], [118.00756072998058, 8.904129981995027], [118.00110626220726, 8.905320167541731], [118.00617980957065, 8.903059959411564], [118.00618743896518, 8.898710250854492], [118.0089492797855, 8.896510124207055], [118.00469207763717, 8.889019966125545], [118.00512695312545, 8.885419845581112], [118.00316619873092, 8.880100250244084], [118.0, 8.879170417785588], [117.99784088134822, 8.881199836731014], [117.99243164062568, 8.880430221558186], [117.98808288574219, 8.88257980346674], [117.98300933837925, 8.878290176391886], [117.98423767089912, 8.874019622803246], [117.98007965087936, 8.869259834290062], [117.97015380859375, 8.86905002594051], [117.96849822998092, 8.869709968567292], [117.96872711181686, 8.872400283813931], [117.96375274658237, 8.872369766235636], [117.96127319335972, 8.86651992797897], [117.95764160156284, 8.868049621582031], [117.952957153321, 8.864660263061978], [117.94785308837936, 8.863860130310627], [117.94024658203182, 8.85305023193348], [117.93521881103584, 8.852729797363224], [117.92991638183639, 8.84918975830135], [117.92761993408203, 8.843429565430029], [117.92070770263695, 8.843859672546898], [117.91761779785202, 8.846389770508097], [117.91352844238293, 8.84605026245174], [117.90783691406273, 8.843079566955737], [117.89650726318393, 8.831299781799885], [117.88675689697288, 8.828599929809911], [117.88324737548874, 8.824060440064045], [117.88220977783237, 8.81861972808889], [117.87616729736351, 8.819479942322232], [117.86892700195335, 8.813500404358422], [117.86646270751999, 8.801460266113793], [117.86284637451206, 8.797949790954874], [117.86234283447288, 8.791060447693326], [117.85884094238315, 8.791399955750023], [117.85444641113327, 8.789279937744595], [117.84839630126964, 8.780079841614338], [117.84237670898483, 8.775819778442951], [117.83960723876999, 8.770130157471272], [117.83638763427791, 8.768119812012117], [117.83412933349678, 8.771140098572175], [117.82907867431686, 8.772130012512662], [117.8274230957037, 8.774200439453296], [117.82039642334053, 8.774439811707055], [117.81273651123104, 8.771400451660384], [117.8075332641605, 8.766539573669775], [117.802490234375, 8.753259658813818], [117.79856872558628, 8.74940967559803], [117.79476165771518, 8.741720199585302], [117.79416656494186, 8.734769821167447], [117.79025268554756, 8.730190277100121], [117.78521728515659, 8.727319717407568], [117.78411102294933, 8.723520278930664], [117.78025817871128, 8.7194900512701], [117.77987670898472, 8.71496009826717], [117.75956726074253, 8.704700469971101], [117.75428771972679, 8.697139739990519], [117.74865722656307, 8.69400024414108], [117.74182891845737, 8.687150001526163], [117.73784637451217, 8.68723964691219], [117.73309326171886, 8.684829711914347], [117.72911071777366, 8.686400413513695], [117.71408081054722, 8.682559967041016], [117.70446014404297, 8.686639785766715], [117.69238281250057, 8.685489654540902], [117.68608856201229, 8.682129859924885], [117.6794662475586, 8.673660278320824], [117.672607421875, 8.668430328369482], [117.66693115234398, 8.67004013061512], [117.65782928466842, 8.668069839477766], [117.65337371826229, 8.665439605713289], [117.64678955078136, 8.665980339050861], [117.6419067382817, 8.663780212402742], [117.63889312744163, 8.659480094910236], [117.63556671142646, 8.661069869995515], [117.62325286865257, 8.657059669494572], [117.61756134033237, 8.659939765930403], [117.60475158691429, 8.66259002685598], [117.588241577149, 8.672329902649324], [117.57097625732479, 8.675499916076546], [117.56535339355526, 8.67362976074213], [117.56025695800781, 8.669019699097191], [117.55406188964844, 8.657719612121696], [117.54811859130905, 8.653750419617097], [117.53858947753952, 8.642809867859398], [117.53542327880882, 8.642210006714436], [117.53904724121116, 8.635350227355843], [117.5385589599615, 8.633090019226586], [117.53131866455101, 8.625519752502498], [117.53620147705146, 8.621310234069824], [117.53880310058594, 8.61590957641647], [117.539627075196, 8.608579635620629], [117.54575347900425, 8.602129936218546], [117.54717254638717, 8.595840454102074], [117.53868103027412, 8.566169738769759], [117.52792358398472, 8.555649757385254], [117.51512145996139, 8.53563976287893], [117.50050354003963, 8.500390052795638], [117.494491577149, 8.49615001678518], [117.48679351806709, 8.493889808655354], [117.48449707031273, 8.498419761658283], [117.4848709106451, 8.500929832458382], [117.48076629638729, 8.50403022766153], [117.47897338867256, 8.507570266724144], [117.46862030029342, 8.507300376892601], [117.4631195068365, 8.508930206298771], [117.46396636962902, 8.520409584045808], [117.46241760253906, 8.517339706421353], [117.45633697509777, 8.520870208740462], [117.45440673828125, 8.519969940186002], [117.452880859375, 8.516240119934594], [117.45388793945335, 8.510479927062931], [117.45272064209041, 8.504830360413052], [117.43914031982422, 8.500240325928303], [117.43340301513706, 8.50074005126993], [117.43139648437545, 8.50267982482967], [117.43060302734432, 8.506939888001057], [117.4233474731451, 8.512989997864281], [117.42323303222702, 8.508760452270906], [117.42693328857422, 8.506569862365666], [117.42727661132835, 8.502309799194848], [117.4335327148442, 8.495909690857331], [117.43164062500011, 8.493969917297932], [117.42169952392624, 8.499050140381371], [117.41433715820347, 8.499079704285236], [117.40263366699264, 8.493220329284952], [117.39954376220749, 8.488200187683674], [117.39360046386776, 8.491999626160066], [117.39100646972668, 8.49005031585699], [117.37642669677791, 8.492039680480957], [117.37313079834018, 8.493809700012434], [117.37304687500034, 8.48952007293741], [117.36688995361385, 8.479729652404956], [117.36844635009811, 8.475339889526424], [117.3654403686528, 8.47426986694353], [117.36135101318371, 8.47747993469278], [117.35906982421932, 8.477350234985238], [117.35370635986374, 8.470709800720556], [117.34382629394554, 8.46683979034475], [117.34288024902366, 8.463479995727653], [117.330810546875, 8.454159736633585], [117.32402038574253, 8.451009750366723], [117.32089233398438, 8.45273971557657], [117.31170654296943, 8.439829826355435], [117.30077362060592, 8.431929588318155], [117.29042816162132, 8.427439689636685], [117.29248809814499, 8.422499656677815], [117.28501892089878, 8.417559623718773], [117.28378295898472, 8.415390014648949], [117.28571319580124, 8.412750244140966], [117.28421783447322, 8.410929679870605], [117.27953338623104, 8.40872001647989], [117.27284240722702, 8.412159919739338], [117.26653289794922, 8.410309791564941], [117.26297760009811, 8.40744972229055], [117.25583648681675, 8.394800186157681], [117.25142669677803, 8.390339851379906], [117.24913787841865, 8.384340286255394], [117.24530792236385, 8.380829811096476], [117.24427795410202, 8.375749588012638], [117.23754119873047, 8.368309974670922], [117.22805023193382, 8.36198043823282], [117.22678375244152, 8.367730140686547], [117.22248840332077, 8.369919776916902], [117.2199935913086, 8.366149902344034], [117.22524261474655, 8.362709999084757], [117.2211837768557, 8.356780052185343], [117.21488952636741, 8.361390113831021], [117.20834350585972, 8.360919952392521], [117.2077865600586, 8.359149932861612], [117.21061706543037, 8.35809993743942], [117.21143341064464, 8.355500221252555], [117.21439361572277, 8.355150222778263], [117.21231842041038, 8.351209640503384], [117.21684265136719, 8.351940155029581], [117.21882629394565, 8.350130081176644], [117.21276855468761, 8.339189529418945], [117.20641326904365, 8.332859992981241], [117.20250701904342, 8.330949783325707], [117.19788360595749, 8.33168983459467], [117.1920318603519, 8.330030441284634], [117.18190002441429, 8.33257007598911], [117.17430114746128, 8.340399742126976], [117.17582702636753, 8.344349861144963], [117.17350006103538, 8.351260185242268]]], [[[119.70423889160168, 11.426879882812614], [119.70604705810592, 11.427599906921785], [119.70977783203136, 11.42465019226131], [119.70654296875057, 11.424019813538052], [119.70423889160168, 11.426879882812614]]], [[[120.16882324218795, 11.414739608765046], [120.17014312744163, 11.416350364685513], [120.16973876953182, 11.421640396118505], [120.17402648925793, 11.428460121155297], [120.17861175537166, 11.43167018890432], [120.18074798584018, 11.431090354919945], [120.17111206054733, 11.414440155029638], [120.16882324218795, 11.414739608765046]]], [[[119.63276672363315, 11.430560111999966], [119.64221954345737, 11.435560226440714], [119.6402664184576, 11.427499771118278], [119.64193725585938, 11.427220344543969], [119.64415740966808, 11.432499885559537], [119.64555358886753, 11.43167018890432], [119.64444732666027, 11.429169654846646], [119.64555358886753, 11.416939735412882], [119.64929199218795, 11.412119865417992], [119.65186309814453, 11.411629676819302], [119.6593627929692, 11.414950370789086], [119.66416931152389, 11.420000076294002], [119.66722106933639, 11.419440269470726], [119.66722106933639, 11.416939735412882], [119.66188812255905, 11.413290023803825], [119.65718841552768, 11.40478992462215], [119.65750122070358, 11.401109695434798], [119.66139221191406, 11.399439811706827], [119.65944671630882, 11.395000457763672], [119.65721893310592, 11.399999618530444], [119.65152740478538, 11.398790359497639], [119.64626312255871, 11.402640342712346], [119.64444732666027, 11.409649848937931], [119.64098358154297, 11.411689758300781], [119.64250183105503, 11.415459632873649], [119.6390991210942, 11.425000190735432], [119.63619232177803, 11.42619991302547], [119.6359481811528, 11.429340362549226], [119.63276672363315, 11.430560111999966]]], [[[119.70599365234443, 11.436380386353107], [119.70776367187545, 11.438249588012695], [119.70928192138717, 11.436450004577921], [119.70760345459007, 11.435230255127294], [119.70599365234443, 11.436380386353107]]], [[[119.71708679199219, 11.442899703980004], [119.71891021728561, 11.444829940795898], [119.72232055664097, 11.441949844360636], [119.72035217285202, 11.440400123596476], [119.71708679199219, 11.442899703980004]]], [[[119.4954910278326, 11.438679695129906], [119.49694824218818, 11.440279960632779], [119.4961090087894, 11.442500114441486], [119.49861145019577, 11.444999694824332], [119.50184631347656, 11.443909645081078], [119.5066070556644, 11.438920021057243], [119.50457763671943, 11.431850433350178], [119.505653381348, 11.426830291748558], [119.5047225952153, 11.423330307007063], [119.50250244140659, 11.421669960022541], [119.4954910278326, 11.438679695129906]]], [[[119.64415740966808, 11.451109886169945], [119.64584350585972, 11.452779769897404], [119.64806365966842, 11.449440002441747], [119.64415740966808, 11.451109886169945]]], [[[120.15213012695381, 11.432049751282307], [120.15309906005893, 11.434470176697232], [120.1569671630865, 11.433959960938012], [120.16152954101574, 11.435759544372615], [120.16471862793037, 11.444720268250023], [120.16903686523438, 11.449379920959927], [120.17228698730514, 11.450440406799714], [120.17681884765648, 11.460300445556527], [120.17968750000045, 11.462619781494595], [120.18682861328148, 11.46343040466354], [120.18869781494186, 11.458430290222111], [120.19950866699241, 11.453149795532795], [120.19802856445312, 11.449319839477937], [120.18930053710994, 11.449970245361897], [120.18254089355491, 11.448069572448617], [120.17891693115257, 11.445199966430948], [120.17500305175804, 11.438079833984261], [120.16870880126976, 11.434989929199787], [120.16297912597713, 11.43570995330856], [120.15978240966797, 11.432049751282307], [120.15500640869175, 11.4300804138187], [120.15213012695381, 11.432049751282307]]], [[[119.6611099243164, 11.46805953979532], [119.66221618652366, 11.469169616699105], [119.66500091552768, 11.46527957916311], [119.66314697265682, 11.465209960937784], [119.6611099243164, 11.46805953979532]]], [[[119.7940292358403, 11.472220420837857], [119.79519653320312, 11.472979545593432], [119.7961120605471, 11.470829963684366], [119.7940292358403, 11.472220420837857]]], [[[119.75599670410156, 11.474049568176326], [119.75724792480514, 11.47541046142618], [119.7583312988287, 11.473930358886776], [119.75697326660202, 11.472390174866291], [119.75599670410156, 11.474049568176326]]], [[[119.70944213867222, 11.477780342102562], [119.712478637696, 11.477499961853596], [119.71333312988304, 11.474720001220874], [119.7119369506836, 11.473890304565316], [119.70944213867222, 11.477780342102562]]], [[[119.65316772461006, 11.479559898376635], [119.65492248535202, 11.481329917908113], [119.66284942626964, 11.478890419006916], [119.66278076171898, 11.475560188293855], [119.66000366210994, 11.473329544067724], [119.65937805175815, 11.469440460205305], [119.65390777587947, 11.473779678344954], [119.65316772461006, 11.479559898376635]]], [[[119.72527313232456, 11.481809616089379], [119.7275009155278, 11.48278045654348], [119.72915649414085, 11.480560302734773], [119.72527313232456, 11.481809616089379]]], [[[119.65222167968784, 11.48278045654348], [119.65139007568405, 11.48278045654348], [119.65097045898483, 11.482919692993732], [119.65083312988293, 11.48305988311813], [119.65070343017612, 11.483130455017033], [119.65070343017612, 11.483329772949503], [119.65097045898483, 11.483889579773518], [119.65139007568405, 11.484239578247639], [119.65173339843795, 11.484519958496605], [119.65277862548896, 11.484720230102653], [119.65334320068382, 11.484720230102653], [119.65361022949276, 11.484720230102653], [119.65389251708996, 11.484439849853857], [119.65361022949276, 11.484169960022484], [119.65361022949276, 11.483610153198299], [119.65334320068382, 11.483329772949503], [119.65305328369163, 11.483329772949503], [119.65277862548896, 11.48305988311813], [119.65249633789108, 11.48305988311813], [119.65222167968784, 11.48278045654348]]], [[[119.87065887451183, 11.476329803467081], [119.87194824218784, 11.484439849853857], [119.87444305419922, 11.487219810486408], [119.87638854980526, 11.485830307007006], [119.87695312500011, 11.48278045654348], [119.87695312500011, 11.480560302734773], [119.87500000000034, 11.479169845581453], [119.87832641601608, 11.476940155029581], [119.87962341308605, 11.471850395203035], [119.87065887451183, 11.476329803467081]]], [[[119.66515350341854, 11.487389564514672], [119.666053771973, 11.488699913025414], [119.66938018798896, 11.48707962036184], [119.67223358154365, 11.489439964294945], [119.67278289794979, 11.488059997558878], [119.66738128662155, 11.475930213928166], [119.666053771973, 11.47704029083252], [119.66515350341854, 11.487389564514672]]], [[[119.83528137207043, 11.490559577942406], [119.83833312988293, 11.493610382080078], [119.84089660644577, 11.490969657898177], [119.83528137207043, 11.490559577942406]]], [[[119.88173675537166, 11.491239547729549], [119.89019012451217, 11.503580093384244], [119.89499664306697, 11.505279541015568], [119.89861297607479, 11.503330230713061], [119.89971923828125, 11.497220039368187], [119.89778137207077, 11.492779731750943], [119.89888763427746, 11.488610267639729], [119.90110778808616, 11.487779617309513], [119.89666748046875, 11.486109733582055], [119.89694213867222, 11.483329772949503], [119.88974761962947, 11.48857021331844], [119.88490295410224, 11.485580444336222], [119.88173675537166, 11.491239547729549]]], [[[119.91027832031318, 11.511670112610318], [119.91194152832077, 11.512220382690487], [119.91139221191463, 11.510829925537337], [119.91027832031318, 11.511670112610318]]], [[[119.66811370849666, 11.502169609069824], [119.67299652099678, 11.506360054016625], [119.67082977294956, 11.514439582825105], [119.67194366455101, 11.516389846801701], [119.67610931396496, 11.513059616089379], [119.6805572509769, 11.513059616089379], [119.6763687133789, 11.507579803467195], [119.67730712890659, 11.502869606018407], [119.6798629760749, 11.501979827881371], [119.6836090087894, 11.504440307617415], [119.69053649902366, 11.50240993499807], [119.6861724853519, 11.497750282287996], [119.68493652343784, 11.488180160522688], [119.68356323242244, 11.48678016662626], [119.6804809570317, 11.488149642944904], [119.6789093017585, 11.49384021759073], [119.66811370849666, 11.502169609069824]]], [[[119.71166229248092, 11.464579582214697], [119.7144393920903, 11.46609973907482], [119.7127838134769, 11.47278022766153], [119.7146835327153, 11.47157001495367], [119.72200775146507, 11.474300384521996], [119.72402954101608, 11.476409912109432], [119.72693634033214, 11.476670265198209], [119.72833251953159, 11.479439735412996], [119.7330627441412, 11.473059654236351], [119.72888946533271, 11.470560073852823], [119.7275009155278, 11.466110229492244], [119.73332977294933, 11.464170455932901], [119.73473358154297, 11.46667003631643], [119.73889160156273, 11.46667003631643], [119.74527740478538, 11.45666980743465], [119.74916839599666, 11.457500457763615], [119.75460815429744, 11.454369544983024], [119.76110839843773, 11.444999694824332], [119.76027679443393, 11.440830230713118], [119.76167297363338, 11.438890457153207], [119.76416778564521, 11.43721961975126], [119.76611328125, 11.439439773559968], [119.76972198486362, 11.438059806824242], [119.77278137207031, 11.440279960632779], [119.76750183105491, 11.44361019134567], [119.76805877685604, 11.44721984863304], [119.76476287841831, 11.451339721680199], [119.7665634155278, 11.454449653625943], [119.76625061035213, 11.458330154419173], [119.77452850341808, 11.459079742431811], [119.78215026855514, 11.452960014343262], [119.78524780273483, 11.455619812011776], [119.7858276367192, 11.458700180054223], [119.78437042236385, 11.467459678650357], [119.7825393676759, 11.466859817504883], [119.77794647216842, 11.469400405883846], [119.77458953857456, 11.468290328979492], [119.77084350586006, 11.471110343933674], [119.76693725585983, 11.47000026702932], [119.76526641845749, 11.471110343933674], [119.76611328125, 11.47360992431652], [119.7631225585942, 11.476380348205964], [119.76334381103516, 11.479720115662133], [119.76667022705112, 11.478329658508812], [119.76777648925838, 11.480279922485238], [119.77027893066474, 11.479999542236442], [119.77562713623081, 11.47762966156057], [119.77744293212925, 11.479630470276277], [119.77600097656318, 11.483619689941975], [119.77777862548885, 11.485830307007006], [119.77166748046886, 11.492219924926928], [119.77471923828136, 11.49139022827137], [119.77639007568393, 11.493330001831282], [119.77694702148506, 11.490280151367585], [119.78584289550815, 11.483329772949503], [119.79110717773483, 11.483889579773518], [119.79028320312557, 11.481670379638956], [119.79194641113315, 11.479720115662133], [119.78778076171886, 11.480560302734773], [119.78472137451217, 11.479720115662133], [119.78444671630871, 11.47805976867727], [119.79138946533249, 11.47278022766153], [119.79376220703125, 11.466560363769474], [119.79778289794967, 11.462499618530387], [119.79165649414097, 11.460829734802758], [119.7936096191412, 11.457500457763615], [119.80110931396484, 11.452219963074299], [119.80284881591808, 11.453260421753498], [119.8052673339846, 11.452219963074299], [119.80666351318371, 11.454449653625943], [119.81250000000057, 11.453129768371696], [119.81394958496162, 11.45508003234903], [119.8068466186528, 11.464420318603686], [119.80696868896541, 11.470990180969466], [119.80850982666038, 11.472229957580794], [119.81749725341831, 11.467499732971646], [119.82055664062534, 11.469440460205305], [119.82348632812568, 11.462719917297704], [119.82977294921898, 11.456139564514501], [119.8351669311528, 11.458140373230549], [119.83460235595749, 11.461039543151742], [119.83083343505905, 11.464440345764444], [119.83350372314499, 11.466340065002726], [119.8322219848634, 11.469169616699105], [119.83506774902389, 11.469380378723656], [119.83476257324253, 11.472769737243539], [119.8281326293951, 11.474869728088947], [119.82752990722656, 11.475799560547443], [119.82943725585938, 11.476670265198209], [119.82861328125057, 11.478750228882348], [119.82380676269531, 11.482910156250284], [119.83833312988293, 11.479720115662133], [119.84111022949276, 11.476670265198209], [119.84528350830124, 11.477780342102562], [119.84523773193428, 11.480030059814965], [119.84139251709041, 11.484439849853857], [119.84638977050815, 11.484169960022484], [119.84722137451195, 11.485560417175634], [119.84111022949276, 11.49639034271297], [119.83820343017578, 11.499710083008267], [119.83339691162132, 11.496850013732796], [119.82795715332054, 11.504830360413166], [119.81971740722702, 11.50360965728811], [119.81458282470714, 11.50850963592569], [119.81333160400436, 11.516670227051065], [119.80972290039074, 11.518540382385652], [119.81027984619186, 11.519439697265966], [119.81472015380928, 11.519720077514762], [119.82333374023438, 11.513609886169888], [119.8261108398442, 11.514719963074242], [119.82721710205124, 11.510560035705964], [119.83056640625034, 11.5093297958378], [119.83334350585938, 11.511670112610318], [119.83479309082077, 11.509300231934105], [119.83693695068405, 11.510000228881779], [119.83693695068405, 11.513059616089379], [119.83471679687557, 11.515830039978596], [119.84111022949276, 11.514169692993562], [119.84471893310558, 11.516670227051065], [119.85056304931663, 11.510000228881779], [119.85444641113293, 11.510000228881779], [119.85582733154342, 11.507499694824276], [119.85888671875034, 11.507220268249966], [119.86305236816429, 11.509719848632983], [119.8644409179692, 11.505829811096476], [119.86805725097656, 11.506669998169457], [119.86833190918003, 11.502499580383756], [119.8708267211914, 11.498330116272541], [119.87167358398472, 11.491939544678132], [119.86879730224655, 11.490110397339151], [119.8675765991211, 11.485340118408317], [119.86965179443428, 11.478659629822175], [119.86784362793014, 11.474169731140705], [119.86461639404331, 11.47198009491018], [119.86250305175827, 11.464719772339095], [119.86638641357479, 11.461389541626033], [119.86416625976608, 11.458889961243187], [119.86972045898494, 11.452219963074299], [119.86666870117244, 11.45166969299305], [119.86583709716865, 11.449720382690543], [119.86389160156261, 11.450830459594897], [119.86195373535156, 11.448889732361408], [119.86195373535156, 11.442219734192179], [119.86389160156261, 11.439999580383812], [119.85973358154365, 11.433890342712857], [119.85603332519565, 11.435810089111499], [119.85122680664085, 11.433569908142601], [119.85092163085949, 11.4300804138187], [119.85582733154342, 11.42708015441923], [119.85360717773494, 11.416669845580941], [119.85143280029342, 11.413069725036507], [119.84335327148438, 11.40863037109392], [119.84027862548896, 11.401940345764672], [119.83062744140648, 11.390879631042935], [119.83000183105469, 11.386670112610432], [119.83249664306686, 11.38249969482439], [119.83083343505905, 11.37749958038387], [119.8230590820317, 11.378609657287882], [119.81913757324219, 11.3764200210573], [119.808837890625, 11.378970146179597], [119.80789184570358, 11.380290031433105], [119.81006622314487, 11.385120391846272], [119.81452178955146, 11.387499809265648], [119.81276702880871, 11.398610115051781], [119.81139373779331, 11.399720191956135], [119.80319976806675, 11.39680957794178], [119.80168151855469, 11.399020195007893], [119.8052673339846, 11.408329963684594], [119.80750274658203, 11.407779693603516], [119.81040954589866, 11.40277004241932], [119.81536102294979, 11.41005992889444], [119.81416320800815, 11.413060188293912], [119.81582641601574, 11.414719581604515], [119.81861114501976, 11.412779808044945], [119.82444763183662, 11.41361045837408], [119.82584381103572, 11.417779922485295], [119.82360839843784, 11.424169540405217], [119.82444763183662, 11.426389694213924], [119.82277679443405, 11.428059577942463], [119.81333160400436, 11.427499771118278], [119.80944824218807, 11.418889999389648], [119.80473327636719, 11.415579795837857], [119.8010864257817, 11.416390419006802], [119.79750061035202, 11.422499656677758], [119.79000091552757, 11.421939849853914], [119.78584289550815, 11.42527961730957], [119.77528381347702, 11.416110038757836], [119.772216796875, 11.41528034210262], [119.78111267089855, 11.404720306396655], [119.7757873535162, 11.40100955963186], [119.77333068847724, 11.394720077514876], [119.7699203491211, 11.399720191956135], [119.76397705078193, 11.400790214539029], [119.76042175293026, 11.404250144959065], [119.76184844970714, 11.414199829102131], [119.75977325439476, 11.419830322265568], [119.75739288330101, 11.421919822693383], [119.75231170654308, 11.423190116882665], [119.74918365478538, 11.416640281677644], [119.74706268310558, 11.41674995422386], [119.74281311035224, 11.424929618835847], [119.73880004882881, 11.427060127258471], [119.73726654052757, 11.429949760436898], [119.72702026367233, 11.433360099792878], [119.72630310058616, 11.438469886780013], [119.72805023193393, 11.44513988494873], [119.72944641113304, 11.44554996490507], [119.7337036132817, 11.44147014617971], [119.73793029785179, 11.445890426636197], [119.73461914062534, 11.45291996002237], [119.73162841796932, 11.453599929810025], [119.72556304931675, 11.449999809265591], [119.72248077392601, 11.453920364380451], [119.72065734863338, 11.460200309753588], [119.71778106689464, 11.46193981170694], [119.71514129638695, 11.460700035095613], [119.71166229248092, 11.464579582214697]]], [[[119.87737274169967, 11.528149604797534], [119.88165283203148, 11.534540176392113], [119.88545227050838, 11.533980369568098], [119.88777923584018, 11.530830383300895], [119.88694763183639, 11.529439926147745], [119.8847198486335, 11.530280113220726], [119.880966186524, 11.5264701843264], [119.87737274169967, 11.528149604797534]]], [[[119.9115600585942, 11.534150123596532], [119.91194152832077, 11.5377597808843], [119.91348266601574, 11.538869857788484], [119.91539001464855, 11.536959648132608], [119.91526794433594, 11.534210205078011], [119.91220092773472, 11.53090000152639], [119.9115600585942, 11.534150123596532]]], [[[119.80484771728561, 11.548069953918741], [119.80760955810592, 11.548640251159782], [119.81114959716808, 11.54617023468046], [119.81890869140693, 11.547439575195824], [119.81965637207088, 11.545410156250398], [119.81842803955101, 11.543459892273404], [119.8117065429692, 11.543560028076683], [119.80972290039074, 11.542059898376579], [119.8069534301759, 11.543499946594522], [119.80484771728561, 11.548069953918741]]], [[[119.87169647216842, 11.545680046082111], [119.873153686524, 11.551139831543537], [119.8760070800787, 11.552590370178507], [119.87480163574287, 11.546669960022427], [119.87682342529331, 11.54368019104055], [119.87370300293014, 11.543609619140739], [119.87169647216842, 11.545680046082111]]], [[[119.84249877929688, 11.55305957794235], [119.84306335449253, 11.554439544678075], [119.84443664550793, 11.553609848022518], [119.84416961669945, 11.55214977264444], [119.84249877929688, 11.55305957794235]]], [[[119.89526367187511, 11.55428981781057], [119.89679718017635, 11.556079864502408], [119.89859008789108, 11.554929733276765], [119.89823913574276, 11.551199913025357], [119.89650726318371, 11.551139831543537], [119.89526367187511, 11.55428981781057]]], [[[119.84562683105503, 11.551380157471215], [119.84700775146496, 11.55486011505127], [119.85476684570381, 11.556550025939828], [119.85859680175815, 11.553870201111295], [119.85967254638717, 11.550359725952376], [119.85851287841831, 11.548020362854118], [119.85186767578136, 11.545180320739746], [119.84638977050815, 11.548609733581998], [119.84562683105503, 11.551380157471215]]], [[[119.88469696044979, 11.546710014343716], [119.88610839843761, 11.551670074463175], [119.88500213623092, 11.555560111999853], [119.8863220214846, 11.558890342712914], [119.88861083984398, 11.558890342712914], [119.88993072509822, 11.553790092468375], [119.88834381103584, 11.546569824219318], [119.88469696044979, 11.546710014343716]]], [[[119.92859649658237, 11.560549736023347], [119.92986297607467, 11.563610076904297], [119.9308319091798, 11.562780380249308], [119.92859649658237, 11.560549736023347]]], [[[119.86544036865257, 11.563280105591275], [119.86843872070312, 11.565649986267147], [119.87019348144588, 11.56081962585506], [119.86794281005893, 11.560050010681323], [119.86544036865257, 11.563280105591275]]], [[[119.91528320312545, 11.576519966125943], [119.91638946533237, 11.577779769897859], [119.92047882080124, 11.574509620666959], [119.91805267333996, 11.572500228881722], [119.91528320312545, 11.576519966125943]]], [[[119.92619323730491, 11.580570220947607], [119.92917633056675, 11.587260246277424], [119.93177032470749, 11.588439941406193], [119.94448089599666, 11.584380149841763], [119.94759368896484, 11.577139854431607], [119.94638824462947, 11.575830459594783], [119.9424972534182, 11.581669807434537], [119.93740081787155, 11.58283996582037], [119.93534851074241, 11.5816402435305], [119.93322753906307, 11.583129882813012], [119.92916870117222, 11.575830459594783], [119.92646026611385, 11.57808971405069], [119.92619323730491, 11.580570220947607]]], [[[119.85617828369197, 11.606340408325423], [119.85661315917969, 11.608570098877465], [119.85868072509811, 11.608460426331021], [119.86015319824264, 11.601880073547818], [119.86434936523483, 11.595849990844954], [119.8632507324221, 11.593859672546898], [119.85617828369197, 11.606340408325423]]], [[[119.9127273559576, 11.608340263366813], [119.91314697265659, 11.609649658203637], [119.91531372070335, 11.609350204468228], [119.91638946533237, 11.606940269470726], [119.91528320312545, 11.604999542236328], [119.9127273559576, 11.608340263366813]]], [[[119.94944763183639, 11.653889656067292], [119.94999694824241, 11.656669616699276], [119.95388793945312, 11.656940460205135], [119.959228515625, 11.650939941406136], [119.96238708496116, 11.649669647217195], [119.9641571044923, 11.650830268860261], [119.96360778808605, 11.653059959411735], [119.96639251709007, 11.654999732971476], [119.96997070312557, 11.64887046813999], [119.97083282470714, 11.641389846801928], [119.97305297851562, 11.63943958282482], [119.97222137451183, 11.63416957855253], [119.96943664550781, 11.632220268249853], [119.96444702148494, 11.637220382690373], [119.96056365966797, 11.635000228882006], [119.9547195434576, 11.643890380859432], [119.95417022705078, 11.64750003814737], [119.95027923584018, 11.650259971618823], [119.94944763183639, 11.653889656067292]]], [[[119.959999084473, 11.659720420837687], [119.96241760253952, 11.661040306091422], [119.96238708496116, 11.658089637756689], [119.959999084473, 11.659720420837687]]], [[[120.10594177246128, 11.647839546203897], [120.10858154296909, 11.65264034271246], [120.10703277587902, 11.663800239563386], [120.11387634277355, 11.663189888000659], [120.12220001220726, 11.656760215759277], [120.11073303222713, 11.651049613952921], [120.1080474853519, 11.646389961243017], [120.10594177246128, 11.647839546203897]]], [[[120.13536071777366, 11.678429603576546], [120.1372985839846, 11.680339813232422], [120.13742828369163, 11.677840232849405], [120.13536071777366, 11.678429603576546]]], [[[120.01611328125034, 11.683329582214697], [120.01811981201183, 11.687100410461483], [120.02153778076217, 11.686679840088118], [120.01833343505871, 11.682780265808276], [120.01611328125034, 11.683329582214697]]], [[[120.03698730468795, 11.686429977416935], [120.04113769531273, 11.687720298767147], [120.04708862304699, 11.685529708862475], [120.04849243164062, 11.68301010131836], [120.04662322998081, 11.674889564514501], [120.03929138183605, 11.670829772949332], [120.03781890869175, 11.676190376282136], [120.04197692871105, 11.67786979675327], [120.04193115234398, 11.680259704590071], [120.03698730468795, 11.686429977416935]]], [[[120.13896179199276, 11.686260223388842], [120.1393966674807, 11.689379692077921], [120.1414794921875, 11.690890312194938], [120.14961242675793, 11.691900253295785], [120.14465332031261, 11.68155956268339], [120.13979339599655, 11.684240341186921], [120.13896179199276, 11.686260223388842]]], [[[120.20276641845714, 11.703610420227392], [120.20610809326229, 11.708060264587573], [120.20749664306652, 11.706939697265796], [120.2044372558596, 11.703060150146882], [120.20276641845714, 11.703610420227392]]], [[[119.97158813476574, 11.715339660644531], [119.97653198242233, 11.718680381775016], [119.97548675537143, 11.715209960937557], [119.97312927246105, 11.714070320129736], [119.97158813476574, 11.715339660644531]]], [[[120.15334320068405, 11.725779533386117], [120.15425872802734, 11.729049682617529], [120.15664672851597, 11.729470252990893], [120.15775299072277, 11.72681045532238], [120.1545562744144, 11.717390060424805], [120.15334320068405, 11.725779533386117]]], [[[119.95111083984398, 11.734729766846101], [119.9528503417971, 11.738400459289608], [119.95249938964889, 11.734999656677644], [119.95111083984398, 11.734729766846101]]], [[[120.09870147705112, 11.734459877014558], [120.10244750976574, 11.740340232849519], [120.10478973388683, 11.737339973450048], [120.10449218750023, 11.733050346374796], [120.1088027954105, 11.729689598083382], [120.10105895996116, 11.720330238342456], [120.09951782226562, 11.721150398254736], [120.10028076171875, 11.726389884949015], [120.10356903076183, 11.730609893799112], [120.09870147705112, 11.734459877014558]]], [[[119.92360687255893, 11.74361038208042], [119.92445373535202, 11.74528026580822], [119.92944335937511, 11.74528026580822], [119.93195343017578, 11.748330116272314], [119.93444824218784, 11.746109962463777], [119.93444824218784, 11.743060111999682], [119.93750000000034, 11.738059997558992], [119.93212890625011, 11.733799934387605], [119.93254089355503, 11.730369567871435], [119.93055725097702, 11.728059768676871], [119.9300003051759, 11.723050117493017], [119.92666625976585, 11.735589981079272], [119.92709350585938, 11.738789558410701], [119.92360687255893, 11.74361038208042]]], [[[119.94860839843807, 11.742779731750716], [119.95571899414085, 11.75419998168968], [119.96166992187511, 11.75582981109659], [119.96634674072322, 11.754610061645621], [119.96543884277366, 11.751540184021167], [119.96145629882858, 11.750519752502498], [119.95909118652366, 11.747480392456396], [119.95604705810604, 11.74831962585489], [119.95276641845714, 11.744449615478914], [119.94860839843807, 11.742779731750716]]], [[[120.0852737426759, 11.763489723205623], [120.08506011962936, 11.763389587402514], [120.0846786499028, 11.763449668884164], [120.0842514038086, 11.763620376587255], [120.08405303955101, 11.763919830322664], [120.08412933349621, 11.764300346374569], [120.08454132080078, 11.764699935913256], [120.08497619628929, 11.765000343322981], [120.08529663085949, 11.76498031616245], [120.0856323242192, 11.764820098877124], [120.0859298706057, 11.764530181884822], [120.08609008789074, 11.764149665832576], [120.08599853515636, 11.763839721679744], [120.08571624755871, 11.763620376587255], [120.0852737426759, 11.763489723205623]]], [[[119.89055633544933, 11.767219543457031], [119.89201354980491, 11.768059730529842], [119.8933334350586, 11.765830039978368], [119.89055633544933, 11.767219543457031]]], [[[119.96305847168003, 11.767219543457031], [119.96389007568382, 11.768610000610522], [119.96555328369152, 11.768059730529842], [119.96499633789097, 11.766389846801815], [119.96305847168003, 11.767219543457031]]], [[[120.21985626220726, 11.767379760742529], [120.22432708740246, 11.769820213318212], [120.22605895996105, 11.76856994628929], [120.22554779052757, 11.766799926758154], [120.22247314453136, 11.766169548035066], [120.21985626220726, 11.767379760742529]]], [[[120.12529754638717, 11.770449638366983], [120.1262664794923, 11.77184963226324], [120.12880706787143, 11.771419525146769], [120.12671661376964, 11.769419670105378], [120.12529754638717, 11.770449638366983]]], [[[120.05451965332054, 11.766329765319995], [120.05671691894543, 11.771269798278695], [120.0650863647461, 11.77509975433361], [120.06864929199264, 11.774660110473974], [120.07012176513695, 11.772930145263786], [120.06942749023449, 11.771750450134618], [120.06606292724621, 11.77272987365734], [120.06031036376964, 11.766340255737418], [120.05806732177768, 11.766059875488452], [120.05697631835938, 11.762240409851358], [120.05451965332054, 11.766329765319995]]], [[[120.17472076416027, 11.774720191955964], [120.17555236816418, 11.776390075683821], [120.17666625976562, 11.775830268860147], [120.17582702636741, 11.773889541626318], [120.17472076416027, 11.774720191955964]]], [[[120.13453674316418, 11.773929595947209], [120.13478851318382, 11.778719902038745], [120.13944244384777, 11.779720306396655], [120.14221954345726, 11.774169921875114], [120.14083099365246, 11.768890380859716], [120.14333343505893, 11.763890266418628], [120.14855957031261, 11.762009620666788], [120.14813232421898, 11.765119552612532], [120.15072631835938, 11.766989707946948], [120.1516571044923, 11.770830154418888], [120.15471649169933, 11.77167034149187], [120.15389251709007, 11.768610000610522], [120.15666961669933, 11.767219543457031], [120.1558303833009, 11.765560150146825], [120.15778350830078, 11.763609886169831], [120.16110992431663, 11.768329620361385], [120.16610717773449, 11.765830039978368], [120.16500091552746, 11.76167011260992], [120.1707534790039, 11.760029792785588], [120.17610931396518, 11.76305961608898], [120.17833709716808, 11.761389732361124], [120.17343139648472, 11.752050399780614], [120.17742156982433, 11.754639625549487], [120.17864227294979, 11.75794982910162], [120.18414306640659, 11.755510330200082], [120.18470001220714, 11.752739906311206], [120.18138885498058, 11.750280380249137], [120.18000030517578, 11.745559692382926], [120.17471313476574, 11.741680145263786], [120.1685562133789, 11.742389678955135], [120.16384124755871, 11.74855041503946], [120.16055297851562, 11.74806022644077], [120.16000366210949, 11.745559692382926], [120.15821838378929, 11.744879722595215], [120.15783691406273, 11.748209953308276], [120.15482330322266, 11.752429962158374], [120.13971710205101, 11.751390457153661], [120.13916778564476, 11.753330230712834], [120.14441680908214, 11.755769729614599], [120.13884735107467, 11.763030052185456], [120.13511657714855, 11.763620376587255], [120.13860321044945, 11.768799781799714], [120.13720703125011, 11.772190093994425], [120.13453674316418, 11.773929595947209]]], [[[119.96515655517612, 11.779879570007324], [119.97389221191418, 11.779999732971532], [119.97499847412155, 11.778329849243164], [119.96813964843795, 11.77567005157465], [119.96515655517612, 11.779879570007324]]], [[[120.08252716064476, 11.781049728393896], [120.08425903320312, 11.781450271606332], [120.08426666259788, 11.779129981994686], [120.08252716064476, 11.781049728393896]]], [[[120.1665496826173, 11.78166961669956], [120.17056274414062, 11.781390190124682], [120.17582702636741, 11.78361034393339], [120.17833709716808, 11.781109809875886], [120.18250274658226, 11.782500267029036], [120.18888854980503, 11.780280113220329], [120.18981170654308, 11.776289939880314], [120.19444274902378, 11.774439811706827], [120.19097900390659, 11.771459579468058], [120.19178009033237, 11.76778984069847], [120.1957931518557, 11.763790130615519], [120.19917297363281, 11.763609886169831], [120.19805908203136, 11.758609771728402], [120.19972229003918, 11.753609657287882], [120.19860839843784, 11.751390457153661], [120.19589233398449, 11.749959945679052], [120.19542694091854, 11.753669738769702], [120.19235992431663, 11.754699707031136], [120.18945312500034, 11.752499580383699], [120.18972015380882, 11.74806022644077], [120.18805694580124, 11.74722003936796], [120.18560791015636, 11.752920150756893], [120.18816375732445, 11.757539749145508], [120.18422698974621, 11.75876998901407], [120.18250274658226, 11.764439582825048], [120.17787933349666, 11.771409988403661], [120.17917633056652, 11.772950172424487], [120.1827774047855, 11.77167034149187], [120.18332672119152, 11.774169921875114], [120.17545318603527, 11.779069900513036], [120.17402648925793, 11.777379989624308], [120.17040252685558, 11.778400421142976], [120.1665496826173, 11.78166961669956]]], [[[119.97471618652378, 11.783069610595817], [119.97651672363293, 11.78363037109392], [119.97722625732479, 11.782389640808503], [119.97471618652378, 11.783069610595817]]], [[[119.98388671875023, 11.781700134277514], [119.98458862304699, 11.78396034240751], [119.98638153076229, 11.783880233764762], [119.9903869628912, 11.779890060424748], [119.98558807373081, 11.779250144958894], [119.98388671875023, 11.781700134277514]]], [[[119.97750091552746, 11.779720306396655], [119.98076629638683, 11.78390026092552], [119.98055267333996, 11.779999732971532], [119.97750091552746, 11.779720306396655]]], [[[119.97856903076195, 11.785739898681754], [119.98027038574276, 11.789429664611873], [119.98291778564487, 11.78814029693632], [119.97997283935558, 11.785320281982479], [119.97856903076195, 11.785739898681754]]], [[[120.11134338378906, 11.788269996643294], [120.11566925048862, 11.793620109558276], [120.1165924072269, 11.791449546814363], [120.11518859863327, 11.78874969482456], [120.11134338378906, 11.788269996643294]]], [[[120.04836273193416, 11.809889793396337], [120.04946899414074, 11.813650131225529], [120.05207824707043, 11.813850402832315], [120.05326080322266, 11.808289527893464], [120.0507202148442, 11.807640075683764], [120.04836273193416, 11.809889793396337]]], [[[120.11850738525425, 11.816249847412394], [120.12036132812511, 11.817580223083894], [120.12354278564453, 11.816149711609285], [120.12187194824264, 11.81425952911377], [120.11850738525425, 11.816249847412394]]], [[[120.05666351318371, 11.816390037536792], [120.06333160400402, 11.82166957855236], [120.06582641601574, 11.81694030761713], [120.06936645507835, 11.818659782409725], [120.07195281982422, 11.816109657287996], [120.07026672363293, 11.814439773559627], [120.06500244140648, 11.814169883728084], [120.06305694580135, 11.815560340881404], [120.05922698974632, 11.814510345459098], [120.05666351318371, 11.816390037536792]]], [[[120.2564926147461, 11.813420295715446], [120.25990295410179, 11.81657028198265], [120.26389312744197, 11.81694030761713], [120.2647171020509, 11.819439888000886], [120.26289367675815, 11.819600105285645], [120.26246643066418, 11.821599960327035], [120.26635742187534, 11.823149681091195], [120.26558685302768, 11.81309986114519], [120.26325988769531, 11.807939529419173], [120.26207733154308, 11.807559967041016], [120.2564926147461, 11.813420295715446]]], [[[120.11415863037132, 11.802459716797216], [120.11531066894588, 11.808650016785009], [120.11804962158249, 11.808919906616552], [120.12203216552757, 11.813369750976733], [120.12713623046932, 11.815030097961596], [120.12539672851597, 11.822750091552848], [120.12938690185558, 11.824850082397518], [120.13120269775402, 11.822139739990348], [120.130897521973, 11.813770294189737], [120.1335906982423, 11.812279701233308], [120.13292694091842, 11.810449600219783], [120.12307739257847, 11.80939006805454], [120.12283325195324, 11.806420326232967], [120.1252288818365, 11.803469657897892], [120.12365722656284, 11.799790382385368], [120.11805725097702, 11.80076980590826], [120.11579895019543, 11.797590255737589], [120.11415863037132, 11.802459716797216]]], [[[120.04183197021518, 11.820989608765046], [120.04885101318371, 11.825719833374194], [120.04598999023449, 11.820719718933503], [120.04340362548885, 11.819490432739599], [120.04183197021518, 11.820989608765046]]], [[[120.0507965087894, 11.825730323791618], [120.05204010009788, 11.826700210571403], [120.05397033691452, 11.825539588928336], [120.05226898193371, 11.824449539184911], [120.0507965087894, 11.825730323791618]]], [[[120.05255889892635, 11.83145046234165], [120.05484771728572, 11.83290004730253], [120.05792999267578, 11.82769012451189], [120.05435180664108, 11.828450202941951], [120.05255889892635, 11.83145046234165]]], [[[120.11382293701172, 11.841939926147461], [120.11250305175804, 11.841939926147461], [120.11250305175804, 11.842220306396825], [120.11284637451195, 11.842570304870549], [120.11305236816406, 11.842780113220272], [120.11305236816406, 11.84305953979532], [120.1141662597662, 11.84305953979532], [120.1141662597662, 11.842780113220272], [120.11499786376999, 11.842499732971476], [120.11499786376999, 11.842220306396825], [120.11499786376999, 11.841939926147461], [120.11382293701172, 11.841939926147461]]], [[[120.30444335937511, 11.83693981170694], [120.30695343017612, 11.838330268860261], [120.30695343017612, 11.84360980987583], [120.31416320800793, 11.850830078124886], [120.32166290283237, 11.849720001220874], [120.31944274902366, 11.846110343933333], [120.32166290283237, 11.844440460204964], [120.32166290283237, 11.841670036316088], [120.31944274902366, 11.840559959411735], [120.31877136230503, 11.836709976196516], [120.31278991699264, 11.832969665527685], [120.31223297119152, 11.824999809265421], [120.30999755859409, 11.830829620361328], [120.30444335937511, 11.83693981170694]]], [[[120.0691070556644, 11.846730232238997], [120.0718688964846, 11.851400375366325], [120.07446289062511, 11.84823036193876], [120.08228302001964, 11.844799995422761], [120.08525085449264, 11.847080230713289], [120.08429718017624, 11.850179672241609], [120.08611297607456, 11.85111045837425], [120.09266662597679, 11.84560966491722], [120.10253143310604, 11.845479965210245], [120.10005950927791, 11.84241008758579], [120.10193634033237, 11.840279579162768], [120.09705352783226, 11.826279640198038], [120.1004562377932, 11.824740409851472], [120.10376739501964, 11.825229644775504], [120.10807800292991, 11.828889846801985], [120.11499786376999, 11.828330039978312], [120.11554718017601, 11.818889617919979], [120.1113128662115, 11.815010070801065], [120.11499786376999, 11.813610076904638], [120.11554718017601, 11.811109542846566], [120.10720825195324, 11.81155014038103], [120.10266876220737, 11.813380241394157], [120.09928131103538, 11.817449569702262], [120.09509277343807, 11.816379547119368], [120.07936859130871, 11.830479621887378], [120.07943725585972, 11.83207988739008], [120.08429718017624, 11.834340095520076], [120.0775299072269, 11.836709976196516], [120.0691070556644, 11.846730232238997]]], [[[120.25688171386741, 11.855659470565172], [120.25795745849643, 11.85556983947771], [120.25688171386741, 11.855589866638297], [120.25688171386741, 11.855659470565172]]], [[[120.07437896728561, 11.866279602050668], [120.07842254638683, 11.868849754333667], [120.08242034912121, 11.868559837341422], [120.0917434692384, 11.860710144043367], [120.08190155029308, 11.858679771423454], [120.07437896728561, 11.866279602050668]]], [[[120.0438919067384, 11.914790153503475], [120.04926300048862, 11.915490150451888], [120.05046844482479, 11.91326999664318], [120.0438919067384, 11.914790153503475]]], [[[120.03749847412166, 11.914719581604402], [120.04083251953136, 11.916939735412939], [120.04194641113327, 11.915829658508585], [120.0411071777346, 11.914440155029183], [120.03749847412166, 11.914719581604402]]], [[[120.01860809326229, 11.930830001831225], [120.02221679687534, 11.930560111999512], [120.01944732666061, 11.929719924927099], [120.01860809326229, 11.930830001831225]]], [[[120.03111267089855, 11.93111038208042], [120.03250122070324, 11.932499885559253], [120.03765106201183, 11.929220199585075], [120.04221343994175, 11.934320449829443], [120.0480575561528, 11.934439659118993], [120.0480575561528, 11.931670188903865], [120.0519866943365, 11.93013000488321], [120.05161285400447, 11.932849884033544], [120.0556335449221, 11.933050155639592], [120.06143951416027, 11.930470466613826], [120.06748962402366, 11.92527008056652], [120.0691070556644, 11.918829917907715], [120.06738281250034, 11.916150093079011], [120.0619735717778, 11.916629791260107], [120.0587615966798, 11.914449691772859], [120.0487976074221, 11.919369697571028], [120.04431152343784, 11.916999816894588], [120.04308319091808, 11.918089866638581], [120.04383850097679, 11.921199798584325], [120.04164886474621, 11.92407035827648], [120.03414154052746, 11.926159858703556], [120.03388977050804, 11.929169654846362], [120.03111267089855, 11.93111038208042]]], [[[119.97395324707065, 11.932700157165868], [119.97975158691429, 11.934949874878043], [119.98079681396518, 11.932109832763672], [119.97528076171886, 11.930000305175895], [119.97395324707065, 11.932700157165868]]], [[[120.02310180664074, 11.936189651489371], [120.025428771973, 11.936880111694677], [120.0276336669923, 11.933340072632234], [120.02600860595714, 11.932629585266227], [120.02310180664074, 11.936189651489371]]], [[[120.19027709960994, 11.940830230713232], [120.19246673583996, 11.940790176391943], [120.1923294067384, 11.939129829406681], [120.19027709960994, 11.940830230713232]]], [[[119.98805236816418, 11.94056034088129], [119.9888916015625, 11.941949844360693], [119.99276733398449, 11.940830230713232], [119.99387359619152, 11.936880111694677], [119.99181365966808, 11.936409950256518], [119.98805236816418, 11.94056034088129]]], [[[119.99472045898472, 11.94056034088129], [119.99722290039097, 11.942779541015739], [120.00000000000011, 11.94056034088129], [120.00166320800781, 11.941109657287882], [120.00277709960994, 11.938890457153661], [120.00057220458996, 11.937899589538858], [119.99472045898472, 11.94056034088129]]], [[[120.02471923828182, 11.946390151977937], [120.0272216796875, 11.947219848633154], [120.03296661376976, 11.94213008880655], [120.03298950195358, 11.940219879150675], [120.0303726196289, 11.940489768982218], [120.02834320068416, 11.94416999816923], [120.02471923828182, 11.946390151977937]]], [[[119.9725036621096, 11.951439857483251], [119.97334289550781, 11.953060150146825], [119.97805023193405, 11.951709747314794], [119.9757690429692, 11.950079917908056], [119.9725036621096, 11.951439857483251]]], [[[119.96846771240257, 11.955559730529842], [119.97070312500011, 11.956040382385595], [119.96993255615246, 11.954719543457202], [119.96846771240257, 11.955559730529842]]], [[[119.96028137207031, 11.958060264587346], [119.96035003662121, 11.957570075988656], [119.96000671386753, 11.957610130310115], [119.95909881591854, 11.957710266113622], [119.95832824707054, 11.958060264587346], [119.95803833007824, 11.958760261535758], [119.9579772949221, 11.958889961242733], [119.95812988281284, 11.958869934082372], [119.95937347412121, 11.958749771118335], [119.96056365966797, 11.958330154419286], [119.96028137207031, 11.958060264587346]]], [[[119.93026733398449, 11.959569931030614], [119.93153381347668, 11.961750030517635], [119.93298339843773, 11.959930419921761], [119.9313430786134, 11.95812988281267], [119.93026733398449, 11.959569931030614]]], [[[120.10373687744152, 11.961839675903718], [120.10559082031307, 11.961859703064079], [120.1090774536134, 11.958020210266454], [120.1091766357423, 11.95522975921665], [120.10373687744152, 11.961839675903718]]], [[[120.15638732910202, 11.95971965789829], [120.16416931152344, 11.961389541626318], [120.16583251953159, 11.963060379028605], [120.16889190673862, 11.962220191955794], [120.16528320312557, 11.955829620361214], [120.16139221191418, 11.955829620361214], [120.16282653808616, 11.958979606628418], [120.15638732910202, 11.95971965789829]]], [[[119.97528076171886, 11.956110000610579], [119.9814376831057, 11.958479881286962], [119.9888916015625, 11.95750045776407], [119.98916625976574, 11.958609580993937], [119.9817581176759, 11.962240219116552], [119.99360656738315, 11.97056007385288], [119.99694824218761, 11.970000267028865], [120.00092315673851, 11.965950012207202], [120.00229644775402, 11.961549758911246], [120.00730133056675, 11.960880279541357], [120.01761627197277, 11.955929756164892], [120.02084350585972, 11.959440231323413], [120.02306365966842, 11.954719543457202], [120.01824188232445, 11.951459884643953], [120.01167297363293, 11.950280189514274], [120.01777648925793, 11.94750022888195], [120.0166702270509, 11.94556045532255], [120.01222229003918, 11.9477796554566], [120.01069641113293, 11.946789741516454], [120.0111083984375, 11.944720268249739], [120.0147171020509, 11.943889617920263], [120.01499938964866, 11.942500114441032], [120.00749969482456, 11.942500114441032], [120.00389099121105, 11.9477796554566], [119.99722290039097, 11.948889732360954], [119.99445343017624, 11.945830345154093], [119.99507141113293, 11.942359924316634], [119.99276733398449, 11.941390037536678], [119.98860931396518, 11.944720268249739], [119.98583221435547, 11.94416999816923], [119.98278045654297, 11.946390151977937], [119.9835433959961, 11.949580192566259], [119.98737335205101, 11.951939582825048], [119.97528076171886, 11.956110000610579]]], [[[120.31360626220714, 11.96971988678007], [120.31582641601585, 11.972220420837573], [120.3188400268557, 11.968919754028548], [120.31944274902366, 11.966589927673397], [120.31797027587902, 11.96403026580839], [120.31453704833996, 11.966659545898551], [120.31360626220714, 11.96971988678007]]], [[[120.14901733398472, 11.972200393676871], [120.15274810791038, 11.972640037537019], [120.15071868896496, 11.970410346984806], [120.14901733398472, 11.972200393676871]]], [[[119.84573364257824, 11.947680473327978], [119.84864044189487, 11.954500198364371], [119.8530578613287, 11.955559730529842], [119.8594436645509, 11.948610305786474], [119.85973358154354, 11.941670417785645], [119.86416625976585, 11.94056034088129], [119.8681335449221, 11.946089744568042], [119.87138366699241, 11.945929527282942], [119.87496185302768, 11.942079544067667], [119.87690734863304, 11.937399864196664], [119.87583160400402, 11.932499885559253], [119.87898254394554, 11.930760383606298], [119.87979125976562, 11.92718982696556], [119.88642883300838, 11.923370361328068], [119.89042663574241, 11.9243297576906], [119.89328002929722, 11.928270339966218], [119.88889312744175, 11.928890228271882], [119.88916778564499, 11.93111038208042], [119.88677978515636, 11.934479713440282], [119.89167785644543, 11.937279701233194], [119.89382171630893, 11.944210052490348], [119.89186859130871, 11.946840286255167], [119.88963317871105, 11.946279525757006], [119.88944244384777, 11.949720382690657], [119.88266754150413, 11.95761966705362], [119.88002014160202, 11.957790374755973], [119.87416076660156, 11.953519821166992], [119.87061309814476, 11.962220191955794], [119.87194824218773, 11.96944046020542], [119.87277984619152, 11.970829963684423], [119.87444305419922, 11.96971988678007], [119.87444305419922, 11.965829849243335], [119.87610626220737, 11.963609695434627], [119.87555694580135, 11.97056007385288], [119.87880706787166, 11.975489616394327], [119.88775634765648, 11.978289604187239], [119.8903274536134, 11.974909782409952], [119.89131927490246, 11.969929695129792], [119.89980316162132, 11.978560447693269], [119.90297698974643, 11.979700088501318], [119.90940856933605, 11.974860191345556], [119.90701293945347, 11.972849845886572], [119.9147186279298, 11.96944046020542], [119.91722106933605, 11.962779998779638], [119.92250061035179, 11.957220077514705], [119.92973327636776, 11.95403003692661], [119.93549346923851, 11.95417022705118], [119.94174957275447, 11.950030326843489], [119.94860839843807, 11.953330039978368], [119.95054626464844, 11.951669692993505], [119.95305633544933, 11.953330039978368], [119.95388793945312, 11.949999809265307], [119.95749664306652, 11.946940422058447], [119.96166992187511, 11.946940422058447], [119.9641571044923, 11.944720268249739], [119.96584320068405, 11.94534969329851], [119.96694183349632, 11.948610305786474], [119.97499847412155, 11.945830345154093], [119.96721649169933, 11.944999694824446], [119.96611022949253, 11.941390037536678], [119.96389007568382, 11.94056034088129], [119.95944213867199, 11.941940307617358], [119.9509963989259, 11.939809799194734], [119.94444274902344, 11.94056034088129], [119.94777679443371, 11.93556022644077], [119.94467163085983, 11.93013000488321], [119.95246887207054, 11.921219825744686], [119.95249938964889, 11.918330192566259], [119.95527648925804, 11.91417026519781], [119.95305633544933, 11.911439895630224], [119.94611358642612, 11.91193962097168], [119.94499969482445, 11.909999847412337], [119.9508438110355, 11.90777969360363], [119.95305633544933, 11.904720306396541], [119.95722198486328, 11.904170036316032], [119.95944213867199, 11.901390075683707], [119.96305847168003, 11.904439926147404], [119.9580535888673, 11.913610458374364], [119.95944213867199, 11.915559768677042], [119.96193695068393, 11.914440155029183], [119.9591674804692, 11.923609733581827], [119.95944213867199, 11.92611026763933], [119.9622192382817, 11.927220344543684], [119.96360778808605, 11.926389694214208], [119.9641571044923, 11.916390419006518], [119.97000885009766, 11.919949531555574], [119.97647094726585, 11.919099807739428], [119.97859954834007, 11.917189598083553], [119.97483825683605, 11.906599998474462], [119.97222137451183, 11.904720306396541], [119.97583007812534, 11.903889656067065], [119.98416900634777, 11.910559654235954], [119.98111724853527, 11.91425037384056], [119.97927856445324, 11.920310020447118], [119.9852371215826, 11.925060272216967], [119.98621368408203, 11.927689552307527], [119.99035644531284, 11.925990104675463], [119.99001312255882, 11.927709579467717], [119.99445343017624, 11.933059692383097], [119.99916839599632, 11.933890342712573], [120.00359344482445, 11.92391967773466], [120.00746917724621, 11.926199913025016], [120.00560760498058, 11.931929588317814], [120.00948333740234, 11.93383979797369], [120.0153274536134, 11.932140350342195], [120.01725769043003, 11.92737007141119], [120.02010345458996, 11.925629615783748], [120.02443695068371, 11.929719924927099], [120.02583312988315, 11.927780151367529], [120.0231170654298, 11.920040130615575], [120.02657318115268, 11.919719696045092], [120.0294570922855, 11.917449951171989], [120.0288772583009, 11.914110183716161], [120.02314758300793, 11.913080215454386], [120.01683044433594, 11.914090156555233], [120.01486968994186, 11.911809921264705], [119.99725341796932, 11.903869628906364], [119.98870849609398, 11.902709960937386], [119.98724365234386, 11.900460243225211], [119.98842620849643, 11.896739959717081], [119.99353027343761, 11.892809867859114], [119.99835205078136, 11.893099784851188], [120.00496673583996, 11.898159980774267], [120.01885223388695, 11.895500183105753], [120.02388000488293, 11.89276027679449], [120.02004241943371, 11.883640289306982], [120.02409362793003, 11.88278007507364], [120.02622985839866, 11.887169837952001], [120.02834320068416, 11.888059616089208], [120.02662658691463, 11.882240295410327], [120.02781677246116, 11.880949974060115], [120.04190826416016, 11.876420021057186], [120.04453277587925, 11.870340347290096], [120.04205322265659, 11.862859725952092], [120.0495529174807, 11.864720344543741], [120.04727172851585, 11.873709678650016], [120.04881286621139, 11.875439643860204], [120.05615234375011, 11.872719764709473], [120.0563430786134, 11.870349884033601], [120.05348968505893, 11.867059707642], [120.055038452149, 11.866000175476358], [120.06333160400402, 11.870280265808276], [120.06500244140648, 11.868610382080305], [120.0630874633789, 11.865670204162768], [120.06430053710949, 11.863510131836279], [120.07051849365234, 11.864660263061921], [120.07478332519543, 11.861860275268668], [120.0727005004884, 11.859140396118107], [120.06804656982422, 11.859439849853516], [120.06722259521518, 11.856109619140796], [120.06278228759777, 11.856329917907772], [120.06379699707065, 11.852519989014013], [120.06208038330112, 11.851349830627612], [120.05457305908214, 11.851779937744482], [120.04959106445324, 11.854229927063272], [120.05264282226574, 11.845239639282568], [120.04824066162155, 11.845709800720329], [120.03566741943371, 11.856229782104663], [120.02648925781261, 11.852350234985579], [120.02471923828182, 11.846110343933333], [120.02139282226574, 11.842780113220272], [120.02629852294933, 11.842069625854435], [120.03079223632847, 11.847660064697493], [120.03341674804699, 11.848329544067383], [120.04348754882824, 11.838279724121378], [120.05185699462902, 11.839759826660213], [120.0502777099615, 11.83777999877941], [120.03838348388672, 11.834659576416243], [120.03568267822277, 11.832269668579443], [120.03727722168003, 11.827380180359057], [120.03016662597668, 11.825119972229118], [120.03222656250045, 11.821660041809423], [120.03721618652355, 11.81999969482456], [120.03002929687534, 11.805850028992097], [120.03804779052768, 11.808549880981559], [120.04000091552734, 11.813059806823901], [120.04277801513706, 11.813890457153434], [120.04544067382812, 11.805399894714697], [120.04891204834018, 11.803770065307958], [120.055038452149, 11.804499626159895], [120.06111145019543, 11.802220344543798], [120.06276702880871, 11.798890113830737], [120.06067657470714, 11.796079635620401], [120.06539154052757, 11.789560317993505], [120.07138824462925, 11.789440155029297], [120.07360839843795, 11.787500381469954], [120.0688934326173, 11.78388977050787], [120.05323791503918, 11.779890060424748], [120.05110168457077, 11.774470329284782], [120.03507232666027, 11.75722026824991], [120.03600311279297, 11.755370140075684], [120.04328918457077, 11.753609657287882], [120.04740905761776, 11.754509925842513], [120.04580688476574, 11.756799697876374], [120.04778289794945, 11.758890151977766], [120.0500793457037, 11.758199691772631], [120.05361175537121, 11.76027965545677], [120.05832672119163, 11.756110191345556], [120.05314636230491, 11.751210212707633], [120.05525970458984, 11.74829959869379], [120.05444335937534, 11.74582958221464], [120.05583190917969, 11.743060111999682], [120.05194091796909, 11.73443984985363], [120.05055236816418, 11.733059883117733], [120.04782104492188, 11.735190391540925], [120.04562377929699, 11.733610153198413], [120.04573059082031, 11.7237300872805], [120.04972076416038, 11.720279693603572], [120.0494537353519, 11.718059539795263], [120.0469436645509, 11.716389656067236], [120.04064941406261, 11.71833992004423], [120.03765106201183, 11.71769046783487], [120.02726745605514, 11.709170341491756], [120.02176666259777, 11.69834041595459], [120.0145721435548, 11.696689605713232], [120.00566101074241, 11.691599845886628], [120.00583648681697, 11.682220458984261], [120.00222778320335, 11.676750183105412], [119.99208831787132, 11.676679611206339], [119.99138641357445, 11.679719924926758], [119.98860931396518, 11.681110382080249], [119.98665618896496, 11.677780151367415], [119.98610687255871, 11.67002964019781], [119.98296356201195, 11.67010974884056], [119.98042297363293, 11.666529655456884], [119.97972106933616, 11.673609733581884], [119.97693634033214, 11.67389011383085], [119.97416687011776, 11.678330421448095], [119.97252655029342, 11.677960395813045], [119.96690368652378, 11.686129570007608], [119.96990203857433, 11.688130378723486], [119.95889282226597, 11.693610191345613], [119.96389007568382, 11.68750000000017], [119.96639251709007, 11.681110382080249], [119.96890258789108, 11.673119544983194], [119.96917724609386, 11.664569854736385], [119.96584320068405, 11.668609619140625], [119.96611022949253, 11.671110153198129], [119.96193695068393, 11.66888999938999], [119.96278381347668, 11.661939620971737], [119.96028137207031, 11.662500381470068], [119.9569473266605, 11.658889770507983], [119.95276641845714, 11.661390304565487], [119.94695281982433, 11.66110992431635], [119.94444274902344, 11.658610343933503], [119.94304656982433, 11.66444015502941], [119.94638824462936, 11.666110038757608], [119.94750213623047, 11.663889884949072], [119.95128631591854, 11.66442012786905], [119.95276641845714, 11.67249965667753], [119.94666290283214, 11.680279731750772], [119.94304656982433, 11.680000305176122], [119.94097137451195, 11.676899909973486], [119.93972015380905, 11.677780151367415], [119.93987274169922, 11.694410324096964], [119.94230651855491, 11.694339752197322], [119.94293212890648, 11.697859764099405], [119.94136047363338, 11.707389831543026], [119.93833160400413, 11.707779884338606], [119.93666839599655, 11.711669921875341], [119.93945312500057, 11.716389656067236], [119.93833160400413, 11.720000267029093], [119.93611145019543, 11.721389770508154], [119.93888854980526, 11.73167037963907], [119.94526672363293, 11.739239692687931], [119.94789123535179, 11.739879608154695], [119.94912719726597, 11.736680030823095], [119.94805908203148, 11.73443984985363], [119.94999694824241, 11.731389999389705], [119.94777679443371, 11.727780342102164], [119.94833374023449, 11.72443962097185], [119.95276641845714, 11.731109619140568], [119.959999084473, 11.726940155029354], [119.96193695068393, 11.729169845581396], [119.96646881103527, 11.729339599609432], [119.96961212158226, 11.724900245666504], [119.97138977050793, 11.714440345764558], [119.97360992431663, 11.712779998779524], [119.97721862793026, 11.713330268860204], [119.97789764404308, 11.718070030212516], [119.97088623046886, 11.722590446472282], [119.96824645996116, 11.730910301208837], [119.96166992187511, 11.731389999389705], [119.96028137207031, 11.734169960022086], [119.95699310302757, 11.731010437012117], [119.95375061035179, 11.731869697570971], [119.95581817626964, 11.737799644470556], [119.95422363281261, 11.742199897766511], [119.95583343505893, 11.744999885559423], [119.96083068847679, 11.74582958221464], [119.9641571044923, 11.749170303345124], [119.96637725830078, 11.74915981292736], [119.96584320068405, 11.746390342712573], [119.96806335449276, 11.744999885559423], [119.97194671630905, 11.749719619750977], [119.96765899658237, 11.755740165710563], [119.97295379638683, 11.766119956970101], [119.97528076171886, 11.768610000610522], [119.97693634033214, 11.768329620361385], [119.9763870239259, 11.765830039978368], [119.98470306396507, 11.770440101623876], [119.99472045898472, 11.769720077514535], [119.99527740478516, 11.77221965789829], [119.99829101562511, 11.773940086364632], [119.99722290039097, 11.775279998779638], [119.99276733398449, 11.774999618530444], [119.99166870117222, 11.777500152587947], [119.99416351318371, 11.778059959411792], [120.00305175781261, 11.786939620971793], [120.00026702880871, 11.788889884948958], [119.99166870117222, 11.78361034393339], [119.98555755615268, 11.784720420837743], [119.98695373535213, 11.78806018829357], [119.99223327636753, 11.791390419006461], [119.9902801513673, 11.796389579773233], [119.98750305175815, 11.797780036926383], [119.98832702636741, 11.801389694213924], [119.98388671875023, 11.798890113830737], [119.98027801513729, 11.792779922485693], [119.98000335693371, 11.795559883117846], [119.9786071777346, 11.796110153198583], [119.97389221191418, 11.790280342102108], [119.96896362304722, 11.794639587402685], [119.96694183349632, 11.799719810486124], [119.96472167968761, 11.800279617309798], [119.95639038085949, 11.796389579773233], [119.96056365966797, 11.796389579773233], [119.96166992187511, 11.794719696044865], [119.95861053466808, 11.787500381469954], [119.9622192382817, 11.78582954406744], [119.96083068847679, 11.780280113220329], [119.96250152587902, 11.779439926147518], [119.96130371093761, 11.773759841919116], [119.96333312988281, 11.768890380859716], [119.9622192382817, 11.766949653625659], [119.9593963623048, 11.766402244568212], [119.96305847168003, 11.765000343322981], [119.96250152587902, 11.763609886169831], [119.9580535888673, 11.763609886169831], [119.95555877685558, 11.76082992553711], [119.95305633544933, 11.763330459594613], [119.949569702149, 11.763950347900277], [119.93112182617199, 11.760009765625398], [119.92575073242188, 11.76212024688732], [119.92257690429699, 11.767290115356843], [119.92517852783203, 11.774439811706827], [119.92140960693405, 11.778730392456168], [119.9190597534182, 11.785039901733342], [119.90666961669945, 11.792499542236499], [119.90730285644543, 11.795209884643555], [119.91055297851574, 11.796389579773233], [119.9116668701173, 11.804719924926644], [119.90850067138706, 11.811030387878475], [119.90630340576172, 11.812230110168343], [119.90342712402366, 11.811220169067496], [119.9014968872076, 11.812979698181323], [119.90325927734398, 11.81597995758085], [119.9030532836914, 11.819439888000886], [119.90479278564476, 11.819370269775561], [119.90499877929733, 11.82139015197788], [119.89317321777389, 11.829990386963004], [119.89528656005871, 11.833230018615893], [119.90117645263683, 11.831740379333553], [119.90238952636719, 11.834650039672908], [119.90067291259766, 11.838049888611124], [119.90416717529354, 11.842499732971476], [119.91208648681652, 11.83998012542736], [119.91362762451183, 11.840600013733024], [119.91412353515625, 11.843759536743335], [119.90691375732467, 11.853440284729174], [119.90249633789085, 11.855199813843058], [119.89820098876987, 11.860380172729435], [119.89356231689499, 11.861510276794718], [119.89383697509777, 11.866880416870458], [119.89089965820324, 11.871089935302962], [119.8909378051759, 11.877169609070052], [119.88642883300838, 11.878950119018725], [119.88255310058594, 11.87637042999279], [119.88066101074253, 11.877109527588004], [119.86921691894565, 11.895600318908862], [119.86818695068405, 11.91170024871866], [119.871932983399, 11.923060417175236], [119.87098693847713, 11.928319931030614], [119.86637878418003, 11.930970191955623], [119.86121368408214, 11.929479598999194], [119.85806274414085, 11.93636989593523], [119.84863281250011, 11.942720413208349], [119.84573364257824, 11.947680473327978]]], [[[119.93550109863304, 11.97908973693876], [119.94214630126976, 11.981789588928564], [119.95157623291027, 11.977869987487963], [119.9559020996096, 11.979200363159293], [119.96424102783226, 11.9731702804566], [119.96204376220714, 11.969090461731298], [119.96399688720703, 11.968729972839753], [119.96637725830078, 11.971039772033976], [119.97173309326195, 11.969590187073095], [119.97457122802757, 11.967809677124194], [119.97411346435581, 11.96413040161167], [119.96499633789097, 11.965000152588004], [119.9590301513673, 11.962909698486612], [119.95243072509822, 11.965000152588004], [119.95139312744152, 11.963609695434627], [119.95610809326183, 11.960000038147086], [119.95333099365268, 11.958889961242733], [119.95549011230491, 11.956939697265568], [119.9547195434576, 11.955559730529842], [119.94167327880871, 11.958060264587346], [119.94167327880871, 11.955349922180517], [119.93704986572311, 11.957889556885164], [119.93666839599655, 11.960280418396053], [119.93917846679699, 11.965849876404093], [119.94365692138729, 11.96940040588413], [119.93904113769543, 11.973030090332202], [119.93550109863304, 11.97908973693876]]], [[[119.8322982788086, 11.980429649353198], [119.83152770996094, 11.980079650878906], [119.83152770996094, 11.98069953918457], [119.83159637451183, 11.981120109558333], [119.83180999755871, 11.981459617614632], [119.8322982788086, 11.981809616088924], [119.83278656005893, 11.981809616088924], [119.83313751220714, 11.981389999390046], [119.83321380615291, 11.980979919433935], [119.83291625976574, 11.98069953918457], [119.8326492309576, 11.980500221252669], [119.8322982788086, 11.980429649353198]]], [[[119.82083129882835, 11.93832969665516], [119.82554626464855, 11.943610191345385], [119.82805633544945, 11.953610420227164], [119.8358306884769, 11.959440231323413], [119.84207916259777, 11.971320152283113], [119.84388732910179, 11.978890419006461], [119.84722137451183, 11.981940269470556], [119.86528015136741, 11.98056030273466], [119.87416839599643, 11.982569694518986], [119.87860870361385, 11.98056030273466], [119.86972045898483, 11.976389884948787], [119.86750030517612, 11.976940155029467], [119.86422729492199, 11.974240303039892], [119.86250305175793, 11.975139617920036], [119.85916900634788, 11.973469734192236], [119.85444641113293, 11.975000381470124], [119.84750366210972, 11.967499732971362], [119.84139251709018, 11.951669692993505], [119.83528137207043, 11.947219848633154], [119.83444213867199, 11.943889617920263], [119.83215332031261, 11.946249961853368], [119.8291702270509, 11.943889617920263], [119.83040618896507, 11.938260078430574], [119.82694244384788, 11.93972015380865], [119.82083129882835, 11.93832969665516]]], [[[119.96041870117222, 11.982139587402685], [119.9630508422855, 11.982709884643725], [119.96444702148494, 11.980830192566202], [119.96041870117222, 11.982139587402685]]], [[[119.97334289550781, 11.982219696045263], [119.97972106933616, 11.983889579773063], [119.98750305175815, 11.978059768677156], [119.98528289794945, 11.975830078125341], [119.98249816894531, 11.976389884948787], [119.98222351074241, 11.979439735412882], [119.98052215576183, 11.980449676513786], [119.97841644287132, 11.976750373840503], [119.97334289550781, 11.982219696045263]]], [[[120.12032318115257, 11.980979919433935], [120.12304687500011, 11.983889579773063], [120.12552642822277, 11.980420112610261], [120.12246704101574, 11.97764015197771], [120.12032318115257, 11.980979919433935]]], [[[119.82943725585938, 11.982219696045263], [119.83249664306663, 11.984230041504247], [119.83152770996094, 11.981880187988395], [119.82943725585938, 11.982219696045263]]], [[[120.16139221191418, 11.98556041717518], [120.16278076171909, 11.986669540405614], [120.16416931152344, 11.985280036926383], [120.16139221191418, 11.98556041717518]]], [[[119.8813934326173, 11.986040115356445], [119.88580322265659, 11.986590385437353], [119.88823699951183, 11.982839584350927], [119.88332366943393, 11.983929634094522], [119.8813934326173, 11.986040115356445]]], [[[120.00980377197277, 11.980779647827319], [120.01206970214878, 11.984959602356128], [120.01915740966831, 11.98750019073492], [120.02084350585972, 11.979439735412882], [120.02554321289108, 11.977009773254451], [120.02718353271507, 11.973190307617529], [120.02516937255905, 11.971320152283113], [120.02227020263672, 11.971599578857592], [120.01775360107433, 11.979720115661848], [120.01347351074241, 11.98163986206049], [120.01081848144531, 11.979780197143498], [120.00980377197277, 11.980779647827319]]], [[[120.19110870361374, 11.936670303345124], [120.19361114501964, 11.936940193176667], [120.19416809082043, 11.941940307617358], [120.19277954101562, 11.952779769897859], [120.19444274902378, 11.952779769897859], [120.2022171020509, 11.943889617920263], [120.20375823974643, 11.947010040283601], [120.20585632324253, 11.945099830627726], [120.21111297607445, 11.949440002441293], [120.21090698242188, 11.952549934387378], [120.21334075927757, 11.951749801636083], [120.21278381347713, 11.955280303955362], [120.21778106689476, 11.958609580993937], [120.22000122070347, 11.95728969573986], [120.22360992431652, 11.96111011505144], [120.227783203125, 11.960829734802644], [120.22915649414097, 11.962779998779638], [120.22734832763717, 11.963850021362703], [120.22972106933605, 11.964170455932958], [120.23075866699241, 11.968330383300838], [120.2344436645509, 11.966670036315975], [120.24333190917969, 11.9755601882934], [120.24749755859432, 11.975830078125341], [120.24761962890625, 11.979120254516943], [120.24487304687523, 11.983099937439135], [120.24500274658226, 11.98750019073492], [120.25512695312557, 11.979160308837834], [120.26014709472702, 11.978079795837516], [120.27237701416027, 11.969180107116983], [120.27294158935558, 11.965379714965763], [120.26999664306697, 11.965000152588004], [120.26721954345714, 11.962220191955794], [120.26721954345714, 11.957220077514705], [120.2738876342778, 11.952219963074015], [120.27361297607445, 11.943610191345385], [120.27500152587913, 11.941670417785645], [120.27333068847668, 11.938890457153661], [120.27455902099643, 11.936479568481843], [120.27722167968784, 11.93556022644077], [120.27500152587913, 11.928890228271882], [120.27722167968784, 11.92611026763933], [120.27194213867188, 11.923609733581827], [120.27055358886753, 11.925000190734977], [120.26860809326206, 11.924169540405671], [120.26640319824219, 11.919449806213379], [120.26750183105503, 11.91777992248575], [120.26389312744197, 11.913610458374364], [120.2608337402346, 11.913610458374364], [120.25639343261719, 11.918609619140966], [120.25459289550804, 11.918470382690657], [120.24889373779342, 11.907500267028922], [120.2560050391728, 11.897515544984572], [120.25955729037867, 11.886707631741274], [120.25833129882824, 11.875829696655217], [120.25911712646507, 11.858909606933935], [120.25688171386741, 11.855659470565172], [120.255249241044, 11.855795488268939], [120.2537918090826, 11.85033035278343], [120.25026702880871, 11.84805965423601], [120.2469482421875, 11.84805965423601], [120.24944305419945, 11.844169616699332], [120.25286102294922, 11.844209671020565], [120.2547531127932, 11.842359542847078], [120.25250244140648, 11.831110000610693], [120.25485992431652, 11.828330039978312], [120.25805664062545, 11.828060150146769], [120.25945281982456, 11.824440002441406], [120.25888824462925, 11.81694030761713], [120.25583648681675, 11.817500114441145], [120.25639343261719, 11.814439773559627], [120.25306701660179, 11.820280075073356], [120.25076293945312, 11.821499824524096], [120.23562622070324, 11.848719596862963], [120.23555755615246, 11.853329658508642], [120.23322296142578, 11.856699943542822], [120.23528289794979, 11.861109733581884], [120.23306274414108, 11.87417030334501], [120.227783203125, 11.882499694824276], [120.22471618652355, 11.891949653625545], [120.22000122070347, 11.89999961853033], [120.21444702148472, 11.904439926147404], [120.21221923828148, 11.90972042083763], [120.2094879150394, 11.910889625549714], [120.20449829101574, 11.926380157470874], [120.19110870361374, 11.936670303345124]]], [[[120.1516571044923, 11.986390113830737], [120.1527786254884, 11.988329887390478], [120.1544418334961, 11.986940383911474], [120.15305328369175, 11.98556041717518], [120.1516571044923, 11.986390113830737]]], [[[120.16944122314464, 11.98750019073492], [120.17215728759822, 11.988759994507177], [120.17082977294945, 11.986940383911474], [120.16944122314464, 11.98750019073492]]], [[[119.96382141113315, 11.991880416870515], [119.96749877929744, 11.990280151367472], [119.96527862548874, 11.98985958099371], [119.96382141113315, 11.991880416870515]]], [[[119.92111206054699, 11.991109848022688], [119.921669006348, 11.99250030517618], [119.9238891601567, 11.991390228271825], [119.92111206054699, 11.991109848022688]]], [[[120.13059997558594, 11.98495006561319], [120.13546752929688, 11.987190246582088], [120.13333129882824, 11.990830421447981], [120.1350021362307, 11.99250030517618], [120.14193725585949, 11.990830421447981], [120.14333343505893, 11.987779617309968], [120.14797210693382, 11.985349655151708], [120.16655731201172, 11.982780456543367], [120.18109130859409, 11.991999626160066], [120.18627166748104, 11.990900039673136], [120.19278717041016, 11.98340034484903], [120.19583129882812, 11.982780456543367], [120.19860839843784, 11.984439849853402], [120.20166778564487, 11.98056030273466], [120.1961135864259, 11.978890419006461], [120.19666290283214, 11.975760459900187], [120.19412994384788, 11.973030090332202], [120.19957733154308, 11.974499702454011], [120.19686126708996, 11.968859672546728], [120.18631744384788, 11.96568012237583], [120.18639373779297, 11.969479560852392], [120.18311309814464, 11.97126960754423], [120.18020629882835, 11.970370292663915], [120.17949676513683, 11.974360466003532], [120.17156219482456, 11.975390434265307], [120.17746734619175, 11.979829788208121], [120.17649078369175, 11.981570243835563], [120.1692810058596, 11.979820251464957], [120.16401672363327, 11.97603034973173], [120.16320800781273, 11.974109649658601], [120.16535949707077, 11.970529556274357], [120.1597137451173, 11.967610359191895], [120.15437316894543, 11.969479560852392], [120.15543365478561, 11.973589897155875], [120.15392303466808, 11.974889755249194], [120.14792633056697, 11.973290443420467], [120.14530944824241, 11.970849990844613], [120.1387634277346, 11.970049858093432], [120.1320266723634, 11.974329948425577], [120.13471984863315, 11.979299545288484], [120.13059997558594, 11.98495006561319]]], [[[120.06040191650413, 11.994689941406364], [120.0639801025394, 11.995280265808162], [120.07276153564487, 11.987750053406103], [120.07779693603527, 11.975729942321834], [120.0821533203125, 11.970040321350325], [120.08265686035168, 11.960889816284293], [120.08693695068382, 11.956669807434196], [120.07642364501976, 11.958800315857218], [120.07187652587913, 11.963489532470987], [120.06736755371105, 11.961159706115666], [120.06614685058616, 11.961919784546069], [120.06614685058616, 11.973190307617529], [120.06392669677746, 11.975890159607331], [120.0627136230471, 11.990659713745458], [120.06040191650413, 11.994689941406364]]], [[[119.93480682373058, 11.989270210266397], [119.93569946289074, 11.993700027466218], [119.93962097168003, 11.995079994201944], [119.94302368164097, 11.993390083313386], [119.94690704345726, 11.996310234070165], [119.95039367675827, 11.994810104370401], [119.95432281494163, 11.995459556579931], [119.96161651611328, 11.992219924926815], [119.96321105957043, 11.989649772644384], [119.95507812500034, 11.984299659729004], [119.94940185546875, 11.983059883117676], [119.94641876220714, 11.98334026336704], [119.943466186524, 11.98610973358177], [119.93784332275402, 11.984760284423999], [119.93480682373058, 11.989270210266397]]], [[[120.14055633544967, 11.998330116272257], [120.14055633544967, 11.999719619751318], [120.14221954345726, 11.999719619751318], [120.1444473266605, 11.99610996246355], [120.1441574096682, 11.992219924926815], [120.14055633544967, 11.998330116272257]]], [[[119.83528137207043, 11.988059997558935], [119.83693695068371, 11.991669654846305], [119.83611297607422, 11.998060226440714], [119.83908843994152, 12.000760078430517], [119.84111022949264, 11.998399734497411], [119.86222076416038, 11.99944019317661], [119.86332702636753, 11.996669769287394], [119.87333679199264, 11.993610382080192], [119.86411285400447, 11.991470336914404], [119.85542297363293, 11.997790336609171], [119.85166931152378, 11.989170074463289], [119.84599304199276, 11.989999771118505], [119.83528137207043, 11.988059997558935]]], [[[119.88333129882847, 12.006139755249364], [119.88527679443382, 12.008060455322664], [119.88861083984386, 12.005829811096532], [119.88667297363304, 12.004440307617529], [119.88333129882847, 12.006139755249364]]], [[[119.86569976806652, 12.010120391845703], [119.86750793457043, 12.012020111084155], [119.87194824218773, 12.008660316467626], [119.86990356445358, 12.00736045837408], [119.86569976806652, 12.010120391845703]]], [[[119.93972015380905, 12.011670112609863], [119.94125366210949, 12.013540267944279], [119.94280242919933, 12.010160446167163], [119.94167327880871, 12.006669998169343], [119.93972015380905, 12.011670112609863]]], [[[119.87666320800793, 12.011389732360897], [119.87944793701217, 12.014719963073958], [119.88194274902355, 12.015279769897802], [119.88500213623058, 12.01249980926525], [119.88445281982433, 12.00916957855236], [119.88194274902355, 12.008609771728743], [119.87666320800793, 12.011389732360897]]], [[[119.89444732666072, 12.017780303955476], [119.89848327636719, 12.01867961883545], [119.89916992187511, 12.015830039978312], [119.89611053466831, 12.014860153198356], [119.89444732666072, 12.017780303955476]]], [[[120.14598846435558, 12.01889038085966], [120.14888763427791, 12.020000457764013], [120.15334320068405, 12.017219543457372], [120.15611267089878, 12.01249980926525], [120.16194152832043, 12.008330345154036], [120.16694641113315, 12.01056003570551], [120.17445373535179, 12.00916957855236], [120.17973327636753, 12.006110191345329], [120.1827774047855, 12.002220153808821], [120.17804718017612, 11.999170303345068], [120.17804718017612, 11.995829582214753], [120.17666625976562, 11.998060226440714], [120.17527770996139, 11.996669769287394], [120.16722106933594, 12.002499580383471], [120.16361236572288, 12.002220153808821], [120.16333007812534, 12.003890037536792], [120.15831756591808, 12.005260467529581], [120.1558303833009, 12.008060455322664], [120.15544128418014, 12.011159896850984], [120.14717864990257, 12.016550064087085], [120.14598846435558, 12.01889038085966]]], [[[119.88555908203136, 12.016949653625431], [119.88804626464855, 12.020560264587289], [119.88799285888672, 12.026180267334382], [119.88971710205101, 12.02443981170694], [119.89131164550793, 12.026189804077148], [119.89285278320312, 12.025730133056982], [119.89499664306675, 12.020830154419002], [119.8925018310548, 12.020279884338493], [119.88889312744175, 12.015830039978312], [119.88555908203136, 12.016949653625431]]], [[[119.91722106933605, 12.016949653625431], [119.91944122314476, 12.022219657898233], [119.91914367675793, 12.030249595642488], [119.921669006348, 12.021389961242846], [119.91915893554699, 12.016110420227108], [119.91722106933605, 12.016949653625431]]], [[[119.9418716430664, 12.018449783325366], [119.94432067871105, 12.02499008178728], [119.95173645019577, 12.031669616699503], [119.94991302490246, 12.021820068359716], [119.94593048095726, 12.022789955139501], [119.9435501098634, 12.017620086669979], [119.94194030761776, 12.017000198364315], [119.9418716430664, 12.018449783325366]]], [[[119.90528106689464, 12.034720420837516], [119.90611267089844, 12.037500381470068], [119.91027832031307, 12.034170150757177], [119.9119110107423, 12.029609680175724], [119.91565704345726, 12.026269912719897], [119.91565704345726, 12.024069786072118], [119.91062164306652, 12.018839836120947], [119.90888977050815, 12.020279884338493], [119.9091567993164, 12.024720191955737], [119.90611267089844, 12.026390075683935], [119.90833282470714, 12.030830383301009], [119.90528106689464, 12.034720420837516]]], [[[120.3532333374028, 12.038949966430721], [120.35455322265636, 12.042860031127987], [120.35709381103527, 12.043649673462085], [120.36019134521518, 12.029820442200105], [120.35910034179688, 12.028269767761287], [120.3532333374028, 12.038949966430721]]], [[[119.90358734130882, 12.047940254211824], [119.9055633544923, 12.046970367432039], [119.90493011474666, 12.046079635620174], [119.90358734130882, 12.047940254211824]]], [[[119.86389160156261, 12.048330307007063], [119.8655471801759, 12.049719810486067], [119.8708267211914, 12.046939849853686], [119.87819671630871, 12.047080039978084], [119.87027740478527, 12.045559883117619], [119.86389160156261, 12.048330307007063]]], [[[119.89111328125011, 12.044719696044979], [119.89639282226585, 12.04722023010288], [119.89971923828125, 12.051389694214265], [119.90292358398449, 12.049099922180403], [119.8955535888673, 12.041769981384562], [119.89111328125011, 12.044719696044979]]], [[[119.95332336425815, 12.048350334167765], [119.95390319824253, 12.053620338440055], [119.96032714843761, 12.051670074463232], [119.95931243896507, 12.045639991760368], [119.95552825927757, 12.045089721680029], [119.95332336425815, 12.048350334167765]]], [[[119.89842224121128, 12.055509567261083], [119.90373992919956, 12.053649902344091], [119.90045166015636, 12.052209854126147], [119.89842224121128, 12.055509567261083]]], [[[119.87801361084018, 12.057749748230322], [119.87835693359375, 12.057680130004996], [119.87890625000011, 12.057749748230322], [119.87940216064453, 12.05788993835489], [119.87975311279354, 12.057680130004996], [119.8798980712894, 12.056989669800089], [119.87967681884777, 12.056579589843977], [119.87912750244175, 12.056229591370027], [119.87848663330124, 12.05630016326927], [119.87801361084018, 12.056650161743562], [119.87772369384811, 12.056989669800089], [119.87716674804699, 12.057270050049226], [119.87687683105503, 12.057539939880598], [119.87738037109386, 12.057959556579704], [119.87772369384811, 12.057959556579704], [119.87801361084018, 12.057749748230322]]], [[[119.78472137451206, 12.051670074463232], [119.78584289550793, 12.055000305176122], [119.79313659668003, 12.058529853820744], [119.79250335693371, 12.056389808654956], [119.7952804565432, 12.052780151367585], [119.7938919067384, 12.050829887390421], [119.78472137451206, 12.051670074463232]]], [[[119.8787078857423, 12.064979553223054], [119.87814331054699, 12.0649099349979], [119.87729644775413, 12.064979553223054], [119.87687683105503, 12.065190315246696], [119.87653350830101, 12.065670013427962], [119.87590789794933, 12.065879821777685], [119.87605285644543, 12.066360473632699], [119.87674713134788, 12.066430091858024], [119.8772430419923, 12.066289901733626], [119.87764739990257, 12.0662202835083], [119.87837982177746, 12.06606960296648], [119.8786392211914, 12.066020011902253], [119.87877655029331, 12.065670013427962], [119.87876129150402, 12.065520286560286], [119.8787078857423, 12.064979553223054]]], [[[119.83457183837913, 12.072799682617585], [119.83386993408214, 12.072389602661474], [119.83352661132824, 12.072589874267862], [119.83345031738304, 12.073010444641227], [119.83380126953148, 12.073760032653865], [119.83415222168003, 12.074110031128157], [119.8342208862307, 12.07437992095953], [119.83437347412132, 12.074799537658976], [119.83499145507824, 12.074729919433821], [119.8350601196289, 12.073900222778434], [119.83471679687534, 12.07341957092325], [119.83457183837913, 12.072799682617585]]], [[[120.33632659912143, 12.07682991027832], [120.33778381347702, 12.079719543457088], [120.34017181396518, 12.076399803162019], [120.33632659912143, 12.07682991027832]]], [[[119.87317657470714, 12.08220005035406], [119.87464904785179, 12.08378982543968], [119.87666320800793, 12.083100318908691], [119.87317657470714, 12.08220005035406]]], [[[120.30650329589889, 12.104069709777946], [120.30844879150402, 12.105959892273063], [120.31153106689487, 12.10525989532465], [120.30905151367222, 12.103400230407658], [120.30650329589889, 12.104069709777946]]], [[[119.84500122070324, 12.106109619140966], [119.84610748291027, 12.107780456543253], [119.8522186279298, 12.106109619140966], [119.84770965576229, 12.101460456848486], [119.84500122070324, 12.106109619140966]]], [[[119.91748809814464, 12.127889633179109], [119.91748809814464, 12.1311998367309], [119.9198684692384, 12.132439613342228], [119.92140197753952, 12.131540298462255], [119.91979217529331, 12.128780364990632], [119.92217254638717, 12.126299858093489], [119.91819000244152, 12.125889778137548], [119.91748809814464, 12.127889633179109]]], [[[119.84159851074241, 12.12582969665533], [119.8430633544923, 12.131110191345385], [119.84638214111385, 12.13306045532255], [119.84854125976608, 12.122989654541357], [119.85111236572277, 12.117500305176065], [119.85513305664097, 12.11347961425787], [119.84839630126964, 12.116040229797761], [119.84500122070324, 12.113889694214208], [119.84159851074241, 12.12582969665533]]], [[[120.17931365966808, 12.138859748840673], [120.18289947509811, 12.139349937439363], [120.1842727661134, 12.138039588928393], [120.18238830566406, 12.13671016693121], [120.17931365966808, 12.138859748840673]]], [[[119.88086507317985, 12.136833460495893], [119.8842709844456, 12.140239371761822], [119.88578472278596, 12.139558189508648], [119.88642883300838, 12.130459785461767], [119.88504028320347, 12.130760192871094], [119.88530731201195, 12.133839607239054], [119.88215637207043, 12.134539604187125], [119.88086507317985, 12.136833460495893]]], [[[120.15641021728527, 12.146659851074105], [120.16152191162132, 12.143969535827978], [120.16284942626976, 12.141150474548454], [120.15984344482433, 12.141229629516715], [120.15641021728527, 12.146659851074105]]], [[[120.18666839599632, 12.148329734802473], [120.18728637695358, 12.149519920349405], [120.18972015380882, 12.147500038147086], [120.18666839599632, 12.148329734802473]]], [[[120.2534866333009, 12.15573024749773], [120.25476837158203, 12.15692043304449], [120.26348876953159, 12.154640197754304], [120.26717376708984, 12.155429840088232], [120.264442443848, 12.153610229492529], [120.2639007568365, 12.149239540100439], [120.25887298583984, 12.142219543457259], [120.25656127929699, 12.143369674682504], [120.25856781005882, 12.146149635315226], [120.2534866333009, 12.15573024749773]]], [[[120.24920654296932, 12.156620025634993], [120.25076293945312, 12.159170150757234], [120.25083160400402, 12.155830383300895], [120.24920654296932, 12.156620025634993]]], [[[120.16249084472702, 12.159090042114315], [120.16409301757847, 12.160770416260107], [120.16808319091797, 12.158370018005712], [120.17038726806675, 12.15929031372093], [120.17311096191463, 12.155920028686921], [120.17138671875057, 12.153650283813818], [120.1685485839846, 12.153240203857308], [120.1684722900394, 12.150989532470987], [120.16631317138717, 12.150859832764013], [120.16393280029331, 12.153579711914176], [120.16471862793026, 12.155799865722713], [120.16249084472702, 12.159090042114315]]], [[[119.81272888183605, 12.145279884338379], [119.81355285644565, 12.159449577331713], [119.81522369384766, 12.15896034240734], [119.81833648681697, 12.16139030456577], [119.81958770751964, 12.15806007385288], [119.8187484741211, 12.15396022796665], [119.81552886962913, 12.145420074462777], [119.81376647949276, 12.143969535827978], [119.81272888183605, 12.145279884338379]]], [[[120.39312744140636, 12.161459922790755], [120.39360809326195, 12.16139030456577], [120.3941574096682, 12.16139030456577], [120.39444732666027, 12.161109924316804], [120.39499664306686, 12.161109924316804], [120.39555358886741, 12.160559654235726], [120.39568328857445, 12.160309791565282], [120.39546203613293, 12.159970283508585], [120.39440917968773, 12.159830093384187], [120.39360809326195, 12.15999984741245], [120.39250183105491, 12.161109924316804], [120.39250183105491, 12.16139030456577], [120.39312744140636, 12.161459922790755]]], [[[120.38944244384788, 12.163610458374308], [120.39083099365246, 12.164719581604174], [120.39193725585949, 12.162220001220817], [120.38944244384788, 12.163610458374308]]], [[[119.86028289794956, 12.125280380249308], [119.86694335937511, 12.128330230713232], [119.8655471801759, 12.149439811706827], [119.86805725097656, 12.164999961853141], [119.87139129638672, 12.168889999390046], [119.87583160400402, 12.159720420837573], [119.88054656982422, 12.160559654235726], [119.88194274902355, 12.15861034393322], [119.88054656982422, 12.15666961669956], [119.87695312500011, 12.157500267028865], [119.87416839599643, 12.151109695434684], [119.87333679199264, 12.139719963073844], [119.87583160400402, 12.12582969665533], [119.8750686645509, 12.11655044555664], [119.87396240234386, 12.116189956664925], [119.87229156494175, 12.120759963989315], [119.86583709716854, 12.120280265808049], [119.86028289794956, 12.125280380249308]]], [[[120.1489715576173, 12.166939735412882], [120.15022277832088, 12.168849945068757], [120.15260314941418, 12.168540000915925], [120.15370941162121, 12.165659904480094], [120.15162658691452, 12.162710189819677], [120.1500167846682, 12.162850379944246], [120.1489715576173, 12.166939735412882]]], [[[119.87509155273449, 12.17358970642124], [119.87698364257824, 12.178339958191145], [119.87544250488327, 12.178000450134618], [119.8751602172855, 12.181309700012264], [119.87712097167969, 12.182959556579931], [119.88250732421886, 12.173660278320483], [119.88124847412121, 12.168560028076115], [119.87893676757847, 12.168560028076115], [119.87509155273449, 12.17358970642124]]], [[[120.24754333496116, 12.176690101623478], [120.25132751464866, 12.18321990966814], [120.25527954101574, 12.183329582214583], [120.25688934326195, 12.171199798584269], [120.25422668457043, 12.15954971313488], [120.25250244140648, 12.160280227661417], [120.25238800048828, 12.163680076599462], [120.24890899658214, 12.165390014648722], [120.24754333496116, 12.176690101623478]]], [[[120.13033294677768, 12.187150001526163], [120.13339233398449, 12.186610221862907], [120.13474273681675, 12.182689666748388], [120.13033294677768, 12.187150001526163]]], [[[120.384803771973, 12.1884899139406], [120.3867874145509, 12.189319610595987], [120.38803100585949, 12.186440467834814], [120.38638305664062, 12.18539047241228], [120.384803771973, 12.1884899139406]]], [[[120.13760375976597, 12.198189735412654], [120.13860321044945, 12.199540138244913], [120.14280700683594, 12.198530197143839], [120.1542663574221, 12.187219619751318], [120.1575927734375, 12.179670333862248], [120.16599273681675, 12.171950340271223], [120.16870117187534, 12.171369552612703], [120.17756652832077, 12.161370277404671], [120.18652343750045, 12.163740158081453], [120.19830322265648, 12.15559005737299], [120.20053863525402, 12.146499633789347], [120.19468688964844, 12.142600059509675], [120.191162109375, 12.14568996429449], [120.19664001464889, 12.148320198059196], [120.19184875488304, 12.14929962158243], [120.18493652343807, 12.153639793396223], [120.18424224853561, 12.155940055847282], [120.1794128417971, 12.155070304870833], [120.17529296875011, 12.156539916992585], [120.17469787597702, 12.158789634704817], [120.16242218017635, 12.170550346374739], [120.15677642822311, 12.169489860534611], [120.1484375, 12.174220085144327], [120.14727020263683, 12.178580284118993], [120.15028381347702, 12.1850004196167], [120.13760375976597, 12.198189735412654]]], [[[120.39515686035156, 12.204500198364144], [120.4001922607423, 12.201419830322436], [120.40071105957043, 12.194359779357967], [120.39600372314464, 12.200139999389648], [120.39515686035156, 12.204500198364144]]], [[[120.13244628906261, 12.205889701843546], [120.13195800781273, 12.205479621887605], [120.1313323974615, 12.205760002136572], [120.13057708740291, 12.205989837646655], [120.13041687011719, 12.206040382385538], [120.12985992431663, 12.20631027221691], [120.12909698486351, 12.206930160522575], [120.12880706787143, 12.20734977722202], [120.12875366210949, 12.208029747009505], [120.1288833618164, 12.208310127258471], [120.12972259521496, 12.208029747009505], [120.13041687011719, 12.207830429077205], [120.13126373291027, 12.207139968872468], [120.13194274902344, 12.206939697265682], [120.13230133056663, 12.206439971923885], [120.13244628906261, 12.205889701843546]]], [[[120.23916625976608, 12.21471977233898], [120.24062347412166, 12.21568965911871], [120.2425003051759, 12.214170455932901], [120.24408721923828, 12.207639694213924], [120.24372100830101, 12.204719543457372], [120.24185943603527, 12.203610420227108], [120.23916625976608, 12.21471977233898]]], [[[119.86531066894554, 12.2293701171875], [119.86531066894554, 12.228819847107161], [119.86504364013706, 12.228850364685115], [119.86504364013706, 12.228540420532283], [119.86476135253952, 12.228560447693212], [119.86477661132824, 12.228269577026651], [119.8639221191412, 12.228269577026651], [119.86393737792991, 12.228569984435978], [119.86418914794967, 12.228569984435978], [119.86419677734386, 12.228830337524585], [119.86450958251976, 12.228830337524585], [119.86447906494175, 12.229359626770076], [119.86476135253952, 12.229399681091365], [119.86477661132824, 12.229949951172046], [119.86562347412143, 12.229960441589697], [119.86560058593761, 12.230219841003645], [119.86589813232467, 12.230500221252782], [119.86649322509777, 12.230500221252782], [119.86667633056652, 12.230779647827262], [119.86699676513695, 12.230790138244686], [119.86696624755882, 12.230500221252782], [119.86670684814464, 12.23021030426031], [119.86607360839866, 12.230199813842887], [119.86588287353538, 12.229980468750398], [119.86585235595726, 12.229649543762548], [119.86560058593761, 12.229649543762548], [119.86557006835949, 12.2293701171875], [119.86531066894554, 12.2293701171875]]], [[[120.04888916015659, 12.231109619141023], [120.05190277099621, 12.23213005065952], [120.0502777099615, 12.230279922485636], [120.04888916015659, 12.231109619141023]]], [[[120.38510131835949, 12.231719970703182], [120.39095306396484, 12.231760025024471], [120.39539337158214, 12.233770370483455], [120.3978271484375, 12.232460021973054], [120.39389038085949, 12.22305965423601], [120.39527893066418, 12.220829963684196], [120.39360809326195, 12.216110229492472], [120.39472198486362, 12.209719657898063], [120.38834381103527, 12.220829963684196], [120.38800811767612, 12.22830963134777], [120.38510131835949, 12.231719970703182]]], [[[120.08544158935592, 12.236220359802417], [120.0878601074221, 12.237640380859261], [120.09014129638729, 12.235260009765966], [120.09013366699276, 12.232850074768464], [120.08843994140648, 12.23186016082758], [120.08544158935592, 12.236220359802417]]], [[[120.04514312744163, 12.241889953613395], [120.04562377929699, 12.243060111999569], [120.0477676391605, 12.239480018616064], [120.04749298095714, 12.236619949341161], [120.04514312744163, 12.241889953613395]]], [[[119.84443664550793, 12.239999771118448], [119.85388946533249, 12.245280265808276], [119.85278320312511, 12.241939544677791], [119.84443664550793, 12.239999771118448]]], [[[119.85170745849632, 12.247850418090934], [119.85366821289085, 12.251219749450627], [119.85353088378918, 12.24874019622797], [119.85170745849632, 12.247850418090934]]], [[[120.3572235107423, 12.253609657287768], [120.35832977294945, 12.255000114440918], [120.36028289794967, 12.253330230713289], [120.36055755615246, 12.250280380249364], [120.36527252197277, 12.242259979248274], [120.3572235107423, 12.253609657287768]]], [[[120.09145355224643, 12.269980430603198], [120.09214782714855, 12.271189689636572], [120.09583282470737, 12.269929885864315], [120.09927368164097, 12.26568031311075], [120.09686279296898, 12.265089988708553], [120.09145355224643, 12.269980430603198]]], [[[120.35333251953159, 12.287220001221044], [120.35250091552746, 12.287220001221044], [120.35221862792991, 12.28750038147001], [120.35186004638672, 12.28771972656267], [120.3517532348634, 12.287980079651277], [120.35137176513683, 12.288829803467024], [120.35095214843761, 12.289380073547363], [120.35104370117222, 12.28964042663597], [120.35117340087902, 12.289999961853027], [120.35159301757824, 12.289999961853027], [120.3519668579105, 12.289520263671761], [120.35254669189464, 12.289099693298397], [120.35273742675793, 12.288969993591422], [120.35305786132824, 12.288419723511083], [120.35305786132824, 12.28777980804432], [120.35333251953159, 12.28750038147001], [120.35333251953159, 12.287220001221044]]], [[[120.259071350098, 12.297739982605208], [120.26329040527355, 12.299349784851358], [120.2619934082037, 12.29703044891346], [120.259071350098, 12.297739982605208]]], [[[120.3411102294923, 12.306389808654728], [120.34221649169933, 12.307220458984773], [120.34388732910202, 12.304169654846362], [120.34278106689464, 12.303609848022745], [120.3411102294923, 12.306389808654728]]], [[[120.34610748291072, 12.30832958221447], [120.34722137451206, 12.30916976928745], [120.34916687011741, 12.306949615478743], [120.35278320312557, 12.306670188903865], [120.35476684570324, 12.303890228271882], [120.35936737060558, 12.305669784545955], [120.3654403686528, 12.297360420227392], [120.3686981201173, 12.296759605407829], [120.36805725097679, 12.286390304565828], [120.3755569458009, 12.263059616089208], [120.37444305419933, 12.261670112610204], [120.37222290039085, 12.263059616089208], [120.3702774047855, 12.260279655456486], [120.3681793212894, 12.261219978332406], [120.36583709716808, 12.266670227051065], [120.36028289794967, 12.272529602050838], [120.36360931396496, 12.273610115051326], [120.36416625976597, 12.279170036316259], [120.36055755615246, 12.283329963684139], [120.35944366455101, 12.287220001221044], [120.34677124023449, 12.302300453186263], [120.34610748291072, 12.30832958221447]]], [[[119.84834289550793, 12.172499656677417], [119.85250091552757, 12.183890342712346], [119.86389160156261, 12.193329811096362], [119.86583709716854, 12.19832992553745], [119.86583709716854, 12.20444965362583], [119.86250305175793, 12.205280303955476], [119.86583709716854, 12.207280158996866], [119.86528015136741, 12.208889961242676], [119.87500000000023, 12.22278022766153], [119.87500000000023, 12.226670265198095], [119.87277984619152, 12.229720115661792], [119.86499786376964, 12.23332977294956], [119.8627777099615, 12.236669540405558], [119.85861206054688, 12.233610153198526], [119.85722351074253, 12.241939544677791], [119.8595123291019, 12.252570152283056], [119.86083221435558, 12.252499580383414], [119.86083221435558, 12.254440307617301], [119.86416625976585, 12.25778007507364], [119.86416625976585, 12.254170417785701], [119.87011718750011, 12.254650115966967], [119.87167358398449, 12.256110191345272], [119.87139129638672, 12.259440422058162], [119.87777709960949, 12.265000343322697], [119.88889312744175, 12.264439582824934], [119.89721679687511, 12.267499923706453], [119.9033432006836, 12.26778030395542], [119.91110992431686, 12.272219657898006], [119.91443634033214, 12.272500038146973], [119.91610717773449, 12.27472019195568], [119.91306304931652, 12.277219772339265], [119.90389251708996, 12.276670455932845], [119.8938903808596, 12.274169921875341], [119.89305877685581, 12.271940231323356], [119.88971710205101, 12.271109580993823], [119.88722229003906, 12.272780418396337], [119.8880996704105, 12.275059700012378], [119.88249969482467, 12.270279884338265], [119.87055206298862, 12.26611042022705], [119.8668670654298, 12.268199920654524], [119.86916351318371, 12.272219657898006], [119.86916351318371, 12.277219772339265], [119.87222290039074, 12.279720306396769], [119.87638854980514, 12.279999732971248], [119.87487792968761, 12.284580230713061], [119.87906646728561, 12.288960456848486], [119.87139129638672, 12.287710189819734], [119.86776733398438, 12.289480209350643], [119.86804962158214, 12.291740417480469], [119.87139129638672, 12.293330192566088], [119.86805725097656, 12.296669960022314], [119.86750030517612, 12.303330421447868], [119.86389160156261, 12.30611038208042], [119.86389160156261, 12.30972003936779], [119.86638641357456, 12.312780380249308], [119.86860656738293, 12.312219619751374], [119.87277984619152, 12.314720153808878], [119.87973022460972, 12.32769966125494], [119.88971710205101, 12.328060150146655], [119.89415740966808, 12.330280303955362], [119.89556884765659, 12.32806968688999], [119.90194702148483, 12.327779769897859], [119.90471649169956, 12.321940422058276], [119.91361236572277, 12.323610305786474], [119.92639160156261, 12.318059921264876], [119.92360687255893, 12.297499656677303], [119.92749786376964, 12.293330192566088], [119.9300003051759, 12.29471969604532], [119.92973327636776, 12.292220115661735], [119.9316635131836, 12.290280342102392], [119.93778991699241, 12.289310455322607], [119.93723297119186, 12.284440040588493], [119.93945312500057, 12.282219886779956], [119.93138885498081, 12.276940345764217], [119.9291687011721, 12.27777957916254], [119.9251403808596, 12.27624988555948], [119.9300003051759, 12.270279884338265], [119.94972229003918, 12.265279769897745], [119.96360778808605, 12.27056026458763], [119.97334289550781, 12.271109580993823], [119.97499847412155, 12.266949653625545], [119.98361206054699, 12.25971984863321], [119.99054718017612, 12.258890151977823], [119.99610900878963, 12.261670112610204], [120.00469970703148, 12.256950378418082], [120.00852203369163, 12.25644969940197], [120.0114364624028, 12.253459930420263], [120.0147171020509, 12.254440307617301], [120.01534271240268, 12.24987983703619], [120.0202789306644, 12.240559577942065], [120.0255584716798, 12.239170074463232], [120.02929687500057, 12.240559577942065], [120.03250122070324, 12.236109733581713], [120.03555297851574, 12.23472023010288], [120.04134368896484, 12.235239982605037], [120.0446929931644, 12.229849815368766], [120.0480575561528, 12.227740287780989], [120.05010986328125, 12.214909553528116], [120.059432983399, 12.202420234680403], [120.06301116943371, 12.190629959106559], [120.06777954101574, 12.194169998169343], [120.06999969482433, 12.191670417785986], [120.07598876953136, 12.19052982330345], [120.08432769775402, 12.195810317993505], [120.08542633056652, 12.200289726257722], [120.08245849609409, 12.201450347900789], [120.0871276855471, 12.203330039978141], [120.10021972656284, 12.20088005065952], [120.11028289794933, 12.193329811096362], [120.10888671875011, 12.187780380249421], [120.10640716552746, 12.187299728393498], [120.10083007812523, 12.192420005798397], [120.09388732910156, 12.193200111389388], [120.09124755859386, 12.189609527588061], [120.0966567993164, 12.186149597168026], [120.09898376464889, 12.182089805603255], [120.0966567993164, 12.180830001831396], [120.09361267089866, 12.182780265807992], [120.09278106689487, 12.180830001831396], [120.09496307373058, 12.178680419922102], [120.08724975585972, 12.175559997558935], [120.08721923828159, 12.172499656677417], [120.0886688232423, 12.17203998565708], [120.09092712402344, 12.174349784851472], [120.09497070312545, 12.173170089721793], [120.09896087646507, 12.176320075988997], [120.09951782226562, 12.172699928284032], [120.10587310791027, 12.17115974426298], [120.11090087890659, 12.163229942321664], [120.12294769287166, 12.158699989318734], [120.12777709960983, 12.148460388183935], [120.13162231445324, 12.147740364074764], [120.13333892822277, 12.144610404968489], [120.13493347168003, 12.146280288696687], [120.1468963623048, 12.141229629516715], [120.14745330810558, 12.13953018188505], [120.1448898315432, 12.135210037231673], [120.14225769042991, 12.133500099182356], [120.14946746826195, 12.12817955017124], [120.14643096923828, 12.132949829101847], [120.14700317382812, 12.135310173034952], [120.15123748779342, 12.13366985321079], [120.15411376953136, 12.134830474853857], [120.15646362304722, 12.129019737243652], [120.16123962402355, 12.126290321350211], [120.16330718994152, 12.121089935303075], [120.17788696289085, 12.117380142212028], [120.18649291992188, 12.117779731750545], [120.18940734863293, 12.121419906616268], [120.18965911865246, 12.124300003052099], [120.18254852294933, 12.125109672546387], [120.17910003662121, 12.129460334778116], [120.18041992187545, 12.133480072021825], [120.1843414306644, 12.13409996032749], [120.18830108642578, 12.132690429687898], [120.18646240234432, 12.136810302734716], [120.18805694580124, 12.137780189514103], [120.19183349609375, 12.135620117187784], [120.21083068847668, 12.13113975524925], [120.21330261230503, 12.132340431213777], [120.21498870849621, 12.144800186157113], [120.20752716064464, 12.153269767761344], [120.20819091796898, 12.159009933471566], [120.20567321777378, 12.160849571228368], [120.21272277832065, 12.170180320740087], [120.21568298339866, 12.18509960174589], [120.21853637695312, 12.188030242920263], [120.21907806396541, 12.19699954986612], [120.21299743652344, 12.204319953918628], [120.21440887451183, 12.213159561157568], [120.20796203613315, 12.218009948730582], [120.20583343505871, 12.217780113220101], [120.2044372558596, 12.220000267028809], [120.20910644531284, 12.220740318298681], [120.21193695068371, 12.225000381470068], [120.21716308593807, 12.226719856262491], [120.21514129638717, 12.216600418091161], [120.21919250488293, 12.210049629211653], [120.2228469848634, 12.208009719848974], [120.22120666503906, 12.204219818115348], [120.22354125976574, 12.198519706726415], [120.22888946533214, 12.197500228882234], [120.23166656494197, 12.199170112610034], [120.23332977294956, 12.197500228882234], [120.23890686035213, 12.19754981994646], [120.24333190917969, 12.19972038269077], [120.24040985107456, 12.19394016265909], [120.24098968505893, 12.190660476684911], [120.23909759521541, 12.188630104064998], [120.23857116699241, 12.180459976196346], [120.24343109130893, 12.175020217895849], [120.24414062500011, 12.16843032836914], [120.2420272827153, 12.16370964050293], [120.242538452149, 12.16057014465349], [120.25128173828159, 12.151189804077035], [120.2491836547855, 12.149519920349405], [120.24324035644565, 12.150730133057039], [120.24178314209007, 12.149559974670524], [120.24812316894543, 12.145529747009562], [120.25138092041061, 12.146579742431754], [120.25295257568371, 12.14406013488798], [120.25258636474643, 12.141010284424055], [120.24884796142601, 12.138719558716105], [120.24675750732422, 12.131739616394384], [120.25335693359409, 12.129409790039233], [120.2554168701173, 12.12617969512928], [120.2598800659182, 12.125280380249308], [120.25908660888683, 12.130780220032022], [120.26772308349632, 12.133029937744197], [120.27036285400425, 12.135519981384505], [120.2717132568365, 12.142009735107706], [120.27514648437557, 12.144180297851449], [120.27877807617244, 12.137280464172647], [120.27809143066418, 12.133720397949503], [120.28475952148483, 12.12668991088907], [120.28408050537121, 12.120690345764388], [120.28658294677757, 12.114919662475984], [120.2911529541019, 12.114580154419116], [120.29489135742199, 12.119290351867903], [120.29888916015636, 12.118060111999682], [120.3016662597662, 12.119170188903695], [120.30654144287121, 12.113989830017488], [120.30473327636741, 12.111390113830623], [120.30583190918003, 12.108059883117562], [120.30194091796886, 12.104720115661735], [120.30812835693393, 12.100760459900243], [120.30764770507858, 12.098699569702546], [120.31703186035168, 12.0918102264406], [120.32383728027366, 12.097100257873592], [120.3328323364259, 12.091589927673681], [120.33212280273472, 12.086999893188533], [120.3273162841798, 12.08561038970987], [120.32615661621105, 12.083350181579874], [120.32853698730503, 12.079210281372355], [120.33202362060547, 12.0769300460816], [120.33363342285168, 12.077529907226733], [120.33582305908226, 12.074119567871264], [120.33611297607433, 12.06943988800083], [120.34131622314487, 12.055620193481786], [120.33696746826195, 12.05183029174799], [120.33564758300781, 12.046990394592228], [120.33139038085972, 12.042220115661792], [120.32721710205135, 12.044170379638956], [120.31597900390648, 12.044329643249796], [120.31667327880893, 12.040829658508642], [120.31555175781261, 12.039719581604288], [120.31268310546886, 12.040189743042049], [120.31083679199241, 12.037779808044547], [120.30972290039085, 12.039170265197697], [120.30944824218761, 12.030830383301009], [120.31617736816429, 12.030469894409293], [120.31610870361362, 12.038060188293343], [120.32006835937511, 12.040510177612532], [120.3248977661134, 12.037650108337573], [120.32456207275413, 12.031559944152889], [120.3300018310548, 12.024169921875398], [120.3300018310548, 12.02110958099388], [120.3338928222662, 12.022219657898233], [120.3406372070317, 12.012700080871639], [120.33556365966831, 12.00889015197788], [120.33110809326217, 12.001390457153605], [120.33638763427757, 11.992219924926815], [120.31907653808605, 12.000709533691804], [120.31472015380871, 11.996939659118937], [120.30917358398483, 11.996850013733251], [120.30584716796898, 11.991040229797704], [120.300086975098, 11.99246025085489], [120.30027770996128, 11.98750019073492], [120.30317687988304, 11.983920097351415], [120.29984283447277, 11.981329917907658], [120.28753662109398, 11.984919548034668], [120.28636169433605, 11.987199783325423], [120.27012634277344, 11.998629570007665], [120.26702117919967, 12.00496959686319], [120.26291656494175, 12.005889892578182], [120.26130676269543, 12.003959655762117], [120.25292968750011, 12.006329536437988], [120.24830627441429, 12.001749992370833], [120.24416351318371, 12.000000000000114], [120.24490356445324, 11.996290206909407], [120.2342987060548, 11.99516963958763], [120.22884368896507, 11.991330146789437], [120.22487640380871, 11.982310295105037], [120.21781158447311, 11.987549781799487], [120.2176971435548, 11.989170074463289], [120.22000122070347, 11.990289688110408], [120.21678924560604, 11.991649627685945], [120.21193695068371, 11.989999771118505], [120.20889282226574, 11.99555969238321], [120.2022171020509, 11.996669769287394], [120.19788360595737, 12.000470161438045], [120.19297790527344, 12.00109004974371], [120.1906433105471, 11.998689651489315], [120.18979644775402, 12.000900268555085], [120.19194793701183, 12.001939773559457], [120.18888854980503, 12.005000114440975], [120.1777801513673, 12.008060455322664], [120.17527770996139, 12.014439582824991], [120.17555236816418, 12.025279998779581], [120.16221618652378, 12.03234004974405], [120.16221618652378, 12.02443981170694], [120.16055297851562, 12.021940231323583], [120.15721893310581, 12.020830154419002], [120.14639282226585, 12.024169921875398], [120.15110778808594, 12.026109695434798], [120.15083312988304, 12.027219772338924], [120.14527893066429, 12.026390075683935], [120.1441574096682, 12.02250003814703], [120.14083099365246, 12.022780418395996], [120.13276672363293, 12.031669616699503], [120.12944793701195, 12.029720306396825], [120.1291732788086, 12.027500152588289], [120.12666320800793, 12.028889656066951], [120.1252670288086, 12.028059959411564], [120.12722015380871, 12.026940345764444], [120.12416839599621, 12.023329734802587], [120.12416839599621, 12.017780303955476], [120.12972259521496, 12.014439582824991], [120.12972259521496, 12.011420249939079], [120.13276672363293, 12.011389732360897], [120.1374969482423, 12.003330230712947], [120.1372222900394, 12.002220153808821], [120.12889099121094, 12.002699851990087], [120.13088989257812, 11.996580123901708], [120.12658691406273, 11.990409851074617], [120.12271881103527, 11.98987007141136], [120.11752319335949, 11.991809844970703], [120.11647033691429, 11.988940238952864], [120.1146697998048, 11.988389968872127], [120.10450744628952, 12.00212955474882], [120.10073852539074, 12.003829956054972], [120.09639739990246, 12.002289772033748], [120.09583282470737, 11.999719619751318], [120.10576629638695, 11.992810249329011], [120.10739898681652, 11.98775959014904], [120.10645294189464, 11.983630180359114], [120.11248016357422, 11.97914981842041], [120.1148071289067, 11.985019683837947], [120.11682128906284, 11.98610973358177], [120.11945343017612, 11.978610038757495], [120.1183319091798, 11.973609924316634], [120.11209106445335, 11.974960327148835], [120.10711669921932, 11.971329689025879], [120.10359954833996, 11.971190452575968], [120.10022735595737, 11.960439682006893], [120.09506988525425, 11.964059829712255], [120.09113311767601, 11.973549842834586], [120.08854675292969, 11.97120952606241], [120.08654022216797, 11.978099822998445], [120.0800476074221, 11.98620986938488], [120.0816268920903, 11.993780136108626], [120.0863876342778, 11.994239807129134], [120.08805084228538, 11.998160362243823], [120.08331298828148, 12.000650405883903], [120.08113861083996, 11.998970031738452], [120.08100891113281, 12.001150131225927], [120.05439758300793, 12.017780303955476], [120.0525894165039, 12.014769554138184], [120.05771636962947, 12.010169982910497], [120.05824279785168, 12.007329940796296], [120.04915618896484, 12.005000114440975], [120.05082702636753, 11.999719619751318], [120.04634094238327, 11.993689537048624], [120.04158782958996, 11.991430282593114], [120.03723907470703, 11.996089935302848], [120.03443145751976, 11.996080398559684], [120.02398681640625, 11.991319656372013], [120.02047729492199, 11.987660408020417], [120.01814270019543, 11.991169929504679], [120.01854705810547, 11.997309684753588], [120.01555633544979, 11.998330116272257], [120.01249694824241, 11.997220039367903], [120.0159683227539, 12.001850128173942], [120.01442718505882, 12.005430221558015], [120.0102996826173, 12.003430366516454], [119.998046875, 12.005829811096532], [119.99639129638683, 12.004440307617529], [119.99771118164074, 12.001250267029206], [119.99582672119152, 12.000829696655444], [119.99223327636753, 12.002499580383471], [119.9899978637701, 12.00749969482456], [119.98444366455112, 12.006389617920036], [119.97721862793026, 12.010279655456713], [119.97583007812534, 12.016670227051122], [119.98222351074241, 12.013609886169604], [119.98416900634777, 12.015830039978312], [119.98000335693371, 12.021389961242846], [119.98555755615268, 12.021940231323583], [119.98695373535213, 12.027219772338924], [119.99138641357445, 12.02110958099388], [119.99276733398449, 12.020560264587289], [119.99527740478516, 12.023059844971044], [119.98555755615268, 12.03055953979532], [119.98306274414074, 12.029170036315918], [119.98332977294979, 12.025560379028718], [119.98055267333996, 12.028059959411564], [119.98110961914108, 12.02583026886009], [119.97666931152366, 12.023059844971044], [119.97194671630905, 12.02443981170694], [119.9702835083009, 12.028059959411564], [119.97055816650413, 12.036669731140194], [119.97332763671886, 12.039440155029638], [119.97110748291038, 12.041939735412996], [119.96951293945324, 12.05681037902849], [119.97055816650413, 12.05943965911905], [119.9683990478519, 12.064229965210075], [119.9641571044923, 12.0608301162722], [119.96193695068393, 12.061109542846907], [119.95834350585994, 12.057499885559139], [119.9549331665039, 12.058739662170467], [119.95276641845714, 12.055700302124364], [119.94721984863315, 12.068329811096476], [119.9377670288086, 12.073329925537166], [119.94082641601562, 12.076390266418514], [119.95002746582043, 12.074049949646337], [119.95027923584018, 12.078610420227221], [119.94110870361328, 12.084170341491586], [119.93611145019543, 12.083060264587573], [119.9300003051759, 12.095560073852937], [119.9308319091798, 12.10721969604515], [119.93444824218784, 12.116109848022575], [119.93417358398449, 12.121939659118993], [119.92973327636776, 12.130559921265046], [119.9308319091798, 12.136940002441463], [119.9247207641605, 12.137499809265307], [119.9258270263673, 12.141389846802042], [119.92138671875023, 12.149999618530671], [119.91420745849621, 12.157250404358251], [119.90416717529354, 12.16193962097202], [119.90139007568371, 12.16139030456577], [119.89971923828125, 12.163889884948787], [119.90528106689464, 12.180279731750488], [119.90389251708996, 12.186670303345068], [119.89861297607456, 12.190560340881404], [119.89749908447322, 12.19999980926525], [119.88667297363304, 12.205280303955476], [119.88027954101597, 12.202779769897802], [119.87055206298862, 12.182220458984716], [119.86660003662166, 12.178190231323413], [119.86444091796909, 12.170310020447062], [119.86195373535156, 12.166939735412882], [119.85778045654308, 12.165280342101937], [119.86195373535156, 12.164999961853141], [119.8627777099615, 12.163610458374308], [119.86110687255882, 12.154999732971362], [119.8530578613287, 12.14721965789812], [119.85166931152378, 12.153059959411792], [119.85472106933628, 12.157219886779899], [119.85443878173851, 12.162790298461857], [119.85250091552757, 12.16639041900629], [119.84971618652355, 12.166110038757495], [119.84834289550793, 12.172499656677417]]], [[[120.27092742919956, 12.33113002777111], [120.27216339111374, 12.335749626159554], [120.2776031494144, 12.33145999908487], [120.27263641357433, 12.328410148620947], [120.27092742919956, 12.33113002777111]]], [[[119.9508438110355, 12.339170455932788], [119.95867156982456, 12.344630241394213], [119.95527648925804, 12.339719772339208], [119.9508438110355, 12.339170455932788]]], [[[120.2608337402346, 12.350000381470124], [120.26222229003929, 12.354169845581339], [120.26416778564464, 12.349720001220987], [120.26988220214889, 12.348810195923022], [120.2720870971682, 12.34665966033964], [120.27098083496094, 12.343270301819018], [120.26509857177746, 12.345470428467195], [120.2608337402346, 12.350000381470124]]], [[[119.8947219848634, 12.359720230102937], [119.89721679687511, 12.364170074463118], [119.9033432006836, 12.369720458984716], [119.9113922119144, 12.369999885559025], [119.91583251953125, 12.367779731750659], [119.90778350830101, 12.364999771118505], [119.90110778808616, 12.35916996002203], [119.8947219848634, 12.359720230102937]]], [[[119.89772796630882, 12.381730079650822], [119.89891815185558, 12.382900238037223], [119.9005279541019, 12.381999969482763], [119.89878082275425, 12.379249572754247], [119.89772796630882, 12.381730079650822]]], [[[120.11450958251964, 12.38434028625511], [120.11679077148472, 12.38586997985874], [120.11844635009777, 12.384690284729402], [120.11937713623058, 12.382439613342342], [120.11798858642635, 12.379819869995288], [120.11483764648449, 12.382080078125114], [120.11450958251964, 12.38434028625511]]], [[[120.03056335449219, 12.464440345764217], [120.03140258789085, 12.465979576110954], [120.03341674804699, 12.465459823608569], [120.0329284667971, 12.462499618530558], [120.03056335449219, 12.464440345764217]]], [[[120.02194213867199, 12.468059539795092], [120.0233306884769, 12.471389770508154], [120.024169921875, 12.4702796936038], [120.02194213867199, 12.468059539795092]]]]}}]}