{"type": "FeatureCollection", "features": [{"id": "2", "type": "Feature", "properties": {"NAME_FULL": "Republic of Amari", "NAME_SHORT": "Amari", "CODE": null, "DEMONYM": "Amaris", "LANGUAGE": "English", "STATUS": "NOTIONAL", "REGION": "Africa"}, "geometry": {"type": "MultiPolygon", "coordinates": [[[[39.666271103597246, -5.471771036814443], [39.66930389404305, -5.4709730148314595], [39.669231470744045, -5.473961175249498], [39.666271103597246, -5.471771036814443]]], [[[39.56984798593127, -5.413698164581815], [39.57253209298806, -5.412087351075767], [39.58023601353916, -5.413152979257374], [39.58077043389761, -5.410488023694215], [39.58458328247084, -5.4101381301877804], [39.590642873792355, -5.414634743445079], [39.59145675455567, -5.417637842357559], [39.592633755751734, -5.414391275025965], [39.590764516257344, -5.411598104738369], [39.59938024148269, -5.416808569771225], [39.599947512466656, -5.411827151858661], [39.608180078849394, -5.428200273133976], [39.60517208325812, -5.434206775355976], [39.607825188079644, -5.434494995640948], [39.608276616766254, -5.4318863563246556], [39.61096539893348, -5.4298761289774955], [39.61338989521029, -5.4328515654261], [39.61580546358335, -5.426554005319906], [39.61755731855768, -5.4277192046051415], [39.61977438558471, -5.440610604732976], [39.61374102549283, -5.444698670091741], [39.61642759693494, -5.445446899560791], [39.61632071572617, -5.447840850885521], [39.61907581696523, -5.4506050855791965], [39.62160446922685, -5.4452147755875036], [39.62445957856585, -5.443186065748096], [39.62782652045221, -5.44384258013948], [39.63073984494213, -5.451681590564261], [39.63227760012061, -5.452324293291122], [39.63529788630532, -5.446246191495829], [39.63787265570141, -5.446657287274226], [39.63689374038904, -5.450894973871145], [39.640495865247345, -5.447441305208001], [39.64565630360451, -5.446527018075509], [39.65075108526524, -5.4514366326073205], [39.655425044747446, -5.450989186421085], [39.65754474970336, -5.452286397331685], [39.659443951949854, -5.450181118197728], [39.66786817530413, -5.461932170642081], [39.669226594783964, -5.469784177152492], [39.66767987048368, -5.470317942995928], [39.65896241542773, -5.461559621371093], [39.649910177109156, -5.468322707109374], [39.649309402938655, -5.482204888448861], [39.650671194165994, -5.486700754603513], [39.647951880343875, -5.486699627291136], [39.641122883462295, -5.479357307221422], [39.633826205103524, -5.4822868401112945], [39.631980399131635, -5.466560610710713], [39.6281149555799, -5.467894793785222], [39.62786017717531, -5.464386770913032], [39.62439747127143, -5.465682651786308], [39.61985628139591, -5.463753615202593], [39.61897070704553, -5.46666796511821], [39.61605172913761, -5.468406009886939], [39.61423024078386, -5.4579953298949935], [39.60937702431658, -5.4554456453149935], [39.60509580042491, -5.460877611520187], [39.60322544212272, -5.460587126741823], [39.6042604131484, -5.45805826808059], [39.59986172806396, -5.452014587656917], [39.602342320595525, -5.4497967146581505], [39.5999058056928, -5.448055711112465], [39.600665053006175, -5.444790407306899], [39.59811661950124, -5.439105249122322], [39.59605873975161, -5.438200477900734], [39.58939870202532, -5.439842356743307], [39.588995035923, -5.433680035024535], [39.58672763107796, -5.4293856501721915], [39.58246551084291, -5.4264904206433595], [39.58089187012118, -5.422989919713617], [39.576840883657034, -5.4228116360620415], [39.56984798593127, -5.413698164581815]]], [[[39.562354021097875, -5.40239233121409], [39.56378461008364, -5.3977416861575644], [39.56700458142262, -5.397994822105501], [39.57203541106865, -5.402765993067105], [39.57313773304759, -5.4088897126951085], [39.568618396464224, -5.409803195609397], [39.562354021097875, -5.40239233121409]]], [[[39.60401735453126, -5.375380555570031], [39.607441134168305, -5.371044829971572], [39.61597061157268, -5.366527080535688], [39.61634634829388, -5.370041767288525], [39.62944169673933, -5.377978973739195], [39.632864070741476, -5.3830588643483335], [39.62865163669261, -5.389483996860944], [39.62590503965658, -5.389829477040875], [39.62186629727747, -5.388134880975004], [39.61589106826172, -5.3799413749493485], [39.605899782212724, -5.378989512977528], [39.60401735453126, -5.375380555570031]]], [[[39.57986189866106, -5.3708386301619], [39.58017957659142, -5.366944092059578], [39.5820846557621, -5.365694999694748], [39.58314729949262, -5.371391586164487], [39.57986189866106, -5.3708386301619]]], [[[39.581593042596815, -5.363061193265795], [39.58530534208738, -5.360136897266132], [39.58709199351934, -5.362874267412776], [39.585064035249935, -5.365133461898397], [39.58479380966776, -5.363269944904614], [39.581593042596815, -5.363061193265795]]], [[[39.59485005943507, -5.251200661820787], [39.598537048348355, -5.239429811369023], [39.60061389615373, -5.240901184335156], [39.60410392203642, -5.235494016795128], [39.607841275337925, -5.235215403434124], [39.612287119185126, -5.240219444453098], [39.61251272849645, -5.241469413880884], [39.60583092886339, -5.244540162244471], [39.601884523528604, -5.243271509693281], [39.59566591481317, -5.252251838002353], [39.59485005943507, -5.251200661820787]]], [[[39.63432727499328, -5.158718879447877], [39.63674902033017, -5.159362815091084], [39.63706303115658, -5.161698314047358], [39.63432727499328, -5.158718879447877]]], [[[39.70097260529429, -5.1586089729962925], [39.704884598476305, -5.156546589785327], [39.705615813031166, -5.157461860440682], [39.70355179005481, -5.16178630603652], [39.70097260529429, -5.1586089729962925]]], [[[39.60373380894194, -5.159533990812504], [39.610579574183554, -5.152703465536002], [39.60702298679451, -5.158689724568122], [39.60373380894194, -5.159533990812504]]], [[[39.612899995169045, -5.151014461159287], [39.61562843498073, -5.147944642852087], [39.62729479141594, -5.147471577998219], [39.614096183154864, -5.151781536298161], [39.612899995169045, -5.151014461159287]]], [[[39.67104422085655, -5.137223910558264], [39.67901431902697, -5.1337461311958155], [39.680692646537715, -5.136332950838929], [39.67673142899831, -5.141243695973374], [39.67104422085655, -5.137223910558264]]], [[[39.636799435947985, -5.153243094929971], [39.637991583702544, -5.13910309111858], [39.6468048095704, -5.132915019988937], [39.64704238570179, -5.135771943943057], [39.64322737282569, -5.141455993740651], [39.64256711493715, -5.148679322668537], [39.64103440968768, -5.14917039327778], [39.64010183999439, -5.152525418110576], [39.636799435947985, -5.153243094929971]]], [[[39.65431557651105, -5.146389617665337], [39.65814524122298, -5.140834194260924], [39.660086133585544, -5.132678493451204], [39.662437688955706, -5.1358954790741596], [39.66896177811155, -5.139387964167463], [39.66100930972961, -5.142190719466422], [39.658087806830984, -5.149213710941103], [39.65431557651105, -5.146389617665337]]], [[[39.660435866176876, -5.114893715169133], [39.662902087829906, -5.11402541414232], [39.66400458061302, -5.115452566403311], [39.660435866176876, -5.114893715169133]]], [[[39.83680836488653, -5.1130568141535715], [39.83874893188518, -5.111249923706085], [39.83815359588832, -5.113930106078479], [39.83680836488653, -5.1130568141535715]]], [[[39.629655549976846, -5.105547188245252], [39.63148407214146, -5.104447186469274], [39.63329584987854, -5.095203896412803], [39.63555242357587, -5.097324445488516], [39.63776761866154, -5.096580108315463], [39.638738568698535, -5.0987488820669835], [39.6371048636107, -5.102094910653454], [39.63754376443785, -5.105639693186914], [39.63544481996611, -5.105049268521578], [39.635745655449035, -5.109442886145965], [39.64104696941143, -5.1145098660007715], [39.645967840112924, -5.11430373936812], [39.643954484807516, -5.117570291884155], [39.64137883512092, -5.117115056826682], [39.63797669448504, -5.119367170431799], [39.63361880964343, -5.127557940643568], [39.63293148115171, -5.123755822388576], [39.63539988390377, -5.116533642961274], [39.63311950623166, -5.10966091960019], [39.62996783236044, -5.10761018584609], [39.629655549976846, -5.105547188245252]]], [[[39.63877341263285, -5.094822352502737], [39.64034789019682, -5.094672806207745], [39.63976024821943, -5.097849027397006], [39.63877341263285, -5.094822352502737]]], [[[39.84965822381437, -5.044174115520361], [39.851806640625405, -5.041529178619308], [39.85141985477175, -5.043989223426282], [39.84965822381437, -5.044174115520361]]], [[[39.83326780982211, -5.105279556048492], [39.83769914739633, -5.096390458278632], [39.84374664563842, -5.094718678159582], [39.84742238313093, -5.086654524297396], [39.85171842895242, -5.0861571636354075], [39.85105064018094, -5.0821640042545635], [39.8548257539277, -5.081702945860256], [39.857037198168584, -5.077778918674669], [39.856436134054725, -5.073564163305866], [39.85271728888816, -5.072566660256728], [39.85015259015886, -5.0690219119811974], [39.85449406546061, -5.062188980210935], [39.85273917537598, -5.061618284772473], [39.84976086961521, -5.065659204473283], [39.846250434337456, -5.060218765166402], [39.85064687329541, -5.05470346574266], [39.85049107283488, -5.050771511951124], [39.85392175535268, -5.049825481698322], [39.860137939453296, -5.038472175598008], [39.861241257122344, -5.04395274812377], [39.85874757173865, -5.053151833884995], [39.86019174463423, -5.06138859174885], [39.86356504107303, -5.067545901627257], [39.868616561645005, -5.067593276510829], [39.870231011412834, -5.065444486818782], [39.87152760713429, -5.0694651016563785], [39.870942689637275, -5.079099447521029], [39.86314226310733, -5.107783437883162], [39.85725113603014, -5.10930654624242], [39.841048105051165, -5.104058154384772], [39.83402718581833, -5.106240234344694], [39.83326780982211, -5.105279556048492]]], [[[39.63318788322213, -5.082589535772319], [39.642049507387796, -5.055754446669214], [39.64380125031629, -5.043325494922124], [39.6461984488191, -5.039165828106862], [39.648569211035685, -5.02741946716001], [39.655642864212666, -5.0172224641008345], [39.65658836575728, -5.011675613426947], [39.659399593941565, -5.008010355541126], [39.66291809082048, -5.007359981536785], [39.6642808199081, -5.008123272583509], [39.66400258047234, -5.011599026689639], [39.65689189798863, -5.031073908177097], [39.656049112197074, -5.0347171625169995], [39.65728279843522, -5.03753204038726], [39.65508938468912, -5.046660526041835], [39.64604906126184, -5.068296095662861], [39.64818144846643, -5.070619458815218], [39.644661949876976, -5.076622380941709], [39.646240027720665, -5.079025867272291], [39.645678394750846, -5.0843218135101065], [39.64232755092248, -5.092257530096811], [39.633887508147055, -5.093480507027115], [39.63485660743463, -5.088315697220436], [39.63318788322213, -5.082589535772319]]], [[[39.65679882825751, -4.991024417257917], [39.66102977088309, -4.97611906622395], [39.667559389236125, -4.967835668685305], [39.669914624937526, -4.961115909592051], [39.675834450935106, -4.961306865829007], [39.67489403705607, -4.966032726031555], [39.67665369606977, -4.9678692778839295], [39.6780792056843, -4.963815095527346], [39.67839088742161, -4.9700514294974685], [39.676030643475364, -4.96852109646837], [39.67534381822127, -4.972218920436733], [39.67185886660794, -4.976388240105178], [39.66987874010553, -4.982352787307631], [39.66979969412137, -4.989715839114206], [39.666578569827145, -4.989162618271026], [39.66570997278681, -4.9959669432131815], [39.6681501935909, -5.001896315337229], [39.664679160780565, -5.003847215285395], [39.66498424125096, -5.005089492210102], [39.66245691770585, -5.00475781986629], [39.6617404806321, -5.001674990961957], [39.6599447650802, -5.001175969904148], [39.65679882825751, -4.991024417257917]]], [[[39.80624550635686, -4.951293919996802], [39.80819320678731, -4.949584007263086], [39.81198840945127, -4.953296379344652], [39.81065708172427, -4.956421786187226], [39.80913414613206, -4.956780046553844], [39.8089548920579, -4.954108602355101], [39.80624550635686, -4.951293919996802]]], [[[39.80160898852426, -4.949995619703129], [39.80347061157251, -4.948750019073289], [39.80534582839202, -4.95027340141907], [39.803888037549314, -4.951454057837479], [39.80160898852426, -4.949995619703129]]], [[[39.80291402887222, -4.942404412423196], [39.804264328180324, -4.939053273874583], [39.80816588925951, -4.941173088212247], [39.80687805242305, -4.945119447394708], [39.80291402887222, -4.942404412423196]]], [[[39.79680240260369, -4.93148660569207], [39.801794507781636, -4.927357523411002], [39.80867110228115, -4.930559853630845], [39.80606364459565, -4.930787324288621], [39.80670483204439, -4.933152831118415], [39.80027306242829, -4.937840530455473], [39.79680240260369, -4.93148660569207]]], [[[39.672388430758694, -4.883491571564003], [39.673361215642096, -4.883956155757074], [39.6724407701008, -4.882506262367459], [39.67367235914648, -4.881876069603619], [39.67468631364071, -4.885038283159782], [39.678374781970234, -4.887287014055941], [39.67417859628367, -4.888707635058465], [39.67504895769221, -4.886020690820514], [39.672388430758694, -4.883491571564003]]], [[[39.62985532551944, -5.406398791158251], [39.63214231222648, -5.394177068581785], [39.6385558258098, -5.388832555383916], [39.64171350071731, -5.388097529875191], [39.6407288701294, -5.385605179431918], [39.64310881104539, -5.381430491138728], [39.64161380863445, -5.3744806231306175], [39.64284983572793, -5.373272797187978], [39.63707803362376, -5.370177775873186], [39.63854174891833, -5.368475177573506], [39.63947309864349, -5.370051557247946], [39.644260212353906, -5.3621722520424075], [39.64453734760554, -5.354718146486581], [39.640691506923716, -5.350898299226037], [39.64184892441037, -5.340002009029332], [39.64978107845028, -5.334780544046014], [39.65116523447723, -5.331387138106125], [39.65046339195216, -5.327501249550393], [39.65449151292458, -5.321746724985799], [39.6549673157443, -5.318504423065429], [39.65652066140156, -5.3189515475219995], [39.65462979849886, -5.325830762278239], [39.66309051682125, -5.334684231832254], [39.663570628416885, -5.3372754595116145], [39.665832361828286, -5.338152861027234], [39.671262220990585, -5.3340414853048745], [39.67494370219669, -5.3395196047009374], [39.67717003397447, -5.335169761875891], [39.68512088019019, -5.340719417659701], [39.678515426337675, -5.332779925223763], [39.679289798005975, -5.327371426505101], [39.67728130928095, -5.322441169840131], [39.670182139742145, -5.319721193461335], [39.67179351971542, -5.315980806653764], [39.66852412357476, -5.310556347254947], [39.66811518484246, -5.303828934985999], [39.66326568020052, -5.299509563559779], [39.66259009101681, -5.295749800488592], [39.654919313536226, -5.290637277127486], [39.65412701623912, -5.288231257757703], [39.660556441439184, -5.283816612703918], [39.666559414032506, -5.2832314639523315], [39.67771758041093, -5.290892269352154], [39.68166605115436, -5.290917812149543], [39.68644854152733, -5.28728243434986], [39.69027237190606, -5.277150648408524], [39.694166288449935, -5.282305046972313], [39.703749556439234, -5.282093861062576], [39.706130119686385, -5.284016623892596], [39.70520736691424, -5.2804525334670505], [39.6950111868085, -5.280074690882186], [39.68854128711553, -5.272562958517524], [39.69121683531008, -5.2664947500707715], [39.68627709579256, -5.258543964221163], [39.68600445569202, -5.254230550993411], [39.687765619678224, -5.251296619839918], [39.691728725834714, -5.2521554634500145], [39.69652403842688, -5.256232255608806], [39.707152888331095, -5.255666766094658], [39.711993100993055, -5.253651354773536], [39.71131638958028, -5.250768359274938], [39.71617232759766, -5.2503385333745545], [39.724122583853124, -5.242733075954886], [39.7272243227965, -5.242163087967766], [39.73194178444822, -5.245925126201856], [39.738946589246645, -5.246332319076119], [39.75446693274361, -5.257592186109283], [39.755895135955306, -5.255553055088091], [39.74912014286414, -5.249195930462713], [39.74988094106103, -5.246615943496158], [39.75228591870775, -5.245599398616507], [39.75173537163013, -5.242155615946187], [39.7483280669075, -5.2423009429781064], [39.74263012454494, -5.238490362715842], [39.733961120570534, -5.239545808149826], [39.73222389244847, -5.237692737599309], [39.72382717241115, -5.235618789206642], [39.721594602820794, -5.2321056368237695], [39.7183411734055, -5.2336921891768196], [39.71532075429494, -5.2288463828511045], [39.70745463805941, -5.224210782472616], [39.70144666014975, -5.217443184103798], [39.68618079639655, -5.216004029606447], [39.679901068621255, -5.21885755238114], [39.678124407779165, -5.222615119201146], [39.67073028474993, -5.219480462794612], [39.66925105263553, -5.214401900593346], [39.65999839826751, -5.208522622901723], [39.65216406386177, -5.206725515923116], [39.647443835359304, -5.202546912484918], [39.64712592425173, -5.188328180130908], [39.652279731060254, -5.185973233513286], [39.65643260782699, -5.1871800630572285], [39.65913713710397, -5.192043416332259], [39.665066619159724, -5.19744198996599], [39.66272253370847, -5.2033363763202], [39.665236016167256, -5.208375402936705], [39.674445188081904, -5.213972541006884], [39.680496763025104, -5.2142826675548815], [39.68140104139533, -5.210469802284345], [39.686451755042825, -5.21089729832247], [39.689373739357066, -5.203476001829843], [39.694671261291965, -5.208188174187489], [39.704611787817264, -5.206002445905122], [39.710702411009365, -5.208175936457016], [39.71605240736356, -5.205998463733552], [39.71741775307703, -5.210836998043211], [39.71937560782078, -5.2112226195963895], [39.72370272526221, -5.206109088021504], [39.72216175350703, -5.202780109483429], [39.72358333432276, -5.198282388240694], [39.73035296780446, -5.201865029072605], [39.73222155845005, -5.20676269727498], [39.73476997235999, -5.204896210472354], [39.73822732138484, -5.2062171945051805], [39.74058805153576, -5.204822873079662], [39.7417858189817, -5.202286400164935], [39.739680374982996, -5.203389928279689], [39.739044174337586, -5.200134777876508], [39.74177035964016, -5.1956026769262476], [39.73527645285753, -5.19764852460507], [39.73838932626262, -5.192500501105846], [39.73730264925522, -5.189444469887983], [39.73433781524474, -5.187830834909635], [39.736663878807306, -5.185468939924265], [39.74478712136041, -5.1842306750723655], [39.7476051803972, -5.177940994329999], [39.74461658188809, -5.173783775461649], [39.739170932933206, -5.1757576407087225], [39.73890208133302, -5.177593127043378], [39.73543791351216, -5.176879192300499], [39.73742275382382, -5.170012133347912], [39.74401467540876, -5.159860070987365], [39.743121769606134, -5.155493073006445], [39.73965510865352, -5.153650941717869], [39.74115745739991, -5.152121141458421], [39.73687908359179, -5.15198567889219], [39.74197345087359, -5.150398252184241], [39.74061776102769, -5.147985077878703], [39.734642299646346, -5.149362361782339], [39.73395073124309, -5.155056984516149], [39.72982284472089, -5.1605872314548495], [39.72496042242533, -5.162183363658501], [39.72281636526525, -5.168650523468132], [39.71167894228867, -5.17509587914371], [39.71044370173314, -5.1697914817620205], [39.71397848733354, -5.166109371179983], [39.71706353753675, -5.154880714830723], [39.71534192588227, -5.151045457168513], [39.71221931330096, -5.150742355061899], [39.71001097358081, -5.153150801193496], [39.70975692801418, -5.151008174468563], [39.70228378810444, -5.143550467105706], [39.6984003694362, -5.141530533729588], [39.69695963612239, -5.143142231038356], [39.69200359204948, -5.13716306061629], [39.685441864205735, -5.1354902276361525], [39.68763311516082, -5.12964702732952], [39.68354398745327, -5.1253367527403615], [39.68413670119376, -5.122677677130083], [39.700101169075104, -5.116084500565554], [39.69357039509998, -5.114764129201843], [39.69003107871601, -5.106844886221351], [39.68517053783494, -5.103165129270026], [39.69564294151962, -5.092499299659581], [39.696772456152026, -5.08811878024491], [39.693774492536356, -5.082849609835494], [39.69549688379566, -5.078815893989441], [39.69843503668287, -5.081535326319697], [39.700623971465994, -5.0789477945338835], [39.70050438178313, -5.069396116621094], [39.70594335352207, -5.0740008776191114], [39.70769599457907, -5.070475129166718], [39.710319578585114, -5.069113845592854], [39.712609526425176, -5.073222886292017], [39.71033789662322, -5.076227068425032], [39.71605998697215, -5.076192139098756], [39.71769587043391, -5.073002734505527], [39.720880697424484, -5.073739094665042], [39.7261773739043, -5.072078124108748], [39.734384715215405, -5.077289476028257], [39.73733902534598, -5.077059332049805], [39.72750235629157, -5.069626759511392], [39.72184682817873, -5.070872554965389], [39.72120718319961, -5.067488524021213], [39.71445504984104, -5.0576872614055635], [39.71278012341611, -5.057414592210785], [39.70943602905753, -5.060637608803331], [39.705500611695584, -5.058133261995534], [39.707034740206744, -5.0557854311525485], [39.7009939796611, -5.053777870471565], [39.699227293368374, -5.055397431004982], [39.69833581422347, -5.052953939671978], [39.68923840596759, -5.05232929050341], [39.67248206325618, -5.0467471580878165], [39.669609875212515, -5.042430540275822], [39.66972563751999, -5.0407513233895695], [39.67284962471834, -5.040152542654619], [39.67816100183957, -5.043094678269577], [39.68011937877805, -5.039300141448377], [39.67965055526897, -5.033826456891655], [39.68466385874799, -5.029665806507255], [39.68756391304798, -5.029935278486031], [39.68832915470309, -5.034788929020939], [39.692043763882275, -5.033363371103983], [39.693457931216265, -5.0304147652907805], [39.693115255410135, -5.0138311179098505], [39.68982459905349, -5.00913415548605], [39.68367046677522, -5.005489697043375], [39.678789354941564, -5.005837992904416], [39.682350587156286, -5.000765486465708], [39.67851474000313, -4.996399645182548], [39.67925234425601, -4.992490706760888], [39.67546100202438, -4.9866650610777885], [39.67686724671467, -4.982231328465003], [39.68135436433898, -4.977993469721431], [39.68583408593692, -4.980926028306465], [39.68938139019543, -4.980665016982266], [39.69051829173225, -4.976906300979378], [39.69681355430713, -4.974874073249991], [39.700827395876466, -4.9806455424133755], [39.70161679840097, -4.977726474993327], [39.70452173645676, -4.979025801618109], [39.70597810012731, -4.9772183257928315], [39.701563339348496, -4.975866047967115], [39.6995065196304, -4.971324854364534], [39.69638347123415, -4.971746405078159], [39.695787667274736, -4.969331323109349], [39.69384105085539, -4.970332799160149], [39.6936020911614, -4.965195432323499], [39.69160441522278, -4.965213668655322], [39.68965612260221, -4.96753229701814], [39.68815570658749, -4.957847924244918], [39.685237638951605, -4.955912948031171], [39.68276315055395, -4.949088455508344], [39.68188985291779, -4.950041688154583], [39.68450782572078, -4.955515027625479], [39.68356028498637, -4.956475411582373], [39.68617543714715, -4.958543591733511], [39.68606002826985, -4.960652782238606], [39.68284151878479, -4.957436820600103], [39.678283457872084, -4.956016158330057], [39.67634541283741, -4.956622980530279], [39.67555491381028, -4.958968046401724], [39.67359804683711, -4.958130218902879], [39.674835645178426, -4.956829846419142], [39.673522727432704, -4.956118247912089], [39.67340473032142, -4.951953435866274], [39.66911300671257, -4.9494483677801515], [39.67102817977946, -4.94546764764654], [39.673130105326855, -4.945563014601051], [39.672725951979444, -4.942229400097142], [39.67456500312992, -4.9395916922577054], [39.67298931537294, -4.929166040615618], [39.677076188073464, -4.910747874371468], [39.67486635505893, -4.91235215827639], [39.67306411398504, -4.910214084907372], [39.67246692936684, -4.911760378451513], [39.67124463407626, -4.900946624249203], [39.67197796913738, -4.898560871541546], [39.67436459436922, -4.902864148982955], [39.67641693126912, -4.902655831928682], [39.67546476728057, -4.904945238811509], [39.67756574058932, -4.906142904136557], [39.67893716274898, -4.888296174206586], [39.67756220477075, -4.884374647236678], [39.675491138739545, -4.884469841680028], [39.67384830949606, -4.881107289331199], [39.674263755203405, -4.879615937727033], [39.676742243796255, -4.880844891963632], [39.6768601125551, -4.873891286994114], [39.68171966816723, -4.866433566110873], [39.6814535025067, -4.863869326252557], [39.67824463550312, -4.86167160994424], [39.67978492595226, -4.862005111142453], [39.680661591991935, -4.860169805153847], [39.681973136655564, -4.861162362818705], [39.682772658338735, -4.859654780192679], [39.68785048281767, -4.861671643237431], [39.68840123379423, -4.863639757570892], [39.68668077272533, -4.863242049712779], [39.68451770323683, -4.865884460229752], [39.68183357276072, -4.864222570827126], [39.685378932258615, -4.8695587487238345], [39.684082692641816, -4.878617523858475], [39.68701593321367, -4.881047940969241], [39.68712845834404, -4.884149866880216], [39.6935621061072, -4.892850929281467], [39.69283971794991, -4.884339473033128], [39.69555584699319, -4.884073666876221], [39.70256286324557, -4.8891119511516035], [39.70252057006932, -4.89036168183552], [39.698827365528906, -4.890226067931236], [39.70290233882015, -4.8951314017469105], [39.70233958456238, -4.8972477944091874], [39.699618373298236, -4.897325942978936], [39.702548259410804, -4.900759099022123], [39.70132741245998, -4.901395654196294], [39.70221701004349, -4.904249775876979], [39.70365952512474, -4.90327280252596], [39.705301224581476, -4.90456858582049], [39.70321326104199, -4.899523300729269], [39.70755962309412, -4.897953453352111], [39.709695829489185, -4.903123565596745], [39.71144372956595, -4.903091659517278], [39.710494575205686, -4.901629734898938], [39.71227733877019, -4.900523102472887], [39.709952458221316, -4.896038638324773], [39.714753603055726, -4.894787123901478], [39.71523623918075, -4.890784974889106], [39.71723590575654, -4.891203989010728], [39.717129928780544, -4.889641767602404], [39.719197006101766, -4.889124214054474], [39.72004629033706, -4.890355102849453], [39.717161284422716, -4.892768571690409], [39.71897206463098, -4.896105140686879], [39.71460489930792, -4.895899945182203], [39.71871200688178, -4.8998945930236015], [39.716060372415825, -4.901921667926645], [39.71727863501081, -4.904766449948239], [39.713793855556474, -4.908341325524157], [39.71381728177513, -4.910898641421779], [39.71834526359964, -4.910929196975333], [39.719199532273215, -4.907995952558641], [39.72277188945839, -4.908524818140014], [39.72396761262865, -4.911442026831159], [39.72297088310413, -4.906399113906135], [39.72770621191693, -4.902944193581638], [39.743616762250696, -4.90713425620215], [39.74811737621221, -4.90993492175984], [39.75134923443609, -4.914275821324265], [39.75470393966028, -4.914900938567834], [39.75528157231932, -4.9172985020973226], [39.759199188457124, -4.918786002887954], [39.765511870067634, -4.928097367454276], [39.77055371800074, -4.930646605110978], [39.77672673921671, -4.930615325904464], [39.7817356025275, -4.9246110824403555], [39.786450813366166, -4.926645270800334], [39.791301791232144, -4.941668207660976], [39.799801764269745, -4.953898597780748], [39.80077268937006, -4.961190686056094], [39.80360518394193, -4.963696843050203], [39.81026783363593, -4.964086462643946], [39.81529713583961, -4.967945259829021], [39.81213300802545, -4.977776862620642], [39.81384813652121, -4.983096958543198], [39.82040164844794, -4.985959546090912], [39.823127230462426, -4.9845849310028445], [39.82531902021425, -4.986451228870559], [39.82767776577774, -4.984573735594688], [39.83008499505428, -4.985966678293741], [39.828674776407354, -4.983269721731842], [39.82162463324742, -4.9808765683823975], [39.817671403825024, -4.975203508713522], [39.81652186285168, -4.964670433173035], [39.817672090087626, -4.955101211157009], [39.821256728484585, -4.954196810877276], [39.820691198234044, -4.952650043586582], [39.816620971420676, -4.953105567609173], [39.81647706423868, -4.949989869253679], [39.81128282807767, -4.941041329061102], [39.81075137944519, -4.937767029393436], [39.81465665143578, -4.927711660423162], [39.8162458499753, -4.926817001863215], [39.81829106002551, -4.928664182780063], [39.82563222338094, -4.929401903311392], [39.83145391321586, -4.935935720001661], [39.836103306198474, -4.935363315607644], [39.83375977456714, -4.931735993450426], [39.83652143489352, -4.930704301308397], [39.83460137535247, -4.927369314073493], [39.83545920316019, -4.923048910139771], [39.83853855125351, -4.923445270540716], [39.840417480327346, -4.921452328266396], [39.837948011857456, -4.91340343829525], [39.841390009795504, -4.9085256109369535], [39.843438202350264, -4.908291268149378], [39.845278692296134, -4.911477740363379], [39.84616889061777, -4.909645152850972], [39.84621517398833, -4.915763196663958], [39.843184321483356, -4.921034899368371], [39.843788224270156, -4.927704316574433], [39.84652550405273, -4.930493705732042], [39.84566646234225, -4.939653158650126], [39.84422751590505, -4.945613586156261], [39.839107626199784, -4.949942224824477], [39.838209943977716, -4.954309918596023], [39.840475918059155, -4.9507540476519285], [39.845884974665864, -4.947402836523596], [39.84811523652639, -4.948847746237872], [39.84718809122204, -4.953389014641951], [39.84917038138872, -4.950459407815488], [39.85114873729999, -4.952281706219841], [39.84930072178373, -4.944472598533567], [39.85233078930702, -4.939374542740227], [39.8523538994045, -4.932446805221824], [39.84905624350699, -4.92367862350469], [39.85022262244549, -4.921879999834156], [39.853684863444634, -4.921171229786259], [39.852955777853445, -4.919728001553514], [39.85669900717586, -4.91507374235769], [39.85908321911165, -4.906950723634695], [39.86120808463785, -4.907236071011978], [39.860978712711955, -4.892288520512134], [39.86297051990047, -4.887972527572382], [39.86611019244518, -4.886849124672965], [39.86981361954741, -4.8902774230722645], [39.8742935025382, -4.905502149205754], [39.87318707182493, -4.916022410198773], [39.87427771775228, -4.9354481372730685], [39.87293515110971, -4.93764627027482], [39.87271598678675, -4.948057597523681], [39.87432200993571, -4.972355726457645], [39.8768048489858, -4.981132216010886], [39.875674287655556, -4.993460410885708], [39.87239015485216, -5.002843332983931], [39.869828282151694, -5.019370748647445], [39.86672249695929, -5.025901226219753], [39.865150323036154, -5.024860919532292], [39.866056135206314, -5.02099478547362], [39.863625348458605, -5.025372504917369], [39.85967665339328, -5.024554845187668], [39.85591830429734, -5.016575268439416], [39.85201464784823, -5.016494808273153], [39.848860311782104, -5.014543483963818], [39.84867246297626, -5.0096731222478486], [39.847368864062645, -5.008766245217222], [39.84286387250418, -5.0148058677077945], [39.84048584341818, -5.015767541360683], [39.84032648799883, -5.018383691155703], [39.8348912052434, -5.018387816654668], [39.84089551227453, -5.026386730488097], [39.835722011141435, -5.039787471477686], [39.8362220018127, -5.0510410585863585], [39.83180133252696, -5.059277950505381], [39.83506522405254, -5.0702771793547985], [39.83378200755184, -5.078825738584802], [39.83586459140121, -5.078559230062263], [39.838103682715705, -5.080788311118356], [39.838185558036095, -5.083389860177734], [39.8372665464347, -5.086989962801658], [39.830163156371164, -5.092563822111762], [39.831727730303086, -5.095039200562068], [39.82881185347261, -5.098899065795726], [39.82624276738705, -5.107961391805604], [39.82883467481973, -5.111178308747322], [39.8323125684641, -5.1122214848487335], [39.82958875063912, -5.116607994447309], [39.831205662041754, -5.123004104189333], [39.83033691151086, -5.126168113147811], [39.82719046425843, -5.127954071283591], [39.824594806368204, -5.132143510262965], [39.82490869192575, -5.1366751479744455], [39.8275599154923, -5.1388899991720915], [39.825546836191, -5.144307586136021], [39.83722325789661, -5.145090356242887], [39.843163706044045, -5.130490060384352], [39.84244446067962, -5.1280651464469695], [39.8454099840814, -5.120056920465599], [39.844387090487395, -5.110273618833405], [39.84551084497508, -5.108564363326495], [39.84889722289112, -5.1082407703200605], [39.85617580466646, -5.110768889852713], [39.8580527588754, -5.113698300941882], [39.86236081811097, -5.113205726076808], [39.86425894210691, -5.114719060131234], [39.86176389481316, -5.145785381892809], [39.858496768547454, -5.14979194521108], [39.85984530008083, -5.153188919783114], [39.85736600156483, -5.157167104536287], [39.8581552401387, -5.1657849693441005], [39.856469896486686, -5.171934956872759], [39.852655014038525, -5.172725717240079], [39.84986673981688, -5.179378732374085], [39.8553099611803, -5.181287768144172], [39.85649310114266, -5.1878886113486455], [39.85396933935164, -5.199439091334712], [39.85097723114884, -5.20129879513731], [39.85315244235466, -5.204487167714111], [39.852609002744195, -5.211873839624515], [39.850338371842405, -5.217560204146787], [39.847401177871696, -5.21943829699647], [39.848168569956684, -5.227156851387216], [39.84568528068984, -5.228589891488822], [39.84816948894921, -5.231317654634227], [39.84156994982034, -5.24277245269249], [39.842905356391796, -5.24403006081493], [39.842613712961324, -5.249655241622309], [39.83840128809835, -5.258609871959363], [39.83439512678456, -5.262910557162703], [39.83138324618701, -5.262306386959237], [39.82766944761683, -5.257560554527485], [39.82961600666216, -5.263642978393213], [39.837250677626386, -5.265456323945683], [39.83930067088722, -5.273113322928369], [39.83611100463521, -5.274258743074123], [39.83135897499804, -5.270510366504455], [39.8257809378972, -5.27798594573281], [39.82704274017906, -5.278372424905653], [39.83102771604906, -5.273477543035865], [39.834206535141455, -5.27437426489219], [39.83617270282221, -5.2769039782213145], [39.82961690453931, -5.2909065772346775], [39.82675852942386, -5.303613733871915], [39.82322666394574, -5.3081288755437495], [39.822590989432534, -5.3138889747949225], [39.82149175337089, -5.31514845072425], [39.819085577146936, -5.3138838539950495], [39.819547622685654, -5.3210872926662045], [39.81463101887464, -5.323526988554006], [39.81536923956349, -5.325634115779421], [39.81132413919451, -5.325210881463116], [39.80926916839334, -5.335033680587076], [39.80322195270621, -5.331182096314846], [39.80482397056023, -5.3357751450995305], [39.80071219949189, -5.341320288346507], [39.80341657651572, -5.342217683497585], [39.80381862973755, -5.346176810832803], [39.81122250387799, -5.349796538680307], [39.80848083162699, -5.351279467121595], [39.809575279782024, -5.355892617249625], [39.8079538475793, -5.359408316961689], [39.80977139023257, -5.360065901440647], [39.806533306800425, -5.361522956812825], [39.80949681097599, -5.363410759329801], [39.806995896781146, -5.367017636168692], [39.80579390532864, -5.365223035597078], [39.803819703556805, -5.36883195256368], [39.80526282383306, -5.371762245732059], [39.799783328980894, -5.3717753798195655], [39.79884666939882, -5.369347335725161], [39.79435593036254, -5.370191154614501], [39.7925679176483, -5.375345417800714], [39.78912725384341, -5.377460860563099], [39.78754251900743, -5.381152805719713], [39.78385941814296, -5.38212506603073], [39.78086111142272, -5.388713601434381], [39.77579077976686, -5.391068078208461], [39.77283886228236, -5.39700699692216], [39.76884653200639, -5.397403765925235], [39.771729842849275, -5.397712002351662], [39.772265312810624, -5.399194064896351], [39.76828942944267, -5.401342256155184], [39.767002652786594, -5.406724841050137], [39.76073618013985, -5.412214472670618], [39.76395879223809, -5.412801456592176], [39.76437918382559, -5.4096582799140425], [39.76812092751506, -5.407006204273879], [39.768528147172695, -5.403330192381395], [39.774504871751766, -5.398671837236302], [39.7763253595727, -5.393271580296899], [39.780929991917986, -5.390583854346032], [39.78472938956835, -5.385478214091188], [39.788992875752, -5.384201162990587], [39.792161471449646, -5.378547480769358], [39.79395791718439, -5.378540858172487], [39.79321095638185, -5.380448569896901], [39.79483912496403, -5.383449428995979], [39.79379830192596, -5.388900218797366], [39.796658767249234, -5.387972483469339], [39.797591124746575, -5.391114203184921], [39.79617765542774, -5.392056718205351], [39.79277532582533, -5.388793987152463], [39.79104878108136, -5.389657197155406], [39.790750730805165, -5.392215700884906], [39.7943085910276, -5.395295142289536], [39.791463179398086, -5.400821930254418], [39.784692899760906, -5.40767921644183], [39.775635091971935, -5.4206342253135364], [39.77246400500044, -5.420999758918965], [39.77312382027272, -5.423670898398969], [39.76718010334022, -5.429124871036306], [39.76476213485221, -5.433650169541826], [39.76052695685937, -5.436012081540431], [39.759206645643104, -5.439208381345084], [39.75006162118558, -5.443466873785452], [39.748018468396225, -5.44288531768804], [39.74674452413947, -5.43967083357173], [39.74532079558842, -5.441731281013729], [39.74300669302356, -5.440505510972882], [39.74483167620236, -5.447602529604145], [39.74342498088249, -5.451955611866444], [39.740935499385095, -5.453755503828139], [39.73806194154755, -5.451853133083917], [39.73777801481831, -5.453693042480401], [39.73625747642374, -5.452928616182495], [39.733819520890286, -5.454385333152922], [39.734582298043904, -5.457267725515935], [39.73339010791027, -5.459238004515621], [39.730290712799395, -5.45790928952905], [39.72774931845465, -5.459347868698083], [39.72688654092789, -5.460591186224706], [39.729543050814094, -5.471641331124522], [39.72537590308055, -5.47401304195696], [39.72189569702405, -5.470021599102415], [39.723153842289356, -5.468945632834066], [39.721297551956, -5.4680579980302735], [39.71849731440607, -5.456453983482357], [39.72010264839821, -5.455493204102835], [39.72112547958347, -5.449631975870561], [39.722732698494674, -5.451727708316723], [39.727565164115404, -5.450615716260954], [39.72466196434397, -5.446905229926324], [39.72878136419152, -5.443585138543439], [39.73139993962854, -5.4473128841332485], [39.73288532521782, -5.445648423621963], [39.7288947862311, -5.440739977851949], [39.725010485118524, -5.4434885888404505], [39.72759459932274, -5.439166627551417], [39.72211980565757, -5.4364228994695285], [39.72033821155066, -5.432717481796923], [39.7171240186447, -5.432481912279696], [39.71727730380668, -5.439997981411482], [39.716146664203585, -5.44061719485156], [39.71138916504576, -5.433240161873654], [39.702988293161575, -5.435489572286167], [39.70277459156418, -5.437923487569796], [39.706434090863326, -5.438009244838815], [39.71570282714137, -5.4485170625884205], [39.71478552271908, -5.451730763565665], [39.71216239505289, -5.451597693589472], [39.705832538559534, -5.456203245344371], [39.70361257124822, -5.455915649417031], [39.70189134561171, -5.455277664937652], [39.70228366047906, -5.450775232034077], [39.69702855418689, -5.444914724078087], [39.691666569781255, -5.44453317117255], [39.68767665459954, -5.441973091946606], [39.681387888319726, -5.433241774284925], [39.674023297159884, -5.432902481789492], [39.67105144144903, -5.430977397743542], [39.66520621832839, -5.433440188442473], [39.643136373643635, -5.43709140612898], [39.637715263904745, -5.43450697016179], [39.632412496540866, -5.420002454443962], [39.62985532551944, -5.406398791158251]]], [[[39.37355450263774, -4.71694375614331], [39.37625122070348, -4.715693950652922], [39.38010851481249, -4.717666877027815], [39.37760249638239, -4.720390033990585], [39.378362272163876, -4.717709811851689], [39.37355450263774, -4.71694375614331]]], [[[39.40402375829795, -4.703891461362852], [39.41227485619124, -4.700241466406885], [39.408611577629856, -4.705088041334049], [39.40402375829795, -4.703891461362852]]], [[[39.41319242344133, -4.699264079880061], [39.41569519042983, -4.696527004241746], [39.41389441145625, -4.701763436265205], [39.41319242344133, -4.699264079880061]]], [[[39.3948880182645, -4.687611788481982], [39.39554897561877, -4.686295266104734], [39.40050985898705, -4.686488009948819], [39.40444984722423, -4.683528540614157], [39.407054895371736, -4.6836610550438085], [39.40507850101867, -4.687298387778549], [39.400564660908984, -4.690365264681118], [39.3948880182645, -4.687611788481982]]], [[[39.26736607954365, -4.656114247181131], [39.269584655761854, -4.6529159545897425], [39.28640389944392, -4.663150047574183], [39.28707897460378, -4.661813102330337], [39.28972216998901, -4.663188662000417], [39.29388362649907, -4.66101576222413], [39.29454557731412, -4.661891259754869], [39.29010193873897, -4.667251974670217], [39.28408317720536, -4.66967865317387], [39.28314052185656, -4.671436651311156], [39.27701411258671, -4.670665761426074], [39.27160392906988, -4.66589559409285], [39.27063748088067, -4.661119015246085], [39.26799144684328, -4.659225263450795], [39.26736607954365, -4.656114247181131]]], [[[39.34826895640545, -4.666666545484732], [39.350513560865615, -4.663290603297154], [39.35811362880966, -4.658369533676732], [39.3568990809623, -4.655751448073131], [39.3604164123536, -4.6529159545897425], [39.366109027861825, -4.6578646802504675], [39.37303096766592, -4.658479687806816], [39.37458146389226, -4.6573665508653495], [39.3809001362163, -4.660112788020099], [39.38800760092303, -4.659905420757271], [39.39022394779351, -4.661799472504713], [39.395000128613596, -4.661759167428814], [39.39649770536438, -4.660043058617491], [39.394670679206286, -4.658851090464866], [39.40028070422664, -4.657684517411509], [39.407073228994, -4.672836720908746], [39.40343577480122, -4.677892789310745], [39.40217344240829, -4.675200882320807], [39.405140598860385, -4.674452022365427], [39.40559404808362, -4.6718343286138], [39.40078900183331, -4.674227058988523], [39.39633537798795, -4.669338119467126], [39.39444818741241, -4.670613541898616], [39.38789770638405, -4.669305350167319], [39.36704779448129, -4.67177108432586], [39.36461553959952, -4.6704556415505305], [39.35500062927471, -4.670645055857703], [39.35272848299079, -4.669207318564217], [39.35172772819407, -4.666048693688607], [39.34826895640545, -4.666666545484732]]], [[[39.285680951835296, -4.623514503096127], [39.2873611450197, -4.62236213684073], [39.289781538632525, -4.624207570363881], [39.28677793579372, -4.625942837466335], [39.285680951835296, -4.623514503096127]]], [[[39.29167996627499, -4.618743302298389], [39.29179157782433, -4.618749744741679], [39.29180526733412, -4.618749141692957], [39.29180003899032, -4.618764695317301], [39.29180440255032, -4.618789651290589], [39.29181866181875, -4.618821215131019], [39.29184403549542, -4.618855677661804], [39.29188783589908, -4.618894377740856], [39.2919451218095, -4.618930957455314], [39.29201172352884, -4.618965849980539], [39.292152753956884, -4.619035747962608], [39.292216328814796, -4.619074134332335], [39.2922679244256, -4.6191171826622135], [39.29230350062679, -4.619165321036212], [39.29232937682326, -4.619218881895071], [39.29235107166758, -4.619276626005986], [39.2923923413747, -4.619394241730701], [39.29241660291468, -4.61944942782746], [39.29244637402914, -4.61949910861299], [39.29247818910878, -4.61953693742978], [39.29254936130225, -4.619605068142407], [39.29258366148574, -4.619640428901262], [39.29261452830311, -4.619679111626196], [39.2926719311225, -4.619760837493603], [39.292702301012035, -4.619800050373124], [39.29280157269038, -4.619907120268385], [39.292830174501965, -4.619947341789077], [39.292857159007085, -4.620004081676798], [39.292877130241884, -4.620067882818679], [39.292892354285065, -4.620136487825066], [39.292928319568084, -4.620352450969412], [39.29294288970127, -4.620422040931116], [39.29296186249545, -4.620487338343038], [39.29298748605881, -4.620546103720313], [39.29302244191462, -4.620595660275084], [39.2930662774786, -4.620632471915842], [39.293118131324086, -4.620661365188061], [39.293175043069624, -4.620685276898895], [39.29329351357787, -4.620728485536718], [39.29335002845563, -4.620752650367388], [39.29340122697323, -4.620781831504717], [39.29343967544075, -4.620812457704604], [39.29347418882668, -4.620846424599856], [39.29353948074593, -4.620915155732019], [39.29360717822981, -4.6209761538540395], [39.29363709354857, -4.62100632524467], [39.293660413033756, -4.6210390016320435], [39.293674494107485, -4.621075498673255], [39.29367933773059, -4.62111436938657], [39.29367520431058, -4.621153442256043], [39.293661916122254, -4.62119055373349], [39.29363956133845, -4.621224282999004], [39.29361087782529, -4.62125598500065], [39.29354690454173, -4.621321719518745], [39.29351667415891, -4.621359185654361], [39.29345703034422, -4.621438075405004], [39.29342400835819, -4.6214750414487415], [39.29338693271696, -4.621508060656376], [39.29330783090688, -4.621567656210468], [39.293270253401865, -4.621597877680772], [39.29320439039686, -4.621661768705598], [39.293172470303624, -4.62169057819497], [39.293138354839925, -4.6217132641654946], [39.29310048051456, -4.621727212454774], [39.29306028009628, -4.6217323482246275], [39.293019790761726, -4.621728984035789], [39.29298101992132, -4.621717029801653], [39.29294531306483, -4.621696789941909], [39.29287554916386, -4.6216434428330455], [39.29283666403514, -4.621616921716809], [39.29278603333764, -4.621591145918069], [39.29273006849439, -4.621569178340534], [39.29261099114623, -4.621529686895576], [39.29255201364655, -4.621508657478346], [39.2924961790385, -4.621484276347898], [39.29244572736029, -4.621454430723171], [39.292407022910155, -4.621422512155471], [39.292337586671884, -4.6213508470821285], [39.292301954269966, -4.621316038673351], [39.29226312786903, -4.621284387935676], [39.29218161324855, -4.6212252040245705], [39.2921427431773, -4.621193846195704], [39.29203737099006, -4.621089309799364], [39.2919985076901, -4.621058319297466], [39.29194746973171, -4.6210294444724465], [39.29189095545436, -4.621006098011238], [39.29171082254631, -4.620946878626198], [39.29165436120262, -4.620923608495486], [39.291603479074595, -4.620894774919426], [39.29156528653995, -4.620864060615881], [39.29153079862698, -4.620829645747149], [39.291463892533514, -4.620758744847064], [39.29139007641425, -4.62069305684234], [39.29135425711881, -4.620659105293923], [39.29132228470778, -4.62062128898979], [39.291292597472534, -4.6205711901916136], [39.291268647991025, -4.620515317501672], [39.29120916508531, -4.620335036072598], [39.291186728872425, -4.620277421177521], [39.29115958071102, -4.620224436894516], [39.29113135623777, -4.6201834328342795], [39.291070402735436, -4.620105701355515], [39.291043219051154, -4.620063419543241], [39.291016477003645, -4.620002153448555], [39.290997139812774, -4.619933353787742], [39.29098334806228, -4.619858902142182], [39.2909736690216, -4.619780278090468], [39.29096702688693, -4.619698641970915], [39.29095999913753, -4.619529835513303], [39.29095894867967, -4.619358179997812], [39.290960604748555, -4.619272845847844], [39.29096416024188, -4.619188804324681], [39.290970327199844, -4.6191070141551105], [39.29098022528504, -4.619028763680921], [39.29099551721365, -4.6189558275422815], [39.29101859344009, -4.6188906671495555], [39.29105707260075, -4.618836179950714], [39.29111871171039, -4.6187969304334775], [39.29120003263336, -4.618769727011651], [39.29129461688295, -4.618752466728138], [39.29139608404562, -4.6187430743963365], [39.291498186310044, -4.618739602355193], [39.29159481891685, -4.618740247065345], [39.29167996627499, -4.618743302298389]]], [[[39.29263522116689, -4.61647076900813], [39.294569056281155, -4.612644797004384], [39.29408088946041, -4.609166793874531], [39.29597091674833, -4.607359886169471], [39.298710453702064, -4.611666653002233], [39.296341370232575, -4.613025998260101], [39.296734321495215, -4.614993980435456], [39.29423053212187, -4.618637994723285], [39.29263522116689, -4.61647076900813]]], [[[39.304298940320955, -4.60157578950926], [39.3053612855562, -4.6008286041501645], [39.30561353118965, -4.603684131125485], [39.304298940320955, -4.60157578950926]]], [[[39.296884256599725, -4.603883782641427], [39.29878741726736, -4.600799264939637], [39.30263900756864, -4.598750114440842], [39.304015508651354, -4.604647089536362], [39.303108019772466, -4.608176418840015], [39.299385555358064, -4.608958278574127], [39.296884256599725, -4.603883782641427]]], [[[39.42632681890235, -4.562206879416086], [39.430899138272586, -4.565497677198804], [39.43022293588961, -4.566983485802689], [39.43284462169761, -4.573683690325181], [39.42853357222945, -4.569435317617332], [39.42632681890235, -4.562206879416086]]], [[[39.53124027690081, -4.447969748698499], [39.53356800244166, -4.442177869537334], [39.53839056595641, -4.441899343930311], [39.534546678597245, -4.448648007928702], [39.53124027690081, -4.447969748698499]]], [[[39.58822285772748, -4.057114015001373], [39.58963991112957, -4.053845503138431], [39.596495844036646, -4.052717632854774], [39.58978069736273, -4.051562483663718], [39.59734668391147, -4.049857664645318], [39.60222251035504, -4.050186059170047], [39.60343074874083, -4.051665689854156], [39.591399540014656, -4.058973968582125], [39.58822285772748, -4.057114015001373]]], [[[39.57957722493611, -4.050093969763369], [39.58040567250568, -4.046525854966676], [39.58560037590449, -4.058109186871528], [39.58135928386462, -4.054820640146106], [39.57957722493611, -4.050093969763369]]], [[[39.97183171392305, -3.3346051149236278], [39.97715541081935, -3.334056892494486], [39.97929502592968, -3.336262541614099], [39.9725027590721, -3.336447412913701], [39.97183171392305, -3.3346051149236278]]], [[[39.97623455613458, -3.330365986953465], [39.977158296323985, -3.3285463419927996], [39.97930526733438, -3.3284730911253835], [39.97979924318021, -3.3327894106038425], [39.97623455613458, -3.330365986953465]]], [[[40.234026532956875, -3.000009616969157], [40.236117458226246, -2.9965861673802774], [40.23569488525408, -3.000416994094879], [40.234026532956875, -3.000009616969157]]], [[[40.193464402742414, -2.9901858817907634], [40.19457662547961, -2.9882048777515546], [40.198393640648085, -2.989121825538321], [40.193464402742414, -2.9901858817907634]]], [[[40.190681022816406, -2.980098297659106], [40.193984766241016, -2.983053072723818], [40.19284940236113, -2.9853327450505507], [40.190681022816406, -2.980098297659106]]], [[[33.94563360651023, -0.472929374228535], [33.94651669889158, -0.46409845041455], [33.950932160798615, -0.4549731624735358], [33.955053258578445, -0.4493802440580268], [33.96417854651955, -0.4449647821509899], [33.99596987224972, -0.4420211408797208], [34.03041047512413, -0.4323071246843817], [34.04512868148074, -0.43731131484556585], [34.05395960529464, -0.46733645581302596], [34.059258159583024, -0.4705744612115019], [34.061907436727175, -0.47440119486421395], [34.05749197482023, -0.4829377545509921], [34.04895541513345, -0.49000249360218007], [34.026878105598534, -0.4976559609076041], [34.017164089403195, -0.5047206999587921], [33.99861914939387, -0.49795032503472214], [33.97183201382489, -0.480288477406841], [33.95181525317997, -0.476756107881247], [33.94563360651023, -0.472929374228535]]], [[[32.441138552740256, -0.4902968577292981], [32.45585675909687, -0.47911102089828006], [32.47292987847051, -0.46086044501616286], [32.47705097625034, -0.44172677675260275], [32.45409057433407, -0.4284803910316697], [32.46998623719915, -0.4205325595991276], [32.48970863371695, -0.4184720107092126], [32.50207192705653, -0.40846363038666667], [32.50207192705653, -0.39109614688590355], [32.50413247594644, -0.3840314078348044], [32.50884230198051, -0.3834426795804795], [32.51620140515882, -0.38726941323319153], [32.52944779087975, -0.37814412529217734], [32.543577268982034, -0.37372866338514044], [32.53827871469373, -0.39021305450454946], [32.53680689405805, -0.40846363038666667], [32.53003651913407, -0.3949228805386156], [32.523266144210005, -0.3949228805386156], [32.52356050833712, -0.4096410868952276], [32.52120559532009, -0.4205325595991276], [32.50060010642085, -0.4585055319991298], [32.492946639115424, -0.465864635177347], [32.481760802284406, -0.46998573295717705], [32.486470628318564, -0.48176029804251996], [32.48117207403017, -0.4920630424920951], [32.46174404163949, -0.5047206999587921], [32.44849765591856, -0.5020714228145522], [32.444082194011614, -0.49795032503472214], [32.441138552740256, -0.4902968577292981]]], [[[34.119602805645066, -0.4278916627774336], [34.119602805645066, -0.4152340053107366], [34.153749044392264, -0.40110452720844947], [34.15845887042642, -0.3940397881572615], [34.1672897942404, -0.3669582884611593], [34.18200800059693, -0.38726941323319153], [34.19113328853803, -0.39462851641149754], [34.20202476124193, -0.3949228805386156], [34.20732331553023, -0.3887412338688705], [34.214093690454305, -0.36843010909683827], [34.22263025014108, -0.36018791353708934], [34.21733169585278, -0.3890355979959885], [34.204085310131845, -0.40728617387819455], [34.16110814757057, -0.4358394942099757], [34.149922310739555, -0.43260148881149973], [34.13284919136591, -0.43171839643014565], [34.119602805645066, -0.4278916627774336]]], [[[32.351946222219404, -0.36018791353708934], [32.379027721915506, -0.3669582884611593], [32.37314043937279, -0.3569499081386134], [32.368724977465845, -0.3442922506720052], [32.36931370572008, -0.3342838703495481], [32.379027721915506, -0.33192895733251504], [32.38991919461932, -0.3386993322564962], [32.400221939068985, -0.3569499081386134], [32.41346832478992, -0.36018791353708934], [32.41346832478992, -0.3669582884611593], [32.4005163031961, -0.3660751960797164], [32.38844737398373, -0.3678413808425134], [32.3607771460333, -0.37549484814793743], [32.35665604825347, -0.3749061198937014], [32.35400677110932, -0.37019629385954644], [32.351946222219404, -0.36018791353708934]]], [[[32.05022299190939, -0.26393084396505273], [32.05022299190939, -0.2574548331681896], [32.064646834138884, -0.2545111918968317], [32.06552992652024, -0.24479717570149262], [32.06435247001177, -0.23508315950615355], [32.0737721220799, -0.23037333347199862], [32.08613541541948, -0.23155078998055956], [32.1117450944799, -0.23714370839606858], [32.15737153418533, -0.2344944312519175], [32.17238410466906, -0.23979298554021966], [32.17356156117753, -0.2574548331681896], [32.156194077676766, -0.291601071915391], [32.15295607227838, -0.311617832560394], [32.16620245799931, -0.32574731066268114], [32.1873966751527, -0.32751349542547814], [32.21271199008609, -0.32133184875573306], [32.25568915264728, -0.3054361858906489], [32.24833004946906, -0.31838820748437513], [32.2559835167744, -0.3269247671712421], [32.264225712334145, -0.3307515008239541], [32.27335100027516, -0.33016277256971804], [32.28306501647059, -0.32574731066268114], [32.278060826309314, -0.316916386848785], [32.27717773392787, -0.3089685554162429], [32.280710103453465, -0.30308127287352704], [32.28983539139457, -0.29866581096657896], [32.29719449457288, -0.3142671097045451], [32.318977439980586, -0.33752187574793524], [32.32398163014186, -0.35400626686734427], [32.28277065234338, -0.35312317448590136], [32.27070172313101, -0.38668068497895547], [32.27482282091084, -0.43289585293861776], [32.28306501647059, -0.46998573295717705], [32.27187917963957, -0.4723406459742989], [32.265991897096946, -0.4796997491525161], [32.26304825582559, -0.48705885233091095], [32.25892715804576, -0.4902968577292981], [32.247152592960504, -0.4885306729665011], [32.23861603327364, -0.48352648280522814], [32.2362611202566, -0.47705047200836503], [32.24185403867211, -0.46998573295717705], [32.24185403867211, -0.46380408628743197], [32.225369647552704, -0.46262662977895985], [32.1873966751527, -0.46998573295717705], [32.18975158816982, -0.47822792851692597], [32.190340316424056, -0.4973615967804861], [32.193578321822535, -0.5109023466285372], [32.17356156117753, -0.5047206999587921], [32.16708555038067, -0.5232656399680273], [32.16561372974499, -0.5312134714005694], [32.16620245799931, -0.5382782104517574], [32.13823786592177, -0.5382782104517574], [32.13235058337914, -0.5253261888579424], [32.13588295290474, -0.5153178085354853], [32.15266170815117, -0.4973615967804861], [32.167674278634905, -0.471457553592856], [32.17091228403338, -0.45821116787192295], [32.16620245799931, -0.4493802440580268], [32.16620245799931, -0.4420211408797208], [32.17061791990626, -0.43554513008285767], [32.17679956657601, -0.43112966817582077], [32.19711069134813, -0.4284803910316697], [32.19711069134813, -0.4214156519804817], [32.205941615162025, -0.4078749021324306], [32.21653872373881, -0.3987496141913276], [32.22507528342558, -0.40905235864099154], [32.233317478985335, -0.4131734564208216], [32.24214840279923, -0.4134678205479396], [32.24833004946906, -0.40846363038666667], [32.248035685341854, -0.39668906530141257], [32.24126531041787, -0.3860919567247194], [32.23125693009542, -0.37814412529217734], [32.22154291390008, -0.37372866338514044], [32.22831328882406, -0.3604822776642074], [32.218010544374394, -0.35017953321463224], [32.20240924563643, -0.34134860940064726], [32.193578321822535, -0.33192895733251504], [32.1873966751527, -0.33192895733251504], [32.17238410466906, -0.3407598811464112], [32.1441251484644, -0.3381106040022601], [32.11645492051406, -0.3298684084426], [32.1043859913016, -0.32221494113708715], [32.10585781193728, -0.3163276585944601], [32.1117450944799, -0.30926291954336094], [32.1117450944799, -0.3054361858906489], [32.10674090431872, -0.2998432674751399], [32.09938180114041, -0.295722169695221], [32.09790998050473, -0.2880687023898858], [32.091728333834986, -0.28041523508446176], [32.077304491605496, -0.27305613190615574], [32.05022299190939, -0.26393084396505273]]], [[[32.29660576631864, -0.2029974696487784], [32.312501429183726, -0.19799327948759426], [32.32810272792169, -0.20417492615733934], [32.33958292887983, -0.21594949124259344], [32.351946222219404, -0.24155917030301666], [32.36519260794025, -0.2580435614224257], [32.3699024339744, -0.2698181265076798], [32.351946222219404, -0.27128994714335875], [32.33928856475271, -0.2571604690409828], [32.33752237998991, -0.2500957299898836], [32.33310691808296, -0.25215627887979863], [32.33134073332017, -0.2574548331681896], [32.3228041736333, -0.24980136586276558], [32.31927180410771, -0.24214789855734153], [32.32162671712483, -0.23537752363327158], [32.33134073332017, -0.23037333347199862], [32.32398163014186, -0.21977622489530546], [32.31515070632788, -0.21153402933564536], [32.30573105425965, -0.20594111092013634], [32.29660576631864, -0.2029974696487784]]], [[[33.653918756522756, -0.1402979105697959], [33.653918756522756, -0.134116263899962], [33.67128624002352, -0.126757160721656], [33.70484375051649, -0.10409112293259071], [33.718973228618864, -0.09938129689843578], [33.7286872448142, -0.10880094896665682], [33.72603796766996, -0.12970080199301393], [33.71544085909327, -0.16826250264725218], [33.701900109245216, -0.15442738867208305], [33.69512973432115, -0.1620808559775071], [33.68924245177852, -0.14706828549377704], [33.681588984473095, -0.13970918231547103], [33.67069751176928, -0.13823736167988088], [33.653918756522756, -0.1402979105697959]]], [[[32.65955673507196, -0.09938129689843578], [32.67339184904713, -0.10674040007674179], [32.68398895762391, -0.09408274261004479], [32.691642424929334, -0.09761511213563878], [32.69870716398043, -0.10585730769529889], [32.70753808779442, -0.10674040007674179], [32.7143084627184, -0.09790947626275681], [32.71371973446416, -0.08819546006741774], [32.70959863668433, -0.07700962323648852], [32.70753808779442, -0.06523505815114561], [32.716369011608315, -0.07141670482089069], [32.724022478913824, -0.0722997972023336], [32.73020412558357, -0.06758997116826748], [32.73461958749052, -0.05846468322716447], [32.73579704399908, -0.06935615593097566], [32.739035049397465, -0.07759835149072458], [32.74551106019442, -0.0831912699062336], [32.75551944051688, -0.08584054705038469], [32.75551944051688, -0.07965890038063961], [32.74256741892306, -0.06023086798996147], [32.73726886463467, -0.04933939528606146], [32.73461958749052, -0.037859194327925394], [32.74668851670289, -0.04580702576046747], [32.75875744591535, -0.05993650386284344], [32.76582218496645, -0.07700962323648852], [32.76287854369518, -0.0931996502286907], [32.7831896684673, -0.09938129689843578], [32.785250217357216, -0.08672363943182759], [32.79319804878976, -0.08024762863487567], [32.80438388562069, -0.07995326450775764], [32.817335907214506, -0.08584054705038469], [32.80379515736645, -0.10644603594962376], [32.78642767386569, -0.12145860643335382], [32.76582218496645, -0.13087825850157486], [32.74168432654171, -0.134116263899962], [32.74168432654171, -0.12734588897598087], [32.75551944051688, -0.12057551405191091], [32.740801234160266, -0.1149825956364019], [32.718723924625436, -0.12557970421318387], [32.700767712870345, -0.12057551405191091], [32.685755142386704, -0.12086987817902894], [32.673980577301364, -0.11792623690775983], [32.66544401761458, -0.11115586198368987], [32.65955673507196, -0.09938129689843578]]], [[[32.74963215797425, -0.027262085751232235], [32.75375325575408, -0.018431161937247253], [32.76964891861916, -0.017548069555893164], [32.76523345671222, -0.0037129555806352244], [32.76699964147501, 0.011593979030212864], [32.77347565227188, 0.020719266971315875], [32.7831896684673, 0.016598169191397005], [32.789371315137046, 0.016598169191397005], [32.789371315137046, 0.03720365809063608], [32.81085989641764, 0.01924744633563691], [32.803206429112215, -0.009011509869026213], [32.78230657608586, -0.03668173781936446], [32.76287854369518, -0.05228303655741939], [32.75345889162696, -0.03991974321784042], [32.74963215797425, -0.027262085751232235]]], [[[33.247696261081046, 0.035437473327839086], [33.2503455382252, 0.04956695143012624], [33.264180652200366, 0.05751478286275713], [33.29037905951512, 0.06369642953250221], [33.28301995633681, 0.04397403301470604], [33.303919809363165, 0.04397403301470604], [33.29597197793063, 0.030727647293772975], [33.28449177697249, 0.021896723479787994], [33.25623282076783, 0.010416522521651927], [33.247696261081046, 0.035437473327839086]]], [[[33.765482760705645, 0.10078630955106149], [33.78608824960488, 0.11579888003479155], [33.81228665691954, 0.11521015178055549], [33.82464995025912, 0.0916610216100473], [33.84378361852268, 0.09578211938987735], [33.86674402043895, 0.09048356510148636], [33.882639683304035, 0.07870900001623227], [33.87940167790556, 0.06369642953250221], [33.86350601504048, 0.07370480985495931], [33.85232017820946, 0.07311608160072325], [33.8314203251831, 0.06369642953250221], [33.78108405944361, 0.07282171747360522], [33.769603858485475, 0.07812027176190739], [33.765482760705645, 0.10078630955106149]]], [[[33.16409684897562, 0.12551289623013062], [33.16586303373842, 0.1470014775107238], [33.176754506442315, 0.1614253197402178], [33.194710718197314, 0.1614253197402178], [33.184113609620624, 0.14994511878208172], [33.180875604222145, 0.11727070067047052], [33.17351650104384, 0.10608486383945248], [33.16409684897562, 0.12551289623013062]]], [[[33.20501346264698, 0.2559162045494574], [33.211195109316726, 0.2665133131262394], [33.233272418851556, 0.2941835410765776], [33.23857097313994, 0.2977159106021716], [33.27801576617563, 0.3044862855262416], [33.298326890947656, 0.30507501378047763], [33.317754923338335, 0.2977159106021716], [33.303919809363165, 0.2882962585339506], [33.29391142904071, 0.2741667804316634], [33.29597197793063, 0.2632753077277634], [33.317754923338335, 0.2629809436006454], [33.317754923338335, 0.2567992969309003], [33.31451691793995, 0.24796837311691533], [33.31981547222834, 0.2403149058114913], [33.329235124296474, 0.23913744930301917], [33.338066048110456, 0.25002892200683036], [33.34336460239885, 0.2459078242270003], [33.351901162085625, 0.24266981882852434], [33.34719133605156, 0.25444438391377844], [33.34984061319571, 0.26710204138047544], [33.3569053522469, 0.27446114455878146], [33.366030640187915, 0.27004568265174456], [33.372212286857746, 0.27004568265174456], [33.37015173796783, 0.2785822423386115], [33.365736276060794, 0.2850582531354746], [33.35955462939105, 0.28888498678818664], [33.351901162085625, 0.29094553567810166], [33.351901162085625, 0.2977159106021716], [33.37103483034919, 0.2977159106021716], [33.38104321067164, 0.2874131661525965], [33.38840231384995, 0.27240059566886643], [33.400176878935206, 0.2567992969309003], [33.38693049321427, 0.2512063785153913], [33.38163193892597, 0.2403149058114913], [33.37868829765461, 0.22765724834479428], [33.372212286857746, 0.2158826832595402], [33.36632500431512, 0.21912068865801615], [33.359260265263934, 0.21735450389521915], [33.34483642303444, 0.20175320515725303], [33.33629986334766, 0.21735450389521915], [33.32481966238952, 0.21912068865801615], [33.31834365159266, 0.21087849309835605], [33.32452529826241, 0.19557155848750796], [33.316871830956984, 0.1840913575293719], [33.317754923338335, 0.1714337000626749], [33.325114026516644, 0.16024786323165685], [33.338066048110456, 0.15377185243479374], [33.325114026516644, 0.14170292322242162], [33.31922674397401, 0.11903688543326751], [33.32452529826241, 0.09695957589834947], [33.34483642303444, 0.0854793749402134], [33.342187145890286, 0.08165264128750138], [33.33247312969495, 0.07812027176190739], [33.316283102702656, 0.08489064668597734], [33.31010145603291, 0.10019758129682543], [33.31069018428724, 0.14023110258674265], [33.303919809363165, 0.14023110258674265], [33.3045085376174, 0.12786780924716368], [33.301270532219014, 0.11756506479758855], [33.29391142904071, 0.1099115974921645], [33.28301995633681, 0.10608486383945248], [33.2791932226841, 0.1299283581370787], [33.26447501632757, 0.15318312418055768], [33.2468131686996, 0.16495768926581178], [33.23503860361435, 0.15377185243479374], [33.22826822869037, 0.15377185243479374], [33.20766273979113, 0.1879180911820839], [33.23562733186868, 0.18173644451233884], [33.24563571219113, 0.18114771625801396], [33.25623282076783, 0.18438572165648992], [33.26212010331045, 0.1914504607076779], [33.263297559819016, 0.19851519975877707], [33.2214978537663, 0.24266981882852434], [33.208840196299604, 0.24973455787971233], [33.20501346264698, 0.2559162045494574]]], [[[30.333786543825, 0.8371442020866056], [30.338221398470473, 0.8384204347788433], [30.34117672756925, 0.841344718077643], [30.340568904101247, 0.8541630031114984], [30.338465406972944, 0.8564046114598618], [30.33916429014792, 0.8592621453578104], [30.343569753904916, 0.8625752594786391], [30.34073360707979, 0.8697966155695198], [30.342731965811794, 0.8723570309772128], [30.340772786241217, 0.8760720391664663], [30.342422636521434, 0.8832669037205605], [30.345282176972972, 0.8876680977512947], [30.344985990083913, 0.9012630222448266], [30.353931881695047, 0.9139671606996487], [30.363761492514392, 0.9363155142375419], [30.378578703374444, 0.9524854361473452], [30.423431502971184, 0.9783841777860864], [30.450190031683462, 1.007098455043522], [30.46852468793749, 1.0155648086985565], [30.501529690603498, 1.034509320812706], [30.506283145103826, 1.034509320812706], [30.517468981934755, 1.041574059863894], [30.53571955781696, 1.058058450983303], [30.53042100352857, 1.024206576363131], [30.533659008927046, 1.0139038319135558], [30.539546291469673, 1.0215572992189799], [30.54661103052086, 1.0380416903383], [30.556030682589082, 1.044517701135252], [30.565450334657214, 1.033626228431352], [30.577519263869675, 1.028033310015843], [30.591060013717726, 1.027444581761607], [30.60401203531154, 1.031565679541437], [30.60401203531154, 1.037747326211182], [30.59047128546349, 1.044517701135252], [30.6013627581673, 1.0459895217708421], [30.606661312455692, 1.048344434787964], [30.60725004070993, 1.052171168440676], [30.60401203531154, 1.058058450983303], [30.714398582985865, 1.1749210094545788], [30.718814044892902, 1.192877221209578], [30.72058022965561, 1.2240798186855102], [30.730882974105274, 1.2396811174234763], [30.89837616244316, 1.4333727130761993], [30.92869566753774, 1.4925399026295878], [30.946651879292737, 1.517560853435775], [30.974322107243164, 1.532867788046623], [31.008173981863248, 1.541993075987726], [31.03672730219503, 1.5561225540900132], [31.049679323788844, 1.5864420591845914], [31.063220073636895, 1.5787885918791673], [31.075583366976474, 1.5861476950574733], [31.111201426359354, 1.5787885918791673], [31.123564719698933, 1.5820265972776433], [31.183909365760883, 1.6144066512621364], [31.241310370551563, 1.6682752865272228], [31.281932620095716, 1.695651150350443], [31.295767734070886, 1.711841177342734], [31.309602848046143, 1.7371564922760392], [31.31578449471589, 1.7598225300651933], [31.321966141385634, 1.8122193446946007], [31.33079706519962, 1.8328248335938397], [31.359644749658518, 1.8242882739069728], [31.38113333093911, 1.8378290237550239], [31.394674080787162, 1.863144338688418], [31.399972635075553, 1.8999398545798591], [31.406154281745298, 1.9146580609364712], [31.406154281745298, 1.9387959193612154], [31.403799368728265, 1.9532197615907094], [31.38554879284606, 1.9973743806604567], [31.405271189363944, 2.024750244483677], [31.403799368728265, 2.058307754976642], [31.37848405379496, 2.1207129499285955], [31.394674080787162, 2.1374917051751225], [31.38937552649877, 2.1610408353456307], [31.374657320142248, 2.184295601389021], [31.361705298548433, 2.199308171872751], [31.359644749658518, 2.208139095686736], [31.35817292902284, 2.2534711712649553], [31.360527842039872, 2.2623020950789403], [31.36612076045538, 2.2714273830200433], [31.37848405379496, 2.2846737687409764], [31.412041564287925, 2.3094003554199567], [31.432352689060046, 2.3211749205052996], [31.450603264942163, 2.3261791106664838], [31.467970748442927, 2.335893126861823], [31.47444675923988, 2.358853528778095], [31.47626372663038, 2.4236862209376504], [31.48139150200447, 2.4412288757404106], [31.486799135465844, 2.449903555059098], [31.49519583218777, 2.4572870911913753], [31.51203131150738, 2.464050283073373], [31.520215757628563, 2.4701774487765356], [31.528096399805612, 2.4816311775187856], [31.529100494676683, 2.4858256652343442], [31.522449519292202, 2.494700628463555], [31.51696550616397, 2.498320037008785], [31.509738773128333, 2.499642032336837], [31.499768408690628, 2.497837700810159], [31.494740602656186, 2.4985646640933297], [31.483972343845863, 2.5031847508782086], [31.477458156044598, 2.508197969702721], [31.46775347051421, 2.5293264734700855], [31.46512420141648, 2.5388563267128923], [31.463386234135633, 2.5601001058360957], [31.460573723029313, 2.5663632401290677], [31.443096340346706, 2.584289475534309], [31.431706354034368, 2.589792033421336], [31.41595980207868, 2.6099842512086653], [31.410492830836752, 2.622578041780212], [31.411794671953793, 2.62896183649546], [31.414935930875572, 2.633566630402619], [31.41454207070727, 2.6390336906971363], [31.422895402573488, 2.6496295845884994], [31.425022466071802, 2.6557371543267223], [31.43032806894866, 2.6628721860399125], [31.439686634894144, 2.671796112726234], [31.444549040720744, 2.6873880381125943], [31.451665143567993, 2.692590705182198], [31.453440243316074, 2.7089051882471367], [31.4497274897752, 2.7209889527492166], [31.451190897256616, 2.7280969288612695], [31.448349319602016, 2.7414526691140324], [31.436950604240373, 2.759295830531851], [31.431667729164488, 2.764442835974414], [31.426011647636905, 2.7657309029053074], [31.411854714811057, 2.764301767514656], [31.39401442607675, 2.770745610980942], [31.386385924063383, 2.77842879346273], [31.381117618063755, 2.7886342455812247], [31.377430294536886, 2.805163144857083], [31.361237152841966, 2.836251033877481], [31.361356969928707, 2.849246111844341], [31.36490898439793, 2.85327385268457], [31.371730985789277, 2.8558186601821873], [31.373571585072753, 2.8594539753056942], [31.37451202162663, 2.8649458954675318], [31.370684000343914, 2.8780516140541685], [31.371096613024825, 2.887195727688187], [31.378937659687985, 2.9056911347770793], [31.393160904413627, 2.918855124682331], [31.39754036640739, 2.925589798439578], [31.397565382157218, 2.9487333820693813], [31.40276751458427, 2.9540880900616813], [31.41354462820712, 2.953510613835288], [31.417201499016308, 2.9555843893299922], [31.413607379915305, 2.9683545268096374], [31.41065588856283, 2.9715950507481566], [31.403164915078648, 2.973157524001337], [31.40154818930779, 2.9750500709329515], [31.401123514334202, 2.985569082327146], [31.40567677532414, 2.9906971465286887], [31.42933018360435, 3.005276040599327], [31.4339260929371, 3.01255744648601], [31.434755342495897, 3.0200466608631977], [31.44208659743449, 3.025008490110139], [31.453520976801748, 3.0364712279336032], [31.460384045934127, 3.03814534075282], [31.474223437781575, 3.036471916340979], [31.477676051826904, 3.0383787254106416], [31.47716246878823, 3.044550458307029], [31.47350105565537, 3.053610077099435], [31.476851568575633, 3.0698535182053917], [31.485552514942768, 3.077834379536661], [31.50122649872103, 3.101072787496186], [31.506263990421253, 3.116075188046043], [31.515372517969283, 3.126863249656566], [31.523665432582256, 3.14588573902941], [31.528940963591275, 3.149005616218716], [31.53602178404374, 3.149800861692988], [31.54213246798375, 3.1585149050763945], [31.545201230355076, 3.171363597197498], [31.561165505564944, 3.195915232050119], [31.56355125821176, 3.21002648619735], [31.569181021539634, 3.218330866769172], [31.57094873120841, 3.2248276598982457], [31.568148061242958, 3.2326964676752574], [31.562241045786273, 3.2410509356773716], [31.562489909609866, 3.2531094107323817], [31.56608354971305, 3.2604858458694004], [31.576258078847637, 3.2639507401051944], [31.579732337012707, 3.266878708292566], [31.58593003949087, 3.287280038396691], [31.58630821819522, 3.303084348374476], [31.605367575574135, 3.3265204762089624], [31.603680255443585, 3.3457047544588576], [31.604883134520108, 3.3510144339430354], [31.609588393138218, 3.356222431772828], [31.621820684339504, 3.3584553069198293], [31.628725464997316, 3.3626191994457173], [31.636552488023113, 3.375437146403428], [31.655176778269663, 3.3949198675867116], [31.658155100533143, 3.404988308301384], [31.65157713029921, 3.423604811482541], [31.650558796527235, 3.429783059963178], [31.65206116705673, 3.436749282673503], [31.662007272065836, 3.4515780375915313], [31.68063530094117, 3.4610383389366746], [31.686414869682807, 3.471342436053117], [31.694565117181924, 3.4810480345768298], [31.698750414563122, 3.491416217228373], [31.70622890640474, 3.499606534140611], [31.723350322926443, 3.4997718460671585], [31.73624279731176, 3.4966309982344086], [31.750618272489824, 3.499955935907863], [31.765538279731594, 3.5086793138636736], [31.773208541094718, 3.516017125879369], [31.782006956860627, 3.518639861113961], [31.79317984941435, 3.5297196837531537], [31.80156180643295, 3.5437736208409305], [31.811770762306686, 3.5507778297669397], [31.817935603385912, 3.552632659777501], [31.835423077734866, 3.552246675178285], [31.845391822225018, 3.5474189975033283], [31.851203039359717, 3.54281097497924], [31.860973422641166, 3.5272720360592054], [31.870113856972722, 3.521505931803272], [31.879122035974035, 3.518845399240746], [31.89777782930819, 3.517236323616004], [31.91349762896732, 3.511756845805671], [31.919885108572473, 3.5126900025859626], [31.948646851408753, 3.527347403188898], [31.94669662198227, 3.539320365056799], [31.950350992801198, 3.549032441781865], [31.956134600515192, 3.5581866187938367], [31.968113322389698, 3.5709571782793788], [31.984431832827738, 3.57826805080488], [31.996387270063494, 3.578140395243558], [32.0202009742431, 3.584714841835403], [32.03325814110106, 3.5860309553875], [32.039540135169105, 3.5890545510090206], [32.041285755482825, 3.59204987409041], [32.03784610293781, 3.5976185264500877], [32.03702445064814, 3.6026357473077937], [32.047626317866936, 3.6136817265002747], [32.072306946231606, 3.6118599070677178], [32.15156359469447, 3.5979005568635998], [32.188098635855596, 3.597280857272402], [32.21557558062856, 3.5942949617811877], [32.25313039287539, 3.59575001386019], [32.2784721799506, 3.5917312857751256], [32.28297236544507, 3.593314921759518], [32.28263878988376, 3.5893761405453546], [32.28996622808627, 3.584683135862001], [32.29203804454866, 3.577795724131107], [32.3004827774609, 3.5714928374376527], [32.30751280587346, 3.5731149172343564], [32.308327176304815, 3.5776196741103234], [32.315646790373094, 3.5800418513207717], [32.32059147009335, 3.5757938307092303], [32.34494682831227, 3.5787339627240584], [32.35219627780009, 3.5718967706743783], [32.35975102709841, 3.5676226313670085], [32.36185833555699, 3.5684659070665], [32.366389532403346, 3.5643924756374474], [32.37207853028484, 3.563170921619154], [32.37433859483173, 3.5609877391376905], [32.3819199721692, 3.5604149928909052], [32.389658934510386, 3.5652552550050416], [32.39481961653539, 3.5593581801207215], [32.40616117004223, 3.5593939594831276], [32.40972662599138, 3.5549531459936574], [32.41699662076379, 3.553677492306619], [32.41958849282565, 3.5516910405184916], [32.4211827334489, 3.5491540686435137], [32.421646152013224, 3.541622380163247], [32.424190986945696, 3.5384309747379845], [32.42980213965102, 3.537882625441437], [32.432188149635095, 3.5345109257693537], [32.43692491938433, 3.5332486319290553], [32.440798564127256, 3.528174617780035], [32.44416644069262, 3.526931620801534], [32.445799995372234, 3.528473729863581], [32.452763256844015, 3.5269132092423234], [32.457451304628655, 3.5297361862734817], [32.47043170951863, 3.5318496691141306], [32.47700229207365, 3.5305682871845008], [32.478633061683844, 3.525358730595009], [32.48223870947467, 3.5260935450993642], [32.483769905544165, 3.5283532494329712], [32.48581203572237, 3.526250831047186], [32.48958031064558, 3.527384918564593], [32.49852987960456, 3.5255748761645407], [32.50684591603986, 3.5258301794294695], [32.514529030043356, 3.522912950321235], [32.52824437965885, 3.5237730837634835], [32.54238447467977, 3.5273343134967234], [32.54447102089558, 3.5250288112794976], [32.56149945302856, 3.52692689725216], [32.56741445689305, 3.532195010856178], [32.567830388257775, 3.5353627254554283], [32.570665455515176, 3.5332215558506093], [32.573910259161394, 3.5339902743201996], [32.58109916335315, 3.539174106226241], [32.589371752098735, 3.540641676736957], [32.590893666577266, 3.543818030489067], [32.59370575137411, 3.5450225503015815], [32.61006052223206, 3.5408422337128727], [32.61840674517647, 3.536327818406761], [32.623766406050166, 3.536407067400795], [32.646461725378025, 3.5461392787588437], [32.653686565849156, 3.5452741735830813], [32.65808387387673, 3.546487066337402], [32.664232335202044, 3.5510831999805887], [32.666404381052246, 3.5547692913732405], [32.68221619820935, 3.5662709335184246], [32.695568255786796, 3.574194078387329], [32.701211105674595, 3.575472334055842], [32.70786643031674, 3.5761874025608726], [32.74133487836491, 3.5719718536338725], [32.789844282607746, 3.5689367452593785], [32.86527806889535, 3.606561381681985], [32.900789668549464, 3.627876996897818], [32.96574655358065, 3.6554105932200116], [33.000788318826054, 3.6619481900858304], [33.019053895607804, 3.6793664956502177], [33.054911823615825, 3.6989430783903394], [33.084016922968125, 3.710240311565329], [33.10816219861135, 3.714927247652035], [33.14992756708595, 3.737390262428832], [33.202670364932814, 3.77545702190978], [33.26044444271546, 3.8438755397739683], [33.333945691230056, 3.906384338321935], [33.38024725318079, 3.9215289689630524], [33.44981488848938, 3.9241594011470333], [33.50411731685146, 3.9412665151800326], [33.56749013878791, 3.9089121566911373], [33.590477138773885, 3.887938826546346], [33.60354760707978, 3.873016023100419], [33.619450119693546, 3.8605023506505205], [33.63161187058453, 3.848006846477727], [33.65215857640305, 3.8349642156801274], [33.67599082048472, 3.8241728914540936], [33.68743281807554, 3.8026233527893822], [33.68992535770606, 3.7758373815568476], [33.68577746655515, 3.744564216231751], [33.700635531825014, 3.719254937386964], [33.721548782297724, 3.6926694628345764], [33.744956805210265, 3.6854680472126162], [33.78530374909357, 3.6764692019189766], [33.81226217809986, 3.6766520256054775], [33.83434909584296, 3.6787561726795666], [33.86416230171481, 3.692440263071852], [33.885071550111164, 3.698823040495249], [33.94671774295671, 3.682964155195158], [33.96771911229753, 3.673959152043828], [33.991347248547584, 3.669420455182106], [34.01555408262774, 3.657583706581004], [34.04907463018959, 3.632135429123064], [34.05027026184798, 3.6060272030908465], [34.05365593510635, 3.5974694827122917], [34.06025078323705, 3.5893420178243503], [34.07068836105403, 3.580657647273579], [34.0769310563843, 3.5693118027727806], [34.079119484025455, 3.5243642569112517], [34.09290644128352, 3.4980897618210456], [34.101165061629686, 3.4655554189901423], [34.10819095222593, 3.433329120946251], [34.11150681734202, 3.3951759393966014], [34.10381114013915, 3.360045571334471], [34.093977632816774, 3.33843676599286], [34.09022992950615, 3.315013026162241], [34.07328395661359, 3.2977802941122754], [34.066371564076555, 3.279635235993041], [34.07751852812001, 3.23895187564003], [34.079469125378125, 3.2048252334291334], [34.08525863132655, 3.164747648728607], [34.109922616752726, 3.120372763876535], [34.138259186984506, 3.0942142898429132], [34.21062715972517, 3.0395622234370663], [34.255908794662034, 2.956731584358298], [34.28827716455408, 2.9116335131577316], [34.32849320800316, 2.8515430535176485], [34.352059627197036, 2.8109043585289335], [34.36328628818615, 2.7721253951084286], [34.36484607835616, 2.7404387659922165], [34.35250520634191, 2.71324196687144], [34.37574086671634, 2.6974800023607877], [34.416634687571886, 2.691751147564993], [34.46186360530988, 2.6976957909387274], [34.506398452275995, 2.7079113751721913], [34.52351859437056, 2.726315551066129], [34.566197282279106, 2.7383936651361758], [34.63883565543401, 2.73970574565179], [34.727141943493855, 2.737391084510456], [34.80169549264477, 2.7292118696812935], [34.90385092692155, 2.715462941557824], [34.96778198413875, 2.7001263775916513], [35.05671788833383, 2.7014942364620893], [35.08989466202995, 2.7242585104930512], [35.17617901360613, 2.721853086404426], [35.297625384799154, 2.6787667884228057], [35.44770337546553, 2.593917013545923], [35.6837786430317, 2.4736882296616542], [35.77266260536237, 2.4191809898994627], [35.89033140854224, 2.3789796666327874], [35.997759819456576, 2.3616668145315174], [36.10697426734052, 2.321587746199995], [36.174920009574684, 2.2672565604727097], [36.21987230850437, 2.2091786872464176], [36.273235096826106, 2.130207860805335], [36.37157932746594, 2.061525964299939], [36.45402530397722, 1.9928901797460448], [36.56451630780425, 1.9302306463531167], [36.65484618364233, 1.892023303530312], [36.67936288656382, 1.8568692985263553], [36.68409016825623, 1.7746209936700303], [36.67113540640915, 1.7486960210389775], [36.71700127101972, 1.707030804257716], [36.746269765519656, 1.6146787370011424], [36.74732473923826, 1.588591734989155], [36.77479664930435, 1.5434484156003698], [36.80457988284705, 1.5109987346106486], [36.80763455056298, 1.4597552449372238], [36.74707301147865, 1.424506868000865], [36.71038683888553, 1.3980973382432111], [36.68847353605492, 1.3396436436498256], [36.66795682668226, 1.3078636421072005], [36.650655231038975, 1.274928828716206], [36.63977190375142, 1.232409987360807], [36.67243559214405, 1.2022292735669033], [36.711384298404155, 1.17661105338356], [36.759552408229645, 1.156975852949806], [36.7999927359958, 1.1115674633380053], [36.83930020072737, 1.0716014908295897], [36.86767027426675, 1.0127308155540433], [36.89791860793506, 0.9360226872148232], [36.950610221923974, 0.7870398126315976], [36.98441437312373, 0.7160431711757305], [36.992712980487596, 0.6630969964473117], [37.02342987310062, 0.5940972536043105], [37.06780648656266, 0.5458899993404671], [37.13743958833647, 0.5118883032683392], [37.20673798181081, 0.46422313139271765], [37.257481458090076, 0.4182733436014736], [37.27982395289403, 0.3945276731596188], [37.38775475610413, 0.31601091937498893], [37.449295738468635, 0.2925757842586769], [37.5244366933103, 0.2694379723665392], [37.59914985565632, 0.23997819125454356], [37.6596707036467, 0.20923151352616642], [37.73225828940615, 0.17872261562996883], [37.849975822160616, 0.1327162806021427], [37.8999577126912, 0.10264578505725552], [37.943422364466, 0.07951859780459714], [37.98180580927869, 0.06405565308322991], [37.994871779442015, 0.06765402510846741], [37.998255908462404, 0.06684183767951168], [38.002171386187655, 0.06319879170226983], [38.00970645303981, 0.06287519346481929], [38.01826886035943, 0.058848289249048946], [38.020886312997256, 0.05328960872126487], [38.027065948317514, 0.05147224565198627], [38.03344452278089, 0.043242202950334985], [38.034427720483876, 0.0373451478429061], [38.04363991379081, 0.02762953676680624], [38.04631438993545, 0.028244215492769342], [38.049071196446434, 0.026590690960805574], [38.05177266723688, 0.02821707583575872], [38.05908352174657, 0.024398758548162647], [38.06250795831546, 0.026805388250174644], [38.06961439798756, 0.02457923796588446], [38.07312952312128, 0.028033080443059077], [38.07261027013943, 0.03048566238885897], [38.07411194895441, 0.03163606952845299], [38.08153039419527, 0.02883381404852514], [38.083666972619056, 0.03019990001926942], [38.0890943108236, 0.04176344023689893], [38.09674118031766, 0.04793182683520314], [38.105128788855154, 0.047610662594046005], [38.1116811592456, 0.05412273827061398], [38.114729788261236, 0.054393808754628736], [38.119526452003704, 0.04942186128516113], [38.128202222959125, 0.05066530434745431], [38.13582391075823, 0.04862960047602627], [38.16034872912929, 0.028350800339850935], [38.17597286601401, 0.024047063579459405], [38.182882517678706, 0.01827854751170932], [38.191660413032665, 0.01438364742356768], [38.204930324899784, 0.017188509283052156], [38.20847052320363, 0.01667169376040789], [38.21211227555069, 0.013533220605800977], [38.22050004517524, 0.011771634924119923], [38.222226828329305, 0.009432756995810365], [38.22127744149509, 0.005123901152749966], [38.22830972979717, 0.0021886215698003753], [38.23072615303432, -0.009579520952705423], [38.23718077585721, -0.011480829362263023], [38.23802174135925, -0.015103732830954897], [38.24587721368432, -0.02131672813629848], [38.25051439012502, -0.017452114087699755], [38.254696076624846, -0.017122422395619452], [38.264251066749296, -0.0184741503151713], [38.269487512021534, -0.021740927988254555], [38.28208721063692, -0.02447757541479234], [38.286901124517144, -0.027016431676727848], [38.29163624741288, -0.036491345141296705], [38.296452663804025, -0.03924964612553694], [38.29782260537034, -0.04244917162669992], [38.30191943794975, -0.04540050663161921], [38.30256672399753, -0.0480946166739642], [38.30048613625739, -0.05226982206347586], [38.305647305514164, -0.054848380079118186], [38.31263719150161, -0.05202110512407643], [38.327638498175276, -0.06755024379523178], [38.33125909072611, -0.06817578538788993], [38.339044487086234, -0.06239166514414407], [38.348107344970835, -0.06376887182137736], [38.36821823006221, -0.07891982246221829], [38.37702507477082, -0.0814961878591518], [38.38108102646248, -0.08665111274148529], [38.38353551613852, -0.08708520269409092], [38.38855034829055, -0.08342628494362003], [38.39246312408005, -0.07421370375877245], [38.40586954676564, -0.07607378990796931], [38.41458599578332, -0.07379778684959248], [38.41908028568898, -0.07022385406636289], [38.42642428363537, -0.0750258113556761], [38.432572649779935, -0.07683996052993791], [38.43835658829847, -0.07248119557501198], [38.45325173439892, -0.08518716406569027], [38.45761426997473, -0.08639835790540218], [38.46280279244763, -0.08510189747439156], [38.47152167049802, -0.0794145163201847], [38.48303053851129, -0.07585870408086492], [38.48760458241927, -0.07019763850748362], [38.48998048550599, -0.06064424940590385], [38.49298943597149, -0.059605787822601286], [38.50207688550472, -0.06338810820509622], [38.511565964287804, -0.05974386497346984], [38.518754931711385, -0.0629045369566299], [38.521883076959284, -0.06197007002719346], [38.52625855706623, -0.057091948052743646], [38.53025994649305, -0.055443464921943075], [38.530042957700694, -0.04510461656175124], [38.540495110971314, -0.04325870864945003], [38.54210409636273, -0.032866973550358836], [38.54861495705705, -0.019682653463746647], [38.55458399870458, -0.01744613568939002], [38.56092015246944, -0.01954797112113482], [38.56900139381435, -0.01837943056339597], [38.56963505141283, -0.015269521935444175], [38.570798911110955, -0.019943982396817717], [38.58007663817321, -0.02492579342896306], [38.58851075435031, -0.02643889798332566], [38.59772251237051, -0.033371179366213255], [38.60114729310543, -0.03409195053189862], [38.60837205734314, -0.029710005938408557], [38.61175434336222, -0.030348262620137234], [38.63893960300039, -0.0546053808292406], [38.647674640613346, -0.05371615955671416], [38.65517811953652, -0.04663291963935379], [38.67554842334418, -0.05476499681198277], [38.681253862594474, -0.05534714134935825], [38.68449321189314, -0.05252190426925196], [38.68518079549147, -0.044314489072359464], [38.687990744985974, -0.04117926694893015], [38.69057578275009, -0.04215806476070938], [38.69744802101974, -0.051206102610244386], [38.71339319755239, -0.062344534215561964], [38.72770844262937, -0.06474126787181333], [38.73758944481339, -0.07054869401845565], [38.7493411841919, -0.07243950003492472], [38.75786689861417, -0.0732609328326177], [38.76617533210808, -0.06921189819126639], [38.803927063172424, -0.08644156927854851], [38.83090162358701, -0.09632567333306241], [38.89354823084386, -0.09679576117709132], [38.91509801996574, -0.08864133578953926], [38.93099159364005, -0.09868473681921941], [38.94372719964113, -0.09624941479837545], [38.95812610470247, -0.08468813691622046], [38.9760045908223, -0.08191456891872662], [39.01242490504711, -0.09464611677842782], [39.02110178227361, -0.0852028502714468], [39.05310769644999, -0.09035593152612975], [39.06018846444753, -0.0762519690640211], [39.08287947982646, -0.07844340232545477], [39.09419611078012, -0.08462859384157184], [39.12310388059766, -0.11481475286631948], [39.13027262290215, -0.12617142905386558], [39.151734853397365, -0.12437764955639352], [39.19217256266566, -0.143027244088632], [39.210295318467566, -0.14192119427751493], [39.22383230107248, -0.13209530802096126], [39.238467368710246, -0.1417259346822668], [39.25733633488778, -0.1452409834202122], [39.27552726897706, -0.14453270283740594], [39.29169285008928, -0.14088261232747357], [39.313445958412274, -0.1398751230268651], [39.33005398593804, -0.15086992203401195], [39.339233353097576, -0.1709605051160672], [39.36069946560395, -0.16546114416953017], [39.38701140657078, -0.1923777363353345], [39.39740023336419, -0.19204731244610684], [39.40623068477481, -0.18846781364021226], [39.414591363435136, -0.19795990594313295], [39.42376879461716, -0.1903631924793352], [39.43522252801533, -0.19747933908962167], [39.45054616632949, -0.21380813243907326], [39.46268172308934, -0.21616737032847766], [39.46402702822099, -0.22486480325087754], [39.47557341568341, -0.22884758573851016], [39.47326028948464, -0.2385414872999796], [39.484097342685686, -0.24754044975190226], [39.495187917010554, -0.25242037629466907], [39.50401912919262, -0.2526364371271832], [39.50534420594352, -0.2622942217424189], [39.51431870700458, -0.2794467966025209], [39.50988825538079, -0.28613109811907833], [39.52199388337255, -0.28390508518651814], [39.536567161749765, -0.2997666638493861], [39.54584403719413, -0.2954763304986656], [39.56240887214647, -0.32945333713869474], [39.58283158329837, -0.34936510806278065], [39.59777589018146, -0.36044971123136804], [39.59317581264009, -0.38260283173845266], [39.60376301263323, -0.388533088243868], [39.59984917969167, -0.394928584171204], [39.6112567733602, -0.4045800414182992], [39.60563972182812, -0.410908240746231], [39.61873256579366, -0.41648607735979937], [39.60968708498723, -0.42640867956164996], [39.615724270748586, -0.4341772737833409], [39.61119421817926, -0.44785173292525116], [39.62352555954488, -0.4505554099508906], [39.62371357400923, -0.4559222457770389], [39.63321499478428, -0.45781721815676235], [39.63561431017642, -0.4653286351465873], [39.6302062039311, -0.4742694634377358], [39.632503064727416, -0.4985823372267255], [39.643717846624334, -0.5066729949464204], [39.63759201273859, -0.5169796754425953], [39.65045625368396, -0.5184756417337937], [39.65716785740324, -0.5264261129396246], [39.66833436489995, -0.5336577692595306], [39.66875555194705, -0.5399632101263023], [39.66327364772032, -0.5456516595030863], [39.670611469061086, -0.5501237868480651], [39.68755232191842, -0.5532368731952602], [39.68754376669282, -0.5754152445156961], [39.704879765179875, -0.5943260731919402], [39.7176163315173, -0.5925034668857947], [39.735576154850534, -0.5959335154624306], [39.744046513007454, -0.5948517089325627], [39.754099041241375, -0.6070030722819624], [39.76956399078944, -0.6147217696749401], [39.78076597278531, -0.6223968840522325], [39.77787510667429, -0.6346141038507263], [39.7833425293392, -0.6576496768535094], [39.78337839761413, -0.6637025255763689], [39.7925337429169, -0.6644233417623973], [39.79424320463699, -0.6751937219248809], [39.801386149165474, -0.6750735903885179], [39.79751958365672, -0.6846136056985124], [39.80375701882935, -0.7003929751321785], [39.810607080702994, -0.6979198539291502], [39.809443943500355, -0.7078722845591727], [39.814133530598205, -0.715634964506549], [39.810899723426736, -0.7350180451949555], [39.82159721305126, -0.74280288631887], [39.82437907824946, -0.7511097795822579], [39.81237681391133, -0.7637150863832858], [39.81692422572252, -0.7703619176292236], [39.81185149302774, -0.7771727938677735], [39.83136568718156, -0.785858624683609], [39.828715574791495, -0.7943231004746458], [39.837453129860656, -0.7993303283038138], [39.842202608066664, -0.8077640882380592], [39.83788301452638, -0.8175891713320986], [39.84615561934906, -0.8249316602796135], [39.847366164328875, -0.8370636144114911], [39.852860142084985, -0.8519224814726982], [39.86013126588733, -0.8523076383014399], [39.857247296251074, -0.8736335690994395], [39.86306125234354, -0.8901772914272392], [39.849934475459754, -0.8898797959013365], [39.8592998256385, -0.9000030768222516], [39.85021709507902, -0.9057066651701788], [39.85969142181443, -0.9146615017921782], [39.86408829055464, -0.929979382776434], [39.87464606158096, -0.9319073933135229], [39.88450434844087, -0.9435005421844593], [39.87089938246929, -0.9556583591262751], [39.873040502784825, -0.9662394845531423], [39.88086388145931, -0.957555690153054], [39.88364344154221, -0.9746933949223084], [39.89163883448655, -0.9722185767861973], [39.88768911379311, -0.9813691467827717], [39.89190712361666, -0.9935468473389868], [39.88558065006248, -1.0017708408870156], [39.89189716589642, -1.0110791927694578], [39.90184968957983, -1.033362711468964], [39.912538778448614, -1.0479007829910607], [39.90794294780563, -1.0538029556919497], [39.918908578688146, -1.0634482993073107], [39.913079254269064, -1.0705690533281391], [39.922463139531146, -1.0836325065468593], [39.92818163631143, -1.0823819954654184], [39.92657264414873, -1.0978975873086476], [39.93581964978859, -1.0998436447621422], [39.94166790436538, -1.115245230194482], [39.93571640385599, -1.1170760858642197], [39.93010893646539, -1.1124252288731356], [39.932730375542576, -1.1339659728231126], [39.94313921578129, -1.1346973970382628], [39.94489359125578, -1.1451266510178009], [39.95542941452107, -1.1462754788256184], [39.965053672578506, -1.1645137400547938], [39.962755647090205, -1.1735405172560647], [39.97189868499361, -1.181796216739393], [39.97309767569686, -1.192929907478966], [39.981488609094306, -1.1952146277583324], [39.983249112147064, -1.2056799770521636], [39.993921637337515, -1.207474318247435], [39.98890177911943, -1.2146649458238272], [40.001560536437985, -1.2176675298476418], [39.994412430308756, -1.2293923883975637], [40.009441220249904, -1.2515964893872393], [40.00556920485013, -1.260685157331885], [40.016592165158926, -1.2712531200812265], [40.0097772701833, -1.2761772075558824], [40.00248891439898, -1.2908695563184729], [40.009072200022906, -1.2999521476650493], [39.9979583549258, -1.3024678689471862], [40.01134093345869, -1.324211525761097], [40.00830860712973, -1.3308612319351525], [40.01488146321385, -1.3353373542629647], [40.00772436177186, -1.339863866680389], [40.006011287970196, -1.353496037800948], [40.01394499536889, -1.3622356751599156], [40.01190360812235, -1.3791250091783596], [40.01945487501902, -1.392187695493206], [40.026670283005934, -1.4108920693436815], [40.035835535414954, -1.422360672218968], [40.0342642653107, -1.4325441468438598], [40.040893589703515, -1.4510873636109238], [40.03455186085834, -1.4588211133159206], [40.04080632485501, -1.4630565296935387], [40.038824739330366, -1.4718553372540448], [40.041518841585784, -1.483644308252206], [40.040704716623495, -1.4944815088895318], [40.05144307181673, -1.5036217666490863], [40.047073808305996, -1.5161244403146128], [40.05742016159886, -1.5296149412926212], [40.062059738095186, -1.5405849245756258], [40.0594101919583, -1.548451173410868], [40.06715047434729, -1.5695106250465756], [40.07611324959416, -1.5800811830497956], [40.08212868920325, -1.5958182304099715], [40.090994916425615, -1.5961063025400328], [40.0927929020627, -1.6022349376417537], [40.10910050910451, -1.616895262608729], [40.10679948553602, -1.6238258707889734], [40.115464793622564, -1.6397304396387185], [40.11179521024318, -1.6538144550367377], [40.11397236680666, -1.6817379718505592], [40.11069309348941, -1.693170848742696], [40.11057800340244, -1.7079967524522104], [40.120499429680486, -1.7199597899921741], [40.11384579766571, -1.7261077009480523], [40.128925837126694, -1.7347447017244093], [40.120851127765185, -1.7420513421952926], [40.11316117269957, -1.7544267818258668], [40.1141464669201, -1.7722719685629773], [40.11011483419998, -1.7820791135384706], [40.116415108856984, -1.7983653041660386], [40.11949884184026, -1.812650739906685], [40.11147085781933, -1.8188082603516786], [40.118448664066804, -1.8517039228736376], [40.135615775329654, -1.86097423004008], [40.1422494179796, -1.8798616884011299], [40.14092130162866, -1.9062042565345383], [40.14638630542447, -1.9139794275960131], [40.140373222830135, -1.922647801576316], [40.142533847849656, -1.9483502846174172], [40.136157160985604, -1.9525792605586734], [40.138420333783394, -1.9587615291142502], [40.13563362137723, -1.997312770238091], [40.14004879542484, -2.0120999648158833], [40.133891099385906, -2.0261686074583007], [40.13116783442286, -2.037557409247581], [40.14247889549481, -2.0565331059302583], [40.14962429711347, -2.072398868858061], [40.147678483932225, -2.0838872872981806], [40.147915569429415, -2.101081642931968], [40.15155118819723, -2.1266902844621516], [40.15145876028968, -2.140018749848638], [40.14172577189595, -2.155428320889241], [40.137416417098855, -2.1729608095316433], [40.143798833467066, -2.1885504167799663], [40.14890983124318, -2.2217089257998257], [40.147256196039656, -2.2460491359950208], [40.15013917201103, -2.267943999215971], [40.147864952019326, -2.2861876870258424], [40.15649630545664, -2.3000008384797876], [40.169791562140674, -2.3052231982108484], [40.1792382946475, -2.2996834245336384], [40.19860492767507, -2.305470733903947], [40.21219418725482, -2.306058875873207], [40.24003946737321, -2.3219224099322755], [40.26228863048918, -2.337214735067983], [40.270158248630146, -2.3486069284013755], [40.27989589241177, -2.3780300611271787], [40.2848539013232, -2.3853875728074403], [40.31212012478608, -2.375061901404729], [40.31986151627268, -2.3819126750639352], [40.33014697690974, -2.3858934235694296], [40.34044396374075, -2.401261624666473], [40.35263357367259, -2.4128812875761074], [40.36356037961185, -2.4266276961898203], [40.36554966223492, -2.4410484027068247], [40.37319083733798, -2.4596261604227454], [40.38297440752193, -2.4736295298440236], [40.41708106017819, -2.476655512359871], [40.43230629659434, -2.485131617400116], [40.439659433098825, -2.4913225067558553], [40.45102358661615, -2.494891291000423], [40.456101655761955, -2.504012052583393], [40.46627640597152, -2.500161176318594], [40.47851411335631, -2.5118794322356752], [40.4713650306083, -2.515778266884139], [40.46834628981185, -2.5202502061274945], [40.47616570347464, -2.5290529880145574], [40.48188095683099, -2.521041726336515], [40.49798535675873, -2.516285338031965], [40.53006056501599, -2.5341074113639284], [40.53254709229393, -2.539195532835281], [40.52995203788257, -2.5417169548913154], [40.530308922592624, -2.536568990674448], [40.523541126679426, -2.532945784784113], [40.50566867182895, -2.5329164851660035], [40.47868189076845, -2.536560601774651], [40.45718032722779, -2.5418932055597754], [40.43527898192743, -2.549359851161581], [40.38438017592104, -2.571049048753915], [40.35361693796827, -2.589532701005348], [40.347010801100865, -2.591502487723707], [40.34630224022298, -2.5891667812754537], [40.35228976417163, -2.5822778225579324], [40.3513018534401, -2.5791660072996603], [40.35428354069169, -2.5768820588225605], [40.35078993248363, -2.573286648324169], [40.35226816766465, -2.5759090791434236], [40.34753632799753, -2.584483149209893], [40.34409342914814, -2.5866762033253554], [40.34256401000996, -2.592280579513284], [40.3389318907232, -2.5967095816096464], [40.30551729138435, -2.6182962412445665], [40.27200546845667, -2.6456171570870435], [40.26854569415957, -2.6476151232827316], [40.266854001738935, -2.646681229022496], [40.27009021778963, -2.640552677582919], [40.26944255669279, -2.6388296603152117], [40.26837401958919, -2.6430972155215837], [40.26074645266569, -2.647696231557317], [40.260061264378784, -2.655892848546637], [40.22409150219489, -2.6947250089695896], [40.20327568539309, -2.725219969831505], [40.198966046196645, -2.7342429359974663], [40.19326825198207, -2.736732470293779], [40.1883008640235, -2.7339899349347885], [40.18756364713295, -2.729383131662333], [40.18522910680265, -2.7274107537702097], [40.187706215358084, -2.7386179627094], [40.18860944225065, -2.7362907436295547], [40.192260764389516, -2.736835470282317], [40.19045621167586, -2.740790704038565], [40.193467942734, -2.7450575377781394], [40.186450317485274, -2.761454609826197], [40.18324400226324, -2.761898193137169], [40.18448606377235, -2.76370655622169], [40.18046948911441, -2.7652842632711394], [40.18089585622598, -2.77055719267687], [40.17855679155727, -2.7710265662425737], [40.17901187879805, -2.7784696128704045], [40.175983547487, -2.7851467163459542], [40.17952587310632, -2.783414384810934], [40.181899462207056, -2.7794014984880544], [40.18675268356891, -2.7772178194635178], [40.18318937184731, -2.791691351537695], [40.18450567946719, -2.7949979445209383], [40.183494402945115, -2.798826261140741], [40.1856665955771, -2.800719446925326], [40.18343901328834, -2.828824157184906], [40.171538441426875, -2.855750027281756], [40.172074189486835, -2.862296026129707], [40.16957582762047, -2.8811899639712646], [40.17261821905898, -2.889039197134613], [40.1726271721822, -2.899221345854164], [40.16656216318087, -2.9145150636150863], [40.16402496394989, -2.9353944558834666], [40.166487227562094, -2.943387523979224], [40.16516656333931, -2.9471189901204564], [40.16649072332062, -2.948160290888291], [40.16677763030697, -2.9574376443253225], [40.16153049894858, -2.955544037108071], [40.16972868924125, -2.96481824204462], [40.16793852170953, -2.9621568734290005], [40.16850858007662, -2.960244104899301], [40.17199359522384, -2.9588364706192305], [40.17427838560917, -2.9617837998773933], [40.174775243758816, -2.9602443948757884], [40.19042226558068, -2.9858108470373512], [40.1884998990358, -2.9870530898223446], [40.18712510293093, -2.9861398404921413], [40.18416482472401, -2.9799009847149893], [40.18265057514992, -2.9812351592037434], [40.177220349058736, -2.980752884831661], [40.16853059983437, -2.9927929106789986], [40.17066685952671, -2.993675655736938], [40.169654228400915, -2.9986589566313615], [40.17194902252169, -2.9989815025018185], [40.173396973853855, -2.997283060368927], [40.17293091528789, -2.993198823214227], [40.174643749364776, -2.9901983680687305], [40.18027526219968, -2.9871309115832023], [40.184801025129254, -2.9896431723980488], [40.188119565505794, -2.9953916586830776], [40.19354202802426, -2.995389718431296], [40.2010389299095, -2.9926530968828136], [40.21208267691528, -2.993737642751837], [40.222004551631414, -2.988670487147216], [40.230012461370464, -2.980204828448807], [40.23782538167691, -2.9779574149979116], [40.24064601573781, -2.9791627997086234], [40.241488679487965, -2.9893376776847003], [40.238114762359174, -2.9961794673603936], [40.23472128719111, -2.993243747111274], [40.23166766862723, -2.9935250306708294], [40.22360967127359, -3.0014652378429485], [40.21222016355371, -3.0032465546933285], [40.201623908301805, -3.0105152420503156], [40.19658330439651, -3.01916861909004], [40.19532139964693, -3.030600864340416], [40.18471005799889, -3.032965904025131], [40.17412369684497, -3.041635282238664], [40.169583497876545, -3.0531575798998123], [40.17019329513155, -3.0594434513979696], [40.17344374302994, -3.064792774965186], [40.17311988756945, -3.0692308986793204], [40.16133904484605, -3.0752305308352934], [40.15950578468957, -3.081172645268415], [40.1560167187034, -3.0833332724747198], [40.15708895396256, -3.0862897093691277], [40.155985993728656, -3.0901355435599687], [40.15927150181345, -3.097016854022483], [40.16181811905764, -3.126524896349858], [40.16370102267804, -3.131668543446642], [40.15133033219041, -3.152719358831879], [40.14725613770463, -3.1664916963819234], [40.14279335068701, -3.167307244459705], [40.13606103186654, -3.1619037718455534], [40.140337213870765, -3.1682753943982345], [40.14064340930422, -3.1713861629897533], [40.12660576304175, -3.189384951197516], [40.12099211896186, -3.2023722743140137], [40.12213601886004, -3.2122236130840864], [40.12620174319164, -3.218045870444053], [40.12768444309583, -3.2233299716037056], [40.129503433981924, -3.2229879685151896], [40.13038594323871, -3.224794863304181], [40.12821036168007, -3.2295913062485138], [40.126529722446065, -3.248672339958114], [40.128645475970444, -3.2493381090121343], [40.132601893180116, -3.2559380208083244], [40.131199857057894, -3.2638906902341613], [40.12488866463269, -3.275071638760574], [40.12620403045322, -3.2791669010304947], [40.122689464430835, -3.2833326358733483], [40.122284164324114, -3.2886738680433236], [40.11765970106219, -3.292452586898298], [40.1133772300419, -3.298932211296135], [40.0883882532698, -3.3147778997995037], [40.074384679499005, -3.3199391328226024], [40.055058974822806, -3.336727399429007], [40.028270473407986, -3.348827268722987], [40.024089013272864, -3.352220808202011], [40.023118237248674, -3.3564519877778753], [40.015493990011215, -3.3568838756881103], [40.013239208184544, -3.358604558606215], [40.01514218495875, -3.3611698120766587], [40.01283029804342, -3.3636809147914004], [40.01194546408709, -3.3604344224379634], [40.0069469033916, -3.361589839517487], [39.99479989870665, -3.375077349902922], [39.97617648083481, -3.39013432404518], [39.97277504221231, -3.390090194555073], [39.96960854719092, -3.387438310681512], [39.97311477218926, -3.370833113609395], [39.971260072765176, -3.36089067422054], [39.97180591286345, -3.3546609477269396], [39.9677191014078, -3.3503377204144424], [39.96572716793026, -3.3445150171791393], [39.96743978344882, -3.341606247174722], [39.97171819469668, -3.340422053434766], [39.97450233063678, -3.3427183802539506], [39.97741534274991, -3.350599858130421], [39.98198666000175, -3.349765181640363], [39.98277776407076, -3.3449001630499797], [39.988101663342775, -3.3470676755008366], [39.98953394393113, -3.344717621353288], [39.984104905211744, -3.3364510194064945], [39.98377002688081, -3.33236320595538], [39.986077083546164, -3.326908840137177], [39.99145654423356, -3.321900399145905], [39.98010813680822, -3.322888080280828], [39.978395513805516, -3.321553772407393], [39.96941102387429, -3.325766302179156], [39.96829984164788, -3.3292314630487763], [39.97199763801281, -3.330024552557953], [39.967447739185864, -3.3331603905081497], [39.96385502192706, -3.3318873895753054], [39.96482446284447, -3.3329992959278076], [39.961610533443455, -3.3393993544208467], [39.96174945761269, -3.342493232464916], [39.957162546136445, -3.3441647286479803], [39.960045053396705, -3.3452341948094766], [39.9610294091545, -3.348883699068983], [39.965883893277805, -3.353571212284079], [39.965665320517736, -3.3666037798567583], [39.96451308100469, -3.3714582370041324], [39.96150457806441, -3.3746133048888627], [39.965903307619406, -3.3712809158370494], [39.96921718733049, -3.3724517717413693], [39.96759329796778, -3.3805713977767216], [39.966344606807354, -3.3811622867396363], [39.9667728373018, -3.378389554977135], [39.96551064011201, -3.3784917494522393], [39.96383453815949, -3.383957932830617], [39.96284670790012, -3.3796976411345714], [39.96104769854175, -3.3792297501194835], [39.95808089617157, -3.373836533796437], [39.95735842280031, -3.37497566989744], [39.95905870689481, -3.3835399047635217], [39.96118842903141, -3.384732580747718], [39.96188302443536, -3.388952298898529], [39.96670893316648, -3.3907894830941476], [39.96782485037241, -3.393254524333633], [39.965988128464154, -3.400974090067299], [39.96978692874401, -3.4032692988729796], [39.96952883743035, -3.4061081197287013], [39.96352069994665, -3.41610992320569], [39.96145365368005, -3.4239513884991357], [39.95796294546619, -3.4280563444358148], [39.956481580761334, -3.435838508231326], [39.94240919250772, -3.4608315641245557], [39.93369549456976, -3.4838890459484073], [39.92658272307566, -3.4950012452608537], [39.92449781885466, -3.508099008091703], [39.903141305792474, -3.566942348202895], [39.898948025013155, -3.5758913271671577], [39.894376564521224, -3.580220383764088], [39.89538957096564, -3.582428997205467], [39.89269560517404, -3.5866685503629814], [39.8909222967971, -3.594167543377713], [39.887689943928, -3.598055217964502], [39.882557005057436, -3.6114478696852803], [39.87629576888115, -3.6191568616212866], [39.87145055811699, -3.631449819535204], [39.865412593354506, -3.637344977324597], [39.85805690172076, -3.6381209741584986], [39.85217164981361, -3.6346333048222323], [39.845271724262695, -3.6353714370580104], [39.84138911048874, -3.6279719082410455], [39.835759063354466, -3.6248943081619966], [39.83138683108632, -3.624812803958344], [39.828251674270916, -3.6220235272315104], [39.82478063931883, -3.612994980449491], [39.821171977968824, -3.6096628178292622], [39.817432933001136, -3.609101643025392], [39.81382745303677, -3.613271258209272], [39.81190796802459, -3.6217305974207914], [39.80815309075521, -3.611080982344772], [39.79992991605013, -3.6062800557794095], [39.795453620182116, -3.608606153902061], [39.80050602006778, -3.6071207538155736], [39.80593253414569, -3.61080369572071], [39.80768514479252, -3.6200023450923435], [39.81147278606941, -3.6238771169224915], [39.81144690954342, -3.6333637272927266], [39.8083947235703, -3.629938832544921], [39.80583266342582, -3.630468548860888], [39.80354426976814, -3.6324422727242567], [39.80263947910175, -3.6364019779557832], [39.804938363972305, -3.642563676368704], [39.80843539115125, -3.6438562337326896], [39.81026532600734, -3.6470359843078892], [39.820337759541154, -3.647005350821564], [39.822473429280876, -3.6429895732393636], [39.825895102505456, -3.6411726790114063], [39.8274572018778, -3.6371690360414544], [39.83194811012148, -3.6378627578460776], [39.83751906217493, -3.633465336970021], [39.84472042427712, -3.6384235324095737], [39.85187684101739, -3.637670178327612], [39.86365289744978, -3.643292472505566], [39.86788762282814, -3.652568815194668], [39.869865222814134, -3.6660009722992104], [39.86923501078064, -3.674778160228831], [39.86666186317419, -3.677856759878617], [39.86236576752714, -3.67952827181548], [39.86493821028479, -3.6787753436804405], [39.86814848635057, -3.6811054509750196], [39.87067605086435, -3.6976326520600455], [39.866196988622534, -3.709174478365851], [39.86134385449756, -3.7149144179266624], [39.863156107817595, -3.7186533189809357], [39.86231010900863, -3.7222225320944435], [39.858250999836116, -3.7269431118054808], [39.855921868981355, -3.7405552352054894], [39.8501891130227, -3.75027778089172], [39.84730889562869, -3.761386684219792], [39.844617620233976, -3.765351423430241], [39.84342176628513, -3.7772234737530663], [39.84101058645156, -3.7800697339390954], [39.83758831807692, -3.796116998432675], [39.83102730929247, -3.8105453960205704], [39.83008940279174, -3.823334577801374], [39.81036612330514, -3.8666745137132086], [39.7876915952109, -3.909169589392336], [39.77533509492429, -3.943112871641885], [39.766449784552556, -3.9536706099482455], [39.76318401442339, -3.955404455371836], [39.76027546507606, -3.954906369725064], [39.753020993220474, -3.95905927294975], [39.75643249011754, -3.9597761773527917], [39.760281077268374, -3.958240717415018], [39.763943771601625, -3.9625377094259395], [39.75722434950662, -3.9689685898582905], [39.754954285357165, -3.9693993994923904], [39.74947483579268, -3.9787102259336127], [39.737979150417154, -3.989726046327613], [39.729075639957586, -4.002767634759108], [39.72625001808706, -4.013221674503464], [39.72822934964829, -4.0175352635589245], [39.73149738570872, -4.017843334021753], [39.72978845537068, -4.024237800856989], [39.72297598165611, -4.026944683699396], [39.70202191289794, -4.060078458154992], [39.695275146102745, -4.063980981781201], [39.68750051955113, -4.065340235178505], [39.68438479314199, -4.062838103502786], [39.68398360610746, -4.057775476857861], [39.68100037114369, -4.05465854672129], [39.68173656959522, -4.0446732439474165], [39.679580721767856, -4.042931959736817], [39.67380747534897, -4.043065747413754], [39.67732425838371, -4.0377172353113], [39.67671216274092, -4.0324090536520085], [39.67222539269795, -4.032306001713115], [39.6709366458655, -4.0280206836427634], [39.6608353749576, -4.0218526959195255], [39.658606649017266, -4.0231498563757295], [39.65285163242652, -4.018285975460367], [39.65021451449005, -4.019378634211845], [39.651161259101116, -4.0216558642231615], [39.6499455790929, -4.022847698020948], [39.64702654963955, -4.017973972011957], [39.643789840233985, -4.016349095059679], [39.642176198898945, -4.023685040095204], [39.64494080705841, -4.027001427038135], [39.65038031589448, -4.028854344797006], [39.65178348588215, -4.031582029965497], [39.64771083620243, -4.037061717041324], [39.64409734849462, -4.033500288722136], [39.638827910239456, -4.034663444167874], [39.637649343810295, -4.036665371681769], [39.63882412449192, -4.0392310328766445], [39.649503238963575, -4.038115577171064], [39.65856211132107, -4.029669429051941], [39.666748728464725, -4.029953302485145], [39.670000135952506, -4.03452411660683], [39.67536431081307, -4.036665608447931], [39.67531429027443, -4.038435743375279], [39.67129827903176, -4.041112592165819], [39.67161554065407, -4.044715366478124], [39.67388037258318, -4.046751576588248], [39.67754642099078, -4.045776551976266], [39.678934371075066, -4.0474232215869765], [39.67521829385455, -4.052814675490568], [39.68254384270989, -4.0644121502614095], [39.682912370729724, -4.07172187781204], [39.67128523010076, -4.080107097135821], [39.66301848836694, -4.077816701452397], [39.650640250494014, -4.062139748141158], [39.64774207629614, -4.061212999297181], [39.64647860024702, -4.051664368150076], [39.64034047072503, -4.042429579990836], [39.63376358319533, -4.0448453492941905], [39.63111482383948, -4.0435322903796145], [39.63115875745374, -4.045876109350521], [39.62711150193457, -4.047888175796244], [39.62604825802512, -4.046558429600422], [39.620759620007114, -4.046177971345033], [39.621157939109615, -4.043849234314711], [39.61727949893526, -4.042091762696165], [39.607279031945815, -4.045411710314406], [39.59097795003289, -4.045156711424491], [39.588924104146635, -4.049827332409484], [39.58670940918854, -4.050655681782045], [39.583491500116715, -4.045968398018074], [39.58507079157113, -4.036326610245711], [39.57920520024985, -4.0296815185271395], [39.57311378906266, -4.025773654467146], [39.56631342169442, -4.025841629859039], [39.56559240712619, -4.036973103863106], [39.559113477524306, -4.041702253142132], [39.56334149370929, -4.0406425464854845], [39.56589088280663, -4.03811107452916], [39.56855090397529, -4.026325184690238], [39.57112300048991, -4.026575816966593], [39.57841136443375, -4.031866765144043], [39.58232788225829, -4.039789445736419], [39.58117312120422, -4.042850831423683], [39.57166772229127, -4.041303122752327], [39.56715812124739, -4.044937513761715], [39.566557260478426, -4.0482645892014], [39.5709174292783, -4.054721485249013], [39.57464203923849, -4.068136857147442], [39.58054274662076, -4.070700393418436], [39.58816252629732, -4.0678152242385135], [39.57577274220246, -4.0835526920417475], [39.575561230569186, -4.086756647165979], [39.57911176415792, -4.081597298436845], [39.580613737911115, -4.0820109756571465], [39.59117567170197, -4.074229253452666], [39.590989118800664, -4.069321271314008], [39.59333965475889, -4.0640866440230905], [39.61798539292634, -4.061222588301439], [39.618009945837514, -4.059682005095988], [39.62191338704174, -4.057717978561781], [39.62187956891122, -4.059506814171732], [39.6254959469216, -4.0625576615008985], [39.629444320502934, -4.063423757206541], [39.6378406598144, -4.057840388828948], [39.63652048853064, -4.053354335629722], [39.63822205514021, -4.050998785939397], [39.63950108340769, -4.051897201101928], [39.63991108777219, -4.058336107316984], [39.64260968443743, -4.062011563386436], [39.641892254597806, -4.068093706808407], [39.644611171636164, -4.072542973604554], [39.649509370562804, -4.075671658929947], [39.65450711095465, -4.075214545360284], [39.6610491678386, -4.081172664437149], [39.666076676011215, -4.083381372015049], [39.67694235992561, -4.082693971621909], [39.67402979831932, -4.089112420389673], [39.675614916929554, -4.093653332820546], [39.6720071384074, -4.101727539879763], [39.66379615537275, -4.11332277472618], [39.65951584939163, -4.124167045574678], [39.6551891420419, -4.130277707622865], [39.65200510819714, -4.140892919945616], [39.63963443794381, -4.160547085827515], [39.630922965412026, -4.180564778951945], [39.61436004808495, -4.203332396517778], [39.60119416601185, -4.2527749344698496], [39.599488152637726, -4.25782288015184], [39.59716022959459, -4.258561007322514], [39.59873652725606, -4.25984765273264], [39.59898008987946, -4.270001041407712], [39.57102394354913, -4.330831137753277], [39.570109320954224, -4.337984734263811], [39.56435952853977, -4.350833136360999], [39.55813901190855, -4.373613639209983], [39.549618974331054, -4.392289515483094], [39.548163727551085, -4.402432488268593], [39.54598467025488, -4.407085672851574], [39.54399215407421, -4.426621417010734], [39.53950360091004, -4.437834288522735], [39.537090052395925, -4.439568572455199], [39.53357518071333, -4.438441748368538], [39.533419415334244, -4.428888009542176], [39.52940240750991, -4.429766241574695], [39.52483782259809, -4.419052765991216], [39.52166403186244, -4.421717604191455], [39.51806111539487, -4.422558774505925], [39.51693766253258, -4.421030794851033], [39.51670915139634, -4.4242342777293775], [39.515199289644805, -4.422216795254963], [39.51592993755551, -4.42917497175368], [39.51238383420393, -4.429766028184767], [39.50949179522053, -4.4411490348988725], [39.503235979093006, -4.443883548486793], [39.506988529050886, -4.446765271206887], [39.50305491757949, -4.44759772977501], [39.50255043987739, -4.44439655352542], [39.50046652316868, -4.4447324097383945], [39.50178832520753, -4.449020105291668], [39.49848219002981, -4.458615029765456], [39.50004378041783, -4.4653166718892745], [39.49830364596832, -4.465731408594786], [39.49480346129413, -4.4723045112511794], [39.48858063531003, -4.476291359093443], [39.4880795573954, -4.48007123804266], [39.48583080169624, -4.479904639799281], [39.48104694037654, -4.48299220712518], [39.47241666325284, -4.501388430677844], [39.465449361794754, -4.522293124472432], [39.46482579077167, -4.5307586247359755], [39.46237714746311, -4.53403362054261], [39.46401615011919, -4.5393676564674745], [39.46296497291311, -4.542790760443127], [39.4659510099956, -4.544377243150022], [39.462686376540475, -4.547487333605238], [39.462028960197244, -4.5544434370686115], [39.45661152528999, -4.562176717539801], [39.45619125648535, -4.573341920161189], [39.45342528124219, -4.583060665450001], [39.45091966610744, -4.586475625221409], [39.444720507584925, -4.585752119888609], [39.442434136383405, -4.5920572466310094], [39.43921979933052, -4.59231326268692], [39.436071673388724, -4.589819971429199], [39.43538918520773, -4.572008771784253], [39.432840999981885, -4.5660484856085315], [39.42707749504742, -4.559344565697154], [39.427721554269375, -4.556055601761466], [39.43160801873589, -4.551053819511397], [39.43502101404431, -4.549023900769855], [39.44008133512185, -4.55055559547648], [39.43688187213202, -4.5474592530676095], [39.447309317059805, -4.533063915949276], [39.44880041475312, -4.525986884430333], [39.443336837542205, -4.535651554759523], [39.43915786062338, -4.5332892496634525], [39.42858096406124, -4.53298653862535], [39.430068529732594, -4.53511245572682], [39.43511123573114, -4.534067452906099], [39.439711275833574, -4.535481711064149], [39.44173279527946, -4.538372651585876], [39.42634336863851, -4.549403483037251], [39.42647813556484, -4.551959572266595], [39.42327099232284, -4.5546602539663805], [39.422278194718004, -4.5584075815788605], [39.41815360169497, -4.5524697722901575], [39.41299427440957, -4.5504810289113795], [39.41134434529748, -4.554498392755102], [39.41430748827291, -4.552653625746794], [39.41815613190283, -4.553301335561555], [39.41894288552739, -4.555881476536827], [39.417125818510364, -4.556672303359077], [39.424561437268764, -4.565410980180529], [39.42389292747777, -4.569543848050417], [39.41796221043586, -4.5675071640040255], [39.42236127430175, -4.572402502198125], [39.417582985824325, -4.58036454394013], [39.4145076126856, -4.57960836336464], [39.41028716849005, -4.5818714510498015], [39.40918699531562, -4.584782005912791], [39.40493245960575, -4.587438898029594], [39.40537001912628, -4.589530531715935], [39.40245720508476, -4.59005953567746], [39.3970255826508, -4.578331248874656], [39.39439538451702, -4.577459771444703], [39.398443825269965, -4.587055453196021], [39.3954506017753, -4.590621861575661], [39.39460656146779, -4.595489252889573], [39.3970534775054, -4.598224143492091], [39.394355707601754, -4.599174533057893], [39.39489343693126, -4.60301002718837], [39.39838322913261, -4.605200233314077], [39.39713076457033, -4.607298752633104], [39.400616668407025, -4.608839395951714], [39.39822116380612, -4.613679093877154], [39.398239047528, -4.618888793548281], [39.402733295409405, -4.623122196382168], [39.40548086631833, -4.6198699242189445], [39.41139320943706, -4.6207443083804645], [39.41310640035028, -4.6224605247083606], [39.41288914588253, -4.634376591317535], [39.40912013339109, -4.636344547984228], [39.408976591621865, -4.638877523633456], [39.4066063231902, -4.639938676633859], [39.40454690768843, -4.646421244884058], [39.398222609817964, -4.649008341530392], [39.38411588301048, -4.649854678318066], [39.35615115959089, -4.641062222368086], [39.34823599337901, -4.640416631030719], [39.338887002881336, -4.641575379817331], [39.32853783145465, -4.646517577978626], [39.3238863877242, -4.642963013124257], [39.30549225965088, -4.63867487770151], [39.3034646676064, -4.63409010281377], [39.30436761572179, -4.63028137470789], [39.305679283598145, -4.630152794382214], [39.3060514534847, -4.616069915828147], [39.3103349212078, -4.613334475978048], [39.30628209772618, -4.611876947449867], [39.30818816999971, -4.603832711636668], [39.30490711455673, -4.596993195613797], [39.30660315084165, -4.592715901691191], [39.31147969637135, -4.588622221089933], [39.314008847836675, -4.580404119475157], [39.30198138303283, -4.5969833666816395], [39.29853082089566, -4.599582151791326], [39.293185691272654, -4.579587925183803], [39.29321424342032, -4.586521414622746], [39.29650869047166, -4.598462729660779], [39.29062258961694, -4.614510414641382], [39.28718023297418, -4.6160083373604], [39.2875482514306, -4.61810737837296], [39.2807317635807, -4.615203323854944], [39.27902112679363, -4.597430816799575], [39.28113995000118, -4.5938188607360875], [39.276881571960594, -4.596735735161728], [39.27032132965601, -4.586883798043528], [39.26933688738235, -4.587925289405481], [39.26394766526312, -4.587115548249043], [39.257426705572314, -4.589949128457205], [39.261897709731215, -4.590093811327067], [39.26585564367802, -4.588186686406948], [39.271452528884694, -4.590211637166108], [39.27366652179139, -4.593010811730336], [39.273230237317065, -4.596671828713594], [39.27783539230099, -4.601885648402382], [39.27814199377427, -4.607496841595227], [39.27699173105204, -4.611158071569621], [39.27517308121989, -4.610650747287837], [39.27679001843228, -4.615559515188261], [39.27478393048834, -4.627007780356918], [39.27329424095732, -4.627834831946442], [39.27017005953851, -4.625718905706178], [39.26763672579111, -4.627624955394749], [39.26469106906013, -4.626487484070951], [39.26718853057967, -4.616882536910127], [39.26508492594306, -4.621947279859873], [39.26283707974179, -4.62339304322037], [39.260833205112895, -4.623963017215749], [39.2580316774323, -4.621055590997836], [39.25305425260746, -4.627572714281181], [39.251520917769696, -4.624161461557863], [39.251453817661826, -4.627007281250917], [39.247442235854464, -4.631902015174871], [39.24895459671039, -4.635070568379929], [39.2452623333357, -4.632364042168957], [39.24652091066197, -4.63513887024809], [39.24465305505756, -4.63649821360721], [39.236653766147185, -4.634916889621854], [39.24652455409739, -4.641944880583493], [39.243941894960706, -4.645350121246983], [39.24334584855541, -4.642988890406263], [39.23936865643026, -4.645832946925266], [39.238119849290605, -4.651455296937934], [39.23542714113513, -4.654586040172903], [39.236687823897405, -4.660947163037532], [39.23396277574583, -4.662327541716449], [39.23129172098801, -4.658842154061604], [39.225918487975704, -4.67084400190898], [39.22109370424139, -4.671697732229818], [39.21755601949038, -4.679086215625405], [39.2012481689454, -4.680416107177576], [39.1950275143457, -4.672786981380428], [39.195024123050544, -4.665349441840094], [39.1930207709435, -4.6618167021204915], [39.18925850001785, -4.657527550788609], [39.182475623061215, -4.654208822242234], [39.17501658970846, -4.645756351742891], [39.17541529424674, -4.640703600396945], [39.17804576478404, -4.636174755746181], [39.17721252314018, -4.629756676313113], [39.180938855447074, -4.62436091274836], [39.17645637424628, -4.611319675643655], [39.17674287042293, -4.606391569772805], [39.17325861123989, -4.600745087901403], [39.17213746467994, -4.595093227144131], [39.16928868680412, -4.592599758571714], [39.16909732108885, -4.586579656847478], [39.16590547109014, -4.580834891204999], [39.15721550208523, -4.578671172047377], [39.151636618421925, -4.572901239355387], [39.149796266318944, -4.56830052484789], [39.15170654269239, -4.561807030928522], [39.150943925956405, -4.559039296689571], [39.14931151229873, -4.560070802918359], [39.14544756733989, -4.557678860225378], [39.141982586177456, -4.560029508152708], [39.140389855128184, -4.557995757957611], [39.12885620184242, -4.554343035703345], [39.12533748500398, -4.558756715218815], [39.12085566097777, -4.557586343654263], [39.120206227165085, -4.5598053625774515], [39.116940928003714, -4.561669651982259], [39.11705558682873, -4.567496522244108], [39.11427434432487, -4.570395121658555], [39.11046353769035, -4.571231874039894], [39.10771774289011, -4.5636342610802405], [39.09908687998183, -4.558079966556461], [39.09686121849366, -4.552847471302313], [39.092436695804544, -4.554078284013174], [39.08170632631763, -4.553332313627356], [39.06422027601924, -4.557383612593613], [39.053991504820125, -4.56457521741398], [39.046416520368695, -4.565799037258644], [39.045326566091106, -4.567285248154418], [39.0472832429337, -4.5731633245508], [39.03000513000726, -4.5666758464600665], [39.01724188417993, -4.555349999303493], [39.01409103254193, -4.557308072074173], [39.0153528978118, -4.560866077077241], [39.01461551139321, -4.565115061203384], [39.01204861858308, -4.5636944288766745], [39.01059685133906, -4.56489707464196], [39.01315453593944, -4.568039359459375], [39.01085373221705, -4.570546475030524], [39.010444352446434, -4.574229498276017], [39.00482029206379, -4.5752643949043215], [39.00538299588626, -4.572359551162064], [39.00294499376412, -4.570428760742251], [39.002795471687264, -4.566949978703194], [39.00014978164982, -4.566383510738303], [38.997687560483925, -4.5705006601785225], [38.99351012586579, -4.571931963630993], [38.99312394582229, -4.574800395120837], [38.990246795808055, -4.574325736730911], [38.987329902032116, -4.573350394216247], [38.98304370970945, -4.564611739328894], [38.97240524691484, -4.5636731084677695], [38.967786013003554, -4.567490237559335], [38.96644774937084, -4.563863534937385], [38.96243588133573, -4.564629019321709], [38.958454561293195, -4.552146678609992], [38.962662672840594, -4.5485110433069575], [38.96157339616409, -4.546504742093793], [38.95854596670692, -4.54759802757585], [38.95546084788198, -4.541776712682255], [38.95044700213638, -4.546543323485386], [38.94069800756049, -4.547634117933752], [38.941797486375414, -4.544909880274828], [38.92513499290971, -4.538993606277542], [38.919345197510864, -4.531793063332001], [38.91505890860945, -4.529026668276659], [38.901255604993786, -4.527267027549575], [38.89668871899517, -4.5181989314141635], [38.90630791855464, -4.5161632675033925], [38.90267229475982, -4.512779702287295], [38.897165276277164, -4.511932986751299], [38.897731341506876, -4.507744381012868], [38.88880534872126, -4.505159606302334], [38.88935139902419, -4.502718638969361], [38.887398091191734, -4.501896630162294], [38.883243281073916, -4.503843949524855], [38.88079113052499, -4.508081028567945], [38.877011016945325, -4.507022632629143], [38.87269902405742, -4.509092894800881], [38.8706523783867, -4.513637841654683], [38.86781791076502, -4.515078314642418], [38.85891738314609, -4.513482865709628], [38.852435661806524, -4.510427400790062], [38.83558501415437, -4.514069432942991], [38.815795402360294, -4.515701414306905], [38.81209752562143, -4.5085934875273015], [38.805252456473134, -4.508387289903526], [38.797431836965586, -4.514689582230824], [38.78534199754561, -4.517847724970503], [38.765895160043236, -4.515744348805439], [38.758978396754536, -4.5125391469138965], [38.75705601619882, -4.505897854164376], [38.757571306789636, -4.501180815788386], [38.755458085500926, -4.497070650644419], [38.747217041712474, -4.494404312856615], [38.73961150005752, -4.4987950795265075], [38.73841838955184, -4.50595742801263], [38.72933591553079, -4.508857475299477], [38.72793309177106, -4.511254837631062], [38.724655503470736, -4.512111446960576], [38.72293094990678, -4.515927168649947], [38.7155727592818, -4.514823058119655], [38.698719868158456, -4.506122647645627], [38.68833752027704, -4.508884427003368], [38.68750344744499, -4.503936754800142], [38.678456286745096, -4.501773668231435], [38.67150618871769, -4.506160803366166], [38.67191375088482, -4.514587118020907], [38.66389083625759, -4.525180678934726], [38.66776573415099, -4.529534733565788], [38.66740924956159, -4.5328882042959595], [38.658728972529765, -4.531170509290083], [38.652908311039276, -4.534407492340131], [38.65239434757389, -4.53837629204199], [38.64496050743043, -4.5385131576729965], [38.64250961042118, -4.541262033612226], [38.63364337018745, -4.538963892337877], [38.628653319403135, -4.542190619612674], [38.63449937746336, -4.548318253851535], [38.62475428622219, -4.5520579711543], [38.61047821276316, -4.545378012644319], [38.60480005035108, -4.5406864671279745], [38.596064988007946, -4.539257716758671], [38.58261124862282, -4.541093866680201], [38.566392911365995, -4.529342686158211], [38.5602648997363, -4.531199081384463], [38.55086964682571, -4.527313327974936], [38.54695976568366, -4.507486949104722], [38.53803657633162, -4.504034040269156], [38.527034001781864, -4.502401757539198], [38.519162097504285, -4.497497369081982], [38.50904822674491, -4.4942679981210265], [38.491007189322, -4.500310010120279], [38.476135804002276, -4.4925555866977], [38.46416812469987, -4.482266222786935], [38.451322283363176, -4.455744167152753], [38.44439404085077, -4.4352615831406705], [38.42916334419631, -4.406256385774077], [38.423607817082946, -4.3851490510625535], [38.39607214044155, -4.370856418223168], [38.38381485119023, -4.371681313021858], [38.34040344856505, -4.393898639171612], [38.326009114585, -4.409451009437904], [38.30686858101747, -4.4229147319006845], [38.262925614672135, -4.438377002990324], [38.24832973135433, -4.433829699622516], [38.246583543337394, -4.418269789860529], [38.239600872980446, -4.415116896889026], [38.20453105512645, -4.452409915505617], [38.19332236753504, -4.482379225299704], [38.157293928290244, -4.527181290398419], [38.157170194905554, -4.546396196535651], [38.115228701143884, -4.593540028977161], [38.09522879058412, -4.606583502628636], [38.07243572260664, -4.613674638953258], [37.99794191743172, -4.6139532690013585], [37.994317023086495, -4.612606596867197], [37.99003535595809, -4.606505631686764], [37.98267327091925, -4.606130695114485], [37.97565209917622, -4.601247332784419], [37.96757244454679, -4.598139249599198], [37.9621986548191, -4.5981884315524635], [37.958279673671676, -4.601590314338955], [37.95568151398339, -4.5972051308198925], [37.940556168459956, -4.601682893409853], [37.93835169508296, -4.599565452020515], [37.935060024295105, -4.5994479132632105], [37.93436521202978, -4.597062018728559], [37.93624015258513, -4.595775204220809], [37.93550042898471, -4.589351407673492], [37.94081163078787, -4.586761979050236], [37.934527748082225, -4.5821497046841575], [37.932870509820845, -4.578773613676601], [37.933591702042875, -4.576325173622964], [37.92682543440567, -4.577471103437647], [37.923008952415856, -4.581149366509374], [37.91960755188502, -4.57870495665289], [37.91488198027989, -4.579365863440588], [37.91223966994846, -4.58483193018675], [37.90349356643415, -4.58207189572275], [37.89880245851212, -4.584806447149115], [37.89403366740328, -4.584064820641709], [37.88783796665865, -4.578410833705293], [37.88521810462858, -4.581674338717123], [37.87915152275368, -4.582286050458739], [37.877826061588856, -4.585571225387364], [37.874461803224875, -4.588146056256415], [37.872185570713064, -4.582762082174563], [37.86837470884016, -4.584145360551206], [37.862923370753705, -4.577556943493066], [37.859113629805485, -4.580441900661958], [37.85335942930886, -4.581985289201684], [37.850827268397154, -4.578262257264365], [37.8475157752849, -4.577305069527737], [37.84669388634808, -4.573921557610516], [37.84432427173475, -4.572348201875309], [37.83803822966477, -4.57842588670494], [37.83407938638793, -4.577300008230134], [37.83164070029078, -4.579851288811954], [37.826858311661134, -4.5799084697558445], [37.82383228882705, -4.583322592739902], [37.81668793509275, -4.5871180184780425], [37.817134629413125, -4.589941306262046], [37.810987124318814, -4.597403946058387], [37.807930280018994, -4.599119959159248], [37.80355199563542, -4.598252772943878], [37.79159679689777, -4.607466422368001], [37.78801706039499, -4.605158608005722], [37.78366815090096, -4.609289779389902], [37.78331532667104, -4.607170802316185], [37.780645742657455, -4.606157739534433], [37.777729508616716, -4.606861511677307], [37.77661108561344, -4.609036630476426], [37.773506651163665, -4.604362271288975], [37.77046679230925, -4.604844205972158], [37.76913126034441, -4.60192925253291], [37.76296166349856, -4.597850465529829], [37.758134009235185, -4.6022289059049815], [37.75732381081341, -4.608738783426558], [37.751299485563024, -4.59734940077996], [37.747205915367495, -4.593428803454147], [37.74290428788661, -4.582438890680196], [37.73502811298553, -4.583962361809446], [37.731602809731875, -4.577142052731942], [37.72319176870199, -4.578366590872607], [37.7205040861596, -4.5773800193848135], [37.72126421945999, -4.572588319347082], [37.71893533353002, -4.570542223081153], [37.71975034986373, -4.569211603030299], [37.717607044501655, -4.564769989179096], [37.71401957313643, -4.5627368273473135], [37.71473428353787, -4.566399220145767], [37.70978094921454, -4.5625956740791285], [37.70644402454614, -4.56217886871495], [37.706025145828825, -4.557943741373416], [37.70062278892841, -4.555931960356441], [37.695738233565564, -4.5571800440244115], [37.69169996631022, -4.552954107830454], [37.68906117286602, -4.552828806327147], [37.68835270151972, -4.550720647283368], [37.689958073828585, -4.5468677886393305], [37.68582683832503, -4.5340958829457545], [37.68045837795296, -4.5332377394856405], [37.6776540439483, -4.5295506506841665], [37.67387704463286, -4.529434482281447], [37.673809180683556, -4.525583569371472], [37.671179108761706, -4.526418165427648], [37.66648760783263, -4.523358174630365], [37.662557666119774, -4.52439595770211], [37.66227323054779, -4.521432515264356], [37.656324555416994, -4.517488216858068], [37.6444288030335, -4.517004072927788], [37.6415764712661, -4.519472798600832], [37.63982576767112, -4.520063823776832], [37.638039737000646, -4.518547858837474], [37.630456551052134, -4.522896377982777], [37.627344663778224, -4.516906231695339], [37.623515668235015, -4.518479000471265], [37.62247636626626, -4.513798298307536], [37.61877353257575, -4.5134180477858], [37.616604252562354, -4.50435038140804], [37.605859067689636, -4.504115491866356], [37.60323698554356, -4.500315763217122], [37.60292452627284, -4.496457298700518], [37.59286507832283, -4.496079731473079], [37.59133926819818, -4.491429444700357], [37.586856933028486, -4.489862348972862], [37.582742482111804, -4.485263930687422], [37.584722182646864, -4.481111199282717], [37.581236796940416, -4.481162567385555], [37.571003239057895, -4.476775292034096], [37.57097819962346, -4.470611839754968], [37.5538413220399, -4.469587606035885], [37.55323874250856, -4.4661992224408475], [37.548512074515294, -4.464938814565267], [37.548595867721886, -4.461412634311701], [37.54356649436509, -4.4549027925414375], [37.54118192612915, -4.456243317845088], [37.5391574439183, -4.455260990118548], [37.53887969153294, -4.453136941093616], [37.535526919627856, -4.452210348978225], [37.536388604733794, -4.4494537095375986], [37.531805201820674, -4.447311006043053], [37.52962619326735, -4.4428564910077295], [37.5248499389457, -4.442271341687176], [37.526032445940245, -4.437343301896801], [37.5228475150113, -4.43525269995555], [37.52181241997122, -4.431324819691129], [37.5137403520256, -4.425610362029042], [37.51384557881742, -4.422172578244821], [37.5092840958887, -4.415706015933063], [37.51003032921077, -4.413312190609231], [37.506137874852826, -4.409973963177061], [37.50760922571335, -4.405838173300802], [37.50191483515729, -4.403918659068706], [37.49924461646331, -4.400861480259932], [37.501488473882645, -4.398580699579702], [37.4926394496491, -4.3807773106289805], [37.49389526181225, -4.3746652660618945], [37.49605182530119, -4.37453916428816], [37.49685963962453, -4.372602880895871], [37.49638144026478, -4.3693110997244045], [37.49377999508426, -4.3684156768640126], [37.49174720901252, -4.355651768447144], [37.493601835512365, -4.3511138571136865], [37.49600693395153, -4.349978823692746], [37.49862572610213, -4.351217083211578], [37.50206350008601, -4.34456766799225], [37.50762380872309, -4.339990891498546], [37.50555637334064, -4.338237736035611], [37.50469343183536, -4.331832203176278], [37.50170489940086, -4.330030269674667], [37.49975846253531, -4.324285569676833], [37.49657622850285, -4.321450736583943], [37.4971284525616, -4.3182121148505725], [37.49480049356465, -4.314379273948221], [37.49452173225621, -4.3087748374107], [37.50067318739863, -4.307708637184904], [37.503993533446874, -4.304535770729645], [37.50407136521155, -4.301780921950948], [37.50833778343932, -4.29995359540194], [37.50706885081102, -4.292488243348158], [37.510477435972874, -4.288388988792535], [37.508824873546416, -4.2850988065446405], [37.51199079258019, -4.283686787451257], [37.51363857109543, -4.280425501922691], [37.5119419250531, -4.275387480904813], [37.50980607284796, -4.275920281564405], [37.511182934336695, -4.272522413947533], [37.504894246844785, -4.267325659059074], [37.50205676477148, -4.257429599980211], [37.50365353306356, -4.2412662024500225], [37.499329971718794, -4.236087127747412], [37.49479519745328, -4.224790088471275], [37.49529491840705, -4.217024898555755], [37.49913318528116, -4.212673890579621], [37.49886320242145, -4.202264187252025], [37.49657484325014, -4.195645813393378], [37.50003953392849, -4.1907409055106815], [37.50088041939944, -4.185133696373233], [37.50313348496591, -4.183116941044185], [37.50238513656879, -4.176910704511405], [37.49665287585203, -4.175566899351368], [37.49645911874869, -4.172651638172775], [37.50262838270669, -4.16294198269358], [37.50725450216513, -4.159167477817816], [37.506247623115925, -4.155686575039974], [37.50960318459847, -4.152785502697354], [37.50750838070705, -4.150437146962771], [37.509038641573696, -4.148436384279952], [37.508232266948404, -4.145265322449321], [37.513439844332915, -4.141361326396931], [37.51318067896908, -4.1375600205249], [37.515587522511325, -4.13415448487835], [37.51263808214365, -4.121792167739402], [37.513632461342105, -4.106093748732542], [37.50775528454967, -4.099434308620209], [37.508813206462584, -4.091260157725474], [37.5062502201347, -4.085961526470117], [37.50790953339536, -4.083979087778156], [37.51106171174073, -4.084531458749074], [37.511808819350996, -4.082725353922756], [37.50865287570538, -4.081633339617019], [37.502814858288865, -4.072689740369428], [37.5028340880375, -4.063827219613048], [37.49794933299811, -4.06314047217502], [37.49806322613623, -4.059610933650815], [37.495302272978314, -4.058599555991593], [37.491068889431574, -4.052324734300017], [37.49105198338044, -4.046264063454741], [37.49516955236488, -4.041912210123622], [37.49233232375176, -4.035275808828009], [37.49325216593871, -4.031546834113131], [37.49127013890351, -4.025718045142712], [37.488599079942915, -4.026298973340792], [37.48912836551864, -4.021212409548491], [37.486456688918864, -4.021509018849967], [37.48396195393103, -4.018364616991432], [37.480292159871816, -4.02025564459163], [37.474784594110055, -4.013730399225635], [37.47082838704322, -4.011594006795827], [37.4730374850131, -4.006138093310918], [37.471376027967914, -4.004479257468363], [37.47240425582127, -4.001099118003859], [37.47033599257464, -3.997625183567477], [37.47202414369034, -3.9934140946068286], [37.46936950248188, -3.9936211950255984], [37.467980772709815, -3.9875386655321865], [37.46325044928352, -3.9798914500221105], [37.46656922256229, -3.976171532549033], [37.46437729779402, -3.9740180069248066], [37.46540315800769, -3.9696327186325764], [37.463965053284205, -3.965985256507265], [37.46178332529429, -3.965291157482609], [37.46037913593217, -3.9581652863015737], [37.46389301657143, -3.9537226087718036], [37.461998607841636, -3.9494517537513207], [37.466897784447816, -3.945685331816806], [37.463422092004535, -3.9346830140454703], [37.45875999396394, -3.931235379444198], [37.4654736490129, -3.9268598780991315], [37.46734947705264, -3.921988109997665], [37.466089419729805, -3.9194231253797174], [37.46819704392213, -3.915773738678441], [37.46603919009122, -3.9082415724103203], [37.46187874696859, -3.9068938800318254], [37.46185660525346, -3.901874279330242], [37.460112768390104, -3.900337325948966], [37.464151687009036, -3.89780514715814], [37.46383802970091, -3.889812537356674], [37.45771767933511, -3.8858431999443166], [37.45382388447656, -3.888549077722425], [37.450263235252386, -3.8855558964252968], [37.45190054521733, -3.8825713775069826], [37.45183320087638, -3.8776628127926482], [37.45549086654015, -3.8758117738560305], [37.45242045950122, -3.8705141432417545], [37.45716126955561, -3.8706553661398413], [37.450431881529774, -3.8666978432295718], [37.45185177733, -3.8620893435383774], [37.45430362549485, -3.8614561233045297], [37.45713513177958, -3.8634207795893882], [37.45742220041298, -3.8601711455827026], [37.46012900152121, -3.8584423672652246], [37.45768268690447, -3.8549764010392895], [37.46020782656335, -3.849632733130326], [37.45878382540813, -3.8413405337409667], [37.46184595641751, -3.83187564239873], [37.46602078273825, -3.8319924194447186], [37.46869082542884, -3.827484718645424], [37.46802729170505, -3.8196922729299754], [37.462975022771346, -3.803362231883467], [37.44577455973435, -3.78190515676331], [37.42839179221865, -3.7505455127855303], [37.429485851193974, -3.743734692387557], [37.42028358990713, -3.7237195336977447], [37.41941060459616, -3.716633326200691], [37.41193210217145, -3.7026763915430028], [37.40875526057473, -3.6691303851919432], [37.40040059416288, -3.6722699923185775], [37.39653564142512, -3.672019736277621], [37.391139767625255, -3.666243196002794], [37.386370398576226, -3.664591758213165], [37.38239546771017, -3.6607617650096014], [37.37461335130093, -3.658067798055109], [37.36996915239104, -3.6531637979823284], [37.36920487079321, -3.649140201694445], [37.36286504135294, -3.644946528181281], [37.354186992481615, -3.6423551702739143], [37.342261077040384, -3.630728067183453], [37.336828974108556, -3.61728697960646], [37.3358366724645, -3.608003738924692], [37.33123698796775, -3.6019706078557423], [37.330913144762874, -3.5937021619423692], [37.32909015805835, -3.5935135752509506], [37.328994771565334, -3.5911522480077007], [37.32606579432805, -3.5877137590013763], [37.3217753611602, -3.5869647539652494], [37.322495777666916, -3.585110040985695], [37.318060576156505, -3.5796751979732644], [37.31476669038401, -3.578484242576474], [37.31478326534293, -3.576704206661452], [37.31258330126651, -3.57521711749329], [37.31305500817542, -3.5707479371064554], [37.311019415286324, -3.5692199308079875], [37.311929667230544, -3.566168915481649], [37.307917555441435, -3.5648283528787683], [37.30646954147688, -3.562718214412852], [37.308170292371486, -3.561070535713684], [37.30979654746918, -3.553295528038136], [37.30595584419679, -3.5519705316944705], [37.30790317885902, -3.5502437097677753], [37.3057288743036, -3.5501576437745985], [37.30510289341354, -3.5466233426276528], [37.304235563769346, -3.5494045088460435], [37.30262366518514, -3.5486413446963905], [37.30240229417757, -3.5410469882006357], [37.30118267360308, -3.5385255391005455], [37.298677415587555, -3.538231913034595], [37.30014794363275, -3.5367741046190115], [37.29803492512734, -3.534528854463792], [37.299856692644006, -3.533508748788927], [37.29782069516628, -3.5315699406515133], [37.30307304953425, -3.5172174388395927], [37.306996986304604, -3.514838077310989], [37.30072388166406, -3.502057017149829], [37.29436065196073, -3.4975670868508058], [37.28660183890452, -3.498612207970586], [37.276278850911034, -3.4929675205054966], [37.26921668738044, -3.494166679534727], [37.26176472788883, -3.4978515780391906], [37.25621207881372, -3.4971850870963106], [37.24973220965425, -3.493646037115594], [37.245462658066415, -3.495090185533778], [37.23929562257081, -3.489653028228945], [37.22927350305963, -3.4890409554593216], [37.228482369677536, -3.481873537764235], [37.22379330337181, -3.4830322420055904], [37.223098299981324, -3.4718907645507446], [37.22087460460549, -3.4682550492059594], [37.21565050885883, -3.4673859177056787], [37.216964532349735, -3.4637932183084974], [37.216213461040944, -3.4587345254343926], [37.213299632922954, -3.454747996822194], [37.20277707022373, -3.454949068675406], [37.194168608637234, -3.450953806227597], [37.18352057199113, -3.460496424235915], [37.17717687745666, -3.457296226198059], [37.175496680577076, -3.45404521895456], [37.169194134667734, -3.4531049401751], [37.16439428141954, -3.454997680370253], [37.160294242223564, -3.46322379538182], [37.15017659856877, -3.469066100417839], [37.1456228564525, -3.4789779225934847], [37.13909964381799, -3.4873768505713887], [37.12707596790477, -3.4816931697696507], [37.11261670537685, -3.4820218527492397], [37.11048287855903, -3.4767012861986135], [37.106142822519146, -3.478982328956848], [37.10191975994733, -3.479061448228693], [37.09874015227169, -3.485339195199133], [37.08932444857088, -3.490040556769225], [37.08025203428492, -3.4876410200205488], [37.07225270798685, -3.4882276068223472], [37.06104934034205, -3.492930583305176], [37.05545506672437, -3.4930889195232684], [37.04592760523316, -3.4993360295086706], [37.043137425165014, -3.4973931976597594], [37.02926450807809, -3.498983193049776], [37.020996410131886, -3.5026724926123354], [37.015421082224094, -3.51027695324464], [37.01136523325702, -3.512231608809513], [37.00445464561764, -3.524154486671849], [36.99444755847044, -3.5313832666904243], [36.988646245266395, -3.5379681603845636], [36.98532505800714, -3.5384710801755315], [36.983379512565946, -3.5405749944151577], [36.97915450875265, -3.5490920598789], [36.96877715787129, -3.5615927890328525], [36.96592788314615, -3.5728647711209316], [36.92555967590732, -3.5732721751091656], [36.92033439430205, -3.570774809915944], [36.893424349939615, -3.597896169881798], [36.88549987296731, -3.584392250491275], [36.86190136790533, -3.5859462982907875], [36.85569046415217, -3.6055411844392093], [36.836706219171596, -3.6490293409125574], [36.80310901015265, -3.6554946664331123], [36.80150570572956, -3.6546055830699142], [36.80035969856164, -3.6449042777607854], [36.78443430926067, -3.6200981104741015], [36.76936474811462, -3.600747459057585], [36.74614798035308, -3.57441557313094], [36.73057959667326, -3.5601640002926427], [36.71609054476389, -3.553487111836384], [36.71347168354214, -3.5647520754884088], [36.703259255947714, -3.5791262415036496], [36.6919860839845, -3.5890805721283225], [36.082553898862024, -3.3933097873557028], [36.00019326111604, -3.3764114901788655], [35.96645374504988, -3.372330202760354], [35.92315018415909, -3.3617897534104824], [35.892846870800994, -3.3611752757848112], [35.87933491112417, -3.3682122440651607], [35.85746289480617, -3.3694131844447472], [35.81789773069844, -3.374477416408661], [35.80742632515658, -3.371822449525874], [35.778172526332426, -3.346803285604283], [35.73844781334393, -3.3215590073694568], [35.71689929623148, -3.331284324995165], [35.706412554998586, -3.3432325688036446], [35.700194350400956, -3.354890959015977], [35.68223244481335, -3.36267014994589], [35.66318136593712, -3.361693931395804], [35.64058873530379, -3.3543611229158277], [35.61655921464607, -3.3554142887668004], [35.603713877426834, -3.3438750733011613], [35.60118555448267, -3.3316510214552064], [35.595570528187366, -3.3185984375684097], [35.58540140306726, -3.3063799398355354], [35.5538950343858, -3.309563248604297], [35.53873098583794, -3.315407851015406], [35.50811055913866, -3.311694848164093], [35.49187729986941, -3.304894285008819], [35.477061283210716, -3.295090570904291], [35.46495801501593, -3.284019584216802], [35.444112631923026, -3.280085717616865], [35.428446230184825, -3.273172952377168], [35.40639315073762, -3.2591937244340397], [35.427861616518726, -3.2475142880744823], [35.488728028773416, -3.2339186902329065], [35.53099868928716, -3.229111737679391], [35.566645589309516, -3.2140392732199263], [35.67010739191812, -3.1067969858128652], [35.70414483328968, -3.0820938624252836], [35.722376915756826, -3.0578329261989], [35.73685105208622, -3.0247118647885873], [35.791032103395544, -2.886795002576159], [35.84935947741049, -2.778762876311225], [35.90457235739582, -2.638678478264156], [35.92839436154219, -2.5955662429288484], [35.947806662920556, -2.5546878954259444], [35.994086519494324, -2.4813151952546075], [36.02218437393124, -2.3931278647058907], [36.04288149225515, -2.321673431308957], [36.04874484218855, -2.179462245807118], [36.040659035855256, -2.086500211999498], [36.026679098409005, -2.0372561446986293], [36.0225491615978, -2.035323581136561], [36.02128723459189, -2.02530786108448], [36.0243239560143, -2.0172498334257494], [36.02750211501561, -2.0192946826083524], [36.02853039570296, -2.007206058401456], [36.0311268721981, -2.008562530112501], [36.034486555922214, -2.003102146135438], [36.031744240952975, -1.9992884427853408], [36.03362515851832, -1.998205620650717], [36.035569503963146, -1.9992625037071665], [36.036452799275594, -1.9791583243244926], [36.03946628950379, -1.9716145160983078], [36.03841859930555, -1.965483069032592], [36.041126845790046, -1.9574912045880577], [36.03869335384165, -1.945927570365269], [36.042417238182985, -1.936066126042535], [36.03990764088057, -1.9254634549269678], [36.03666378147495, -1.9232864425808405], [36.03693945043052, -1.9129061907834366], [36.03304137286588, -1.912949784015039], [36.042332506360715, -1.9091207080878636], [36.04327331999092, -1.9044124895888803], [36.03985797825403, -1.9052256506415954], [36.03183934954349, -1.9013010043536394], [36.03106506785397, -1.8959077073420705], [36.025827398597706, -1.8890808362128642], [36.03095501290668, -1.8856728154011737], [36.03286187105291, -1.8866916616112395], [36.03346334553273, -1.8897192162045773], [36.0349035211411, -1.8897338586707502], [36.036789900880535, -1.8866880382342632], [36.03667248529928, -1.873423675774566], [36.041114487298394, -1.8722820035727228], [36.04477333167165, -1.874045204240149], [36.05140417126816, -1.8650223220716189], [36.04809983744169, -1.8595052898900288], [36.049872530544576, -1.8519579510865025], [36.047170946756964, -1.84280431239503], [36.04876841465173, -1.836024304293149], [36.04051698036966, -1.8284572145038869], [36.04305538283406, -1.826654181396714], [36.04315543436841, -1.8242235384318572], [36.03954713855622, -1.8229154535569503], [36.03775298148549, -1.8187821095587697], [36.02867066229845, -1.8236654155610932], [36.02782513337797, -1.817088115472254], [36.029807494765905, -1.815018450086603], [36.028001725012444, -1.8042652689294503], [36.02250670949606, -1.800690473013189], [36.015942908369254, -1.8013611034512156], [36.016092902047355, -1.7970688585677852], [36.017992225249, -1.7947286479675473], [36.02258669258732, -1.7918839491395833], [36.02293547097944, -1.789387902267725], [36.02738579635681, -1.788746040307787], [36.02735309191996, -1.7836164267947208], [35.0521957628164, -1.5703139903268308], [35.04880216520406, -1.5675726603825417], [35.045003677096716, -1.5684042156983473], [35.04540930734699, -1.5647926712941889], [35.04269876175297, -1.5639978742023146], [35.0411456592207, -1.5609144802926949], [35.03312882041972, -1.5602806059453727], [35.032590109375946, -1.5575297593163988], [35.029436815904454, -1.5556627346408263], [35.02596733122943, -1.5568038175107084], [35.02770800035063, -1.5596057767238918], [35.02307361639386, -1.5585076875333819], [35.020005102250906, -1.5555867129439775], [35.02012677639979, -1.5529555069598615], [35.016258949819886, -1.5537697301940305], [35.01343383755416, -1.5590805616184404], [35.009844890712756, -1.5585010293010164], [35.00562005031505, -1.5632618829549898], [34.99900551866216, -1.5647942823921994], [34.995170859300025, -1.5623834984017186], [34.98730358192788, -1.5650164019473927], [34.97223223318589, -1.576033825803556], [34.96495193547454, -1.5719511923672584], [34.95846962027543, -1.5707025278421476], [34.95063568545938, -1.577973454823443], [34.94014429948394, -1.5817749123601104], [34.93641003223403, -1.5813375799501799], [34.930621673250435, -1.5715437217825183], [34.9271783041596, -1.5697627718761247], [34.92388722505365, -1.5706299256943872], [34.91912918651679, -1.5656690260050325], [34.912938247034305, -1.5650670174187624], [34.908736329830965, -1.5668986329678596], [34.90458808832511, -1.5640674085991328], [34.900929935422916, -1.565458710908672], [34.89743462635576, -1.5637329384346792], [34.89409057336684, -1.5662378571581463], [34.868112935354844, -1.5547081927034228], [34.85965351086762, -1.5582945271396014], [34.85404794925718, -1.551860308708573], [34.849042609629784, -1.555645459865616], [34.849073215576716, -1.5609675635778402], [34.84626556775635, -1.5623818216905043], [34.8376066104959, -1.5739560278898317], [34.83301353408202, -1.5740657465158385], [34.82403987485246, -1.570958494089723], [34.81889829896759, -1.5777994582638826], [34.81056103279175, -1.573417413706089], [34.80870308431819, -1.5698983682040684], [34.80015105656716, -1.5739432770704092], [34.797640460420894, -1.5736016934608337], [34.797525088354504, -1.5686018828937591], [34.794610196803795, -1.5668428453758914], [34.79103223161567, -1.569451673382492], [34.79263143782224, -1.5761745026377376], [34.78827177435893, -1.57683250582674], [34.78530565636114, -1.5793397648865763], [34.776684638953455, -1.5780787311528748], [34.77211441686717, -1.5800858420445856], [34.767077159759914, -1.5778023382126953], [34.75934108783481, -1.578113567017823], [34.75767068797691, -1.57501569313445], [34.75210346511358, -1.5744377768307487], [34.74868594830252, -1.5703222416012501], [34.743815358201154, -1.5681329904948065], [34.74258624331164, -1.5624703155911561], [34.73992922020273, -1.5606601711376271], [34.73463571789158, -1.5609587375535732], [34.73169439791662, -1.5665465356818657], [34.72377525836468, -1.5676416458636915], [34.71572856839896, -1.5714176517449978], [34.70723698721888, -1.568031885755559], [34.705103278519374, -1.5693189970798365], [34.69729166457772, -1.5684696974310057], [34.69524345050755, -1.563832777405814], [34.68798509077527, -1.5577975023649309], [34.683547317901116, -1.557558666408763], [34.67633040107093, -1.563133944504667], [34.66277229549775, -1.5594863780552508], [34.660003010203695, -1.5607074525870495], [34.65697151330201, -1.566944233893384], [34.650963009401366, -1.5724461068602906], [34.64482201612534, -1.5710882035002243], [34.643766176908926, -1.5734061499730316], [34.64575793652901, -1.5792195711320716], [34.642182378596694, -1.5845341976517417], [34.641866507183934, -1.5916389184388962], [34.63440852930849, -1.5891481478349938], [34.63300850448335, -1.5946990500973683], [34.62638987290206, -1.5986023147107602], [34.61229011375498, -1.5980514962555574], [34.60840951504665, -1.5998474098738207], [34.60490646249124, -1.5978669585253051], [34.60135109438696, -1.598544221505847], [34.59963103840647, -1.6007008434587782], [34.59447623742094, -1.601674746640878], [34.589662583742616, -1.607665462085393], [34.58761555541817, -1.6079015602529871], [34.57869295722063, -1.6010105117172806], [34.58360959673784, -1.5926360277148426], [34.57661743832326, -1.5910758530903273], [34.57083405304947, -1.582603161865002], [34.57040013643589, -1.5806192059550455], [34.57497402106143, -1.5733748422184206], [34.56667104730205, -1.57255657009636], [34.56009924489241, -1.5798965896014465], [34.556562151582966, -1.579544636071482], [34.55633910766399, -1.5820219859826494], [34.56272913060766, -1.5868471766767627], [34.5554066055394, -1.5871284098759801], [34.54986562819223, -1.5926284154101893], [34.546794765301144, -1.5921780064204398], [34.5408897810291, -1.5875344840125187], [34.53665136908076, -1.5757460005774142], [34.5379095191337, -1.5714700888497006], [34.54634147913112, -1.5686429496618786], [34.54725613139803, -1.5669862963799446], [34.54572419974245, -1.562515759807635], [34.54729552038121, -1.5599244440733777], [34.55441172399621, -1.5566717005591961], [34.5536348507114, -1.5392014388410296], [34.55444054919799, -1.5327130252814385], [34.55909170277512, -1.5273547149080784], [34.5572406685375, -1.5229246981246263], [34.56207490094468, -1.524060884481802], [34.56486063412357, -1.521740717000906], [34.56424155474665, -1.518073080020475], [34.559800255148694, -1.513954260859272], [34.556094546454126, -1.505686214619704], [34.55123291733387, -1.5121894486764802], [34.54908146464231, -1.5069717825684208], [34.54589601988812, -1.5051203884036894], [34.54135457949957, -1.5081265020278494], [34.53639036617179, -1.507237074759658], [34.53329553687158, -1.5084208476686882], [34.53061723968656, -1.5054503641452648], [34.52370721408303, -1.5035989071487492], [34.521155543317946, -1.500592088753237], [34.51632083054968, -1.5015825000986176], [34.513188088926945, -1.4995850694079031], [34.50989806680767, -1.5028470281494215], [34.5090960254737, -1.498243184219426], [34.501703408687774, -1.5000801658698641], [34.500598299924874, -1.502255246635496], [34.49639774811689, -1.5020945302724336], [34.492814397879464, -1.4993503817538816], [34.496215688778705, -1.49878498848852], [34.49474399990518, -1.495163918744911], [34.48984080650473, -1.497098824047736], [34.48662668746306, -1.495887245225667], [34.48337294859983, -1.499079098777088], [34.48358746655461, -1.5014583066557101], [34.48107733968283, -1.5026781275234917], [34.48016051553751, -1.49881325430745], [34.473416559858634, -1.5012404856341348], [34.47350525151879, -1.4935316221734922], [34.46896074282649, -1.4948695732425392], [34.4662811550494, -1.4919704975813168], [34.46486170182582, -1.4948367663034183], [34.462217968370375, -1.4931707322251668], [34.46046888713071, -1.4960610027566972], [34.456818324459, -1.4968965874135414], [34.454984118806394, -1.4994886983037397], [34.44936096407965, -1.495457958071043], [34.44559372571493, -1.4963062760613859], [34.442937200608455, -1.4993967467030949], [34.43853779620288, -1.49842021811941], [34.43289069415077, -1.5000281475919124], [34.430850925803924, -1.4988174538958603], [34.42986867543053, -1.495543664798003], [34.42635344410566, -1.4998483904311115], [34.42465572314984, -1.4988513235938399], [34.419982924021404, -1.5001089855526821], [34.41755851593556, -1.4972929516500848], [34.41492515896246, -1.498698667873331], [34.415453042106854, -1.496103021737703], [34.41301641759794, -1.49685555065777], [34.41034486813451, -1.4932299307476065], [34.40789635020885, -1.4936616850264244], [34.407866998820424, -1.4966164869525826], [34.40513085332456, -1.4991106878750031], [34.406999278841084, -1.500485415164519], [34.40397816689487, -1.501084675602769], [34.404295228765854, -1.5031982534930748], [34.40053500805337, -1.502812341542679], [34.400113645193386, -1.5064460766146297], [34.39792522800903, -1.5073453054128088], [34.397635590850946, -1.5059521750293996], [34.39333157705687, -1.505406792639306], [34.38932581506525, -1.50762845870873], [34.38683566693844, -1.503697043981898], [34.384897886138084, -1.5062156138804], [34.38027424248649, -1.498617766413755], [34.38073045337902, -1.5061245294843744], [34.37609685118766, -1.5078739211574081], [34.37472996819598, -1.5067456455549504], [34.37380521999281, -1.508351101178949], [34.37192720230265, -1.5073008817781712], [34.372903493449066, -1.5105809970352695], [34.371363357809244, -1.5111042467308415], [34.36911174286311, -1.5092351509813788], [34.36936750045075, -1.511615949616239], [34.36715846059873, -1.5135412960101107], [34.36451885853061, -1.5123467084172653], [34.362914302174204, -1.509181615722131], [34.36541738533699, -1.5083938668910761], [34.36615448420018, -1.5045908344371455], [34.363860298172895, -1.5049606101987116], [34.36366836578931, -1.5026783179307373], [34.36107911881977, -1.5015684785602872], [34.35978571349737, -1.5031858387196877], [34.35864802961507, -1.5002090831357933], [34.355352238725175, -1.5021082644498733], [34.35373564689233, -1.501174734888842], [34.352760528061054, -1.5035423913845918], [34.350705712509296, -1.500789320592098], [34.349957066674015, -1.5022949690355318], [34.353947571958805, -1.505348331100496], [34.35175546819008, -1.5070078206347297], [34.35377420238109, -1.5078447180748782], [34.35393809904249, -1.5100602275728718], [34.35273455404567, -1.512273035982357], [34.350531240770195, -1.5107811805832299], [34.3508216660899, -1.5142882040983778], [34.346986940778564, -1.5158360554160737], [34.34696899839854, -1.517851651956235], [34.344165505431874, -1.5134015927203741], [34.346624357562135, -1.511018413756691], [34.34575926763604, -1.5083035297028573], [34.342820079695365, -1.5068727392538932], [34.34296169625189, -1.5047945744059525], [34.33969733888188, -1.5068641886768468], [34.34029801202048, -1.5083479942793225], [34.33746521789783, -1.508867716355276], [34.33587262573329, -1.5078248472922589], [34.337790530199726, -1.5035444922569567], [34.33634079161934, -1.5007091286822742], [34.33362249842916, -1.5027483771701249], [34.33201717013113, -1.4996499889881036], [34.329098409443944, -1.5013403472670532], [34.33000678598664, -1.4986698202318998], [34.328715675726784, -1.4958884461611959], [34.33001714057778, -1.4941969018004357], [34.32344262586443, -1.4876288026609323], [34.32799191273094, -1.4796052975090106], [34.326745445381064, -1.4736539473232817], [34.32456150287183, -1.4714800283667877], [34.32156461510348, -1.4713674041135754], [34.3215278797513, -1.4697435715819367], [34.31656393505823, -1.47150864000891], [34.31476443718112, -1.466743905531363], [34.31159427614557, -1.4683547015690728], [34.307657084673345, -1.46780923190488], [34.30595349041497, -1.4696558044959822], [34.30295837637961, -1.4677164476553521], [34.3004741448894, -1.4702031708056822], [34.295897851967545, -1.4698465752144045], [34.29574763214252, -1.4664366537436173], [34.293850267521194, -1.4680901856095367], [34.29071213313773, -1.4680367343543814], [34.29176801293679, -1.475764703792624], [34.28637828232191, -1.4784688846449328], [34.283686254831565, -1.4758116832107575], [34.28213507460872, -1.4766630567020194], [34.27963238665487, -1.4749964217173321], [34.27847618297638, -1.471649046448185], [34.27197635448326, -1.4741872097299584], [34.263137149716016, -1.4702458777226184], [34.25790250327961, -1.4718423300072985], [34.254566990955226, -1.469489043321957], [34.24937709557386, -1.4758865340839904], [34.24204102436167, -1.4742159114776925], [34.23538390400839, -1.4783159891103885], [34.2288734959067, -1.4777438724300467], [34.22219310655717, -1.4857513023871043], [34.211772496275124, -1.4862450036714918], [34.21035536136686, -1.4845314760432586], [34.20768800001711, -1.4872455552343382], [34.20544589275548, -1.4873160052724081], [34.198324446173, -1.4846458513114484], [34.196678223269224, -1.4864054927786512], [34.186970968066895, -1.4881769766269741], [34.18222380610186, -1.4932686019981638], [34.17665900509093, -1.4925401396066], [34.17220339699246, -1.495249303035127], [34.162417340002456, -1.4943763658827862], [34.15484325499066, -1.5001650657037828], [34.15415331148327, -1.5030609243531927], [34.149809270888206, -1.5068518823171821], [34.14126167612733, -1.5077376196624286], [34.14073866123762, -1.515295008128568], [34.13482003595735, -1.5310407538784858], [34.12306896169231, -1.5310541750222377], [34.095739733575414, -1.5367271648547103], [34.07486211891052, -1.5381753508443268], [34.05431709457539, -1.5319862464432603], [34.051023543728405, -1.5326467859191766], [34.04156050560712, -1.5280616472570934], [34.03509721763119, -1.5315096431733437], [34.03218443865513, -1.5374093961824968], [34.02915007610439, -1.5397720593970803], [34.019822520884276, -1.5405114067072994], [34.01040115917376, -1.532743405131363], [33.98291574780902, -1.5330520887566905], [33.96769271552743, -1.5237428475982178], [33.95353578673791, -1.5225917129775262], [33.9559363509598, -1.5185107538001823], [33.95299270968853, -1.5138009277661162], [33.94475051412887, -1.5114460147490831], [33.93591959031489, -1.4899574334684011], [33.92767739475523, -1.484070150925774], [33.918552106814126, -1.484070150925774], [33.9091324547459, -1.487602520451457], [33.89382552013505, -1.497610900773914], [33.89441424838929, -1.486130699815778], [33.890881878863695, -1.480243417273062], [33.87940167790556, -1.4705294010778118], [33.87586930837997, -1.469351944569251], [33.86733274869319, -1.4708237652049299], [33.85879618900641, -1.4499239121785727], [33.851731449955224, -1.4419760807460307], [33.84731598804827, -1.4334395210591637], [33.83848506423429, -1.4290240591522156], [33.83024286867463, -1.4275522385165367], [33.81258102104666, -1.4296127874064517], [33.804338825487, -1.4290240591522156], [33.79109243976607, -1.4213705918467916], [33.78137842357073, -1.4095960267615375], [33.78137842357073, -1.3975270975491654], [33.79756845056302, -1.3878130813537375], [33.85879618900641, -1.4084185702529766], [33.85290890646378, -1.3975270975491654], [33.84378361852268, -1.3875187172266195], [33.832009053437424, -1.3831032553196714], [33.81787957533505, -1.3878130813537375], [33.8205288524792, -1.3775103369041624], [33.82464995025912, -1.3742723315056864], [33.799040271198606, -1.3486626524452632], [33.79256426040175, -1.3342388102157692], [33.804338825487, -1.319520603859246], [33.82141194486064, -1.326290978783227], [33.882934047431156, -1.319520603859246], [33.90530572109319, -1.320698060367718], [33.91560846554277, -1.323936065766194], [33.933859041424974, -1.334533174342976], [33.954170166197, -1.336888087360009], [33.961823633502426, -1.340126092758485], [33.975658747477596, -1.3536668426064473], [33.97242074207921, -1.3554330273692443], [33.969182736680736, -1.3622034022933143], [33.967416551917935, -1.3698568695987383], [33.968888372553614, -1.3742723315056864], [33.979485481130396, -1.3760385162684834], [33.98566712780014, -1.3698568695987383], [33.988610769071414, -1.3598484892762812], [33.989199497325735, -1.3501344730809421], [33.98272348652878, -1.333061353707297], [33.9668278236637, -1.31628259846077], [33.94651669889158, -1.3036249409941618], [33.92767739475523, -1.2986207508328889], [33.92767739475523, -1.2924391041631438], [33.933859041424974, -1.2780152619336498], [33.92767739475523, -1.2780152619336498], [33.90883809061879, -1.2856687292390738], [33.885877688702514, -1.2777208978065318], [33.87322003123582, -1.2559379523988206], [33.88617205282963, -1.2232635342871205], [33.900595895059034, -1.2088396920577154], [33.91560846554277, -1.1988313117352583], [33.94828288365438, -1.1832300129972921], [33.963295454138105, -1.1726329044205102], [33.992731866851244, -1.138192301546102], [33.99037695383421, -1.1284782853507629], [33.98007420938463, -1.1158206278841547], [33.975658747477596, -1.1052235193073727], [33.992731866851244, -1.1005136932732178], [34.01628099702184, -1.1016911497817787], [34.02334573607294, -1.1005136932732178], [34.02805556210709, -1.0958038672391517], [34.0336484805226, -1.0822631173911006], [34.04071321957379, -1.0796138402468607], [34.07191581704972, -1.0590083513477104], [34.075448186575315, -1.0484112427709285], [34.067500355142684, -1.0439957808639804], [34.06485107799853, -1.0354592211771134], [34.07250454530396, -1.0251564767275383], [34.08722275166057, -1.0228015637105052], [34.097819860237266, -1.0189748300577932], [34.09222694182176, -1.0036678954469451], [34.079569284355145, -1.0119100910066052], [34.063379257362854, -1.0157368246593173], [34.048072322752006, -1.0119100910066052], [34.037475214175316, -0.9974862487772], [34.05837506720167, -1.0021960748112662], [34.0660285345071, -0.9960144281415211], [34.07191581704972, -0.970110384953891], [34.11754225675515, -0.999252433539997], [34.133437919620235, -1.0036678954469451], [34.133437919620235, -0.9974862487772], [34.124606995806246, -0.9777638522593151], [34.127845001204726, -0.9536259938345708], [34.139913930417094, -0.9118262877818566], [34.15021667486676, -0.8982855379338055], [34.16964470725744, -0.8865109728485514], [34.18318545710549, -0.8712040382377033], [34.17494326154583, -0.8467718156857522], [34.16552360947752, -0.8417676255244793], [34.119602805645066, -0.8261663267865131], [34.07839182784659, -0.7976130064548208], [34.07191581704972, -0.7952580934376989], [34.071327088795485, -0.7761244251741388], [34.067500355142684, -0.7487485613509186], [34.05749197482023, -0.7281430724516795], [34.037475214175316, -0.7304979854687126], [34.04777795862489, -0.641305654947864], [34.05454833354896, -0.6274705409726948], [34.06220180085438, -0.6245268997013369], [34.07250454530396, -0.6168734323959129], [34.081335469117946, -0.6077481444548987], [34.085456566897776, -0.5995059488951497], [34.08280728975353, -0.5862595631742167], [34.05749197482023, -0.5585893352238784], [34.063673621489976, -0.5556456939525205], [34.07780309959235, -0.5544682374440484], [34.085456566897776, -0.5518189602998085], [34.10252968627142, -0.5320965637820123], [34.13697028914583, -0.5350402050532814], [34.15021667486676, -0.5315078355277763], [34.16110814757057, -0.5176727215525183], [34.174354533291506, -0.45085206469361694], [34.18907273964812, -0.4222987443618358], [34.22263025014108, -0.4152340053107366], [34.2158598752171, -0.4284803910316697], [34.24441319554888, -0.42936348341302377], [34.284741080965915, -0.465864635177347], [34.31123385240778, -0.476756107881247], [34.304463477483715, -0.4605660808890448], [34.30475784161083, -0.4523238853292959], [34.31123385240778, -0.4493802440580268], [34.318298591458884, -0.45350134183785684], [34.32654078701863, -0.47086882533861996], [34.331250613052696, -0.476756107881247], [34.34773500417211, -0.4794053850253981], [34.360687025765834, -0.47263501010141695], [34.36569121592711, -0.45909426025336586], [34.35921520513024, -0.4420211408797208], [34.37452213974109, -0.4414324126254847], [34.386002340699136, -0.44467041802387186], [34.395421992767446, -0.45085206469361694], [34.40395855245423, -0.45997735263471995], [34.40955147086974, -0.4685139123215869], [34.41867675881084, -0.489119401220826], [34.42044294357363, -0.4973615967804861], [34.40807965023406, -0.5135516237726883], [34.40749092197982, -0.5217938193324372], [34.42397531309923, -0.5250318247308243], [34.43633860643872, -0.5209107269509943], [34.46077082899067, -0.5014826945603161], [34.47225102994881, -0.4973615967804861], [34.47490030709296, -0.4938292272548921], [34.50315926329762, -0.476756107881247], [34.505514176314655, -0.467925184067262], [34.50521981218753, -0.4540900700920929], [34.499921257899146, -0.4414324126254847], [34.45694409533796, -0.4240649291247216], [34.449290628032536, -0.3969834294285306], [34.450762448668215, -0.36725265258827733], [34.44870189977821, -0.3463527995619202], [34.46783556804177, -0.33752187574793524], [34.49786070900923, -0.32927968018827514], [34.52700275759525, -0.324569854154209], [34.54407587696889, -0.32574731066268114], [34.55437862141856, -0.3189769357387], [34.562326452851096, -0.31838820748437513], [34.58675867540296, -0.33575569098522706], [34.595883963344065, -0.3354613268580202], [34.612957082717706, -0.33192895733251504], [34.658289158296014, -0.34488097892624126], [34.67830591894093, -0.3463527995619202], [34.740416749765764, -0.34017115289217514], [34.75366313548661, -0.33575569098522706], [34.75425186374093, -0.32044875637429016], [34.74836458119831, -0.300726359856494], [34.74954203770678, -0.2871856100084429], [34.77073625486025, -0.29130670778827294], [34.782805184072714, -0.28689124588132486], [34.809297955514495, -0.306319278272003], [34.82902035203238, -0.31220656081463005], [34.837851275846276, -0.3089685554162429], [34.84638783553314, -0.2945447131867489], [34.8546300310928, -0.2874799741355609], [34.84697656378738, -0.27953214270301885], [34.83284708568509, -0.27128994714335875], [34.7987008469378, -0.20623547504725437], [34.795168477412204, -0.1956383664704724], [34.78162772756416, -0.19063417630928825], [34.7680869777161, -0.17915397535115218], [34.756901140885084, -0.1656132255031011], [34.7501307659611, -0.15442738867208305], [34.74336039103704, -0.1620808559775071], [34.73129146182466, -0.13794299755267403], [34.730997097697454, -0.12381351945038688], [34.73541255960449, -0.10968404134809973], [34.736590016113055, -0.08584054705038469], [34.722754902137794, -0.09113910133877567], [34.67447918528822, -0.08966728070309671], [34.669769359254154, -0.09879256864419972], [34.65887788655025, -0.10880094896665682], [34.64651459321076, -0.11704314452631692], [34.62384855542161, -0.12351915532326885], [34.60029942525101, -0.13735426929843797], [34.564092637613804, -0.14265282358682896], [34.54849133887584, -0.1494231985108101], [34.534067496646436, -0.1594315788332672], [34.5208211109255, -0.17179487217284617], [34.505514176314655, -0.18092016011394918], [34.491384698212364, -0.17974270360538824], [34.461653921372026, -0.16826250264725218], [34.44664135088829, -0.16826250264725218], [34.40690219372549, -0.18268634487674618], [34.37746578101236, -0.17856524709691612], [34.35980393338448, -0.1794483394782702], [34.345380091154986, -0.18886799154649125], [34.34155335750227, -0.2038805620302213], [34.34626318353643, -0.21977622489530546], [34.35744902036745, -0.22890151283640847], [34.372755954978295, -0.22330859442089945], [34.38305869942787, -0.24420844744725656], [34.38835725371626, -0.2654026646007317], [34.38688543308058, -0.28483069699140984], [34.37628832450389, -0.3019038163650549], [34.32536333051007, -0.34134860940064726], [34.318298591458884, -0.3569499081386134], [34.31388312955193, -0.37372866338514044], [34.302991656848036, -0.3905074186316675], [34.2879790863643, -0.39639470117429454], [34.270905966990746, -0.38108776656344645], [34.27885379842329, -0.3581273646471743], [34.27708761366049, -0.3463527995619202], [34.27208342349922, -0.3404655170192932], [34.262663771431, -0.3342838703495481], [34.24323573904032, -0.32574731066268114], [34.253832847617105, -0.31485583795886996], [34.25677648888837, -0.3051418217635309], [34.25118357047286, -0.298960175093697], [34.23646536411634, -0.29866581096657896], [34.253244119362776, -0.2645195722192888], [34.249123021582946, -0.25215627887979863], [34.22940062506515, -0.23714370839606858], [34.195843114572185, -0.22124804553098443], [34.18495164186829, -0.20888475219140545], [34.187895283139554, -0.18886799154649125], [34.1581645062993, -0.1912229045635243], [34.12225208278922, -0.18533562202089726], [34.09399312658455, -0.16885123090157705], [34.085456566897776, -0.1402979105697959], [34.091049485313285, -0.13558808453564097], [34.115481707865236, -0.12293042706894397], [34.13785338152718, -0.11733750865352377], [34.13844210978151, -0.11145022611089672], [34.128728093586076, -0.10644603594962376], [34.11283243072099, -0.10674040007674179], [34.13078864247599, -0.07965890038063961], [34.134909740255914, -0.06494069402402758], [34.123429539297774, -0.05846468322716447], [34.09458185483888, -0.05934777560851856], [34.07692000721091, -0.06346887338834861], [34.06485107799853, -0.07259416132945162], [34.07191581704972, -0.07259416132945162], [34.0660285345071, -0.08878418832174262], [34.06485107799853, -0.10674040007674179], [34.05719761069311, -0.10173620991546883], [34.05454833354896, -0.09113910133877567], [34.051310328150485, -0.08584054705038469], [34.055137061803194, -0.08790109594029971], [34.04365686084506, -0.07259416132945162], [34.0389470348109, -0.07465471021936665], [34.02717246972565, -0.0749490743465735], [34.02069645892879, -0.0705336124395366], [34.03011611099701, -0.05846468322716447], [34.03011611099701, -0.05228303655741939], [34.01804718178464, -0.04580702576046747], [33.99979660590243, -0.04462956925190653], [33.99596987224972, -0.04050847147207648], [33.99596987224972, -0.01077769463182321], [33.98596149192726, 0.03808675047207899], [33.968888372553614, 0.050450043811569145], [33.961823633502426, 0.05751478286275713], [33.95623071508692, 0.0754709946177563], [33.955053258578445, 0.09519339113555247], [33.95799689984972, 0.10579049971233445], [33.96535600302802, 0.10579049971233445], [33.97418692684201, 0.10284685844097652], [33.98242912240167, 0.10608486383945248], [33.98831640494429, 0.11903688543326751], [33.99037695383421, 0.13493254829835166], [33.989199497325735, 0.1643689610114869], [33.99155441034277, 0.18114771625801396], [34.00126842653811, 0.21293904198827107], [34.00362333955514, 0.22559669945487926], [34.00185715479235, 0.23295580263318527], [33.99302623097845, 0.2515007426425093], [33.98184039414743, 0.2656302207447965], [33.972126377952094, 0.2629809436006454], [33.965944731282256, 0.25621056867657543], [33.920907019831155, 0.21912068865801615], [33.91590282966988, 0.20440248230140412], [33.89529734077073, 0.192333553089032], [33.89382552013505, 0.17378861307970794], [33.8620341944048, 0.18850681943631997], [33.8314203251831, 0.208523580081323], [33.82700486327615, 0.19351100959759293], [33.82347249375056, 0.16672387402860878], [33.81787957533505, 0.15377185243479374], [33.809343015648274, 0.17732098260530194], [33.807871195012595, 0.19998702039445604], [33.804633189614115, 0.2202981451665771], [33.789914983257596, 0.23648817215877926], [33.78608824960488, 0.22059250929369512], [33.78756007024056, 0.197926471504541], [33.77696296166378, 0.1879180911820839], [33.763716575942844, 0.19086173245335303], [33.72191686989013, 0.19321664547038608], [33.7086704841692, 0.20175320515725303], [33.70984794067776, 0.21529395500530413], [33.72044504925445, 0.2332501667603033], [33.733691434975384, 0.24885146549835824], [33.74281672291649, 0.2567992969309003], [33.74281672291649, 0.2629809436006454], [33.718384500364536, 0.26886822614327244], [33.70631557115217, 0.26798513376182953], [33.69512973432115, 0.2629809436006454], [33.701900109245216, 0.2841751607541205], [33.71514649496615, 0.2983046388564077], [33.73339707084827, 0.30684119854327463], [33.755768744510306, 0.3109622963231047], [33.74899836958623, 0.3192044918827648], [33.735457619738185, 0.32597486680683474], [33.72044504925445, 0.33068469284090085], [33.7086704841692, 0.3321565134765798], [33.69424664193979, 0.3300959645866648], [33.685710082252925, 0.32597486680683474], [33.667753870497926, 0.3109622963231047], [33.65568494128556, 0.31979322013708966], [33.6421441914375, 0.32332558966259484], [33.629486533970805, 0.32067631251844375], [33.619772517775466, 0.3109622963231047], [33.61888942539402, 0.29889336711073256], [33.62624852857233, 0.24620218835411833], [33.61741760475844, 0.22706852009055822], [33.59887266474911, 0.21558831913242216], [33.58003336061267, 0.20764048769988008], [33.57149680092589, 0.19851519975877707], [33.56649261076462, 0.18379699340225386], [33.555601138060716, 0.1796758956224238], [33.54588712186538, 0.1858575422921689], [33.54412093710258, 0.20175320515725303], [33.536761833924274, 0.20175320515725303], [33.53470128503436, 0.19174482483479593], [33.53116891550886, 0.18556317816505086], [33.52528163296623, 0.18261953689369292], [33.516156345025124, 0.18114771625801396], [33.52557599709335, 0.2005757486486921], [33.52910836661894, 0.21117285722547408], [33.53058018725453, 0.22206432992937408], [33.522043627567754, 0.2179432321494552], [33.51115215486385, 0.20293066166572515], [33.502615595177076, 0.19557155848750796], [33.50379305168563, 0.2214756016750492], [33.5011437745414, 0.23207271025183118], [33.492607214854615, 0.23648817215877926], [33.48760302469334, 0.2303065254890342], [33.486425568184785, 0.21617704738674703], [33.48907484532902, 0.1879180911820839], [33.482304470404955, 0.1879180911820839], [33.46552571515843, 0.2088179442083522], [33.43962167197088, 0.22736288421767625], [33.42637528624995, 0.24355291120996725], [33.44786386753054, 0.2567992969309003], [33.43344002530114, 0.2612147588378484], [33.42078236783444, 0.27004568265174456], [33.434323117682496, 0.27740478583005057], [33.41342326465614, 0.28358643249988447], [33.40547543322359, 0.28888498678818664], [33.400176878935206, 0.2977159106021716], [33.41842745481741, 0.2977159106021716], [33.42637528624995, 0.2956553617122566], [33.434323117682496, 0.29094553567810166], [33.444037133877835, 0.29536099758513856], [33.45904970436156, 0.29447790520369566], [33.47523973135385, 0.28976807916962954], [33.48907484532902, 0.28358643249988447], [33.47582845960809, 0.27740478583005057], [33.49496212787165, 0.2703400467789514], [33.50791414946546, 0.28329206837276644], [33.508208513592585, 0.3003651877464115], [33.48907484532902, 0.3047806496533596], [33.49466776374453, 0.31891012775564676], [33.465820079285635, 0.33068469284090085], [33.45492860658173, 0.3456972633246309], [33.46905808468402, 0.351878909994376], [33.45581169896309, 0.35776619253700304], [33.44197658498792, 0.3562943719014129], [33.41371762878325, 0.3456972633246309], [33.42078236783444, 0.3427536220533618], [33.424314737360035, 0.3389268884006498], [33.427552742758515, 0.3245030461711558], [33.411951444020545, 0.3345114264936129], [33.3948783246469, 0.34128180141768283], [33.37692211289181, 0.3430479861804798], [33.359260265263934, 0.3389268884006498], [33.36514754780656, 0.3465803557060738], [33.36897428145927, 0.35511691539285195], [33.369857373840624, 0.3639478392067481], [33.366030640187915, 0.3730731271478511], [33.32864639604224, 0.35953237729980003], [33.317754923338335, 0.351878909994376], [33.31010145603291, 0.3819040509618361], [33.325702754770965, 0.3892631541401421], [33.349251884941474, 0.3919124312842932], [33.366030640187915, 0.4072193658951413], [33.34984061319571, 0.4219375722517533], [33.372212286857746, 0.4616767294145525], [33.389285406231394, 0.4846371313307358], [33.385164308451564, 0.4908187780005697], [33.366030640187915, 0.4970004246703148], [33.351901162085625, 0.4752174792626036], [33.34571951541588, 0.4563781751261615], [33.31863801571978, 0.43753887098971944], [33.29067342364223, 0.43959941987963447], [33.28301995633681, 0.48287094656802765], [33.273894668395705, 0.47668929989819375], [33.24180897853842, 0.4616767294145525], [33.2503455382252, 0.4404825122610774], [33.23592169599579, 0.4272361265400555], [33.210900745189605, 0.4228206646331074], [33.18735161501901, 0.4281192189214984], [33.19294453343452, 0.4060419093866692], [33.21001765280816, 0.39838844208124513], [33.23121186996164, 0.39691662144556616], [33.259176462039186, 0.39073497477573227], [33.26682992934461, 0.39044061064861424], [33.27065666299732, 0.3863195128687842], [33.269773570615875, 0.3730731271478511], [33.264180652200366, 0.36777457285954895], [33.23857097313994, 0.351878909994376], [33.22002603313062, 0.3474634480874279], [33.18882343565469, 0.32891850807810386], [33.17057285977257, 0.3245030461711558], [33.15379410452604, 0.31626085061149567], [33.15055609912757, 0.2974215464750536], [33.156443381670194, 0.2765216934486965], [33.1673348543741, 0.2629809436006454], [33.150850463254685, 0.2512063785153913], [33.14319699594926, 0.25002892200683036], [33.138781534042316, 0.24737964486267927], [33.14084208293223, 0.2341332591417462], [33.13937026229655, 0.22883470485335522], [33.12641824070273, 0.21706013976810112], [33.1169985886346, 0.21441086262395004], [33.112877490854686, 0.22559669945487926], [33.12347459943147, 0.23972617755725523], [33.12376896355858, 0.24708528073556124], [33.098748012752395, 0.25179510676962735], [33.08108616512452, 0.2603316664564055], [33.07107778480206, 0.2629809436006454], [33.07107778480206, 0.2567992969309003], [33.07873125210748, 0.2567992969309003], [33.07873125210748, 0.25002892200683036], [33.070489056547736, 0.24649655248123636], [33.04311319272451, 0.22883470485335522], [33.07166651305629, 0.22353615056496423], [33.10522402354935, 0.22206432992937408], [33.09197763782833, 0.18615190641928692], [33.084912898777226, 0.17378861307970794], [33.077553795598924, 0.1661351457742839], [33.00808386159587, 0.11285523876343362], [32.98630091618807, 0.10108067367817952], [32.92065771583773, 0.07782590763478936], [32.90122968344705, 0.07694281525343527], [32.89298748788739, 0.08871738033868937], [32.892693123760274, 0.10726232034801342], [32.887983297726116, 0.10726232034801342], [32.87620873264086, 0.11579888003479155], [32.87149890660671, 0.1269847168658096], [32.87768055327654, 0.13640436893403063], [32.88886639010756, 0.14317474385810058], [32.899169134557134, 0.1470014775107238], [32.88739456947188, 0.1525943959262328], [32.8859227488362, 0.16113095561309976], [32.890926938997474, 0.1714337000626749], [32.899169134557134, 0.18114771625801396], [32.885628384709086, 0.18114771625801396], [32.89298748788739, 0.19557155848750796], [32.87768055327654, 0.190567368326235], [32.86413980342849, 0.1687844229185238], [32.85913561326722, 0.18114771625801396], [32.851482145961796, 0.18114771625801396], [32.85324833072459, 0.16319150450301478], [32.85913561326722, 0.1470014775107238], [32.84530049929205, 0.15171130354487872], [32.82234009737578, 0.1496507546549637], [32.817335907214506, 0.1614253197402178], [32.810565532290525, 0.1614253197402178], [32.803206429112215, 0.15023948290919975], [32.799085331332385, 0.13875928195106368], [32.796730418315356, 0.10608486383945248], [32.771709467509076, 0.12021434194173963], [32.756108168771114, 0.12610162448436668], [32.74904342972001, 0.12286361908597954], [32.74403923955874, 0.11579888003479155], [32.732264674473484, 0.11050032574640056], [32.71107045732001, 0.10608486383945248], [32.69488043032772, 0.09460466288131641], [32.68222277286111, 0.0890117444658074], [32.66662147412315, 0.0916610216100473], [32.66132291983475, 0.09843139653402844], [32.66073419158052, 0.1199199778146216], [32.65308072427501, 0.1334607276626727], [32.66250037634332, 0.13287199940843664], [32.685755142386704, 0.14111419496809674], [32.704005718268824, 0.14023110258674265], [32.71107045732001, 0.14464656449369073], [32.728437940820776, 0.16642950990140193], [32.74168432654171, 0.17378861307970794], [32.72490557129518, 0.2058743029370831], [32.71489719097272, 0.208523580081323], [32.7072437236673, 0.1879180911820839], [32.69929589223476, 0.17408297720682597], [32.69046496842077, 0.16731260228284484], [32.66132291983475, 0.17172806418979292], [32.657496186182044, 0.18320826514792898], [32.68075095222543, 0.22206432992937408], [32.67339184904713, 0.23648817215877926], [32.656613093800686, 0.22206432992937408], [32.64807653411382, 0.23089525374327025], [32.647782169986705, 0.2476740089897973], [32.66338346872467, 0.2632753077277634], [32.66691583825026, 0.2768160575758145], [32.66279474047043, 0.28888498678818664], [32.64542725696967, 0.29094553567810166], [32.634830148392886, 0.2732836880502205], [32.626587952833226, 0.24002054168437326], [32.615990844256444, 0.2114672213525921], [32.59832899662857, 0.208523580081323], [32.59479662710297, 0.19616028674174402], [32.58802625217899, 0.19733774325030495], [32.57890096423789, 0.201458841030135], [32.568009491533985, 0.19851519975877707], [32.56300530137271, 0.1896842759448809], [32.575368594712295, 0.17467170546115085], [32.57154186105958, 0.1614253197402178], [32.58949807281458, 0.14994511878208172], [32.59832899662857, 0.1470014775107238], [32.59832899662857, 0.14023110258674265], [32.59067552932314, 0.13934801020529974], [32.57154186105958, 0.1334607276626727], [32.58802625217899, 0.10785104860224948], [32.578017871856446, 0.10520177145809839], [32.55947293184721, 0.11314960289064047], [32.55064200803322, 0.11903688543326751], [32.54387163310924, 0.10225813018674046], [32.5700700404239, 0.060458424134026245], [32.557412382957295, 0.04397403301470604], [32.54710963850763, 0.06575697842241723], [32.53975053532941, 0.07488226636352024], [32.53003651913407, 0.07812027176190739], [32.52385487246424, 0.07399917398207734], [32.51796758992161, 0.05663169048131422], [32.509431030234836, 0.05133313619301205], [32.50060010642085, 0.08076954890614729], [32.495890280386696, 0.0854793749402134], [32.48823681308136, 0.08341882605029838], [32.481760802284406, 0.06781752731233226], [32.47175242196195, 0.05633732635419619], [32.46292149814796, 0.041324755870466134], [32.45203002544415, 0.030138919039448098], [32.43760618321466, 0.03367128856504209], [32.42200488447669, 0.04868385904877215], [32.41964997145966, 0.055159869845724074], [32.441138552740256, 0.07134989683792625], [32.44996947655424, 0.08165264128750138], [32.45791730798678, 0.09519339113555247], [32.459094764495255, 0.10873414098360357], [32.447614563537115, 0.11903688543326751], [32.43907800385034, 0.09931448891538253], [32.42112179209534, 0.08283009779606232], [32.401105031450335, 0.07782590763478936], [32.38609246096661, 0.0916610216100473], [32.365486972067366, 0.0854793749402134], [32.374906624135676, 0.05398241333716314], [32.368724977465845, -0.0037129555806352244], [32.379027721915506, -0.0243184444798743], [32.351946222219404, -0.0243184444798743], [32.352240586346525, 0.009533430140297838], [32.32427599426898, 0.026900913641060953], [32.28600865774186, 0.03749802221775411], [32.25568915264728, 0.05133313619301205], [32.24833004946906, 0.04397403301470604], [32.27953264694499, 0.01895308220843006], [32.29160157615737, 0.001879962834873794], [32.28983539139457, -0.017548069555893164], [32.26922990249533, -0.029028270513940413], [32.24126531041787, -0.021374803208605186], [32.21536126723024, -0.0034185914535171946], [32.20034869674652, 0.016598169191397005], [32.20535288690779, 0.021602359352669964], [32.20800216405194, 0.03720365809063608], [32.193578321822535, 0.01365452792012789], [32.195933234839565, 0.0024686910891098535], [32.20535288690779, -0.015781884793096168], [32.20800216405194, -0.0243184444798743], [32.20623597928914, -0.041980292107755446], [32.20034869674652, -0.057581590845721564], [32.18827976753414, -0.06847306354962157], [32.17002919165203, -0.07259416132945162], [32.13205621925202, -0.06317450926123058], [32.1043859913016, -0.04551266163334944], [32.07671576335126, -0.03638737369224643], [32.037270970315575, -0.05228303655741939], [32.03108932364583, -0.0487506670318254], [32.0160767531621, -0.04462956925190653], [32.02579076935744, -0.06729560704106063], [32.061703192867526, -0.07583216672792759], [32.069945388427186, -0.09938129689843578], [32.05169481254507, -0.0949658349914877], [32.01195565538227, -0.09261092197445464], [31.994882536008625, -0.08584054705038469], [31.939836444235066, -0.12469661183174097], [31.919819683590063, -0.134116263899962], [31.940130808362184, -0.1402979105697959], [31.93542098232803, -0.15531048105343714], [31.926590058514133, -0.1956383664704724], [31.96132502551566, -0.18356943725810027], [31.971333405838116, -0.18268634487674618], [31.98045869377922, -0.1894567198007273], [31.9801643296521, -0.2047636544115754], [31.974571411236592, -0.23037333347199862], [31.979575601397777, -0.24038171379454454], [31.98428542743193, -0.24420844744725656], [31.998709269661337, -0.24420844744725656], [32.00606837283964, -0.24656336046428962], [32.012838747763716, -0.2674632134906467], [32.02961750301015, -0.2945447131867489], [32.03579914967999, -0.31132346843327596], [32.037270970315575, -0.32574731066268114], [32.02961750301015, -0.32574731066268114], [32.01902039443346, -0.306024914144885], [31.997826177279983, -0.3145614738316631], [31.97751505250786, -0.3381106040022601], [31.96838976456676, -0.3634259189355653], [31.96132502551566, -0.3778497611649705], [31.926295694386926, -0.4222987443618358], [31.913049308666082, -0.4358394942099757], [31.86830596134201, -0.4567393472363328], [31.846817380061417, -0.471457553592856], [31.83798645624743, -0.4938292272548921], [31.834748450849045, -0.5085474336115041], [31.827683711797857, -0.5226769117137913], [31.796481114321924, -0.5656540742749776], [31.79294874479633, -0.5759568187246416], [31.78470654923667, -0.6162847041416768], [31.785589641618024, -0.6257043562098978], [31.79706984257616, -0.644838024473458], [31.79824729908472, -0.652491491778882], [31.795009293686245, -0.6592618667028631], [31.786472733999467, -0.6616167797198962], [31.778819266694043, -0.6692702470253202], [31.755270136523446, -0.7163685073664254], [31.71788589237777, -0.7569907569105787], [31.71759152825065, -0.7646442242160028], [31.706111327292426, -0.7752413327927847], [31.699046588241327, -0.799379191217529], [31.696986039351412, -0.8244001420237161], [31.700812773004124, -0.8394127125074462], [31.718180256504887, -0.8435338102872763], [31.74084629429404, -0.8426507179059222], [31.760568690811837, -0.8464774515586342], [31.769105250498615, -0.8638449350593973], [31.766161609227346, -0.9200684833415167], [31.76998834288006, -0.9645174665384708], [31.77234325589709, -0.973348390352367], [31.786472733999467, -0.980413129403555], [31.787944554635057, -0.9886553249632151], [31.78500091336379, -0.9986637052856722], [31.7670447016087, -1.0295719386344864], [31.76851652224438, -1.0475281503895744], [31.781468543838194, -1.0551816176949984], [31.787793377283798, -1.052322446411356], [31.77231625895996, -1.0842988740038955], [31.76132324908699, -1.1018744136290763], [31.744041599387536, -1.1085732327658953], [31.694233643397148, -1.1197279737493275], [31.654592274652778, -1.1188344418093337], [31.601328398163105, -1.1058893759347193], [31.55926994069685, -1.1274915225099917], [31.511702439894325, -1.1274470285963716], [31.481684530549543, -1.137833842133638], [31.44864036790685, -1.1385601780017112], [31.413900514308864, -1.111046826196425], [31.39557422092861, -1.077501077950192], [31.377310839913182, -1.0632501443123203], [31.30003960626376, -1.034059912040373], [31.271107932730587, -0.9987787670103536], [31.26363666121695, -0.9819180397340403], [31.270039029490533, -0.946954141324639], [31.250396559140732, -0.929753963096978], [31.209344244688538, -0.8984895364411365], [31.202850346052642, -0.8851689180016535], [31.20281236004124, -0.8806090269124915], [31.205445136582462, -0.8773860461268583], [31.204107897746532, -0.8698478398048586], [31.22620568657571, -0.8531266539635745], [31.226936163206005, -0.8450543630389866], [31.220886148139478, -0.8351593054626498], [31.210889893449874, -0.8318975359375962], [31.20748415034616, -0.8283192739334737], [31.20364157645224, -0.8274574697498132], [31.192838192013824, -0.8179007844375512], [31.19426488522131, -0.7886263873401838], [31.198990993040717, -0.7757526113584916], [31.197203017061355, -0.7669848420979157], [31.199052779331645, -0.7549509450960095], [31.19318805258456, -0.7444637478998466], [31.18762704382548, -0.7380524931984027], [31.168838950679685, -0.7255412523161624], [31.16432253496538, -0.7181138524100277], [31.157345647943487, -0.7109514965728962], [31.15230241694374, -0.7013868479586165], [31.132994019514022, -0.6864252174903811], [31.098710331685993, -0.673332040356776], [31.092146267058325, -0.6686988355587324], [31.090436647279247, -0.6626349951922776], [31.092823906539564, -0.6523330752812733], [31.094178251946232, -0.6328291457374107], [31.10019032050691, -0.6134011726039539], [31.107478255646733, -0.6021950145812731], [31.117082391734925, -0.5942043692205949], [31.1241199766462, -0.5859231064768693], [31.12509897870393, -0.5813381600898708], [31.123812343359887, -0.5721519303249138], [31.134384048299076, -0.5568756187244155], [31.138017675322523, -0.5476804712699384], [31.14012180631037, -0.5359160051906713], [31.151991371282158, -0.5171656563629483], [31.15123538233818, -0.4987107271137141], [31.153958911998643, -0.4869251927014133], [31.152138379176904, -0.47440713908515164], [31.15402964977588, -0.4671207001305504], [31.15294921282797, -0.44839256930857374], [31.15217787869878, -0.4382279103468427], [31.13194110095244, -0.4178611782946966], [31.129581853649675, -0.4135473322917065], [31.123484854846602, -0.40084150810346486], [31.123895563261613, -0.3883118022657932], [31.114679013790088, -0.3724962168041728], [31.102591493950456, -0.3365685110501708], [31.091534120110794, -0.32467733580383396], [31.088860647651913, -0.3155371978692294], [31.081497356846384, -0.3020504911848114], [31.07821566073153, -0.2814849358757847], [31.073345118572433, -0.2712321619453988], [31.070804513384516, -0.24931725249976822], [31.067778744983173, -0.2393977091631676], [31.07439705809317, -0.2186423507775075], [31.070988226445458, -0.21294954183823478], [31.06997781653878, -0.2068381210327246], [31.07899524127263, -0.18991017240490393], [31.08242745841992, -0.17129892400933144], [31.09059039651961, -0.15465066309050357], [31.097826956735027, -0.122818783667487], [31.09748144425933, -0.11178743167472405], [31.100078358704593, -0.09949308982837124], [31.099688544799527, -0.09404012082065805], [31.10185116839635, -0.0877888514237739], [31.098261892316266, -0.07470708526224712], [31.097810234966346, -0.05175806177928166], [31.08750733936248, -0.03769555554007198], [31.08704662396989, -0.034306089355549574], [31.08247165316503, -0.027038436987457004], [31.075039956297708, -0.021270388277947916], [31.068690243772153, -0.027443267453762132], [31.057924992833293, -0.027947915895552455], [31.051980591370672, -0.024299479595722318], [31.04252628804219, -0.02833141873819045], [31.039222841839205, -0.03251181415459925], [31.02616736290838, -0.03340595487073372], [31.02292025199756, -0.023191531062270343], [31.02734695428567, -0.015450124237091245], [31.02972939568059, -0.006355726717941934], [31.03967828455155, 0.0033840589010587507], [31.049104384310773, 0.009327541775274284], [31.052262594195675, 0.013830784280390418], [31.056056522693083, 0.014579245843695077], [31.057659924338317, 0.017486275329805068], [31.05863209894065, 0.02465729551493112], [31.055919865504407, 0.029747331392250942], [31.05629959348218, 0.03661956372664932], [31.05415070236362, 0.03794236949361718], [31.0576037265582, 0.042807156075276964], [31.058164782207605, 0.046494525410302856], [31.053088317648132, 0.051777320633707546], [31.05586460135524, 0.05584294457548111], [31.056432653289264, 0.06157388286980492], [31.05143550790786, 0.06674737748162585], [31.052629538521977, 0.07031778696435964], [31.051257726317523, 0.08084384681708201], [31.0487189200865, 0.08494977521755942], [31.046131460736788, 0.0849362956371742], [31.042151018529125, 0.08819132653097483], [31.043826481387, 0.09005377578055374], [31.043816634117867, 0.09431874207739455], [31.04889305349144, 0.09660744187702974], [31.046423583430467, 0.10115403045749716], [31.047286130679915, 0.10408742572347762], [31.05605147319484, 0.11929850642409434], [31.047009083448536, 0.12467770804032341], [31.050780660279294, 0.13017159472990159], [31.048240220465047, 0.14013292610717443], [31.04896084492364, 0.1451308112116152], [31.042300723634504, 0.15293222664607597], [31.03291986042241, 0.15475695555031876], [31.030500626176945, 0.15906722256447026], [31.015789137374668, 0.17153754817500655], [31.0125171080145, 0.192592308617769], [31.014528346170607, 0.2119464125055721], [31.008013426322563, 0.594551289478364], [30.98435741176769, 0.6044934690215626], [30.96780744691455, 0.6283648610402999], [30.953493885712653, 0.6324180512187212], [30.896365579922332, 0.6291266559426596], [30.842087956426674, 0.6438199158258513], [30.82603976230037, 0.6508146203948257], [30.811923550995253, 0.6712087023211595], [30.79110342476597, 0.7214121442470152], [30.753427080753866, 0.7397234104330259], [30.59386570230825, 0.7479313774669833], [30.40157474251864, 0.7449629518981666], [30.336761052044466, 0.8079744940377793], [30.333786543825, 0.8371442020866056]]]]}}]}