{"type": "FeatureCollection", "features": [{"id": "0", "type": "Feature", "properties": {"id": 36996499, "name": "R\u00f6mischer Qanat", "name_en": null, "descriptio": null, "wikidata": null, "ref": null, "type": null, "substance": null, "location": "underground", "diameter": null, "pressure": null, "capacity": null, "operator": null, "wd_operato": null, "constructi": 0, "start_date": null}, "geometry": {"type": "LineString", "coordinates": [[6.152078171350497, 49.66594789000738], [6.151770052589853, 49.66596633019436], [6.151484564967745, 49.66597412536433], [6.151257163934645, 49.66596809039404], [6.15092792277801, 49.66597068878403], [6.1504875375852635, 49.66595778065313], [6.149991999469649, 49.665965994918245], [6.149779434405161, 49.66607873151591], [6.149463352836506, 49.66602885919202], [6.149273251272518, 49.66609733934098], [6.149025985128901, 49.66616095798604], [6.148669083691772, 49.66635005372166], [6.148368676282047, 49.66645306731166], [6.148007899999999, 49.666251300000006]]}}, {"id": "1", "type": "Feature", "properties": {"id": 219020654, "name": null, "name_en": null, "descriptio": null, "wikidata": null, "ref": null, "type": null, "substance": "oil", "location": null, "diameter": null, "pressure": null, "capacity": null, "operator": null, "wd_operato": null, "constructi": 0, "start_date": null}, "geometry": {"type": "LineString", "coordinates": [[5.991351825237104, 49.572988476680536], [5.991535640373684, 49.572977244930314], [5.992373160138782, 49.57338519215776], [5.992415824025954, 49.573377899902006], [5.992564518988245, 49.57320674143919], [5.9928942630591, 49.57315904841014], [5.992903734609684, 49.57310884081012], [5.992959474265774, 49.57308403037673], [5.992974980786642, 49.5730501674879], [5.992595364391917, 49.57300574340108]]}}, {"id": "2", "type": "Feature", "properties": {"id": 219157903, "name": null, "name_en": null, "descriptio": null, "wikidata": null, "ref": null, "type": null, "substance": "oil", "location": null, "diameter": null, "pressure": null, "capacity": null, "operator": null, "wd_operato": null, "constructi": 0, "start_date": null}, "geometry": {"type": "LineString", "coordinates": [[5.992415824025954, 49.573377899902006], [5.992536523431653, 49.57343975834741], [5.9927352583558795, 49.573438668700014], [5.992748166486764, 49.573360465543374], [5.992948242515524, 49.573379995377785], [5.993053267762292, 49.57307061933166], [5.9933431977930525, 49.57298034623449]]}}, {"id": "3", "type": "Feature", "properties": {"id": 311413825, "name": "Central Europe Pipeline System", "name_en": null, "descriptio": null, "wikidata": "Q872940", "ref": "CEPS", "type": null, "substance": "fuel", "location": "underground", "diameter": null, "pressure": null, "capacity": null, "operator": "Fernleitungs-Betriebsgesellschaft mbH Bereichsverwaltung S\u00fcd Idar-Oberstein", "wd_operato": "Q87647495", "constructi": 0, "start_date": null}, "geometry": {"type": "LineString", "coordinates": [[6.479368272404457, 49.91856504061201], [6.479124945755331, 49.91808844559758], [6.478149962778189, 49.917632721522025], [6.478097575883339, 49.917581340455584], [6.476940873245383, 49.91123313844904], [6.4779627948803125, 49.906527621826484], [6.4786080337866, 49.904638340851164], [6.478733175600978, 49.90456525065549], [6.4788773443355865, 49.904204744999994], [6.478827388192656, 49.904088236545896], [6.482411154713532, 49.89654712207972], [6.486302453261828, 49.8878765461609], [6.485248345118721, 49.88404953680995], [6.484825226646535, 49.87813006915073], [6.484742497262204, 49.87805086016575], [6.484739731234157, 49.87793334588325], [6.484802344050876, 49.87786679357203], [6.484577792864854, 49.873492362124836], [6.484474443998721, 49.87320486284601], [6.4802917904960955, 49.86532587386288], [6.479660633187137, 49.86381788566293], [6.479160149748651, 49.86312352880404], [6.479138356800404, 49.86299729734223], [6.479051352645456, 49.86275874837792], [6.47855086920697, 49.86244316972342], [6.477952317501349, 49.86223974093344], [6.47748452348523, 49.86210655249198], [6.47699946274858, 49.86200881950098], [6.476572740058004, 49.86184704876976], [6.476242073977829, 49.861666586394406], [6.475998076776449, 49.86161797135601], [6.474716232324114, 49.861307924757625], [6.474521772170476, 49.861235169838054], [6.471239754163861, 49.85919627189114], [6.470794172191177, 49.858779523665326], [6.470656122245885, 49.858722945818926], [6.469871743746922, 49.857780233169], [6.469871743746922, 49.85770747824944], [6.468240122475152, 49.855708897256754], [6.466363833449776, 49.85479459925858], [6.4658931895865805, 49.85460843718912], [6.465366051696009, 49.85447089015801], [6.464951818041158, 49.854393944286876], [6.464669431723251, 49.854375755557015], [6.4642678547421895, 49.85435354351356], [6.463828559196884, 49.85429084687786], [6.463379875919998, 49.85420786603644], [6.462720974511541, 49.85397116109082], [6.462313027284067, 49.85367586664202], [6.462111861607923, 49.85346774398621], [6.461996191344126, 49.853348050408904], [6.4617702990535975, 49.85310338265526], [6.461145847267177, 49.852484295286864], [6.460650057694436, 49.85184098421831], [6.460562634444358, 49.85173763535218], [6.460560455149533, 49.85170754431976], [6.460571435442688, 49.85166613771809], [6.462033658451303, 49.850418659068794], [6.462086883536443, 49.85037574372453], [6.462182269594564, 49.85034858635826], [6.46234194485001, 49.85030994578464], [6.4624285299098005, 49.85028563826543], [6.4624884605175055, 49.8502312397138], [6.462481754994968, 49.85011682673549], [6.462470690882782, 49.850033845894096], [6.462464069179248, 49.849952373795226], [6.462512851855735, 49.84985782592744], [6.46269691844941, 49.84968339852243], [6.463316424912988, 49.849308392174436], [6.463570648036239, 49.849211245916656], [6.464558958239422, 49.84884705222376], [6.46497637701745, 49.84871763563878], [6.466328629456456, 49.84881478189656], [6.46751156745131, 49.848899690575664], [6.467602594919782, 49.84890983267851], [6.467665291555534, 49.84888359732159], [6.468390074722947, 49.84731953418941], [6.4684559564818755, 49.84710504128718], [6.468371299259815, 49.846336253128136], [6.4683430522461265, 49.846259391076], [6.468139036722903, 49.84609544104994], [6.4681077722240445, 49.846034756070964], [6.468154794700865, 49.845917493245544], [6.468170468859797, 49.84581825151201], [6.468076340087151, 49.845779862395446], [6.467520955182862, 49.84570291652434], [6.466874542810132, 49.84561188905587], [6.4659834626837664, 49.845456069475894], [6.465415588743752, 49.8453407344882], [6.464825670398398, 49.84516069120804], [6.463608282781479, 49.84466909258689], [6.462723489082492, 49.844375642156805], [6.46224027236454, 49.84419149174409], [6.461531163356057, 49.843883959716656], [6.461110643273827, 49.8436714784712], [6.460056451311715, 49.842973433574926], [6.459739531552714, 49.84269616021795], [6.459416325366334, 49.84244327819919], [6.458983316248408, 49.842117473622835], [6.457599631672508, 49.841443652426705], [6.457374661391327, 49.8413464223499], [6.456527083342422, 49.84098046845737], [6.456021235485906, 49.84078005715245], [6.4555685288954985, 49.84053689814139], [6.455528631036402, 49.84048828310299], [6.455581939940572, 49.84039096920715], [6.455706159745603, 49.840299355005456], [6.455728371789036, 49.84022777355234], [6.455910259087886, 49.83863948672001], [6.455843790595736, 49.83849649145186], [6.45545763631651, 49.83777807853086], [6.455422180866094, 49.83766643158059], [6.45545763631651, 49.83757481737888], [6.456948693072064, 49.83462413600475], [6.456548373376479, 49.83422842635593], [6.455599625756292, 49.83329049139081], [6.455475489770294, 49.83321027657741], [6.453567349512837, 49.83237451701198], [6.453443129707807, 49.832208555329146], [6.453182033423957, 49.83206153674752], [6.452233872536966, 49.83152744187726], [6.451983253632078, 49.831386374446865], [6.451007264826558, 49.830836689236726], [6.449610839757839, 49.83011567792576], [6.449397352684002, 49.83000545589905], [6.4493318900202325, 49.82997159301021], [6.4491630784903, 49.82988442121724], [6.449112284157082, 49.8298566771177], [6.448429661962621, 49.82948217368389], [6.447889532122132, 49.829185957225754], [6.4471950914442, 49.8288654332484], [6.446919997382053, 49.8286807799215], [6.446011818173191, 49.8276734427981], [6.446015087115427, 49.8276005202405], [6.44613117647438, 49.82754796570758], [6.446532753455415, 49.82739818109787], [6.446604837822719, 49.827349649878514], [6.446898874986033, 49.82681379480862], [6.444596952917493, 49.82257297089801], [6.443578635500955, 49.82197173698335], [6.443498755963702, 49.82185866510955], [6.443429940538664, 49.821721285716514], [6.4434321198334885, 49.82156236483236], [6.4434344667663765, 49.82140637761429], [6.443560865866231, 49.8212560900904], [6.443656251924353, 49.82101703821188], [6.443756164210157, 49.82069064690231], [6.443867056789146, 49.82009519650087], [6.4438559926769585, 49.819735864311816], [6.443782734843239, 49.81945674693613], [6.443567571388769, 49.818927094474624], [6.4435815691670655, 49.81804556971783], [6.441138747306183, 49.81624656183973], [6.439501342521226, 49.815725458919395], [6.439479130477821, 49.81566812670172], [6.439807533444166, 49.81518432325055], [6.439520620898521, 49.81482314704281], [6.439601757721249, 49.81469808904744], [6.4392539925585766, 49.81371975330904], [6.439344936208015, 49.81352537697444]]}}, {"id": "4", "type": "Feature", "properties": {"id": 403341948, "name": null, "name_en": null, "descriptio": null, "wikidata": null, "ref": null, "type": null, "substance": null, "location": null, "diameter": null, "pressure": null, "capacity": null, "operator": null, "wd_operato": null, "constructi": 0, "start_date": null}, "geometry": {"type": "LineString", "coordinates": [[6.156347745189038, 49.627508649691706], [6.156342296951976, 49.627469170927746]]}}, {"id": "5", "type": "Feature", "properties": {"id": 456704104, "name": null, "name_en": null, "descriptio": null, "wikidata": null, "ref": null, "type": null, "substance": "water", "location": "underground", "diameter": null, "pressure": null, "capacity": null, "operator": null, "wd_operato": null, "constructi": 0, "start_date": null}, "geometry": {"type": "LineString", "coordinates": [[6.179868036046172, 49.9394415953892], [6.185874088765132, 49.941978629841756], [6.193807979214029, 49.94533005000666], [6.194424719649533, 49.94570505635465]]}}, {"id": "6", "type": "Feature", "properties": {"id": 456704112, "name": null, "name_en": null, "descriptio": null, "wikidata": null, "ref": null, "type": null, "substance": "water", "location": "underground", "diameter": null, "pressure": null, "capacity": null, "operator": null, "wd_operato": null, "constructi": 0, "start_date": null}, "geometry": {"type": "LineString", "coordinates": [[6.176226853488544, 49.951089171858136], [6.176421062185084, 49.951268125490905], [6.176880055202872, 49.95127793231762], [6.177738362087836, 49.951014740557966]]}}, {"id": "7", "type": "Feature", "properties": {"id": 456704114, "name": null, "name_en": null, "descriptio": null, "wikidata": null, "ref": null, "type": null, "substance": "water", "location": "underground", "diameter": null, "pressure": null, "capacity": null, "operator": null, "wd_operato": null, "constructi": 0, "start_date": null}, "geometry": {"type": "LineString", "coordinates": [[6.175528724773244, 49.944019958540636], [6.1745337928665265, 49.948486590922776], [6.174524740411101, 49.94893183761936], [6.174681398181434, 49.94909218342706], [6.174920198602849, 49.94933668354263], [6.17511482639452, 49.949559474528996], [6.175311884938139, 49.949785199181456], [6.175499388112115, 49.94999969208365], [6.175612292347864, 49.95012894103058], [6.175992327837776, 49.95024327018988], [6.176960353835285, 49.94991495104257], [6.178241695373401, 49.95090485380735], [6.179564024418057, 49.95222173461495]]}}, {"id": "8", "type": "Feature", "properties": {"id": 456704116, "name": null, "name_en": null, "descriptio": null, "wikidata": null, "ref": null, "type": null, "substance": "water", "location": "underground", "diameter": null, "pressure": null, "capacity": null, "operator": null, "wd_operato": null, "constructi": 0, "start_date": null}, "geometry": {"type": "LineString", "coordinates": [[6.1772077876169655, 49.946176622227185], [6.178137089221792, 49.94803162121852], [6.1802346604909815, 49.95221041904569]]}}, {"id": "9", "type": "Feature", "properties": {"id": 458312793, "name": null, "name_en": null, "descriptio": null, "wikidata": null, "ref": null, "type": null, "substance": "water", "location": "underground", "diameter": null, "pressure": null, "capacity": null, "operator": null, "wd_operato": null, "constructi": 0, "start_date": null}, "geometry": {"type": "LineString", "coordinates": [[6.175499388112115, 49.94999969208365], [6.175868191851777, 49.950064484195195], [6.176710824577782, 49.94969568045556]]}}, {"id": "10", "type": "Feature", "properties": {"id": 458312794, "name": null, "name_en": null, "descriptio": null, "wikidata": null, "ref": null, "type": null, "substance": "water", "location": "underground", "diameter": null, "pressure": null, "capacity": null, "operator": null, "wd_operato": null, "constructi": 0, "start_date": null}, "geometry": {"type": "LineString", "coordinates": [[6.175311884938139, 49.949785199181456], [6.175614471642688, 49.94985057802619], [6.176456685273564, 49.949472218916966]]}}, {"id": "11", "type": "Feature", "properties": {"id": 458312795, "name": null, "name_en": null, "descriptio": null, "wikidata": null, "ref": null, "type": null, "substance": "water", "location": "underground", "diameter": null, "pressure": null, "capacity": null, "operator": null, "wd_operato": null, "constructi": 0, "start_date": null}, "geometry": {"type": "LineString", "coordinates": [[6.17511482639452, 49.949559474528996], [6.175408444462704, 49.94961479508993], [6.176217046661833, 49.949261665509205]]}}, {"id": "12", "type": "Feature", "properties": {"id": 458312796, "name": null, "name_en": null, "descriptio": null, "wikidata": null, "ref": null, "type": null, "substance": "water", "location": "underground", "diameter": null, "pressure": null, "capacity": null, "operator": null, "wd_operato": null, "constructi": 0, "start_date": null}, "geometry": {"type": "LineString", "coordinates": [[6.174920198602849, 49.94933668354263], [6.175209290443291, 49.94939208792259], [6.175990735276172, 49.94906276294693], [6.176217046661833, 49.949261665509205], [6.176456685273564, 49.949472218916966], [6.176710824577782, 49.94969568045556], [6.176960353835285, 49.94991495104257]]}}, {"id": "13", "type": "Feature", "properties": {"id": 458312797, "name": null, "name_en": null, "descriptio": null, "wikidata": null, "ref": null, "type": null, "substance": "water", "location": "underground", "diameter": null, "pressure": null, "capacity": null, "operator": null, "wd_operato": null, "constructi": 0, "start_date": null}, "geometry": {"type": "LineString", "coordinates": [[6.17578185824908, 49.950678961516836], [6.176136580391386, 49.95067653076493], [6.1762935734378175, 49.95067552493655], [6.177097481771199, 49.95042549276486], [6.177295629962203, 49.95060897262533], [6.177540884449059, 49.95083561928713], [6.177738362087836, 49.951014740557966]]}}, {"id": "14", "type": "Feature", "properties": {"id": 458312798, "name": null, "name_en": null, "descriptio": null, "wikidata": null, "ref": null, "type": null, "substance": "water", "location": "underground", "diameter": null, "pressure": null, "capacity": null, "operator": null, "wd_operato": null, "constructi": 0, "start_date": null}, "geometry": {"type": "LineString", "coordinates": [[6.17578185824908, 49.950678961516836], [6.175851428045405, 49.950743921266444], [6.175978330059451, 49.950862357558286], [6.1765049650358606, 49.95086436921504], [6.177295629962203, 49.95060897262533]]}}, {"id": "15", "type": "Feature", "properties": {"id": 458312799, "name": null, "name_en": null, "descriptio": null, "wikidata": null, "ref": null, "type": null, "substance": "water", "location": "underground", "diameter": null, "pressure": null, "capacity": null, "operator": null, "wd_operato": null, "constructi": 0, "start_date": null}, "geometry": {"type": "LineString", "coordinates": [[6.175978330059451, 49.950862357558286], [6.176226853488544, 49.951089171858136], [6.176730186774137, 49.951120771633114], [6.177540884449059, 49.95083561928713]]}}, {"id": "16", "type": "Feature", "properties": {"id": 458312800, "name": null, "name_en": null, "descriptio": null, "wikidata": null, "ref": null, "type": null, "substance": "water", "location": "underground", "diameter": null, "pressure": null, "capacity": null, "operator": null, "wd_operato": null, "constructi": 0, "start_date": null}, "geometry": {"type": "LineString", "coordinates": [[6.177738362087836, 49.951014740557966], [6.179042837678736, 49.95245039293353]]}}, {"id": "17", "type": "Feature", "properties": {"id": 458312801, "name": null, "name_en": null, "descriptio": null, "wikidata": null, "ref": null, "type": null, "substance": "water", "location": "underground", "diameter": null, "pressure": null, "capacity": null, "operator": null, "wd_operato": null, "constructi": 0, "start_date": null}, "geometry": {"type": "LineString", "coordinates": [[6.172275289056444, 49.94754287244446], [6.173342137692372, 49.9485693203071], [6.175590834675745, 49.950513754205296], [6.17578185824908, 49.950678961516836], [6.175851428045405, 49.950743921266444], [6.175978330059451, 49.950862357558286], [6.176226853488544, 49.951089171858136]]}}, {"id": "18", "type": "Feature", "properties": {"id": 534159540, "name": null, "name_en": null, "descriptio": null, "wikidata": null, "ref": null, "type": null, "substance": "gas", "location": "underground", "diameter": null, "pressure": null, "capacity": null, "operator": null, "wd_operato": null, "constructi": 0, "start_date": null}, "geometry": {"type": "LineString", "coordinates": [[5.936897953080035, 49.6658917312561], [5.937675793694552, 49.66580145815893]]}}, {"id": "19", "type": "Feature", "properties": {"id": 534159541, "name": null, "name_en": null, "descriptio": null, "wikidata": null, "ref": null, "type": null, "substance": "gas", "location": "underground", "diameter": null, "pressure": null, "capacity": null, "operator": null, "wd_operato": null, "constructi": 0, "start_date": null}, "geometry": {"type": "LineString", "coordinates": [[6.020999957866336, 49.67613332728674], [6.0210911529728435, 49.67618361870577]]}}, {"id": "20", "type": "Feature", "properties": {"id": 534159542, "name": null, "name_en": null, "descriptio": null, "wikidata": null, "ref": null, "type": null, "substance": "gas", "location": "underground", "diameter": null, "pressure": null, "capacity": null, "operator": null, "wd_operato": null, "constructi": 0, "start_date": null}, "geometry": {"type": "LineString", "coordinates": [[6.014800031726935, 49.67382838773305], [6.015191634243195, 49.6739185770112]]}}, {"id": "21", "type": "Feature", "properties": {"id": 534159543, "name": null, "name_en": null, "descriptio": null, "wikidata": null, "ref": null, "type": null, "substance": "gas", "location": "underground", "diameter": null, "pressure": null, "capacity": null, "operator": null, "wd_operato": null, "constructi": 0, "start_date": null}, "geometry": {"type": "LineString", "coordinates": [[6.043000777316166, 49.678898181867545], [6.0431160284848024, 49.67879231843046]]}}, {"id": "22", "type": "Feature", "properties": {"id": 534159545, "name": null, "name_en": null, "descriptio": null, "wikidata": null, "ref": null, "type": null, "substance": "gas", "location": "underground", "diameter": null, "pressure": null, "capacity": null, "operator": null, "wd_operato": null, "constructi": 0, "start_date": null}, "geometry": {"type": "LineString", "coordinates": [[6.037250121186873, 49.668086029687906], [6.037673826392307, 49.667929874831785]]}}, {"id": "23", "type": "Feature", "properties": {"id": 534159546, "name": null, "name_en": null, "descriptio": null, "wikidata": null, "ref": null, "type": null, "substance": "gas", "location": "underground", "diameter": null, "pressure": null, "capacity": null, "operator": null, "wd_operato": null, "constructi": 0, "start_date": null}, "geometry": {"type": "LineString", "coordinates": [[6.042646725726116, 49.66715907501595], [6.04341115529553, 49.66703234063995]]}}, {"id": "24", "type": "Feature", "properties": {"id": 534159547, "name": null, "name_en": null, "descriptio": null, "wikidata": null, "ref": null, "type": null, "substance": "gas", "location": "underground", "diameter": null, "pressure": null, "capacity": null, "operator": null, "wd_operato": null, "constructi": 0, "start_date": null}, "geometry": {"type": "LineString", "coordinates": [[6.050500233723568, 49.66739519322836], [6.051020582272571, 49.66740902336859]]}}, {"id": "25", "type": "Feature", "properties": {"id": 534159548, "name": null, "name_en": null, "descriptio": null, "wikidata": null, "ref": null, "type": null, "substance": "gas", "location": "underground", "diameter": null, "pressure": null, "capacity": null, "operator": null, "wd_operato": null, "constructi": 0, "start_date": null}, "geometry": {"type": "LineString", "coordinates": [[6.067556317034274, 49.66651676977579], [6.067819257336821, 49.66644384721819]]}}, {"id": "26", "type": "Feature", "properties": {"id": 534159549, "name": null, "name_en": null, "descriptio": null, "wikidata": null, "ref": null, "type": null, "substance": "gas", "location": "underground", "diameter": null, "pressure": null, "capacity": null, "operator": null, "wd_operato": null, "constructi": 0, "start_date": null}, "geometry": {"type": "LineString", "coordinates": [[6.077447046598053, 49.6624768600842], [6.077614684661512, 49.662436040215745]]}}, {"id": "27", "type": "Feature", "properties": {"id": 534159550, "name": null, "name_en": null, "descriptio": null, "wikidata": null, "ref": null, "type": null, "substance": "gas", "location": "underground", "diameter": null, "pressure": null, "capacity": null, "operator": null, "wd_operato": null, "constructi": 0, "start_date": null}, "geometry": {"type": "LineString", "coordinates": [[6.081210185846827, 49.66157832006399], [6.081081439814085, 49.661603549592535]]}}, {"id": "28", "type": "Feature", "properties": {"id": 534159551, "name": null, "name_en": null, "descriptio": null, "wikidata": null, "ref": null, "type": null, "substance": "gas", "location": "underground", "diameter": null, "pressure": null, "capacity": null, "operator": null, "wd_operato": null, "constructi": 0, "start_date": null}, "geometry": {"type": "LineString", "coordinates": [[6.082608287296153, 49.66093643391897], [6.082665284237748, 49.660873485826116]]}}, {"id": "29", "type": "Feature", "properties": {"id": 534159552, "name": null, "name_en": null, "descriptio": null, "wikidata": null, "ref": null, "type": null, "substance": "gas", "location": "underground", "diameter": null, "pressure": null, "capacity": null, "operator": null, "wd_operato": null, "constructi": 0, "start_date": null}, "geometry": {"type": "LineString", "coordinates": [[6.082540561518528, 49.65752851972669], [6.08260082740233, 49.65741217891064]]}}, {"id": "30", "type": "Feature", "properties": {"id": 534159553, "name": null, "name_en": null, "descriptio": null, "wikidata": null, "ref": null, "type": null, "substance": "gas", "location": "underground", "diameter": null, "pressure": null, "capacity": null, "operator": null, "wd_operato": null, "constructi": 0, "start_date": null}, "geometry": {"type": "LineString", "coordinates": [[6.083110530934334, 49.65603176327698], [6.083121259770394, 49.65589463534108]]}}, {"id": "31", "type": "Feature", "properties": {"id": 534159554, "name": null, "name_en": null, "descriptio": null, "wikidata": null, "ref": null, "type": null, "substance": "gas", "location": "underground", "diameter": null, "pressure": null, "capacity": null, "operator": null, "wd_operato": null, "constructi": 0, "start_date": null}, "geometry": {"type": "LineString", "coordinates": [[6.083271463475256, 49.65219595292768], [6.0831266241884245, 49.65190074229792]]}}, {"id": "32", "type": "Feature", "properties": {"id": 534159555, "name": null, "name_en": null, "descriptio": null, "wikidata": null, "ref": null, "type": null, "substance": "gas", "location": "underground", "diameter": null, "pressure": null, "capacity": null, "operator": "Creos", "wd_operato": "Q21036415", "constructi": 0, "start_date": null}, "geometry": {"type": "LineString", "coordinates": [[6.085114141068913, 49.647222299222584], [6.0850122171263195, 49.64698349880117], [6.085298878214871, 49.64639316136066], [6.085767761878402, 49.64638712639038]]}}, {"id": "33", "type": "Feature", "properties": {"id": 534159556, "name": null, "name_en": null, "descriptio": null, "wikidata": null, "ref": null, "type": null, "substance": "gas", "location": "underground", "diameter": null, "pressure": null, "capacity": null, "operator": null, "wd_operato": null, "constructi": 0, "start_date": null}, "geometry": {"type": "LineString", "coordinates": [[6.098895330990673, 49.627086117952715], [6.098822827528238, 49.62697849431597]]}}, {"id": "34", "type": "Feature", "properties": {"id": 545024566, "name": "Central Europe Pipeline System", "name_en": null, "descriptio": null, "wikidata": "Q872940", "ref": "CEPS", "type": null, "substance": "fuel", "location": "underground", "diameter": null, "pressure": null, "capacity": null, "operator": "Belgian Pipeline Organisation", "wd_operato": null, "constructi": 0, "start_date": null}, "geometry": {"type": "LineString", "coordinates": [[6.439344936208015, 49.81352537697444], [6.438517474726723, 49.81194647787364], [6.438534322352098, 49.81084425760633], [6.438657787785843, 49.810381744189215], [6.439073530183264, 49.80973575091163], [6.439487093285834, 49.8091612552681], [6.439280982286789, 49.80822793034974], [6.438637168304041, 49.80788955291862], [6.437921521411084, 49.80722579000632], [6.436677563161111, 49.80620772404686], [6.437039326102082, 49.805887619164686], [6.436975958914076, 49.80438985688658], [6.438957859919469, 49.80363255193485], [6.440106767387448, 49.80318068353477], [6.441210999311522, 49.80279226614173], [6.442151029752438, 49.80245556509122], [6.442956865923548, 49.80216328812757], [6.444987717243465, 49.801469518001916], [6.44873426032396, 49.80016101909747], [6.448876752677904, 49.79935669166894], [6.4488846316668855, 49.79928385293038], [6.448883793476568, 49.79926449073405], [6.448996446255223, 49.79848782358598], [6.449084623876616, 49.79775625107698], [6.4491989530359035, 49.7968859580705], [6.449540431771169, 49.79457842012683], [6.449677224430956, 49.79371315626226], [6.449946199703817, 49.79316774582273], [6.451221673909714, 49.79159085837869], [6.451494169581906, 49.79115902272721], [6.453095196907071, 49.78923587886309], [6.454936449577191, 49.78689472948766], [6.45701884960161, 49.784349480770004], [6.457465018307546, 49.78374749248407], [6.457482536485174, 49.78354113002793], [6.457496282806374, 49.783448258540794], [6.457443644454457, 49.78291944426956], [6.45668592040758, 49.78169786570105], [6.4547620221721616, 49.7786537261065], [6.453375571568216, 49.77641383012143], [6.452291372392723, 49.77464633819927], [6.451441195953834, 49.77323289786709], [6.451111787159107, 49.77274934587302], [6.451234079126409, 49.77113532659794], [6.451477070499408, 49.76931519632378], [6.45167572160463, 49.76781818841701], [6.4504241358227725, 49.76689819072466], [6.450251384798349, 49.766306931274805], [6.4497937328850705, 49.765860594930835], [6.449471448708066, 49.76517277595641], [6.447981733057021, 49.76327234704988], [6.446612297716542, 49.76134576660544], [6.445926825675002, 49.760635567949556], [6.445047899308236, 49.759704673783105], [6.44400812421955, 49.75832534779685], [6.442803560914485, 49.75684778590546], [6.43954207857064, 49.753712786480484], [6.439400172949917, 49.753609269976295], [6.436505398869912, 49.75090468127931], [6.434737236395478, 49.7490579803721], [6.433231176033245, 49.747695418192194], [6.432012195854725, 49.74649219599166], [6.430552571236093, 49.74526206788191], [6.430016129432971, 49.744774995488505], [6.42950365987295, 49.744137216476055], [6.427845216511031, 49.743310760823135], [6.427151194928285, 49.74294262763575], [6.426501848889415, 49.742610452813], [6.425869099018855, 49.74228825245497], [6.422752120685716, 49.740690829348196], [6.42204535861012, 49.74033007223557], [6.416669457371739, 49.73750402976163], [6.41605296839333, 49.73723547358393], [6.411790351534421, 49.734878482411524], [6.407466546782388, 49.73240959283177], [6.401506091616653, 49.72904157649862], [6.401399473808283, 49.72895817656201], [6.400099356807033, 49.72824328404035], [6.398778368866914, 49.727468880006164], [6.3952041577156535, 49.725476920716964], [6.3940918791645345, 49.724211588613905], [6.3925152431775984, 49.72242532122859], [6.38667632560788, 49.71610176201737], [6.383479048642358, 49.715537157019654], [6.3818718187088175, 49.71521386701423], [6.379043261663895, 49.71466015849059], [6.3772816370739065, 49.71423687238032], [6.374358783618277, 49.71248396496963], [6.370864871099428, 49.710406929363224], [6.369491831540586, 49.70963202241488], [6.368636542140763, 49.7090613824468], [6.368066237448829, 49.70872484903436], [6.36650024647892, 49.70759773451466], [6.364669135911641, 49.70582973967825], [6.363029384193794, 49.70378698605583], [6.360556387481495, 49.700568251418176], [6.3600732545825736, 49.699763672532555], [6.359360625174759, 49.69796558666375], [6.3568456351275415, 49.69682833004117], [6.354334249298688, 49.69609516497057], [6.35201723980444, 49.694444181502526], [6.349549439872078, 49.69224334518623], [6.347584554130151, 49.690822277322205], [6.344594477811057, 49.68832899640421], [6.344589281031091, 49.6879821532509], [6.344544689306219, 49.68705989244472], [6.344476041519215, 49.68583823005714], [6.344432539441755, 49.683680560542236], [6.3440646577114705, 49.6797151659699], [6.34446112173157, 49.67694427641879], [6.344972753101274, 49.674989784236764], [6.346275217035412, 49.669444987649435], [6.346278737434744, 49.66933082612822], [6.3465074795723515, 49.66859523030569], [6.346724067950362, 49.667660480463816], [6.347054482573469, 49.666250225254835], [6.346479567834791, 49.66228164555929], [6.34035549791912, 49.65790067622758], [6.340796637483152, 49.656178195125406], [6.340822034649762, 49.65607082294579], [6.3405941307024705, 49.655942663646265], [6.336751363373537, 49.65328694144477], [6.335852152801095, 49.652882179340494], [6.336572158283701, 49.65223752716745], [6.333665649539256, 49.646261733118905], [6.332073674669516, 49.64108389625248], [6.330762158279953, 49.63685489082535], [6.331005652567144, 49.63643269436249], [6.327812482734146, 49.63537732893391], [6.327634199653659, 49.63532435530586], [6.325122227091583, 49.63459144169235], [6.3238943620957, 49.63423319915074], [6.315936331765669, 49.63105553583862], [6.309767334849, 49.62839545504745], [6.306632670700168, 49.62702124202218], [6.304374669804246, 49.625881554647655], [6.292399277102191, 49.616590969351094], [6.292338340666106, 49.61652165101188], [6.2841247461083185, 49.610352821733265], [6.278534519605785, 49.60605969474681], [6.277736059509465, 49.60542778306658], [6.276230753518547, 49.60373732083452], [6.2719507861200725, 49.598741538905045], [6.270858372679471, 49.597652562044736], [6.268880578806659, 49.5952420943301], [6.267990420689614, 49.594372052780685], [6.267671824550007, 49.59405605503105], [6.266954166000289, 49.59316086777212], [6.263262021471377, 49.58948598996376], [6.261123462695679, 49.587601151397145], [6.260264569077492, 49.58671769880266], [6.2601438696717935, 49.58660244763401], [6.259022790122345, 49.58553233005586], [6.2561918861445065, 49.58279077716584], [6.255817382710717, 49.58141396575056], [6.253574972154723, 49.573849381955505], [6.2545772801362025, 49.565150726661074], [6.254506620692439, 49.56455955103024], [6.254238651247988, 49.56268854260384], [6.253585198076593, 49.56119337871574], [6.2529882389325735, 49.56039693027619], [6.251252095328225, 49.557329321352775], [6.24656828783489, 49.55285137340136], [6.244338198676531, 49.55089788704772], [6.240281273721536, 49.5473194849449], [6.238560217542897, 49.54585156224213], [6.23620222054214, 49.54376463598999], [6.232527929466983, 49.54049711867582], [6.231728295904247, 49.53981198191044], [6.221205738479227, 49.530569089642924], [6.214018927060209, 49.5242216420077], [6.211709796554943, 49.52214175655423], [6.209278960815567, 49.51838163479058], [6.209175779587525, 49.51820469281463], [6.207965684226366, 49.516316333848636], [6.204900086959668, 49.50901049940451], [6.203261257251199, 49.50692633918043]]}}, {"id": "35", "type": "Feature", "properties": {"id": 645044225, "name": null, "name_en": null, "descriptio": null, "wikidata": null, "ref": null, "type": null, "substance": "rainwater", "location": "underground", "diameter": null, "pressure": null, "capacity": null, "operator": null, "wd_operato": null, "constructi": 0, "start_date": null}, "geometry": {"type": "LineString", "coordinates": [[6.1001767563478495, 49.627287283628895], [6.100239369164568, 49.62721746237545]]}}, {"id": "36", "type": "Feature", "properties": {"id": 658788646, "name": null, "name_en": null, "descriptio": null, "wikidata": null, "ref": null, "type": null, "substance": null, "location": "overground", "diameter": null, "pressure": null, "capacity": null, "operator": null, "wd_operato": null, "constructi": 0, "start_date": null}, "geometry": {"type": "LineString", "coordinates": [[5.949882359286136, 49.49773994094033], [5.949916222174949, 49.49779098673067], [5.949705249672093, 49.49786407692631], [5.949735173066415, 49.49789961619579], [5.949889232446736, 49.49818191869467], [5.9495814489622205, 49.49826582154542], [5.950144042303207, 49.499247845321236], [5.950432631229489, 49.49934976926381], [5.950462219347684, 49.5000084192152], [5.95041352049023, 49.50000934122457], [5.9504159512421495, 49.50006348831905], [5.950464650099605, 49.50006248249067], [5.950484347572058, 49.500499766379235], [5.950413269033135, 49.500583333953905], [5.9504926456561975, 49.500927159622066], [5.950824149926717, 49.50151305465389], [5.9507506406358734, 49.5015305728315], [5.950761453290966, 49.5015497673898], [5.950834878762777, 49.50153224921216], [5.950990698342764, 49.501807594731396]]}}, {"id": "37", "type": "Feature", "properties": {"id": 680777291, "name": null, "name_en": null, "descriptio": null, "wikidata": null, "ref": null, "type": null, "substance": "gas", "location": "underground", "diameter": null, "pressure": null, "capacity": null, "operator": "Creos", "wd_operato": "Q21036415", "constructi": 0, "start_date": null}, "geometry": {"type": "LineString", "coordinates": [[5.888583322083406, 49.56780829288127], [5.886507124667332, 49.569555165321624], [5.886346024488319, 49.569671254680586], [5.8861580184001525, 49.56972934126961], [5.8858448704975785, 49.5697351247828], [5.883464326177261, 49.56958425052567], [5.88024265787351, 49.569784494192476], [5.876448254125876, 49.570016589091345], [5.875061132969704, 49.57006017498786], [5.872877563373975, 49.57006595850106], [5.868155618221152, 49.57037139505268], [5.867996026784739, 49.57039654076221], [5.867860575229457, 49.57044264122967], [5.866733963623915, 49.57089878440039], [5.865200662076376, 49.57084128454459]]}}, {"id": "38", "type": "Feature", "properties": {"id": 684941180, "name": "Canalisation ODC Metz - Frisange", "name_en": null, "descriptio": "Canalisation de transport", "wikidata": null, "ref": null, "type": null, "substance": "fuel", "location": "underground", "diameter": null, "pressure": null, "capacity": null, "operator": "TRAPIL", "wd_operato": null, "constructi": 0, "start_date": null}, "geometry": {"type": "LineString", "coordinates": [[6.203261257251199, 49.50692633918043], [6.198861260999281, 49.500989437162644], [6.1937027863291965, 49.486305683907155], [6.191695991071413, 49.48319515963946], [6.222789247626792, 49.46141612534759], [6.230492551919355, 49.46074674656015], [6.2468790888045485, 49.45347904977549], [6.250276693255928, 49.44814103473944], [6.261035871807536, 49.443649424285866], [6.283984935963389, 49.42254873741784], [6.2927470422648355, 49.41308037195494], [6.295578365337832, 49.413117168509864], [6.3057146846645935, 49.40066316913661], [6.292419393669803, 49.39237363453606], [6.288170774589219, 49.391479788381645], [6.278643568166075, 49.38519445064894], [6.2764977171346175, 49.38502689640448], [6.275296171314693, 49.382875680955], [6.268258054857938, 49.37734362486049], [6.263708944548597, 49.375359796017364], [6.257561992037267, 49.36467865298434], [6.262515696812813, 49.35652716832906], [6.264684681897022, 49.356270262996794], [6.27148768596973, 49.35354086386639], [6.27705813118078, 49.34650794418962], [6.290417543734861, 49.33375621961565], [6.299833270845795, 49.318880436958445], [6.298523095560739, 49.3129902221413], [6.284009075844524, 49.30576795527185], [6.284304873207503, 49.30448225514408], [6.283984349230166, 49.30250538328056], [6.285044240886464, 49.301717819658435], [6.2870407264033465, 49.29826212861802], [6.287708680267259, 49.296289950620356], [6.288667569990309, 49.29450074956892], [6.289111224125264, 49.29249127210209], [6.290297933976576, 49.2912968508999], [6.2918764978012405, 49.28932542727346], [6.292956422206117, 49.287636222326896], [6.290762794326582, 49.271459819754284], [6.290836638893552, 49.26047432981701], [6.292981065001441, 49.25231806747691], [6.29243875586613, 49.24766812287238], [6.293426563155123, 49.23643939010503], [6.2900289587037435, 49.21928046084237], [6.2861754625387505, 49.21075447275332], [6.286898317868435, 49.20487968063804], [6.288819533894838, 49.202172325913025], [6.291382636066259, 49.19268384388251], [6.294296772342592, 49.19231763853288], [6.305616867854552, 49.186555247739136], [6.304751939266082, 49.168952664341525], [6.306224220558505, 49.16539815066274], [6.308942387938657, 49.162509998286254], [6.319814722183083, 49.140880078051836], [6.322133575696029, 49.13278433305263], [6.319361764135579, 49.12820881974828], [6.3202677640496185, 49.11123479526969], [6.311094190121366, 49.091510835997894], [6.296283870127952, 49.07450806159138], [6.2963824413092775, 49.07263504150823], [6.298255796668542, 49.07134322259113], [6.295297990676688, 49.06068462687763], [6.290861281688876, 49.056808248117], [6.285980834747051, 49.04760055984281], [6.279572366856711, 49.04349694768711], [6.277945439450747, 49.0370985380806], [6.274593264914557, 49.03205673950267], [6.2689734502938, 49.02694972971809], [6.265719846938936, 49.02656189905824], [6.255170383604764, 49.02138976188599], [6.24597225070022, 49.01976023609002]]}}, {"id": "39", "type": "Feature", "properties": {"id": 684941181, "name": "Central Europe Pipeline System", "name_en": null, "descriptio": null, "wikidata": "Q872940", "ref": "CEPS", "type": null, "substance": "fuel", "location": "underground", "diameter": null, "pressure": null, "capacity": null, "operator": "Belgian Pipeline Organisation", "wd_operato": null, "constructi": 0, "start_date": null}, "geometry": {"type": "LineString", "coordinates": [[6.266954166000289, 49.59316086777212], [6.264508661930363, 49.59446651682946], [6.263598471064768, 49.59498753593073], [6.261602320823982, 49.59612227798236], [6.259816472533829, 49.59715492845333], [6.2596921689097655, 49.59723363452413], [6.258138164061421, 49.59759455927478], [6.255993067401248, 49.59767033167947], [6.2541925507805445, 49.59912014947138], [6.252651789339183, 49.60062403053878], [6.250792264120151, 49.602262273514064], [6.250437961073004, 49.60277943693986], [6.2486147294947045, 49.604093719357465], [6.24734763719195, 49.60490718306045], [6.246139218211426, 49.60583204225662], [6.246074426099909, 49.60594955653911], [6.244501226693274, 49.607062254185365], [6.241744586377563, 49.60824971840798], [6.238731795100875, 49.60962988258456], [6.234129962620557, 49.611696273173926], [6.23362445004014, 49.612131293948615], [6.230372942161068, 49.61540199638592], [6.23031485557209, 49.61547215291549], [6.225466092224281, 49.62051126928441], [6.225321839670642, 49.6210215595496], [6.225266183833582, 49.62149815456405], [6.224284830610031, 49.62203954169003], [6.223752747396559, 49.62251798072317], [6.223445131550108, 49.62301092044882], [6.222941546807449, 49.62304503479472], [6.222470567668125, 49.62604843833985], [6.223929018820314, 49.62924881660954], [6.224483146439127, 49.63090382339117], [6.224101183111486, 49.631901688963964], [6.2236204809644855, 49.63287558229372], [6.222351041728872, 49.63464751662458]]}}, {"id": "40", "type": "Feature", "properties": {"id": 697498754, "name": null, "name_en": null, "descriptio": null, "wikidata": null, "ref": null, "type": null, "substance": null, "location": null, "diameter": null, "pressure": null, "capacity": null, "operator": null, "wd_operato": null, "constructi": 0, "start_date": null}, "geometry": {"type": "LineString", "coordinates": [[5.902415473976476, 49.52358034259589], [5.90213652423884, 49.52336794516945], [5.900991220989226, 49.5232513528963], [5.900045071758996, 49.522997548868226], [5.899825549714875, 49.522929990728656], [5.8988266783136964, 49.52263846813626], [5.898436584540008, 49.52259488223979], [5.897021551646247, 49.522483486746594]]}}, {"id": "41", "type": "Feature", "properties": {"id": 699854963, "name": null, "name_en": null, "descriptio": null, "wikidata": null, "ref": null, "type": null, "substance": "gas", "location": "underground", "diameter": null, "pressure": null, "capacity": null, "operator": null, "wd_operato": null, "constructi": 0, "start_date": null}, "geometry": {"type": "LineString", "coordinates": [[6.119346420362774, 49.509163469137455], [6.1219945988514155, 49.50801238237463]]}}, {"id": "42", "type": "Feature", "properties": {"id": 717425742, "name": "Canalisation RODANGE-HERSERANGE", "name_en": null, "descriptio": null, "wikidata": null, "ref": null, "type": null, "substance": null, "location": "underground", "diameter": null, "pressure": null, "capacity": null, "operator": "AIR LIQUIDE", "wd_operato": null, "constructi": 0, "start_date": null}, "geometry": {"type": "LineString", "coordinates": [[5.8224969608831145, 49.53841195262337], [5.8224409697699, 49.53823995597024], [5.82233007719094, 49.538060834699436], [5.822134275932797, 49.537973830544495], [5.821780224342746, 49.537916330688724], [5.820951421756945, 49.537824129753794], [5.820337195892392, 49.53765523440485], [5.819685419101631, 49.537536965751094], [5.819261630077165, 49.537395060130365], [5.819220055837434, 49.537328088723974], [5.820816976030045, 49.534834975444085], [5.820846983243399, 49.53481393686708], [5.820887970749936, 49.534812931038715], [5.821148983214755, 49.53485098487913], [5.821269934077549, 49.53485299653589], [5.8219049470619675, 49.534544961594264], [5.822143579845316, 49.534460052915115], [5.822196134378204, 49.53442929133046], [5.821826157172125, 49.53406216397146], [5.821767819126052, 49.533994689650925], [5.821437572141007, 49.53361205577103], [5.821706128318681, 49.533508539266855], [5.822071998392204, 49.53335699445747], [5.822123966191897, 49.533343918688516], [5.822291939531482, 49.53332195810222], [5.822321946744864, 49.533304942838775], [5.822405933414643, 49.53299196257428], [5.8224769281345345, 49.53289791762066], [5.8229259466875485, 49.532415958188174], [5.822956959729283, 49.53232291906296], [5.823479990487299, 49.53180793493198], [5.823578980763784, 49.53165898851259], [5.823641928856602, 49.531539965487525], [5.823636983533732, 49.53151993273895], [5.823600941350094, 49.53149696632425], [5.823421987717352, 49.53145799047451], [5.823332971905643, 49.5314239599476], [5.823273963307287, 49.531344918600695], [5.823279998277571, 49.531309966064434], [5.823347975512319, 49.531208964131196], [5.823353926663572, 49.531174933604326], [5.823302964692289, 49.531152973018], [5.823036923085538, 49.53108591779262], [5.822892921989023, 49.53103495582132], [5.822216921498096, 49.53076095140659], [5.822093958978542, 49.530672941423276], [5.822050959815242, 49.53058199777382], [5.822023970087032, 49.53036599612902], [5.821981976752141, 49.53030296421717], [5.821833952342075, 49.530156951463894], [5.821499933500633, 49.529911948434126], [5.821438997064547, 49.529879929564], [5.821057955746284, 49.529781945115914], [5.819097931508196, 49.52847193746892], [5.819012939010008, 49.52823095775268], [5.816921989444353, 49.526814919030556], [5.816341375011518, 49.526455754479564], [5.816071896824496, 49.52631259157337], [5.815925045880875, 49.526235394245134], [5.8156419890107145, 49.52615333541307], [5.815214176672755, 49.52603003761738], [5.81489767600891, 49.52597119665712], [5.814281438487598, 49.525905147260104], [5.813817416327907, 49.52583893022504], [5.8134559886630655, 49.52575418918392], [5.813096572654984, 49.52564614645203], [5.812779317619857, 49.52550642012611], [5.811501999395262, 49.52481658949492]]}}, {"id": "43", "type": "Feature", "properties": {"id": 834730396, "name": null, "name_en": null, "descriptio": null, "wikidata": null, "ref": null, "type": null, "substance": null, "location": null, "diameter": null, "pressure": null, "capacity": null, "operator": null, "wd_operato": null, "constructi": 0, "start_date": null}, "geometry": {"type": "LineString", "coordinates": [[6.0815360742421944, 49.5010852423159], [6.081529368719657, 49.50067159539429]]}}, {"id": "44", "type": "Feature", "properties": {"id": 849114152, "name": null, "name_en": null, "descriptio": null, "wikidata": null, "ref": null, "type": null, "substance": "gas", "location": "underground", "diameter": null, "pressure": null, "capacity": null, "operator": "Creos", "wd_operato": "Q21036415", "constructi": 0, "start_date": null}, "geometry": {"type": "LineString", "coordinates": [[6.1193746, 49.7244596], [6.1199553, 49.72476959999999], [6.1200697, 49.7250189], [6.1198866, 49.7259994], [6.119606400000001, 49.72728669999999], [6.119430799999999, 49.72909549999998], [6.117878400000001, 49.732224900000006], [6.115962200000001, 49.7346606], [6.1130569999999995, 49.73765269999999], [6.110649200000001, 49.7413943], [6.110531, 49.74236070000001], [6.1109451, 49.74288799999997], [6.1101433, 49.74683329999999], [6.110072199999999, 49.74896169999998], [6.110339800000001, 49.74906309999999], [6.1109078, 49.74912230000002], [6.111941260366081, 49.74963943299525], [6.1127283210740595, 49.74993363779665], [6.113408093421441, 49.75054157723382], [6.114741486578282, 49.751409020393226], [6.115979577496034, 49.752275625362365], [6.116352488368221, 49.75283763197016], [6.116733529686486, 49.754066838070536], [6.116690362885152, 49.754217628508606], [6.11653429184807, 49.75564716209488], [6.116329773410627, 49.75597673852764], [6.115514633326995, 49.756608817845965], [6.113964316516018, 49.75728439924178], [6.111829697234839, 49.758429283396225], [6.110488928003179, 49.75893856783302], [6.109919042406431, 49.75916554977098], [6.109470023853419, 49.75937677373095], [6.109040451315764, 49.75983031851168], [6.107712757853079, 49.759882286311345], [6.106196471569006, 49.76099012245379], [6.10520262930973, 49.762756776185675], [6.105123168867634, 49.762845624359336], [6.10465939816504, 49.76352983911535], [6.104099654671131, 49.764352774368945], [6.1035596924686795, 49.76478712459141], [6.10337193783758, 49.766332579898524], [6.102653022002414, 49.76921872061827], [6.102638772766993, 49.76986379188651], [6.101787171404567, 49.770378692198435], [6.102047345679097, 49.77120523167039], [6.102158573534183, 49.77172708896196], [6.102141725908808, 49.77204551746352], [6.101809299628968, 49.7727138904226], [6.101758756752815, 49.773345969740895], [6.101988588537836, 49.77432556276481], [6.1019231258740385, 49.77472722356487], [6.101768144484367, 49.77503618051583], [6.101461785923391, 49.775430549060175], [6.101396323259593, 49.77577077050998], [6.101323568340064, 49.776225572576195], [6.101129275824491, 49.77695655835192], [6.100789222012737, 49.777796173592805], [6.1006790838050335, 49.77829062206103], [6.10041002471317, 49.77908807632895], [6.100073826576875, 49.78017965157924], [6.09989126872577, 49.7808850725503], [6.098792736495853, 49.783356644339094], [6.09793199885894, 49.785161771006564], [6.0977443280469, 49.78573174042235], [6.097700993607475, 49.78621193965517], [6.0976896780381935, 49.78674259794509], [6.0977422325711075, 49.78699103755513], [6.09926388327321, 49.78922565294118], [6.099438478316331, 49.79077571829506], [6.099707034494003, 49.791365133726224], [6.09959396262019, 49.793274950364314], [6.099545263762763, 49.79806294491414], [6.0989597878260895, 49.798095466698435], [6.099156343455519, 49.799755837898104]]}}, {"id": "45", "type": "Feature", "properties": {"id": 882794550, "name": "R\u00f6mischer Qanat", "name_en": null, "descriptio": null, "wikidata": null, "ref": null, "type": null, "substance": null, "location": "underground", "diameter": null, "pressure": null, "capacity": null, "operator": null, "wd_operato": null, "constructi": 0, "start_date": null}, "geometry": {"type": "LineString", "coordinates": [[6.148368676282047, 49.66645306731166], [6.148144628010215, 49.66652347529829], [6.147938181735043, 49.66658877032404], [6.146412675357453, 49.66683871867666]]}}, {"id": "46", "type": "Feature", "properties": {"id": 898561724, "name": null, "name_en": null, "descriptio": null, "wikidata": null, "ref": null, "type": null, "substance": null, "location": null, "diameter": null, "pressure": null, "capacity": null, "operator": null, "wd_operato": null, "constructi": 0, "start_date": null}, "geometry": {"type": "LineString", "coordinates": [[6.181601581260509, 49.62938678273578], [6.181186174139242, 49.6319841668912]]}}, {"id": "47", "type": "Feature", "properties": {"id": 955783848, "name": null, "name_en": null, "descriptio": null, "wikidata": null, "ref": null, "type": null, "substance": "gas", "location": "underground", "diameter": null, "pressure": null, "capacity": null, "operator": "Creos", "wd_operato": "Q21036415", "constructi": 0, "start_date": null}, "geometry": {"type": "LineString", "coordinates": [[5.838031728767817, 49.98229902068664], [5.838568170570909, 49.98210933821786], [5.839641054177123, 49.981736846440796], [5.842146237397627, 49.98086755926269], [5.842352767491833, 49.98076068999721], [5.842706819081883, 49.980641666972176], [5.844587047601749, 49.98032424429899], [5.8447024664084495, 49.980349641465615], [5.851858432423796, 49.98339084739402], [5.853722651508633, 49.98664864170048], [5.854731497374588, 49.98847296292622], [5.854968537596334, 49.98915189708328], [5.855179091004061, 49.989728655840665], [5.855590893906964, 49.990940092306296], [5.855334659126953, 49.991415932949465], [5.855683346298974, 49.99160829762729], [5.854310055283037, 49.99241522344581], [5.8542054491314275, 49.99253424647087], [5.854079385307699, 49.99272912571968], [5.854028423336388, 49.99289634468798], [5.854331680593219, 49.99330328608703], [5.854772233424029, 49.993883816700844], [5.854903242570629, 49.994065536361646], [5.8549551265512605, 49.994118929084856], [5.855032826793689, 49.994179278787726], [5.855908651856282, 49.99472938309299], [5.855975623262652, 49.99478629621555], [5.856045695973165, 49.994878580969484], [5.856473256854059, 49.99549222010082], [5.857050769982693, 49.99628338794136], [5.857513618675938, 49.996282717389114], [5.8586579999162325, 49.99789153988421], [5.859760220183546, 49.999419979927914], [5.859826688675697, 50.00053837726835], [5.860216279535223, 50.00105445104676], [5.860472430496202, 50.001394923953654], [5.860562284498229, 50.00152425671965], [5.860690946711941, 50.00169239769728], [5.860729922561688, 50.001785436822516], [5.86074467471127, 50.00191124918914], [5.8607902722645235, 50.002092298297704], [5.860841234235834, 50.00227242539691], [5.860944499282936, 50.002487924127514], [5.861087997465263, 50.00268967653686], [5.861236860065617, 50.002824960454085], [5.861609687118771, 50.00316467898973], [5.862834031715323, 50.004266228704765], [5.863252540140792, 50.004700662746274], [5.863446916475369, 50.0049471745186], [5.863610531225333, 50.0051764195704], [5.863697786837378, 50.00534539873836], [5.863731398269096, 50.00539627689065], [5.8638828592594345, 50.005422176971436], [5.863967348843431, 50.005485879435554], [5.864089389353636, 50.005672963514385], [5.864652653246879, 50.00674257817838], [5.864832361250933, 50.00703569333234], [5.865363438635995, 50.00778729858991], [5.865701396971957, 50.00825266185408], [5.865956123009397, 50.00847327354565], [5.866219063311945, 50.0086155982615], [5.86665492227698, 50.00884216110429], [5.866754164010558, 50.008886166095955], [5.867709030420087, 50.00928698870572], [5.867786898300552, 50.00931624154779], [5.867970545799095, 50.00937055628035], [5.86824547222318, 50.00944129954313], [5.868340690643237, 50.009481784135446], [5.868796666175882, 50.009704994216946], [5.869495381624432, 50.010016046643756], [5.871421123878548, 50.010770166472284], [5.872024620907041, 50.01099513675345], [5.8724860446767195, 50.011136455640944], [5.8730815788971995, 50.01123309898454], [5.873840560229581, 50.01136058773182], [5.874692832144262, 50.0115174969592], [5.874686126621725, 50.011563932702806], [5.874641199620697, 50.01186216081772], [5.875545020239912, 50.012217218236124], [5.876768191370019, 50.01262055541688], [5.877942998918826, 50.013003273115764], [5.882030685458488, 50.014444122271314], [5.881918032679834, 50.01467252913277], [5.881872435126552, 50.01477168704728], [5.881617625270081, 50.01518525014989], [5.881698091540557, 50.01566695812529], [5.883822317261804, 50.02862705681216], [5.884289021630508, 50.03155787307582], [5.885831375633472, 50.03155276011484], [5.886021728654555, 50.031547563334904], [5.887392421280509, 50.031523423453756], [5.887502391850148, 50.03414746206126], [5.888167579685984, 50.03615962173713], [5.889058073079155, 50.03847503866975], [5.890989263570333, 50.040059972740835], [5.892062147176545, 50.0409143401313], [5.89237328342233, 50.04134156573607], [5.89289899638939, 50.04207196477862], [5.893199319980083, 50.04239575769819], [5.894240017078119, 50.04327778536917], [5.893851180589905, 50.04355162214581], [5.893694271362477, 50.043668717333155], [5.893886049307099, 50.0444714522001], [5.894619633472842, 50.04550929945101], [5.89629467300304, 50.04755289126376], [5.900022943534623, 50.04898938182964], [5.901648362198017, 50.049578378165634], [5.90287673010809, 50.05019159820183], [5.903756578484233, 50.05068068225198], [5.906755288163566, 50.05216176454273], [5.9073024588027465, 50.05310204644074], [5.911400874178469, 50.05498269405579], [5.911803121711757, 50.05516868848721], [5.913959617760241, 50.05653946493222], [5.91421719364476, 50.05667726342039], [5.916649957221864, 50.058565454748255], [5.917387564701131, 50.05946944300555], [5.918176134151679, 50.06046647038802], [5.919227560085773, 50.06167782303468], [5.920933445019642, 50.062277045292525], [5.926456197201645, 50.06486839447768], [5.927051563784063, 50.0651584921465], [5.927589346691662, 50.0653254596577], [5.928491826206368, 50.06559326146413], [5.93054111771326, 50.06655399520585], [5.931774933860396, 50.06700846199594], [5.93190367989314, 50.06691542287073], [5.932198722884834, 50.06685691718656], [5.9323381977536656, 50.06665038709235], [5.932552774474886, 50.066412760137375], [5.933057029769827, 50.066085698275565], [5.933850963638406, 50.06661937405061], [5.936468799637567, 50.067097980721805], [5.93772407345682, 50.067345917417676], [5.944778283167665, 50.06617178042113], [5.9456821876058825, 50.066013362451145], [5.946683992673201, 50.06619759668293], [5.9544664221317305, 50.0676316564969], [5.956075747541035, 50.06805175748395], [5.959318538240808, 50.06885759365505], [5.963811238341805, 50.069918072044565], [5.968467553192767, 50.07016592492141], [5.970248539979083, 50.07045174781961], [5.97056235843388, 50.07108952683208], [5.970631173858948, 50.07127694618705], [5.972285258631216, 50.07169771772634], [5.97411695593172, 50.0713657943607], [5.97567666047425, 50.07130779159071], [5.9782647407171225, 50.071092963412376], [5.980239684742884, 50.07093169559532], [5.980554676664127, 50.07093395870918], [5.982285288212381, 50.07139504720276], [5.982962126893625, 50.07112749685346], [5.982927341995463, 50.07078568284204], [5.982904627037868, 50.06978446450794], [5.983010490474953, 50.069267217263125], [5.983321626720737, 50.06894359198158], [5.983568389950165, 50.068619966700076], [5.983740051327175, 50.06838577632539], [5.984126289425404, 50.06812409330835], [5.984619732065226, 50.06791069005354], [5.985204537449647, 50.06755596791126], [5.985343928499417, 50.0672598352721], [5.985435123605952, 50.06691542287073], [5.985806441916537, 50.066466069041574], [5.9858697252854824, 50.06620958280449], [5.9858214455232135, 50.06610623393835]]}}, {"id": "48", "type": "Feature", "properties": {"id": 956138081, "name": null, "name_en": null, "descriptio": null, "wikidata": null, "ref": null, "type": null, "substance": "gas", "location": "underground", "diameter": null, "pressure": null, "capacity": null, "operator": "Fluxys", "wd_operato": "Q1336773", "constructi": 0, "start_date": null}, "geometry": {"type": "LineString", "coordinates": [[5.837362852894557, 49.98253907839356], [5.837198399954304, 49.982620718130455], [5.83660957125636, 49.982854154133854], [5.835303670741923, 49.983193453574316], [5.833400140531211, 49.98415678570605], [5.83281684388939, 49.98444587754652], [5.832614588565803, 49.98452818783568], [5.831503651119191, 49.985115088695856], [5.831102493233288, 49.98522681946514], [5.826293963020703, 49.98794523830241], [5.825870425453361, 49.988353939901145], [5.822002680052975, 49.989621786575185], [5.821672097791804, 49.98973293061127], [5.819340755243132, 49.99065854417871], [5.818644219089407, 49.99248613434668], [5.818027730110998, 49.99436845834234], [5.818040722060914, 49.994617233228524], [5.816460230398519, 49.99999422411434], [5.816442376944765, 50.00026395375844], [5.8161865612599115, 50.00117129477701], [5.815941139134993, 50.002283992423266], [5.81550921966445, 50.004605192869114], [5.815106720674067, 50.00523576344485], [5.815068331557512, 50.005395773976474], [5.812593826102641, 50.01156954857793], [5.812575134458569, 50.01169653441099], [5.809952017860412, 50.02341376449532], [5.80985411723134, 50.02360529098285], [5.808285024957258, 50.02682402562048], [5.808347889231072, 50.026914717812836], [5.808252335534889, 50.02854944038879], [5.808247474031049, 50.028700566103], [5.807857296438329, 50.03106158058888], [5.807631990881021, 50.031235672717806], [5.806776100000001, 50.031621799999996], [5.8064063, 50.031738200000014], [5.796225477947331, 50.03545495513732], [5.7959462767526295, 50.03555143084286], [5.793982099999999, 50.036114999999995], [5.7931982, 50.03739960000002], [5.793076061648918, 50.037639446742375], [5.792678256524311, 50.03886664118601], [5.7926673600501895, 50.03916377965352]]}}, {"id": "49", "type": "Feature", "properties": {"id": 975109933, "name": null, "name_en": null, "descriptio": null, "wikidata": null, "ref": null, "type": null, "substance": "gas", "location": "surface", "diameter": "500mm", "pressure": null, "capacity": null, "operator": null, "wd_operato": null, "constructi": 0, "start_date": null}, "geometry": {"type": "LineString", "coordinates": [[6.132808175954608, 49.641093954536295], [6.132967767391023, 49.641147598716614], [6.133062650534954, 49.64117944994866], [6.133332128721975, 49.64126938776974], [6.133393987167381, 49.64129009107058]]}}, {"id": "50", "type": "Feature", "properties": {"id": 975109934, "name": null, "name_en": null, "descriptio": null, "wikidata": null, "ref": null, "type": null, "substance": "gas", "location": "underground", "diameter": "500mm", "pressure": null, "capacity": null, "operator": null, "wd_operato": null, "constructi": 0, "start_date": null}, "geometry": {"type": "LineString", "coordinates": [[6.132808175954608, 49.641093954536295], [6.132794345814347, 49.64108926067052], [6.132779593664765, 49.641084147709584]]}}, {"id": "51", "type": "Feature", "properties": {"id": 985199392, "name": null, "name_en": null, "descriptio": null, "wikidata": null, "ref": null, "type": null, "substance": "rainwater", "location": "underground", "diameter": null, "pressure": null, "capacity": null, "operator": null, "wd_operato": null, "constructi": 0, "start_date": null}, "geometry": {"type": "LineString", "coordinates": [[6.100034000000001, 49.62730149999999], [6.100108360017941, 49.627304298892334], [6.1001767563478495, 49.627287283628895]]}}, {"id": "52", "type": "Feature", "properties": {"id": 1193221424, "name": null, "name_en": null, "descriptio": null, "wikidata": null, "ref": null, "type": null, "substance": null, "location": null, "diameter": null, "pressure": null, "capacity": null, "operator": null, "wd_operato": null, "constructi": 0, "start_date": null}, "geometry": {"type": "LineString", "coordinates": [[5.841926128620287, 49.55213363103258], [5.842360897937908, 49.552186353203524], [5.84266457428987, 49.55227427936783]]}}, {"id": "53", "type": "Feature", "properties": {"id": 1193221425, "name": null, "name_en": null, "descriptio": null, "wikidata": null, "ref": null, "type": null, "substance": null, "location": null, "diameter": null, "pressure": null, "capacity": null, "operator": null, "wd_operato": null, "constructi": 0, "start_date": null}, "geometry": {"type": "LineString", "coordinates": [[5.84407809844106, 49.5526967272878], [5.844015737081436, 49.55238475285167], [5.8428731998598655, 49.55230252638153], [5.842286382818685, 49.55213413394678], [5.842000727558542, 49.55188577815574], [5.841812972927443, 49.55147204741512], [5.8416392998937, 49.55131849094896], [5.841601078415208, 49.551279766556306], [5.841309388184784, 49.55113224506046], [5.840594579482143, 49.550952620875435], [5.8399126278399365, 49.55092454149982], [5.839771141314373, 49.55106468692088], [5.839752365851268, 49.55125286064714]]}}, {"id": "54", "type": "Feature", "properties": {"id": 1396045573, "name": null, "name_en": null, "descriptio": null, "wikidata": null, "ref": null, "type": null, "substance": "water", "location": "underground", "diameter": null, "pressure": null, "capacity": null, "operator": null, "wd_operato": null, "constructi": 0, "start_date": null}, "geometry": {"type": "LineString", "coordinates": [[5.9924519, 49.672988199999985], [5.978504400000001, 49.6648155], [5.974706399999999, 49.66263489999999], [5.974073400000001, 49.66217649999998], [5.971530699999999, 49.65967639999999], [5.956048999999999, 49.65147359999999], [5.953635, 49.64895899999999], [5.9375095, 49.642310599999995], [5.9344411, 49.64024719999999], [5.9339476, 49.635689199999995], [5.930042300000001, 49.6315755], [5.9288514, 49.630220399999985], [5.9259868, 49.626008999999996], [5.924323800000001, 49.624194999999986], [5.9237337, 49.62230459999999], [5.923540599999999, 49.62171380000001], [5.921909800000001, 49.620712900000015], [5.9180152, 49.61524940000002]]}}, {"id": "55", "type": "Feature", "properties": {"id": 1396045574, "name": null, "name_en": null, "descriptio": null, "wikidata": null, "ref": null, "type": null, "substance": "water", "location": "underground", "diameter": null, "pressure": null, "capacity": null, "operator": null, "wd_operato": null, "constructi": 0, "start_date": null}, "geometry": {"type": "LineString", "coordinates": [[5.9924519, 49.672988199999985], [6.016806399999999, 49.66603760000002], [6.0467505, 49.66012779999999], [6.048789, 49.6596417], [6.0544324, 49.656905199999954], [6.062725799999999, 49.65405749999998], [6.0654938, 49.653355999999995], [6.0675645000000005, 49.65301560000002], [6.0691845, 49.652890600000006], [6.069871200000001, 49.652716899999994], [6.077081, 49.650181599999996], [6.079076499999999, 49.6493133], [6.0801206, 49.64860319999997], [6.083858900000001, 49.646440799999986]]}}, {"id": "56", "type": "Feature", "properties": {"id": 1396045575, "name": null, "name_en": null, "descriptio": null, "wikidata": null, "ref": null, "type": null, "substance": "water", "location": "underground", "diameter": null, "pressure": null, "capacity": null, "operator": null, "wd_operato": null, "constructi": 0, "start_date": null}, "geometry": {"type": "LineString", "coordinates": [[5.9228405, 49.908235999999974], [5.923422600000001, 49.9077178], [5.923470899999999, 49.907595099999995], [5.9231892, 49.9071615], [5.9235191, 49.9067176], [5.9256354, 49.90534600000002], [5.9244686, 49.90189779999999], [5.9262872, 49.898013999999975], [5.9240985, 49.894019300000004], [5.9231114, 49.892080499999985], [5.923004099999999, 49.888558799999984], [5.9229881, 49.88724369999999], [5.9347898, 49.87846579999999], [5.931018599999999, 49.8746527], [5.930321199999999, 49.8731937], [5.926699500000001, 49.8621372], [5.924849499999999, 49.856748199999984], [5.9272152, 49.85407129999997], [5.932424100000001, 49.84825], [5.9359968, 49.84421309999999], [5.9443009, 49.83502769999999], [5.946511000000001, 49.83257099999999], [5.9469831, 49.83189279999998], [5.94935, 49.82706819999998], [5.951124400000001, 49.8235945], [5.9533989, 49.819275199999986], [5.9561241, 49.812657099999996], [5.9584093000000005, 49.8060104], [5.9589699, 49.804075], [5.9584093000000005, 49.79568540000001], [5.958323499999999, 49.793649200000004], [5.962175099999999, 49.78427750000001], [5.965147, 49.77703799999999], [5.964449599999999, 49.7723057], [5.968301300000001, 49.757829], [5.9727967, 49.746725899999994], [5.9748888, 49.7414481], [5.9734243, 49.73881690000001], [5.973569099999999, 49.738224], [5.975478900000001, 49.73232989999998], [5.9765518, 49.7252005], [5.9706187, 49.721621599999985], [5.9699857, 49.7211499], [5.969459999999999, 49.7189857], [5.9729254, 49.70543670000001], [5.9734404, 49.7033412], [5.976873600000001, 49.69754], [5.979126700000001, 49.69312619999999], [5.981551400000001, 49.68685870000001], [5.981926900000001, 49.68527610000001], [5.9924519, 49.672988199999985]]}}, {"id": "57", "type": "Feature", "properties": {"id": 1470845214, "name": null, "name_en": null, "descriptio": null, "wikidata": null, "ref": null, "type": null, "substance": "gas", "location": "underground", "diameter": null, "pressure": null, "capacity": null, "operator": "Creos", "wd_operato": "Q21036415", "constructi": 0, "start_date": null}, "geometry": {"type": "LineString", "coordinates": [[5.842107093909817, 49.98087191785233], [5.842640434408737, 49.98062481934678], [5.844600877741982, 49.98028677719179], [5.845254582370501, 49.97959233651388], [5.846273570339292, 49.9771999737101], [5.847818271275145, 49.97581679204838], [5.849423741008991, 49.97564504685239], [5.851157453861418, 49.974376445807046], [5.851505219024062, 49.97419413941303], [5.851601359453468, 49.97414217161337], [5.852433766257633, 49.97368695045201], [5.852558069881695, 49.97214627282969], [5.852720678803281, 49.97144764120016], [5.852727132868722, 49.97021969238525], [5.852769461479738, 49.969267843460884], [5.8529417934089745, 49.968611037528206], [5.853445964884884, 49.96791223826062], [5.854272085261641, 49.9672679213637], [5.854919252005686, 49.96683692390248], [5.856994359774348, 49.96586722152435], [5.8575736331026755, 49.965591121633814], [5.858219542561216, 49.965152245183624], [5.85845348147879, 49.96497287245572], [5.859332743121683, 49.96529088186213], [5.860105135499139, 49.96560277247923], [5.861802889986933, 49.964245323260236], [5.8616113634994065, 49.96344594115463], [5.861286229475326, 49.96273783797451], [5.86119939295844, 49.96251705864492], [5.861116328297982, 49.96145607734122], [5.86158806180859, 49.960613947529346], [5.862577796935312, 49.95933218689608], [5.863147179617897, 49.95864244008393], [5.866401453525015, 49.957232436332056], [5.867640885547274, 49.95678576471198], [5.8680424625283365, 49.95671124959274], [5.868380588502333, 49.95636625045812], [5.868567337305053, 49.95583869347239], [5.868690635100734, 49.95509479956575], [5.868769089714447, 49.95459959672624], [5.868800857127469, 49.95442173274091], [5.868915856839011, 49.954161977561554], [5.870381348789863, 49.95278684252692], [5.871602340625145, 49.951633995564436], [5.873059366853796, 49.95019532570373], [5.874417570444024, 49.9488891737322], [5.875348883705641, 49.948160199613206], [5.876498964640091, 49.94744488799635], [5.87703322714836, 49.947199130595315], [5.876775735082874, 49.94694784113818], [5.877440922918709, 49.94656537489639], [5.877775779950497, 49.94622012430466], [5.877964540409976, 49.946111075744355], [5.878187666672461, 49.946073776275234], [5.879108251097989, 49.94608618149195], [5.880898374158761, 49.94518747383367], [5.885342375402332, 49.941823899909195], [5.8881164500766365, 49.93968534113348], [5.890706122881113, 49.93778994136885], [5.891358570224155, 49.93739766830034], [5.892564474633729, 49.93653315880702], [5.892744685551946, 49.93606637061931], [5.8926760377649705, 49.935466980723355], [5.894272455043392, 49.93391171858949], [5.894655088923258, 49.933268575159005], [5.895289598993485, 49.93273221717492], [5.896466753475182, 49.9313108978538], [5.89865174799445, 49.93048611858154], [5.899083080731771, 49.92989444003651], [5.899505780108797, 49.929202346291454], [5.899887743436437, 49.92855459281422], [5.9001559643379835, 49.92765663952722], [5.902168626927988, 49.9263374956058], [5.902649496713053, 49.92408343420437], [5.902950658494092, 49.92266295307354], [5.903125756451374, 49.92235709742675], [5.903570332595706, 49.92207621985143], [5.905001542562587, 49.92207621985143], [5.919020862353506, 49.920849528321995], [5.920372276602166, 49.92072564379305], [5.921209796367265, 49.92062195965081], [5.9219480743987845, 49.92032465354524], [5.922309082968468, 49.92016967215556], [5.922753072379578, 49.92014033549445], [5.923185578583343, 49.92001997136488], [5.925535445138024, 49.91973574102827], [5.9288283596187625, 49.919070385554356], [5.929943823293115, 49.918836949550986], [5.932197633237422, 49.91822255604834], [5.933763456569267, 49.91753716782587], [5.936821258666016, 49.916804254212344], [5.9387447378062745, 49.91651817985706], [5.939022765534531, 49.916417680838], [5.939632968085562, 49.916168319218585], [5.939877887296291, 49.91598609664359], [5.941109524148601, 49.91482998073887], [5.9418293, 49.914550599999956], [5.9424822, 49.914403499999985], [5.942766899999999, 49.91419400000001], [5.943075, 49.9138393], [5.9443814, 49.91315359999997], [5.945392199999999, 49.912785799999995], [5.9457849000000005, 49.912555], [5.946141100000001, 49.912217899999995], [5.9464522, 49.91152979999998], [5.9470423, 49.91158229999999], [5.948117299999999, 49.91153249999999], [5.9485465, 49.910659100000004], [5.9486399, 49.91046059999999], [5.9498298, 49.91035230000001], [5.9500091, 49.90968589999999], [5.950287499999999, 49.9091854], [5.9511374, 49.9085646], [5.952459999999999, 49.90795349999998], [5.9530559, 49.90746859999999], [5.9534575, 49.90749030000002], [5.953564, 49.907046400000006], [5.953535899999999, 49.90651219999999], [5.953541599999999, 49.90592029999999], [5.9538759, 49.90540419999998], [5.954379300000001, 49.90518500000002], [5.9551061, 49.90497679999999], [5.9557469, 49.90471489999998], [5.956490100000001, 49.90393019999998], [5.9581358, 49.9029052], [5.957929699999999, 49.90109619999997], [5.958359800000001, 49.90047239999999], [5.958499300000001, 49.9004142], [5.9588233, 49.900265700000006], [5.9589402, 49.9001822], [5.959296400000001, 49.89962389999998], [5.959766300000001, 49.89880690000001], [5.9594133, 49.8981224], [5.9588866, 49.89733069999999], [5.9582664, 49.89688069999998], [5.958072100000001, 49.89664719999998], [5.9582365, 49.8964763], [5.958822999999999, 49.89604699999999], [5.9590276, 49.89572449999999], [5.9590733, 49.89564330000001], [5.959132299999999, 49.89532199999999], [5.959114, 49.89512389999998], [5.9590108, 49.89478049999998], [5.9587964, 49.8943542], [5.9584414, 49.893607899999985], [5.9582664, 49.89315219999999], [5.958072900000001, 49.89251309999999], [5.9580064, 49.89197559999998], [5.957962, 49.89133480000001], [5.9579645, 49.89116649999999], [5.9580241, 49.890497599999996], [5.9581765, 49.8897842], [5.9583031, 49.889438600000005], [5.9587542, 49.8883707], [5.959199000000001, 49.887725200000006], [5.9598659, 49.88739059999999], [5.9602835999999995, 49.88733439999998], [5.9603931, 49.88695189999998], [5.9617791, 49.8856794]]}}, {"id": "58", "type": "Feature", "properties": {"id": 1470849081, "name": null, "name_en": null, "descriptio": null, "wikidata": null, "ref": null, "type": null, "substance": "gas", "location": "underground", "diameter": null, "pressure": null, "capacity": null, "operator": "Creos", "wd_operato": "Q21036415", "constructi": 0, "start_date": null}, "geometry": {"type": "LineString", "coordinates": [[5.851505219024062, 49.97419413941303], [5.850378355961425, 49.973682424224315], [5.849993291329639, 49.973644118926785], [5.848229152168699, 49.973358296028586], [5.847134894709399, 49.97321555221753], [5.845554822142162, 49.97322502376812], [5.8447882970969545, 49.973201219163094], [5.844279264117233, 49.973163332960745], [5.843527994135769, 49.972984463147036], [5.842870936746011, 49.97282394970127], [5.842358131909862, 49.972697299144315], [5.841898971254011, 49.97244885953424], [5.840836816483859, 49.971923062748154], [5.839420693942686, 49.97116533870131], [5.839000090041452, 49.970886640420765]]}}, {"id": "59", "type": "Feature", "properties": {"id": 1471435271, "name": null, "name_en": null, "descriptio": null, "wikidata": null, "ref": null, "type": null, "substance": "gas", "location": "underground", "diameter": null, "pressure": null, "capacity": null, "operator": "Creos", "wd_operato": "Q21036415", "constructi": 0, "start_date": null}, "geometry": {"type": "LineString", "coordinates": [[5.961767897986192, 49.88566573537987], [5.9619363742399685, 49.88553983919421], [5.9665401345580165, 49.88482813179572], [5.973776483024807, 49.88425573162801], [5.977396459367384, 49.88230777733049], [5.978424248334533, 49.8809758929162], [5.979709780824238, 49.88095032811153], [5.980437330019698, 49.881123665869154], [5.9819917539632295, 49.88111637361341], [5.987295235558207, 49.88126213490959], [5.9900442483420315, 49.880551181882396], [5.99020945565357, 49.8806341627238], [5.992044086620211, 49.879133299141586], [5.993450653791741, 49.87797869197941], [5.994052725896693, 49.877478040902844], [5.995018237323251, 49.876678826435295], [5.996082822845324, 49.87576477989421], [5.996773659304893, 49.875082325337814], [5.997269867972761, 49.87445007838143], [5.998100263120165, 49.873060275016265], [5.998533775152281, 49.87224572166584], [5.998853460939331, 49.87180734812984], [5.998598818720921, 49.87150803036756], [5.9994340753721636, 49.869720589515794], [6.001559139283729, 49.86780255861258], [6.006132221836168, 49.86475632354225], [6.008891879637019, 49.863158816616384], [6.009965182338391, 49.86258029765938], [6.010442531724124, 49.86258574589642], [6.014759295677521, 49.86147648483042], [6.01484236033798, 49.86144454977934], [6.016263931116185, 49.86102595753486], [6.020056490845121, 49.8602408246646], [6.020118097833432, 49.860222133020535], [6.039291533704784, 49.85206545158528], [6.039613231148594, 49.851867554851374], [6.04352355661709, 49.85038898713156], [6.044495019194898, 49.84968934967366], [6.045866885287325, 49.84848252325473], [6.048252374930514, 49.846328374139134], [6.048708182825067, 49.84569176859314], [6.049173797546359, 49.84538549385115], [6.049711077539797, 49.844964219397646], [6.050100584580264, 49.844171039900345], [6.051980477824003, 49.84229458323687], [6.053984339415707, 49.84182729213495], [6.055863729745282, 49.841172749316144], [6.061956870438223, 49.835478419576184], [6.063987889396202, 49.83563742427937], [6.064689789967957, 49.8351472505818], [6.065241319196757, 49.8342653905489], [6.0669651, 49.8315994], [6.0684738, 49.8317023], [6.070771, 49.831999599999996], [6.073388699999999, 49.832209399999996], [6.075501, 49.83245749999998], [6.0766275, 49.83257509999997], [6.0774705, 49.83280560000001], [6.0789918, 49.83292979999999], [6.0799353, 49.8329009], [6.084702299999999, 49.83320299999999], [6.0862897, 49.833568699999994], [6.088472600000001, 49.83501199999999], [6.089330899999999, 49.83491100000001], [6.0902342, 49.83454840000001], [6.0910792, 49.83442369999999], [6.0914337, 49.83443899999999]]}}, {"id": "60", "type": "Feature", "properties": {"id": 1471587948, "name": null, "name_en": null, "descriptio": null, "wikidata": null, "ref": null, "type": null, "substance": "gas", "location": "underground", "diameter": null, "pressure": null, "capacity": null, "operator": "Creos", "wd_operato": "Q21036415", "constructi": 0, "start_date": null}, "geometry": {"type": "LineString", "coordinates": [[6.088752199999999, 49.8100698], [6.089241800000001, 49.812531000000014], [6.089331299999999, 49.81291680000002], [6.0893412, 49.813281299999986], [6.0893638, 49.81343290000001], [6.0894134, 49.813536099999986], [6.089583300000001, 49.81382759999998], [6.0897447, 49.81414269999998], [6.0899627, 49.814645999999996], [6.0902125, 49.815360199999965], [6.0903158, 49.8157247], [6.090495599999999, 49.81602340000001], [6.090836799999999, 49.81653129999999], [6.0909911, 49.816774299999985], [6.091207700000001, 49.81695969999997], [6.0914838, 49.81712659999997], [6.091874, 49.817328999999994], [6.092133099999999, 49.81742580000001], [6.093029199999999, 49.817821300000006], [6.0931481, 49.817991199999994], [6.0930009, 49.81861689999998], [6.092929, 49.818958099999996], [6.0920287, 49.82046579999999], [6.090897300000001, 49.82242020000003], [6.090803022571806, 49.82283633029569], [6.090405636542357, 49.825642340021076], [6.090577549376433, 49.82603519982285], [6.091444238164599, 49.8270064947626], [6.091601985582316, 49.82733649029051], [6.092144462355692, 49.82854096977655], [6.092812667676697, 49.830286920207605], [6.092931523063697, 49.83112712218172], [6.093039146700447, 49.831247653949355], [6.092163992190109, 49.834304031122535], [6.091470641159588, 49.8344299273082]]}}, {"id": "61", "type": "Feature", "properties": {"id": 1471587950, "name": null, "name_en": null, "descriptio": null, "wikidata": null, "ref": null, "type": null, "substance": "gas", "location": "underground", "diameter": null, "pressure": null, "capacity": null, "operator": "Creos", "wd_operato": "Q21036415", "constructi": 0, "start_date": null}, "geometry": {"type": "LineString", "coordinates": [[6.091481, 49.83444459999998], [6.0923174, 49.834669200000015], [6.0927058, 49.834768199999964], [6.0935991, 49.835033], [6.0948973, 49.83503029999999], [6.0956604, 49.83501109999999], [6.096123300000001, 49.83497189999999], [6.096471900000001, 49.8361022], [6.0964364, 49.83646009999999], [6.096651200000001, 49.836476900000015]]}}, {"id": "62", "type": "Feature", "properties": {"id": 1471608815, "name": null, "name_en": null, "descriptio": null, "wikidata": null, "ref": null, "type": null, "substance": "gas", "location": "underground", "diameter": null, "pressure": null, "capacity": null, "operator": "Creos", "wd_operato": "Q21036415", "constructi": 0, "start_date": null}, "geometry": {"type": "LineString", "coordinates": [[6.0967129348613875, 49.83644778667819], [6.096611178556856, 49.83596775508346], [6.097062795499852, 49.83589114448844], [6.097531427706286, 49.835924085367935], [6.0975019, 49.8363083], [6.097368599999999, 49.836571499999955], [6.097298600000001, 49.8367415], [6.0977572, 49.83742839999998], [6.0983216, 49.8381398], [6.0991157, 49.83785829999998], [6.0995516, 49.83837149999998]]}}, {"id": "63", "type": "Feature", "properties": {"id": 1471637627, "name": null, "name_en": null, "descriptio": null, "wikidata": null, "ref": null, "type": null, "substance": "gas", "location": "underground", "diameter": null, "pressure": null, "capacity": null, "operator": "Creos", "wd_operato": "Q21036415", "constructi": 0, "start_date": null}, "geometry": {"type": "LineString", "coordinates": [[6.0958056, 49.8053269], [6.096646200000001, 49.80543660000001], [6.098088300000001, 49.805634300000015], [6.0981255999999995, 49.80584039999998], [6.0990615, 49.8055969], [6.0993006, 49.80556559999999]]}}, {"id": "64", "type": "Feature", "properties": {"id": 1471637628, "name": null, "name_en": null, "descriptio": null, "wikidata": null, "ref": null, "type": null, "substance": "gas", "location": "underground", "diameter": null, "pressure": null, "capacity": null, "operator": "Creos", "wd_operato": "Q21036415", "constructi": 0, "start_date": null}, "geometry": {"type": "LineString", "coordinates": [[6.093100700000001, 49.80534740000001], [6.0934949, 49.80536419999996], [6.094006700000001, 49.80528589999999], [6.0946119, 49.8053244], [6.0955403, 49.805302699999984], [6.095678599999999, 49.805189399999996], [6.096082100000001, 49.8048892], [6.0964893, 49.80470120000001], [6.0972963, 49.8044649], [6.0978268, 49.80425149999998], [6.0981817, 49.804012799999995], [6.0984656, 49.803766800000005], [6.098725300000001, 49.803365299999996], [6.098992399999999, 49.802879499999996], [6.0991885, 49.80227180000002], [6.0992763, 49.80163759999997], [6.0992446, 49.8009191], [6.0991488, 49.8000939], [6.099137699999999, 49.799961], [6.0991131, 49.799844099999994]]}}, {"id": "65", "type": "Feature", "properties": {"id": 1471637629, "name": null, "name_en": null, "descriptio": null, "wikidata": null, "ref": null, "type": null, "substance": "gas", "location": "underground", "diameter": null, "pressure": null, "capacity": null, "operator": "Creos", "wd_operato": "Q21036415", "constructi": 0, "start_date": null}, "geometry": {"type": "LineString", "coordinates": [[6.099108566607414, 49.799751898403606], [6.098828862498522, 49.7976273374062], [6.098798520009041, 49.796840695793385], [6.098782594392986, 49.796533918137214], [6.0987438, 49.7954843], [6.098603299999999, 49.793953499999965], [6.098558499999999, 49.793718600000005], [6.098439, 49.792463699999985], [6.0982975, 49.79188309999999], [6.0979507, 49.791096599999996], [6.0975283, 49.79026149999997], [6.0971673, 49.78955809999998], [6.096661600000001, 49.78896009999999], [6.096270900000001, 49.7884281], [6.095736999999999, 49.78781059999998], [6.094923399999999, 49.78697759999999], [6.0946616, 49.78675659999998], [6.0930286, 49.78654639999996], [6.0920214, 49.7864159], [6.0908013, 49.78619309999999], [6.0891398, 49.78578709999998], [6.086641600000001, 49.785214499999995], [6.0836687, 49.784519100000004], [6.082981200000001, 49.784418000000024], [6.082411500000001, 49.78443419999998], [6.082144799999999, 49.78453289999999], [6.0817838, 49.78445099999999], [6.0815919, 49.78419899999999], [6.081445499999999, 49.78418740000001], [6.080655499999999, 49.78433629999999], [6.0799118, 49.784495699999994], [6.079456, 49.78469409999998], [6.0781634, 49.785254899999984], [6.0775488, 49.78552210000001], [6.0772257000000005, 49.78564990000001], [6.0766596, 49.785724699999996], [6.074769900000001, 49.78653829999997], [6.0741609, 49.786745799999984], [6.0736173, 49.7868627], [6.073144699999999, 49.7869122]]}}, {"id": "66", "type": "Feature", "properties": {"id": 1473547005, "name": null, "name_en": null, "descriptio": null, "wikidata": null, "ref": null, "type": null, "substance": "gas", "location": "underground", "diameter": null, "pressure": null, "capacity": null, "operator": "Creos", "wd_operato": "Q21036415", "constructi": 0, "start_date": null}, "geometry": {"type": "LineString", "coordinates": [[6.1292214, 49.6704789], [6.1299754, 49.67070360000001], [6.130103200000001, 49.67197979999998], [6.130342299999999, 49.672052299999976], [6.131239, 49.67191570000001], [6.1323905, 49.674778500000016], [6.1329038, 49.67611389999998], [6.132977400000001, 49.67619909999999], [6.1331049, 49.67632970000001], [6.1332592, 49.67641850000001], [6.133830599999999, 49.67673819999999], [6.1336761, 49.67727969999997], [6.133064662191714, 49.678100895237705], [6.133182847026461, 49.679284839060934], [6.133401447061203, 49.68018807294695], [6.133147726852144, 49.68206603835294], [6.13305267607018, 49.684299396453554], [6.133481661874584, 49.68523205081963], [6.134526298467109, 49.687396425857116], [6.134914380584035, 49.68815926286497], [6.135290895674586, 49.68877667385272], [6.135390221227197, 49.688960824265415], [6.136327820916193, 49.69060392874454], [6.137198616836884, 49.692676857218366], [6.134040231902078, 49.694896971911916], [6.134214324030979, 49.69542687583057], [6.13488185879973, 49.6979113557502], [6.1347644283362674, 49.69897208559683], [6.134393529120843, 49.699982943119565], [6.133915090087698, 49.70057445402653], [6.13305711847886, 49.70144432793788], [6.132502236488762, 49.70217673863717], [6.131163059818732, 49.70351172435563], [6.130442467602905, 49.704101223605804], [6.130276338282016, 49.70428629602787], [6.130041058259934, 49.70612495030803], [6.129257937046418, 49.707270588833765], [6.126243888484254, 49.709821118150444], [6.123214584858317, 49.713303379823856], [6.121566954151491, 49.717332728317444], [6.120741671965021, 49.72001912828456], [6.119421438396188, 49.72401494916545], [6.119346252724711, 49.7242810745912]]}}, {"id": "67", "type": "Feature", "properties": {"id": 1473561850, "name": null, "name_en": null, "descriptio": null, "wikidata": null, "ref": null, "type": null, "substance": "gas", "location": "underground", "diameter": null, "pressure": null, "capacity": null, "operator": "Creos", "wd_operato": "Q21036415", "constructi": 0, "start_date": null}, "geometry": {"type": "LineString", "coordinates": [[6.129345, 49.67042389999998], [6.130049799999999, 49.67036349999998], [6.1300784, 49.67023460000001], [6.130004, 49.66932739999999], [6.130357200000001, 49.6687714], [6.1300533, 49.66811829999999], [6.1297477, 49.6678431], [6.1297165, 49.66735819999999], [6.1296863, 49.666421699999994], [6.1294308, 49.66588189999997], [6.1290177, 49.66452989999998], [6.128944000000001, 49.66408999999997], [6.128915700000001, 49.663969], [6.128928599999999, 49.66341460000002], [6.1290342, 49.66327469999999]]}}, {"id": "68", "type": "Feature", "properties": {"id": 1473561851, "name": null, "name_en": null, "descriptio": null, "wikidata": null, "ref": null, "type": null, "substance": "gas", "location": "underground", "diameter": null, "pressure": null, "capacity": null, "operator": "Creos", "wd_operato": "Q21036415", "constructi": 0, "start_date": null}, "geometry": {"type": "LineString", "coordinates": [[6.129318873482504, 49.670399267325735], [6.128903885456367, 49.67010816382855], [6.1276911917052255, 49.669925270701285], [6.126642280342082, 49.67013607556606], [6.125629243524542, 49.66944565820168], [6.124570357696626, 49.66745738694989], [6.1241994584812005, 49.666764622652614], [6.122565741733666, 49.665621163421704], [6.120506643400063, 49.663946375348566], [6.118213522329853, 49.66268347399741], [6.117811442434601, 49.66250292780307], [6.115866086527064, 49.66104212971799], [6.113094023509519, 49.66032438734924], [6.111350084735251, 49.65926407659777], [6.108248529103946, 49.65730547728324], [6.108456232664594, 49.65509416358801], [6.10545936700393, 49.650954928343836], [6.10482468929564, 49.64997902335731], [6.103839480396601, 49.64975463980937], [6.105431119990243, 49.64740535998791], [6.10330404442189, 49.64676498258541], [6.102805740278228, 49.6466375776572], [6.101929496120476, 49.646498186607424], [6.101129527281586, 49.646334152762314], [6.099532690908006, 49.646104069520234], [6.098857360969306, 49.64621311808051], [6.09839308735252, 49.64617003509822], [6.097550538445517, 49.64614136898931], [6.095535948017782, 49.64605956161438], [6.09406207416373, 49.64597917916292], [6.091387157403972, 49.64594883667345], [6.089046594761811, 49.645922266040365], [6.086393387131267, 49.64609593907414], [6.08588946711248, 49.64618579307616], [6.085899776853382, 49.646315880213415]]}}, {"id": "69", "type": "Feature", "properties": {"id": 1473575388, "name": null, "name_en": null, "descriptio": null, "wikidata": null, "ref": null, "type": null, "substance": "gas", "location": "underground", "diameter": null, "pressure": null, "capacity": null, "operator": "Creos", "wd_operato": "Q21036415", "constructi": 0, "start_date": null}, "geometry": {"type": "LineString", "coordinates": [[6.085843785740166, 49.64631018051927], [6.085816628373891, 49.64619702482642], [6.085221764705665, 49.64629567982676], [6.083679075426574, 49.64641897762246], [6.0831937, 49.646410999999986], [6.0815201000000005, 49.6463656], [6.079039200000001, 49.6463653], [6.0774716, 49.64553549999998], [6.077142900000001, 49.643979599999994], [6.077103, 49.64293459999997], [6.0769558, 49.642012], [6.075361, 49.63970210000001], [6.0742385, 49.638310700000005], [6.0737341, 49.63788729999996], [6.0733157, 49.6370138], [6.0725237, 49.63606539999999], [6.072038, 49.63574599999998], [6.071634500000001, 49.63528619999999], [6.0705927452779065, 49.63443922633071], [6.066546130063784, 49.634160528050224], [6.066238681855395, 49.63414669790999], [6.066089316340822, 49.63390538291762], [6.065852276119073, 49.63363783256831], [6.0619977, 49.63318630000001], [6.0591601, 49.6327257], [6.054579799999999, 49.63064719999999], [6.05451, 49.63011140000001], [6.0544564, 49.6289659], [6.0520948, 49.6280457], [6.0495795, 49.62690599999999], [6.048716800000001, 49.626401899999976], [6.0479946, 49.62607969999999], [6.046762, 49.6253723], [6.0454695, 49.624701099999996], [6.0449638000000006, 49.6244075], [6.0430473, 49.62336340000002], [6.0428586, 49.623230799999995], [6.0427204, 49.62290649999999], [6.0425354, 49.622702699999984], [6.041945, 49.62158170000002], [6.041758800000001, 49.62120969999999], [6.0394961, 49.617418199999996], [6.0392849, 49.61671799999998], [6.0376357, 49.61366919999999], [6.0374061, 49.61318499999999], [6.0329537, 49.605210699999986], [6.0329142, 49.60513099999999]]}}, {"id": "70", "type": "Feature", "properties": {"id": 1473626784, "name": null, "name_en": null, "descriptio": null, "wikidata": null, "ref": null, "type": null, "substance": "gas", "location": "underground", "diameter": null, "pressure": null, "capacity": null, "operator": "Creos", "wd_operato": "Q21036415", "constructi": 0, "start_date": null}, "geometry": {"type": "LineString", "coordinates": [[6.0419123, 49.6215626], [6.0417029, 49.6212075], [6.041385900000001, 49.6211918], [6.040211799999999, 49.621172400000006], [6.039559800000001, 49.6212232], [6.0390573000000005, 49.621351499999996], [6.0387454, 49.62140360000001]]}}, {"id": "71", "type": "Feature", "properties": {"id": 1473626787, "name": null, "name_en": null, "descriptio": null, "wikidata": null, "ref": null, "type": null, "substance": "gas", "location": "underground", "diameter": null, "pressure": null, "capacity": null, "operator": "Creos", "wd_operato": "Q21036415", "constructi": 0, "start_date": null}, "geometry": {"type": "LineString", "coordinates": [[6.032932267586091, 49.605120334858164], [6.032993958393433, 49.60522628211427], [6.033489328870986, 49.60532552384784], [6.034045719603653, 49.6055934932923], [6.034450649345956, 49.60574847468198], [6.035006956259593, 49.605830198237896], [6.03567658650411, 49.60585308083358], [6.036436825121967, 49.605869593182824], [6.037049793701044, 49.60591368199355], [6.037221035982867, 49.60594117463593], [6.03721969487836, 49.60570907973706]]}}, {"id": "72", "type": "Feature", "properties": {"id": 1473631267, "name": null, "name_en": null, "descriptio": null, "wikidata": null, "ref": null, "type": null, "substance": "gas", "location": "underground", "diameter": null, "pressure": null, "capacity": null, "operator": "Creos", "wd_operato": "Q21036415", "constructi": 0, "start_date": null}, "geometry": {"type": "LineString", "coordinates": [[6.032916761065195, 49.6050929260348], [6.031697361791515, 49.60134479039268], [6.031644199999999, 49.60128479999999], [6.0312237, 49.59444949999999], [6.030739499999999, 49.590253800000006], [6.0302563, 49.58468629999999], [6.0301232, 49.5832095], [6.0295048, 49.575935199999996], [6.0291013, 49.57151669999996], [6.028861199999999, 49.56647229999998], [6.028826800000001, 49.56632150000001], [6.0280827, 49.56586749999999], [6.0278963, 49.56378269999999], [6.0276472, 49.560570400000024], [6.0275328, 49.55957290000001], [6.027442500000001, 49.55869609999996], [6.0284266, 49.55749729999999], [6.029419500000001, 49.557085400000005], [6.033780600000001, 49.551831700000015], [6.034626499999999, 49.550788000000004], [6.0386035, 49.54604749999997], [6.0396804, 49.544905999999976]]}}, {"id": "73", "type": "Feature", "properties": {"id": 1473803012, "name": null, "name_en": null, "descriptio": null, "wikidata": null, "ref": null, "type": null, "substance": "gas", "location": "underground", "diameter": null, "pressure": null, "capacity": null, "operator": "Creos", "wd_operato": "Q21036415", "constructi": 0, "start_date": null}, "geometry": {"type": "LineString", "coordinates": [[6.024099200000001, 49.53748910000001], [6.0252158, 49.537941800000006], [6.0274711, 49.539270999999985], [6.0298423, 49.54062889999999], [6.0317969, 49.5415422], [6.034388455624424, 49.54257247790161], [6.035566280658345, 49.543026274139386], [6.040096447866546, 49.545036170701394], [6.042160156246893, 49.54627945839911], [6.043081997957927, 49.54690499983294], [6.043712484714631, 49.546555558289676], [6.044336349767832, 49.547147236834675], [6.044985444349578, 49.54769239581708], [6.045562622202113, 49.54818659282819], [6.046241723997241, 49.54876913509875], [6.046822254611043, 49.549248077046094], [6.047249228758687, 49.54959617748487], [6.048365698261392, 49.55044157623897], [6.04932835984087, 49.55124808296233], [6.049719459442969, 49.55157514482413], [6.050501658647108, 49.55204545341121], [6.052473585187726, 49.553328722787086], [6.052860577657242, 49.55366777077044], [6.053975454598344, 49.55428551703434], [6.055429295703789, 49.5550767686939], [6.055744790539251, 49.55532462157074], [6.055959451079502, 49.55569493405294], [6.056102530166697, 49.55605996593614], [6.056316939249854, 49.55636783323974], [6.058460359529391, 49.55740341737681], [6.060337319107048, 49.55826398737566], [6.060424071804874, 49.558288965447105], [6.060643174753835, 49.55835216499702], [6.060965375111834, 49.5583778974398], [6.061025557176605, 49.55866908475602], [6.06122236426313, 49.55893487490564], [6.064868240686508, 49.56009937271353], [6.065281217055883, 49.56016374572992]]}}, {"id": "74", "type": "Feature", "properties": {"id": 1473803013, "name": null, "name_en": null, "descriptio": null, "wikidata": null, "ref": null, "type": null, "substance": "gas", "location": "underground", "diameter": null, "pressure": null, "capacity": null, "operator": "Creos", "wd_operato": "Q21036415", "constructi": 0, "start_date": null}, "geometry": {"type": "LineString", "coordinates": [[6.065366628649202, 49.56016106352088], [6.065826040762146, 49.560185873954296], [6.071839218098831, 49.56107033237715], [6.073035818595884, 49.56121659658752], [6.077564979975705, 49.56240045659177], [6.078070241098999, 49.562378831281585], [6.081368184721641, 49.56232133142579], [6.081645625716675, 49.56276112988532], [6.083795416242623, 49.56394566044182], [6.085379344485318, 49.56488543942562], [6.085816879830986, 49.56522716961799], [6.086306382976318, 49.56555096253759], [6.087072237469272, 49.56624707959617], [6.087433246038955, 49.566784946322805], [6.087498373426627, 49.56691469818391], [6.089441550039339, 49.56741358906083], [6.090345789753712, 49.56807374775477], [6.0950272503141605, 49.57093549713627], [6.097434365267531, 49.572360755951905]]}}, {"id": "75", "type": "Feature", "properties": {"id": 1473810762, "name": null, "name_en": null, "descriptio": null, "wikidata": null, "ref": null, "type": null, "substance": "gas", "location": "underground", "diameter": null, "pressure": null, "capacity": null, "operator": "Creos", "wd_operato": "Q21036415", "constructi": 0, "start_date": null}, "geometry": {"type": "LineString", "coordinates": [[5.8958173, 49.561524899999995], [5.8955677, 49.561626100000005], [5.8931171, 49.563616200000006], [5.8906357, 49.565664899999994], [5.8901264, 49.5661799], [5.888583322083406, 49.56780829288127]]}}, {"id": "76", "type": "Feature", "properties": {"id": 1473813709, "name": null, "name_en": null, "descriptio": null, "wikidata": null, "ref": null, "type": null, "substance": "gas", "location": "underground", "diameter": null, "pressure": null, "capacity": null, "operator": "Creos", "wd_operato": "Q21036415", "constructi": 0, "start_date": null}, "geometry": {"type": "LineString", "coordinates": [[5.8958617, 49.56149199999999], [5.8961682, 49.561187799999985], [5.8973091, 49.56070379999998], [5.8974705, 49.56055409999999], [5.897973099999999, 49.5604494], [5.8985663, 49.560275799999985], [5.899448600000001, 49.55983299999998], [5.900934300000001, 49.55951379999998], [5.9048353, 49.55773629999999], [5.9071043, 49.5567101], [5.910114, 49.555305400000016], [5.9103128, 49.55513499999999], [5.9143226, 49.55207759999997], [5.914824300000001, 49.55208999999998]]}}, {"id": "77", "type": "Feature", "properties": {"id": 1473828561, "name": null, "name_en": null, "descriptio": null, "wikidata": null, "ref": null, "type": null, "substance": "gas", "location": "underground", "diameter": null, "pressure": null, "capacity": null, "operator": "Creos", "wd_operato": "Q21036415", "constructi": 0, "start_date": null}, "geometry": {"type": "LineString", "coordinates": [[5.914899396744062, 49.551981750947085], [5.9157504951923, 49.55102822564208], [5.9163163574755515, 49.55057065754783], [5.917292430100105, 49.54976029514899], [5.918903096613916, 49.54860769964364], [5.919388324988632, 49.548210481252234], [5.920487695408866, 49.54746197729884], [5.92139436587516, 49.546708947117736], [5.921895938961058, 49.546413149754734], [5.923226649908884, 49.54534722312816], [5.923334944097888, 49.54468664533904], [5.92407129429168, 49.543872175807685], [5.923611043988416, 49.54208808771721], [5.925134957804403, 49.540765758672556], [5.927082828282892, 49.53958416178218], [5.927752961441627, 49.538919644498584], [5.928391830101503, 49.53789638175914], [5.928983173370399, 49.53707503906719], [5.929542916864307, 49.53591984517183], [5.929614833593547, 49.53574659123323], [5.92986243501329, 49.53501476726713], [5.930106767490799, 49.534590642966535]]}}, {"id": "78", "type": "Feature", "properties": {"id": 1473836755, "name": null, "name_en": null, "descriptio": null, "wikidata": null, "ref": null, "type": null, "substance": "gas", "location": "underground", "diameter": null, "pressure": null, "capacity": null, "operator": "Creos", "wd_operato": "Q21036415", "constructi": 0, "start_date": null}, "geometry": {"type": "LineString", "coordinates": [[5.930161249861442, 49.53448687500529], [5.9307405231897405, 49.533078966729214], [5.93114637494142, 49.53291317268445], [5.931348127350787, 49.5328612887038], [5.9309768, 49.53230859999999], [5.931257938072662, 49.5322419498783]]}}, {"id": "79", "type": "Feature", "properties": {"id": 1473836756, "name": null, "name_en": null, "descriptio": null, "wikidata": null, "ref": null, "type": null, "substance": "gas", "location": "underground", "diameter": null, "pressure": null, "capacity": null, "operator": "Creos", "wd_operato": "Q21036415", "constructi": 0, "start_date": null}, "geometry": {"type": "LineString", "coordinates": [[5.9312399169808145, 49.53223105340417], [5.930659470186072, 49.53235636285663], [5.92902826800946, 49.53297377384437], [5.928687040731262, 49.53301979049279], [5.928008944764542, 49.53263296566136], [5.927156756668893, 49.532767076112115], [5.925396473183412, 49.532867072216995], [5.923774658738382, 49.533268565379], [5.923609451426813, 49.53315348184843]]}}, {"id": "80", "type": "Feature", "properties": {"id": 1473836758, "name": null, "name_en": null, "descriptio": null, "wikidata": null, "ref": null, "type": null, "substance": "gas", "location": "underground", "diameter": null, "pressure": null, "capacity": null, "operator": "Creos", "wd_operato": "Q21036415", "constructi": 0, "start_date": null}, "geometry": {"type": "LineString", "coordinates": [[5.966875899999999, 49.513864799999986], [5.9667715, 49.5138143], [5.966556099999999, 49.514326400000016], [5.9662473, 49.51554429999997], [5.9660307, 49.51627869999997], [5.9659628, 49.516559900000004], [5.9656058, 49.517773999999996], [5.9653829, 49.518726000000015], [5.9651828, 49.51999779999999], [5.963051251181071, 49.51991652889972], [5.962972293653195, 49.52078246331657], [5.962856371932305, 49.52113483852599], [5.962504667275141, 49.52192634164269], [5.961499844722681, 49.52279973595335], [5.960802973292857, 49.52305798239013], [5.957869139544044, 49.524080658396315], [5.953255069485095, 49.526097428118895], [5.951830732678815, 49.52673244110331], [5.9506465373984545, 49.5271644443929], [5.948153675575639, 49.52823523252328], [5.94695824854503, 49.528740828922714], [5.946421136189656, 49.529344158313165], [5.945196121040851, 49.529361760309826], [5.944905352819774, 49.52943376085809], [5.944600670639403, 49.529925862393405], [5.942622960585623, 49.53024923621785], [5.942164135205901, 49.53053472383992], [5.941310186910584, 49.53073488368772], [5.9410634236811575, 49.53089539713349], [5.940418687689061, 49.531092288039005], [5.9397173738505264, 49.5310716685572], [5.938574752809899, 49.53129638738129], [5.937421151476143, 49.53160391940876], [5.937179082112493, 49.532156622104], [5.937182183416667, 49.53225896514175], [5.9366552969831625, 49.5324080791992], [5.935935123862492, 49.53258225514715], [5.934204679952329, 49.5331069622858], [5.932975138575812, 49.53344953066852], [5.930265185460769, 49.53438084393011], [5.930173235982978, 49.53448528244367]]}}, {"id": "81", "type": "Feature", "properties": {"id": 1473852450, "name": null, "name_en": null, "descriptio": null, "wikidata": null, "ref": null, "type": null, "substance": "gas", "location": "underground", "diameter": null, "pressure": null, "capacity": null, "operator": "Creos", "wd_operato": "Q21036415", "constructi": 0, "start_date": null}, "geometry": {"type": "LineString", "coordinates": [[5.961597829170786, 49.51168474561205], [5.961445362352067, 49.510787546696356], [5.9599189339651275, 49.51030826947286], [5.958786371208333, 49.51059803186562], [5.957951617471281, 49.5109738764039], [5.953035631260008, 49.51118702820158], [5.95173174240233, 49.51094495883794], [5.9514778545552085, 49.5108388439438], [5.951034787153476, 49.51055737963519], [5.950806045015867, 49.51023702329592], [5.950701271226194, 49.50968096783938], [5.950850469102676, 49.508985688971116], [5.950912243729078, 49.50856424687958], [5.9511228809558085, 49.50751324004064], [5.9516616, 49.50730770000001], [5.9515569, 49.506861899999976]]}}, {"id": "82", "type": "Feature", "properties": {"id": 1473852451, "name": null, "name_en": null, "descriptio": null, "wikidata": null, "ref": null, "type": null, "substance": "gas", "location": "underground", "diameter": null, "pressure": null, "capacity": null, "operator": "Creos", "wd_operato": "Q21036415", "constructi": 0, "start_date": null}, "geometry": {"type": "LineString", "coordinates": [[5.961611999999999, 49.51176470000001], [5.962019690357523, 49.512128735023126], [5.963836216413284, 49.51253366476545], [5.965083443605494, 49.51290339051445], [5.966474588075216, 49.513247551458754], [5.967207669326768, 49.51386445953233]]}}, {"id": "83", "type": "Feature", "properties": {"id": 1473925626, "name": null, "name_en": null, "descriptio": null, "wikidata": null, "ref": null, "type": null, "substance": "gas", "location": "underground", "diameter": null, "pressure": null, "capacity": null, "operator": "Creos", "wd_operato": "Q21036415", "constructi": 0, "start_date": null}, "geometry": {"type": "LineString", "coordinates": [[5.966770553076259, 49.51307723118626], [5.966881194198152, 49.51269878825795], [5.967126281046943, 49.511896472486185], [5.96767764263771, 49.51192295930024], [5.9703835724392045, 49.51209286047756], [5.971449918160943, 49.51221414661649], [5.973683779175701, 49.5127128698553], [5.975273742388708, 49.51319499692583], [5.9756170651426705, 49.51325769356159], [5.976379650693418, 49.513370346340224], [5.979470142212506, 49.51357478095861], [5.979876999792565, 49.51280959701793], [5.98081443184347, 49.5129262731101], [5.981673157823621, 49.5129769836243], [5.9821415, 49.5129253]]}}, {"id": "84", "type": "Feature", "properties": {"id": 1473927945, "name": null, "name_en": null, "descriptio": null, "wikidata": null, "ref": null, "type": null, "substance": "gas", "location": "underground", "diameter": null, "pressure": null, "capacity": null, "operator": "Creos", "wd_operato": "Q21036415", "constructi": 0, "start_date": null}, "geometry": {"type": "LineString", "coordinates": [[5.9827091, 49.51303299999999], [5.9830034, 49.513184999999986], [5.9851045, 49.51361469999999], [5.9856174, 49.51368049999998], [5.986189800000001, 49.51378820000001], [5.986877600000001, 49.51381359999997], [5.9883591, 49.51398669999998], [5.989644900000001, 49.514009299999984], [5.9899905, 49.514179399999996], [5.9903811000000005, 49.514084899999986], [5.9915833, 49.5139565], [5.992428229242648, 49.51383428468089], [5.992904572800001, 49.513789357679876], [5.993842423946064, 49.51340705907614], [5.99409999983061, 49.513240175383935], [5.994700730831056, 49.512670541244276], [5.995041958109226, 49.512233927907964], [5.995327948645524, 49.51233694149797], [5.995393076033166, 49.5124674477304], [5.995645287499657, 49.51256308524558], [5.9959546635458025, 49.51267942606163], [5.996563692630389, 49.51331049955156], [5.996771899105227, 49.513754824238816], [5.996844737843786, 49.51409336930799], [5.9968683748107585, 49.51452243893141], [5.99704439477739, 49.51492502174084], [5.997189988435508, 49.51507413579831], [5.997473548219887, 49.51529843552725], [5.998084086047044, 49.51557847491227], [5.998339482636737, 49.515650140184384], [5.99840167635827, 49.515580570388046]]}}, {"id": "85", "type": "Feature", "properties": {"id": 1473927947, "name": null, "name_en": null, "descriptio": null, "wikidata": null, "ref": null, "type": null, "substance": "gas", "location": "underground", "diameter": null, "pressure": null, "capacity": null, "operator": "Creos", "wd_operato": "Q21036415", "constructi": 0, "start_date": null}, "geometry": {"type": "LineString", "coordinates": [[5.998462277518229, 49.515542516547654], [5.998915235565732, 49.515692887890594], [5.999231820048578, 49.515795398566404], [5.998690935836804, 49.51651917590542], [5.998319785164284, 49.51697816892321], [5.998180226476421, 49.51717464073359], [5.998243677483459, 49.51725401735667], [5.999788797514469, 49.518078126076674], [6.000355665626073, 49.51828297979022], [6.001067959757761, 49.51852932392449], [6.002169593291853, 49.5187546294818], [6.00269706645858, 49.51878346322873], [6.003196124973527, 49.51877223147845], [6.0042412644802425, 49.51861867501233], [6.005705331507556, 49.51823604113245], [6.0068104854409805, 49.517708065051565], [6.007625541705579, 49.51814224763595], [6.0067237, 49.51896759999998], [6.005709, 49.51996359999998], [6.0052776, 49.520288400000005], [6.0049437, 49.52069800000001], [6.004786, 49.5209681], [6.0049227, 49.521828499999984], [6.005175299999999, 49.52215649999998], [6.005484599999999, 49.522515500000004], [6.0075015, 49.523709799999985], [6.0076718, 49.52397909999997], [6.0081954, 49.52459979999998], [6.0082354, 49.52519109999998], [6.0093962, 49.52606579999999], [6.0104967, 49.526685199999974], [6.0105010000000005, 49.52674120000001], [6.0113248, 49.52712919999998], [6.0127989, 49.52783249999998], [6.0138718, 49.52841889999998], [6.0150605, 49.52913199999999], [6.0158051, 49.529605499999995], [6.016182799999999, 49.5299383], [6.016678499999999, 49.530591500000035], [6.0172235, 49.53107619999999], [6.0180947, 49.531714], [6.0190538, 49.53243820000001], [6.019596699999999, 49.53287410000001], [6.0205129, 49.53363309999998], [6.0216583, 49.534426899999985], [6.0224447, 49.5349792]]}}, {"id": "86", "type": "Feature", "properties": {"id": 1473927948, "name": null, "name_en": null, "descriptio": null, "wikidata": null, "ref": null, "type": null, "substance": "gas", "location": "underground", "diameter": null, "pressure": null, "capacity": null, "operator": "Creos", "wd_operato": "Q21036415", "constructi": 0, "start_date": null}, "geometry": {"type": "LineString", "coordinates": [[5.998759800000001, 49.515708700000005], [5.9997338, 49.51585760000002], [6.0008635, 49.51593020000001], [6.001247199999999, 49.515934800000004]]}}, {"id": "87", "type": "Feature", "properties": {"id": 1473961080, "name": null, "name_en": null, "descriptio": null, "wikidata": null, "ref": null, "type": null, "substance": "gas", "location": "underground", "diameter": null, "pressure": null, "capacity": null, "operator": "Creos", "wd_operato": "Q21036415", "constructi": 0, "start_date": null}, "geometry": {"type": "LineString", "coordinates": [[5.9713332, 49.49391710000002], [5.9711989, 49.49403169999999], [5.970946100000001, 49.4941785], [5.9705212, 49.494246899999986], [5.9697597, 49.494338599999985], [5.9693765, 49.49437710000002], [5.9688305, 49.49439710000002], [5.968140300000001, 49.4944163], [5.9676104, 49.49438989999997], [5.9670275, 49.49438029999998], [5.966231, 49.49441550000001], [5.9652927, 49.494510600000005], [5.964866600000001, 49.4945486], [5.9629977, 49.49461889999999], [5.9621587, 49.49466699999997], [5.9612821, 49.49479869999997], [5.9601193, 49.49486569999997], [5.959482999999999, 49.49479900000001], [5.958800599999999, 49.49471949999999], [5.9581692, 49.49464130000001], [5.957513800000001, 49.4945701], [5.9572377, 49.49455030000001], [5.956852900000001, 49.49455949999999], [5.956288099999999, 49.49463909999998], [5.955784, 49.49475569999998], [5.9550457, 49.49494709999998], [5.954103737181413, 49.49524473218459], [5.952588875820851, 49.495953589735976], [5.951320693870713, 49.49641342094408], [5.949637356256375, 49.49699872924269], [5.9495119629849, 49.49707131652416], [5.949253465091033, 49.49702345585705], [5.949058921118365, 49.49653898185363]]}}, {"id": "88", "type": "Feature", "properties": {"id": 1473966583, "name": null, "name_en": null, "descriptio": null, "wikidata": null, "ref": null, "type": null, "substance": "gas", "location": "underground", "diameter": null, "pressure": null, "capacity": null, "operator": "Creos", "wd_operato": "Q21036415", "constructi": 0, "start_date": null}, "geometry": {"type": "LineString", "coordinates": [[5.971333158249735, 49.49389038426985], [5.970751957083677, 49.49456722295109], [5.970340740913997, 49.494802838249306], [5.9695433704650895, 49.49508539220527], [5.969468268612644, 49.495247079117476], [5.969062919775183, 49.49596213927722], [5.9684174294118, 49.49702865263703], [5.968332436913613, 49.49724272644409], [5.9683081293944165, 49.4974860530932], [5.968326821038488, 49.49755335977568], [5.968542655045211, 49.49769476248225], [5.969293589750521, 49.49805325648098], [5.9706456745514345, 49.49866245320362], [5.9704596801200305, 49.49888063414319], [5.9703341192104915, 49.499256981595714], [5.9701608, 49.499564699999986], [5.970064299999999, 49.499906100000004], [5.9700637, 49.50015919999998], [5.970110499999999, 49.5004354], [5.970214000000001, 49.50069069999998], [5.9703484, 49.500889200000024], [5.970622, 49.50117329999999], [5.9711605, 49.501630299999995], [5.971715100000001, 49.502037699999995], [5.972375700000001, 49.502489099999984], [5.972847, 49.502793699999984], [5.973355500000001, 49.50310319999999], [5.9743589, 49.50363229999997], [5.9752566, 49.50408379999999], [5.9760827, 49.50443699999998], [5.9772037, 49.5048485], [5.9777023, 49.50500609999999], [5.9785467, 49.505271100000016], [5.9793975999999995, 49.50551849999997], [5.979965400000001, 49.50567620000002], [5.980609, 49.505819400000014], [5.981373, 49.50597830000002], [5.9822201, 49.506143899999955], [5.983215800000001, 49.5063107]]}}, {"id": "89", "type": "Feature", "properties": {"id": 1473970239, "name": null, "name_en": null, "descriptio": null, "wikidata": null, "ref": null, "type": null, "substance": "gas", "location": "underground", "diameter": null, "pressure": null, "capacity": null, "operator": "Creos", "wd_operato": "Q21036415", "constructi": 0, "start_date": null}, "geometry": {"type": "LineString", "coordinates": [[6.00264518247792, 49.507670484544164], [6.0018353229933155, 49.507764445678774], [6.0006539775600345, 49.507990673245416], [6.000544677542649, 49.50827607704846], [6.000507294254504, 49.50833089469523], [6.0004287558217575, 49.50846777117404], [6.000277462469484, 49.50862317165889], [5.999746049808266, 49.50892709946796], [5.999474224688355, 49.50907504005896], [5.999085472019175, 49.509189033942135], [5.998626730458483, 49.509212587090055], [5.9977005301578, 49.50905282801556], [5.996814730630433, 49.508921148316716], [5.995739751548427, 49.5087288674579], [5.9949850449866915, 49.508582687066564], [5.994634681434036, 49.50836341647952], [5.994111566856986, 49.50826769514527], [5.992723691329503, 49.5079037529095], [5.99097564542268, 49.50730905687932], [5.990004434301967, 49.50702817930399], [5.988636423884997, 49.506834557340675], [5.987835449217754, 49.50677127397173], [5.986776731027902, 49.50670086598507], [5.984671783683922, 49.50650472945082], [5.983842394364928, 49.506405571536256], [5.9837167, 49.50669329999998], [5.983722899999999, 49.508214599999995], [5.9837364, 49.50934529999999], [5.9836784, 49.5106356], [5.9836217000000005, 49.51145], [5.9831602, 49.51277179999999], [5.9827016, 49.5129997]]}}, {"id": "90", "type": "Feature", "properties": {"id": 1475240285, "name": null, "name_en": null, "descriptio": null, "wikidata": null, "ref": null, "type": null, "substance": "gas", "location": "underground", "diameter": null, "pressure": null, "capacity": null, "operator": "Creos", "wd_operato": "Q21036415", "constructi": 0, "start_date": null}, "geometry": {"type": "LineString", "coordinates": [[5.9847928, 49.50472329999999], [5.983838800000001, 49.5051003], [5.9837342, 49.50552870000001], [5.9838044, 49.50629539999999], [5.983842394364928, 49.506405571536256]]}}, {"id": "91", "type": "Feature", "properties": {"id": 1475240286, "name": null, "name_en": null, "descriptio": null, "wikidata": null, "ref": null, "type": null, "substance": "gas", "location": "underground", "diameter": null, "pressure": null, "capacity": null, "operator": "Creos", "wd_operato": "Q21036415", "constructi": 0, "start_date": null}, "geometry": {"type": "LineString", "coordinates": [[5.9847872, 49.50471909999998], [5.9851046, 49.50427329999999], [5.9852896, 49.504144999999994], [5.9859436, 49.50350919999998]]}}, {"id": "92", "type": "Feature", "properties": {"id": 1475246524, "name": null, "name_en": null, "descriptio": null, "wikidata": null, "ref": null, "type": null, "substance": "gas", "location": "underground", "diameter": null, "pressure": null, "capacity": null, "operator": "Creos", "wd_operato": "Q21036415", "constructi": 0, "start_date": null}, "geometry": {"type": "LineString", "coordinates": [[6.0945968, 49.5953868], [6.0944208, 49.594500799999985], [6.0946375, 49.593835899999966], [6.0940116, 49.5933042], [6.0938152, 49.59323749999998], [6.093549099999999, 49.59258119999998], [6.093205, 49.59155490000001], [6.0930261, 49.5901202], [6.093108600000001, 49.5892809], [6.0931684, 49.58899510000001], [6.0935121, 49.587178600000016], [6.093865700000001, 49.58579829999998], [6.0943244, 49.584733800000016], [6.094647100000001, 49.58355159999998], [6.0950265, 49.58268149999999], [6.095884399999999, 49.58161309999998], [6.096462, 49.58139279999998], [6.0960600000000005, 49.5808402], [6.095895783121023, 49.580453734923026], [6.095960826689634, 49.58028525866921], [6.0960382754749665, 49.58000463255098], [6.094977545628354, 49.57821987390824], [6.094738493749844, 49.576751196834174], [6.095304691309225, 49.575804041775555], [6.095221626648765, 49.57559105761591], [6.095434778446474, 49.57524513647197], [6.095360933879505, 49.57488354116905], [6.096651244054044, 49.57321093239078], [6.097125240678508, 49.57279812365949], [6.097348953674214, 49.57265118889685], [6.0974432500848925, 49.572451531963246]]}}, {"id": "93", "type": "Feature", "properties": {"id": 1484028644, "name": null, "name_en": null, "descriptio": null, "wikidata": null, "ref": null, "type": null, "substance": "gas", "location": "underground", "diameter": null, "pressure": null, "capacity": null, "operator": "Creos", "wd_operato": "Q21036415", "constructi": 0, "start_date": null}, "geometry": {"type": "LineString", "coordinates": [[6.103225600000001, 49.54548059999998], [6.1028621, 49.545523399999986], [6.1027083, 49.54603459999997], [6.102265, 49.547997200000005], [6.1011878, 49.5498115], [6.0991127999999994, 49.55097209999999], [6.0974086, 49.55163249999997]]}}, {"id": "94", "type": "Feature", "properties": {"id": 1484030000, "name": null, "name_en": null, "descriptio": null, "wikidata": null, "ref": null, "type": null, "substance": "gas", "location": "underground", "diameter": null, "pressure": null, "capacity": null, "operator": "Creos", "wd_operato": "Q21036415", "constructi": 0, "start_date": null}, "geometry": {"type": "LineString", "coordinates": [[6.112488263367169, 49.532909233189976], [6.11201208744788, 49.53189334652532], [6.11190697838208, 49.5315388758401], [6.1126348628536675, 49.52952235757461], [6.112299419088687, 49.52806399024147], [6.1123306835875155, 49.52767255536324], [6.113017161457407, 49.52731422900259], [6.114624642848042, 49.52757314599162], [6.115574983029859, 49.52634427516735], [6.116178647696415, 49.52350616275281], [6.1168935402180855, 49.521358467702676], [6.116985573514911, 49.52096141694934], [6.117731227621249, 49.5208614208445], [6.119922424748864, 49.520536622096486], [6.121920419008319, 49.51930909237672], [6.122714352876926, 49.51882394782105], [6.1236794452083245, 49.51811659901223], [6.125345683740193, 49.51638514927371], [6.128866334530159, 49.5179157686122], [6.131970740008541, 49.51950548036806], [6.135226690296292, 49.52024476422802], [6.138627731327972, 49.52106627455801], [6.139645042916129, 49.521280264546036], [6.140833093871947, 49.52141462645389], [6.142698737880323, 49.522057518427346], [6.146725823260027, 49.523964569037354], [6.149743056945397, 49.5250370335484], [6.149489588193433, 49.5254854653682], [6.149090274326255, 49.52603867097765], [6.149682120509311, 49.52640655270794], [6.150206399999999, 49.5264076], [6.152071, 49.52683659999999], [6.153614199999999, 49.52730120000001], [6.1545725, 49.5276352], [6.1550955, 49.52777830000001], [6.155479099999999, 49.52778390000001], [6.1582543, 49.52880219999998], [6.1594904, 49.529604000000006], [6.1614736, 49.5299489], [6.162235699999999, 49.530115599999974], [6.1628392, 49.53045130000002], [6.1653632, 49.531033599999994], [6.1664812, 49.5313011], [6.166848700000001, 49.531335399999996], [6.1697996, 49.53147729999999], [6.1724074, 49.531609300000014], [6.1728215, 49.53164359999999], [6.1805129, 49.53219920000001]]}}, {"id": "95", "type": "Feature", "properties": {"id": 1484073902, "name": null, "name_en": null, "descriptio": null, "wikidata": null, "ref": null, "type": null, "substance": "gas", "location": "underground", "diameter": null, "pressure": null, "capacity": null, "operator": "Creos", "wd_operato": "Q21036415", "constructi": 0, "start_date": null}, "geometry": {"type": "LineString", "coordinates": [[6.3627138893583615, 49.53836409195626], [6.3620958916373525, 49.538568778031724], [6.361019319993744, 49.53857095732656], [6.3582854784546905, 49.539607379653965], [6.3560377872996705, 49.5388557743964], [6.355494220878882, 49.538794083589025], [6.3548350000000005, 49.538098399999996], [6.3539969, 49.5369131], [6.3538564, 49.53674029999997], [6.353131999999999, 49.53615300000002], [6.3525249, 49.5359104], [6.352199100000001, 49.53578339999999], [6.3518629, 49.535698499999995], [6.3513464, 49.535564599999965], [6.350503100000001, 49.535009900000006], [6.3501926, 49.534837900000014], [6.3496281, 49.534636400000025], [6.349159600000001, 49.53454429999999], [6.3476882, 49.534369700000006], [6.3466845, 49.5342038], [6.3456224, 49.534214899999995], [6.3449014, 49.5344015], [6.3444851, 49.534719099999975], [6.3440881, 49.5351689], [6.343906099999999, 49.5354603], [6.3429291999999995, 49.53590869999998], [6.3421353, 49.5361924], [6.3416272, 49.53638999999997], [6.3413769, 49.5365876], [6.341203200000001, 49.53684329999997], [6.340583, 49.537459199999994], [6.3402188, 49.537691899999984], [6.3391763, 49.53830949999999]]}}, {"id": "96", "type": "Feature", "properties": {"id": 1484078186, "name": null, "name_en": null, "descriptio": null, "wikidata": null, "ref": null, "type": null, "substance": "gas", "location": "underground", "diameter": null, "pressure": null, "capacity": null, "operator": "Creos", "wd_operato": "Q21036415", "constructi": 0, "start_date": null}, "geometry": {"type": "LineString", "coordinates": [[6.179964092656518, 49.53272969282396], [6.180154445677601, 49.53277336253949], [6.1811314403115025, 49.53337375826383], [6.181516337305225, 49.5336393807754], [6.1829702, 49.53391390000002], [6.1842193, 49.53419020000002], [6.1885262999999995, 49.53494019999998], [6.191909700000001, 49.53555209999998], [6.1944936, 49.536079000000015], [6.198082500000001, 49.53612619999999]]}}, {"id": "97", "type": "Feature", "properties": {"id": 1484572752, "name": null, "name_en": null, "descriptio": null, "wikidata": null, "ref": null, "type": null, "substance": "gas", "location": "underground", "diameter": null, "pressure": null, "capacity": null, "operator": "Creos", "wd_operato": "Q21036415", "constructi": 0, "start_date": null}, "geometry": {"type": "LineString", "coordinates": [[6.3232626, 49.53955379999999], [6.3237767, 49.54000159999998], [6.324220699999999, 49.54041209999999], [6.3244272, 49.54084269999998], [6.3244288, 49.54118669999998], [6.3244288, 49.54172589999999], [6.3245567000000005, 49.542226400000004], [6.325074899999999, 49.543207499999994], [6.325129267890248, 49.54342919222498], [6.32590819815215, 49.54319827079255]]}}]}