{"type": "FeatureCollection", "features": [{"id": "0", "type": "Feature", "properties": {"id": -13319688, "name": "Heisdorf", "name_en": null, "descriptio": null, "substation": "transmission", "constructi": 0, "ref": null, "operator": null, "wd_operato": null, "voltages": "220000;65000;20000", "max_voltag": 220000.0, "frequency": "50", "start_date": null}, "geometry": {"type": "Polygon", "coordinates": [[[6.13809514520031, 49.66717592264135], [6.138510971416764, 49.668785080412626], [6.138656397436819, 49.669158829475094], [6.138895197858233, 49.670036330918315], [6.138921852310318, 49.67003322961413], [6.1417194801325365, 49.66971136453229], [6.141430472111125, 49.66869497495346], [6.14122486402627, 49.66798309991696], [6.140391451393725, 49.668080665269876], [6.1400780520340845, 49.66701884577585], [6.13990613919998, 49.66704415912345], [6.139523924415272, 49.66709252270476], [6.139489223336142, 49.666985485801234], [6.138274853204365, 49.66712998981193], [6.138190195982304, 49.66715136366502], [6.13809514520031, 49.66717592264135]], [[6.138510971416764, 49.668785080412626], [6.138548941438131, 49.6687803865468], [6.138580960308246, 49.66877644705234], [6.138510971416764, 49.668785080412626]]]}}, {"id": "1", "type": "Feature", "properties": {"id": 32610228, "name": "Poste Lamadelaine", "name_en": null, "descriptio": null, "substation": null, "constructi": 0, "ref": null, "operator": "Creos", "wd_operato": null, "voltages": null, "max_voltag": null, "frequency": "50", "start_date": null}, "geometry": {"type": "Polygon", "coordinates": [[[5.86004059484469, 49.555737765578165], [5.861006860642534, 49.55590397871809], [5.861096044092306, 49.55583432510274], [5.861235267504014, 49.55584756850975], [5.861262341051258, 49.55579057156815], [5.8612799430479186, 49.55575377501323], [5.860982720761398, 49.5556942635007], [5.861121525077948, 49.555328896341365], [5.86113627722753, 49.55528195768359], [5.861052793471942, 49.55517827354132], [5.860857159851861, 49.555141225529326], [5.860324825181322, 49.55505573011693], [5.86004059484469, 49.555737765578165]]]}}, {"id": "2", "type": "Feature", "properties": {"id": 33814243, "name": "Bertrange", "name_en": null, "descriptio": null, "substation": null, "constructi": 0, "ref": null, "operator": null, "wd_operato": null, "voltages": "220000;65000;20000", "max_voltag": 220000.0, "frequency": null, "start_date": null}, "geometry": {"type": "Polygon", "coordinates": [[[6.0336271273591535, 49.603374468246166], [6.033692170927792, 49.60523055688491], [6.034196426222707, 49.60550866843218], [6.034533043454161, 49.605644119987495], [6.034951468060569, 49.60571989239215], [6.035252546022576, 49.60571327068864], [6.035298897947115, 49.605695081958764], [6.0353960442049015, 49.605693740854235], [6.0354744988186155, 49.60569281884492], [6.035593186567553, 49.60575895206095], [6.036128957818391, 49.60575543166159], [6.036169190953615, 49.60572936394272], [6.036386449883879, 49.6057302859521], [6.036421318601072, 49.60577194401088], [6.036588286112305, 49.605771524915724], [6.036615778754707, 49.60578803726496], [6.036804874490315, 49.605787199074655], [6.03682909819048, 49.60333498948218], [6.0336271273591535, 49.603374468246166]]]}}, {"id": "3", "type": "Feature", "properties": {"id": 33814365, "name": "Schifflange", "name_en": null, "descriptio": null, "substation": "transmission", "constructi": 0, "ref": null, "operator": "Creos", "wd_operato": "Q21036415", "voltages": "220000;65000", "max_voltag": 220000.0, "frequency": "50", "start_date": null}, "geometry": {"type": "Polygon", "coordinates": [[[6.017169763392162, 49.520071929384535], [6.0174531, 49.520426199999996], [6.0173791, 49.52044930000001], [6.0175576, 49.520679], [6.0176772, 49.52070489999999], [6.017682065314119, 49.52071096568249], [6.018443896493551, 49.52174864529537], [6.018552442139651, 49.521780999441624], [6.01860474521547, 49.52176783985364], [6.01862184429794, 49.52179868525733], [6.018639697751696, 49.52183053648941], [6.018584628647858, 49.521845372458], [6.0185430544081, 49.52189239493478], [6.018566775194074, 49.52192273742428], [6.01859401637941, 49.52195768996052], [6.018957455701013, 49.52227108932017], [6.0190638220522885, 49.52218333079397], [6.019196172303395, 49.52207428223369], [6.019135822600532, 49.522042933915785], [6.020381624869202, 49.520947754447164], [6.019539495057387, 49.51990035182659], [6.019401361293062, 49.5197584462059], [6.018696946150385, 49.519994564418255], [6.018101747206032, 49.520195478637326], [6.01797844941035, 49.52023344865869], [6.017694135254686, 49.51987772068806], [6.017647196596926, 49.519862046529084], [6.017187197750758, 49.520019626308766], [6.017169763392162, 49.520071929384535]]]}}, {"id": "4", "type": "Feature", "properties": {"id": 33814954, "name": "Poste Sanem WSA", "name_en": null, "descriptio": null, "substation": null, "constructi": 0, "ref": null, "operator": "Creos", "wd_operato": "Q21036415", "voltages": null, "max_voltag": null, "frequency": null, "start_date": null}, "geometry": {"type": "Polygon", "coordinates": [[[5.950688530733373, 49.53891243606186], [5.951049371664993, 49.539160875671904], [5.951539377724514, 49.5388610549954], [5.951178452973863, 49.53861269920436], [5.951076, 49.53867539999999], [5.950688530733373, 49.53891243606186]]]}}, {"id": "5", "type": "Feature", "properties": {"id": 33815153, "name": "Poste Paafewee", "name_en": null, "descriptio": null, "substation": null, "constructi": 0, "ref": null, "operator": "Creos", "wd_operato": null, "voltages": null, "max_voltag": null, "frequency": "50", "start_date": null}, "geometry": {"type": "Polygon", "coordinates": [[[5.925040577574663, 49.5333801285102], [5.925201845391712, 49.533909780971776], [5.925669052674607, 49.53384465358411], [5.926275818645336, 49.533760080181096], [5.9261388583474846, 49.53338733694697], [5.9262614855909135, 49.53336939967417], [5.926199459507444, 49.53321659757932], [5.925338973327656, 49.533343583412396], [5.925285329147329, 49.53332338302575], [5.925250795706263, 49.5333279930725], [5.925204192324599, 49.53333402804276], [5.925040577574663, 49.5333801285102]]]}}, {"id": "6", "type": "Feature", "properties": {"id": 41952625, "name": "Poste Howald", "name_en": null, "descriptio": null, "substation": null, "constructi": 0, "ref": null, "operator": null, "wd_operato": null, "voltages": null, "max_voltag": null, "frequency": null, "start_date": null}, "geometry": {"type": "Polygon", "coordinates": [[[6.134636939589001, 49.57454189479571], [6.134717322040416, 49.57460987203043], [6.134838189084177, 49.574658235611764], [6.1351897261032775, 49.57464423783346], [6.136029173706106, 49.57459369495732], [6.136006794024639, 49.57436302498198], [6.135893722150826, 49.57426889620931], [6.1358648884039155, 49.57418457426341], [6.135885675523781, 49.57410888567777], [6.1349046575763575, 49.57414794534652], [6.134905495766673, 49.57433125756894], [6.134676669810034, 49.57432807244575], [6.134636939589001, 49.57454189479571]]]}}, {"id": "7", "type": "Feature", "properties": {"id": 42093813, "name": "Poste Helfent", "name_en": null, "descriptio": null, "substation": null, "constructi": 0, "ref": null, "operator": "Creos", "wd_operato": "Q21036415", "voltages": "65000", "max_voltag": 65000.0, "frequency": null, "start_date": null}, "geometry": {"type": "Polygon", "coordinates": [[[6.069472420099714, 49.605899935672326], [6.069683224964535, 49.60644056842701], [6.069709544140495, 49.60650804274757], [6.0700063473318835, 49.60645624258594], [6.0702763284330965, 49.60640829809981], [6.070333660650817, 49.60639731780664], [6.070040545496823, 49.60578024209501], [6.070011376473787, 49.60578602560819], [6.069472420099714, 49.605899935672326]]]}}, {"id": "8", "type": "Feature", "properties": {"id": 42094172, "name": "Poste Merl", "name_en": null, "descriptio": null, "substation": null, "constructi": 0, "ref": null, "operator": "Creos", "wd_operato": null, "voltages": null, "max_voltag": null, "frequency": null, "start_date": null}, "geometry": {"type": "Polygon", "coordinates": [[[6.090648125001166, 49.612385097976684], [6.090648879372453, 49.612403789620785], [6.091100831591576, 49.61310879149669], [6.091146429144829, 49.61313267992076], [6.091211472713468, 49.61315732271607], [6.091280539595601, 49.61316562080024], [6.091345834621337, 49.61316075929638], [6.091739867889515, 49.613061349924735], [6.091705418267481, 49.61301156141993], [6.091719164588681, 49.61300745428734], [6.09160123121103, 49.612842163156756], [6.09165403720101, 49.61282933884489], [6.091597040259444, 49.612743759613494], [6.091633920633399, 49.61273412042484], [6.091674824320904, 49.61272339158879], [6.091573570930563, 49.612583078529646], [6.091821591445466, 49.612507557582056], [6.091577594244085, 49.61211025537164], [6.090686765574787, 49.612347547050476], [6.090663296245907, 49.61236162864781], [6.090648125001166, 49.612385097976684]]]}}, {"id": "9", "type": "Feature", "properties": {"id": 42770668, "name": "Poste Biff", "name_en": null, "descriptio": null, "substation": null, "constructi": 0, "ref": null, "operator": "Creos", "wd_operato": null, "voltages": null, "max_voltag": null, "frequency": null, "start_date": null}, "geometry": {"type": "Polygon", "coordinates": [[[5.895021964825162, 49.55180707208494], [5.895939950860735, 49.551935399022526], [5.896130639157917, 49.551963059303034], [5.89616165219968, 49.55190187140985], [5.896251925296838, 49.55172291777709], [5.896062578104163, 49.55165225833334], [5.89602175823572, 49.55163951784052], [5.895991331927178, 49.551671955805794], [5.895957469038365, 49.551661059331664], [5.8957287269007566, 49.55159299827788], [5.895131935394801, 49.551479842585074], [5.895021964825162, 49.55180707208494]]]}}, {"id": "10", "type": "Feature", "properties": {"id": 63089603, "name": "Flebour", "name_en": null, "descriptio": null, "substation": null, "constructi": 0, "ref": null, "operator": null, "wd_operato": null, "voltages": "220000;65000", "max_voltag": 220000.0, "frequency": null, "start_date": null}, "geometry": {"type": "Polygon", "coordinates": [[[6.112448533146135, 49.904827688043845], [6.113502641289217, 49.90629519165147], [6.1135750609326465, 49.90627406925548], [6.113601883022795, 49.90620449945914], [6.113644966005126, 49.9061904178618], [6.113679331808129, 49.9061792699306], [6.113690060644189, 49.906191758966294], [6.113711434497276, 49.90619695574627], [6.113877060904002, 49.90610408425911], [6.1139164558489085, 49.906133756196354], [6.113981080322361, 49.90618748419569], [6.1145532290329925, 49.90602998823507], [6.114538895978568, 49.90600987166746], [6.1146431668540515, 49.90597902626374], [6.114659343927173, 49.90600182504043], [6.1158153760128755, 49.905682390710446], [6.116115196689379, 49.905567977732154], [6.115679421543405, 49.90495115347759], [6.115345318882902, 49.90447355263479], [6.11537842740043, 49.904077926804995], [6.1153822830758875, 49.904033083623], [6.114924128248418, 49.9041194172257], [6.114792197092471, 49.90431873888318], [6.11475799892753, 49.90435603835229], [6.11464794453886, 49.904397528772996], [6.114184844388518, 49.904565166836456], [6.11396196958313, 49.90464588456402], [6.11378159102685, 49.90442175247317], [6.112448533146135, 49.904827688043845]]]}}, {"id": "11", "type": "Feature", "properties": {"id": 89176956, "name": "Vianden", "name_en": null, "descriptio": null, "substation": "transmission", "constructi": 0, "ref": null, "operator": "SEO", "wd_operato": null, "voltages": "220000", "max_voltag": 220000.0, "frequency": null, "start_date": null}, "geometry": {"type": "Polygon", "coordinates": [[[6.1770772813845545, 49.95351925322623], [6.17743979869681, 49.95370021851573], [6.177767028196684, 49.953421184959076], [6.178031225784707, 49.9532442429831], [6.178302128895297, 49.9530889263173], [6.1787393289648085, 49.95288264768018], [6.178721978425244, 49.95287284085346], [6.178699095829585, 49.95285984890355], [6.178811078055986, 49.952749375419714], [6.1788244891010615, 49.952692462297186], [6.178694318144778, 49.9525772949476], [6.178589795812201, 49.952479981051724], [6.177764345987669, 49.95286546477867], [6.177699218600026, 49.952903350981025], [6.177188341601578, 49.95331842282617], [6.177141319124786, 49.95339997874407], [6.177165878101079, 49.95341372506525], [6.177192364915101, 49.953428058119684], [6.1770772813845545, 49.95351925322623]]]}}, {"id": "12", "type": "Feature", "properties": {"id": 91655780, "name": null, "name_en": null, "descriptio": null, "substation": null, "constructi": 0, "ref": null, "operator": null, "wd_operato": null, "voltages": null, "max_voltag": null, "frequency": null, "start_date": null}, "geometry": {"type": "Polygon", "coordinates": [[[6.471918185406736, 49.72097231831348], [6.472103760742982, 49.721270881704505], [6.472746317440284, 49.72109712485172], [6.472721171730768, 49.72103861916755], [6.472662163132413, 49.720935437939474], [6.472591587507679, 49.72079738799421], [6.471918185406736, 49.72097231831348]]]}}, {"id": "13", "type": "Feature", "properties": {"id": 91655792, "name": "Poste Potaschbierg", "name_en": null, "descriptio": null, "substation": null, "constructi": 0, "ref": null, "operator": "Creos", "wd_operato": null, "voltages": null, "max_voltag": null, "frequency": null, "start_date": null}, "geometry": {"type": "Polygon", "coordinates": [[[6.391112280224405, 49.68493457707603], [6.39112275760337, 49.68556908714625], [6.391607818340021, 49.6856069733486], [6.3917601175206755, 49.68561887565114], [6.391770846356736, 49.68497648659188], [6.391724075337039, 49.684955028919774], [6.391658528854208, 49.684929967029284], [6.391112280224405, 49.68493457707603]]]}}, {"id": "14", "type": "Feature", "properties": {"id": 91823874, "name": "Poste Cerametal", "name_en": null, "descriptio": null, "substation": null, "constructi": 0, "ref": null, "operator": "Creos", "wd_operato": null, "voltages": null, "max_voltag": null, "frequency": null, "start_date": null}, "geometry": {"type": "Polygon", "coordinates": [[[6.008396676797531, 49.62161256754235], [6.008711417261708, 49.62179395192701], [6.008959773052737, 49.621611142618846], [6.009007968995974, 49.62146437549428], [6.008771347869384, 49.62132464916837], [6.008396676797531, 49.62161256754235]]]}}, {"id": "15", "type": "Feature", "properties": {"id": 91823877, "name": "Poste Wiltz Usine", "name_en": null, "descriptio": null, "substation": null, "constructi": 0, "ref": null, "operator": "Creos", "wd_operato": "Q21036415", "voltages": null, "max_voltag": null, "frequency": null, "start_date": null}, "geometry": {"type": "Polygon", "coordinates": [[[5.916922117617901, 49.96054622175174], [5.916933517006213, 49.96082885952674], [5.917039380443299, 49.96082953007898], [5.9170395480813625, 49.960965149272326], [5.917394940775921, 49.96095693500723], [5.917387564701131, 49.96082148345196], [5.917493092862088, 49.96081854978585], [5.917486638796618, 49.960694246161765], [5.917480017093112, 49.960566589776455], [5.917477418703128, 49.96053767221051], [5.916922117617901, 49.96054622175174]]]}}, {"id": "16", "type": "Feature", "properties": {"id": 91823883, "name": null, "name_en": null, "descriptio": null, "substation": null, "constructi": 0, "ref": null, "operator": null, "wd_operato": null, "voltages": null, "max_voltag": null, "frequency": null, "start_date": null}, "geometry": {"type": "Polygon", "coordinates": [[[6.507489473732562, 49.793504530692246], [6.507543537008019, 49.79369362642785], [6.507888284685549, 49.79365255510228], [6.508064723747367, 49.79363143270627], [6.508048043760027, 49.793573346117306], [6.50801057665285, 49.79344233697069], [6.507489473732562, 49.793504530692246]]]}}, {"id": "17", "type": "Feature", "properties": {"id": 91823884, "name": "Poste Roullingen", "name_en": null, "descriptio": null, "substation": null, "constructi": 0, "ref": null, "operator": "Creos", "wd_operato": null, "voltages": "65000", "max_voltag": 65000.0, "frequency": null, "start_date": null}, "geometry": {"type": "Polygon", "coordinates": [[[5.917268374038003, 49.95188469828834], [5.917929454741284, 49.952114781530454], [5.918035485816432, 49.952151661904416], [5.918062056449486, 49.95213456282195], [5.918079658446146, 49.952127941118434], [5.918113018420797, 49.952145878391214], [5.918576034752078, 49.95234545150579], [5.918723556247953, 49.952409153969924], [5.918909299222264, 49.95248936878329], [5.919163689983578, 49.95227713899494], [5.918985825998249, 49.95179911905694], [5.9189534718520065, 49.951711779625896], [5.918905399999999, 49.9515456], [5.9182873, 49.951538599999985], [5.9178114375446, 49.951340377496244], [5.917268374038003, 49.95188469828834]]]}}, {"id": "18", "type": "Feature", "properties": {"id": 91823901, "name": "Poste Erpeldange", "name_en": null, "descriptio": null, "substation": null, "constructi": 0, "ref": null, "operator": "Creos", "wd_operato": "Q21036415", "voltages": null, "max_voltag": null, "frequency": null, "start_date": null}, "geometry": {"type": "Polygon", "coordinates": [[[6.322477820459369, 49.54805172800611], [6.322821646127551, 49.548305951129386], [6.323539388496299, 49.54791158258507], [6.323479374069564, 49.54784813157803], [6.323241747114594, 49.547626681696215], [6.322477820459369, 49.54805172800611]]]}}, {"id": "19", "type": "Feature", "properties": {"id": 91823907, "name": "Poste Dupont", "name_en": null, "descriptio": null, "substation": null, "constructi": 0, "ref": null, "operator": "Creos", "wd_operato": null, "voltages": null, "max_voltag": null, "frequency": null, "start_date": null}, "geometry": {"type": "Polygon", "coordinates": [[[6.201486975987422, 49.59734503001731], [6.201901964013531, 49.597824391059795], [6.202636554007655, 49.59755717598665], [6.202221482162514, 49.597077731125125], [6.201486975987422, 49.59734503001731]]]}}, {"id": "20", "type": "Feature", "properties": {"id": 91823909, "name": "Poste Monsanto", "name_en": null, "descriptio": null, "substation": null, "constructi": 0, "ref": null, "operator": null, "wd_operato": null, "voltages": "65000;20000", "max_voltag": 65000.0, "frequency": null, "start_date": null}, "geometry": {"type": "Polygon", "coordinates": [[[6.442415897892714, 49.80307867577315], [6.442991399364615, 49.803510595243694], [6.443378894748321, 49.8032993712837], [6.443312090980044, 49.80324782257921], [6.443130874233419, 49.80310968881492], [6.443282921956978, 49.803026624154455], [6.442957955570962, 49.80278044765824], [6.442415897892714, 49.80307867577315]]]}}, {"id": "21", "type": "Feature", "properties": {"id": 91823914, "name": "Poste Koerich", "name_en": null, "descriptio": null, "substation": null, "constructi": 0, "ref": null, "operator": "Creos", "wd_operato": "Q21036415", "voltages": null, "max_voltag": null, "frequency": null, "start_date": null}, "geometry": {"type": "Polygon", "coordinates": [[[5.955383234700861, 49.67314073639669], [5.955532516396374, 49.67320125373762], [5.9556150781426425, 49.67320779162209], [5.955613317942976, 49.67322765673261], [5.955605690411062, 49.67330233948988], [5.955715660980701, 49.67340786765083], [5.956807990602272, 49.67344122762549], [5.956883092454718, 49.67290839004072], [5.95541592412323, 49.67284368174823], [5.955383234700861, 49.67314073639669]]]}}, {"id": "22", "type": "Feature", "properties": {"id": 91823933, "name": "Roost", "name_en": null, "descriptio": null, "substation": null, "constructi": 0, "ref": null, "operator": null, "wd_operato": null, "voltages": "220000;65000", "max_voltag": 220000.0, "frequency": null, "start_date": null}, "geometry": {"type": "Polygon", "coordinates": [[[6.081939076146796, 49.77633068164197], [6.083296273908644, 49.77673418646075], [6.082837783805048, 49.777393590783376], [6.083793739861988, 49.777662566056236], [6.0847217, 49.7764268], [6.08478196624614, 49.77634635580092], [6.084684987626446, 49.776308721055614], [6.084757323450817, 49.77618592617414], [6.084743996224774, 49.77614552540087], [6.084683562702907, 49.77611929004394], [6.084722538552654, 49.7760653944065], [6.08476729791559, 49.776003619780134], [6.084705355651153, 49.775984425221864], [6.084401763118195, 49.77589004499214], [6.084152820593943, 49.77581293148293], [6.084005382917127, 49.77576725011063], [6.0834046519166805, 49.77558058512695], [6.083248497060567, 49.77553481993562], [6.082998045793744, 49.77547237475698], [6.082719431332237, 49.77540456516031], [6.082627649492507, 49.77538226929791], [6.08256419848547, 49.77546969254797], [6.081939076146796, 49.77633068164197]]]}}, {"id": "23", "type": "Feature", "properties": {"id": 91823934, "name": "Poste Colmar", "name_en": null, "descriptio": null, "substation": null, "constructi": 0, "ref": null, "operator": "Creos", "wd_operato": "Q21036415", "voltages": null, "max_voltag": null, "frequency": null, "start_date": null}, "geometry": {"type": "Polygon", "coordinates": [[[6.100198130200938, 49.806608379018556], [6.101142267774406, 49.806937033441955], [6.101562871675668, 49.80645146979113], [6.1015027734299, 49.80635725719949], [6.100970857854521, 49.80616338377909], [6.100963565598761, 49.80617914175702], [6.10084764387787, 49.806144356858866], [6.100661649446436, 49.80635918503723], [6.100445396344554, 49.806279389318995], [6.100198130200938, 49.806608379018556]]]}}, {"id": "24", "type": "Feature", "properties": {"id": 92058477, "name": null, "name_en": null, "descriptio": null, "substation": null, "constructi": 0, "ref": null, "operator": null, "wd_operato": null, "voltages": null, "max_voltag": null, "frequency": null, "start_date": null}, "geometry": {"type": "Polygon", "coordinates": [[[6.094028881827172, 49.8046442476479], [6.094076155761059, 49.80484952045662], [6.094322835171455, 49.80482236309036], [6.0944287824275705, 49.80471599673908], [6.094452922308733, 49.80467878108898], [6.094429452979825, 49.80458993291534], [6.094028881827172, 49.8046442476479]]]}}, {"id": "25", "type": "Feature", "properties": {"id": 92058483, "name": "Poste Bonnevoie", "name_en": null, "descriptio": null, "substation": null, "constructi": 0, "ref": null, "operator": "Creos", "wd_operato": null, "voltages": null, "max_voltag": null, "frequency": null, "start_date": null}, "geometry": {"type": "Polygon", "coordinates": [[[6.15376125750774, 49.593497485003574], [6.153999974110122, 49.59366788909507], [6.15413534184637, 49.5937638618864], [6.154169959106496, 49.593790264881406], [6.155649197378551, 49.59292826995906], [6.155687754133141, 49.592905052087254], [6.155317441650936, 49.59263096385349], [6.15481352163215, 49.59291158997175], [6.15376125750774, 49.593497485003574]]]}}, {"id": "26", "type": "Feature", "properties": {"id": 92058484, "name": "Poste Marnach", "name_en": null, "descriptio": null, "substation": null, "constructi": 0, "ref": null, "operator": "Creos", "wd_operato": null, "voltages": null, "max_voltag": null, "frequency": null, "start_date": null}, "geometry": {"type": "Polygon", "coordinates": [[[6.0753727770196795, 50.044321080857124], [6.076555295919405, 50.04458418879775], [6.0766711338212644, 50.04434379581476], [6.076791581769868, 50.044093763643076], [6.0761890905697555, 50.0439543725933], [6.076036623751037, 50.04397658463672], [6.075509318222401, 50.04405327905076], [6.0753727770196795, 50.044321080857124]]]}}, {"id": "27", "type": "Feature", "properties": {"id": 92058486, "name": "Poste Troisvierges", "name_en": null, "descriptio": null, "substation": null, "constructi": 0, "ref": null, "operator": "Creos", "wd_operato": "Q21036415", "voltages": null, "max_voltag": null, "frequency": null, "start_date": null}, "geometry": {"type": "Polygon", "coordinates": [[[6.007117849830365, 50.12674402279972], [6.00753267021841, 50.127010567320646], [6.007533340770665, 50.12704443020945], [6.007595366854133, 50.12704987844652], [6.007637527827115, 50.12707686817473], [6.0080493, 50.12669889999998], [6.00760408403346, 50.12643959207644], [6.007117849830365, 50.12674402279972]]]}}, {"id": "28", "type": "Feature", "properties": {"id": 92058501, "name": "Poste Lentzweiler", "name_en": null, "descriptio": null, "substation": null, "constructi": 0, "ref": null, "operator": "Creos", "wd_operato": null, "voltages": null, "max_voltag": null, "frequency": null, "start_date": null}, "geometry": {"type": "Polygon", "coordinates": [[[5.982835643974738, 50.066090643598436], [5.9830475384869715, 50.066113861470214], [5.983519000000001, 50.066159400000004], [5.98353536525167, 50.06609801967323], [5.983539891479382, 50.06607848983885], [5.983628739653028, 50.06608058531464], [5.983667547864712, 50.06606809627892], [5.983699818191924, 50.06604948845385], [5.98370744572381, 50.066003890900575], [5.9837905942033, 50.06565386262406], [5.9829593608655784, 50.065559650032384], [5.982835643974738, 50.066090643598436]]]}}, {"id": "29", "type": "Feature", "properties": {"id": 92826599, "name": "Poste Dommeldange", "name_en": null, "descriptio": null, "substation": null, "constructi": 0, "ref": null, "operator": "Creos", "wd_operato": null, "voltages": "65000", "max_voltag": 65000.0, "frequency": "50", "start_date": null}, "geometry": {"type": "Polygon", "coordinates": [[[6.133234395730966, 49.6397881378409], [6.13327462886619, 49.64038409115655], [6.133788439530748, 49.64036942282596], [6.133781985465305, 49.64027386912982], [6.133816435087341, 49.64027286330143], [6.133815596897023, 49.64026003898961], [6.133811489764469, 49.640199773105756], [6.133806292984503, 49.64012165376817], [6.133847280491011, 49.64012048030173], [6.13382724774243, 49.63982468293875], [6.133805035699027, 49.63982526967195], [6.133803526956456, 49.63980305762856], [6.133717277172791, 49.63980557219952], [6.133715181696999, 49.639774559157786], [6.133234395730966, 49.6397881378409]]]}}, {"id": "30", "type": "Feature", "properties": {"id": 92826600, "name": "Poste Esch-sur-S\u00fbre", "name_en": null, "descriptio": null, "substation": null, "constructi": 0, "ref": null, "operator": "Creos", "wd_operato": null, "voltages": null, "max_voltag": null, "frequency": null, "start_date": null}, "geometry": {"type": "Polygon", "coordinates": [[[5.924669762178269, 49.9049667438175], [5.924854834600353, 49.90518618204259], [5.925420780702609, 49.9052802269962], [5.925288095175375, 49.9048259278442], [5.925093299745639, 49.90478602998509], [5.924952567591334, 49.904757280057176], [5.924764980598326, 49.90471889094067], [5.924669762178269, 49.9049667438175]]]}}, {"id": "31", "type": "Feature", "properties": {"id": 95233545, "name": "Berchem", "name_en": null, "descriptio": null, "substation": "transmission", "constructi": 0, "ref": null, "operator": "CREOS; SNCFL", "wd_operato": null, "voltages": "220000", "max_voltag": 220000.0, "frequency": null, "start_date": null}, "geometry": {"type": "Polygon", "coordinates": [[[6.13791476664403, 49.550763860416], [6.137951982294112, 49.550788838487435], [6.139433064584863, 49.551716631349706], [6.139858865266091, 49.55145872018905], [6.140217945998046, 49.55124364055366], [6.140249378134939, 49.551224865090504], [6.139100973581151, 49.550015188824524], [6.1390454, 49.550043499999994], [6.139019166206168, 49.55005039281789], [6.13791476664403, 49.550763860416]]]}}, {"id": "32", "type": "Feature", "properties": {"id": 97829310, "name": "Poste Kirchberg A", "name_en": null, "descriptio": null, "substation": null, "constructi": 0, "ref": null, "operator": "Creos", "wd_operato": "Q21036415", "voltages": null, "max_voltag": null, "frequency": null, "start_date": null}, "geometry": {"type": "Polygon", "coordinates": [[[6.175718574880108, 49.63696972289882], [6.1764784782218385, 49.63704365128479], [6.176587778239195, 49.63702822858298], [6.176966053529441, 49.63696234682403], [6.176970328300057, 49.63694449337026], [6.177350196151878, 49.63683217586773], [6.177404259427335, 49.63678657831447], [6.177505428998643, 49.63676662938495], [6.177564353777967, 49.636673757897775], [6.177234861164208, 49.636594381274705], [6.177059260292709, 49.63657644400191], [6.177063618882358, 49.636558422910106], [6.176062316729257, 49.63646773071773], [6.175934744162958, 49.6364562475104], [6.175890571533245, 49.636476950811215], [6.175856960101499, 49.636467982174835], [6.175811027272117, 49.63652548203062], [6.175797197131885, 49.63659203434182], [6.175766016452087, 49.636741735132496], [6.175730728639707, 49.636911636309854], [6.17572259819363, 49.63695077979764], [6.175718574880108, 49.63696972289882]]]}}, {"id": "33", "type": "Feature", "properties": {"id": 99145821, "name": "Poste Ecco", "name_en": null, "descriptio": null, "substation": null, "constructi": 0, "ref": null, "operator": "Creos", "wd_operato": "Q21036415", "voltages": null, "max_voltag": null, "frequency": null, "start_date": null}, "geometry": {"type": "Polygon", "coordinates": [[[6.116034730418902, 49.58555529647054], [6.116062474518429, 49.58561631672565], [6.116172864183226, 49.585859224279616], [6.116512498899795, 49.58613876075045], [6.116783653467479, 49.586034741332064], [6.1165232277358825, 49.5857537799377], [6.116562119766599, 49.58573307663685], [6.116274033754507, 49.58547659039974], [6.116203625767867, 49.585499724452525], [6.116034730418902, 49.58555529647054]]]}}, {"id": "34", "type": "Feature", "properties": {"id": 108430558, "name": "Poste Findel", "name_en": null, "descriptio": null, "substation": null, "constructi": 0, "ref": null, "operator": "Creos", "wd_operato": null, "voltages": null, "max_voltag": null, "frequency": null, "start_date": null}, "geometry": {"type": "Polygon", "coordinates": [[[6.215487771772332, 49.64389845551915], [6.216150361218183, 49.64415318155659], [6.216440291248972, 49.64383693234985], [6.216507178836281, 49.64376392597321], [6.21584467320946, 49.643509283754774], [6.215487771772332, 49.64389845551915]]]}}, {"id": "35", "type": "Feature", "properties": {"id": 115306339, "name": "Poste Woiwer", "name_en": null, "descriptio": null, "substation": null, "constructi": 0, "ref": null, "operator": "Creos", "wd_operato": null, "voltages": null, "max_voltag": null, "frequency": "50", "start_date": null}, "geometry": {"type": "Polygon", "coordinates": [[[5.908327062646691, 49.522829072614435], [5.908358578602616, 49.523043230240546], [5.908364781210963, 49.52306552610298], [5.9090246884478015, 49.523080781166755], [5.909009852479187, 49.52296661964553], [5.908992669577685, 49.52283452085151], [5.90898705370256, 49.52279177314536], [5.908327062646691, 49.522829072614435]]]}}, {"id": "36", "type": "Feature", "properties": {"id": 117574974, "name": null, "name_en": null, "descriptio": null, "substation": null, "constructi": 0, "ref": null, "operator": null, "wd_operato": null, "voltages": "65000", "max_voltag": 65000.0, "frequency": null, "start_date": null}, "geometry": {"type": "Polygon", "coordinates": [[[6.113042139528886, 49.57511588752501], [6.113067369057432, 49.575221331866935], [6.11313853141536, 49.57521412343019], [6.113175495608374, 49.57536843426766], [6.113367022095873, 49.575349155890336], [6.113359562202049, 49.57531805902956], [6.1133698719429495, 49.57531705320118], [6.11331513811524, 49.57508847870165], [6.113042139528886, 49.57511588752501]]]}}, {"id": "37", "type": "Feature", "properties": {"id": 125618776, "name": null, "name_en": null, "descriptio": null, "substation": null, "constructi": 0, "ref": null, "operator": null, "wd_operato": null, "voltages": null, "max_voltag": null, "frequency": null, "start_date": null}, "geometry": {"type": "Polygon", "coordinates": [[[6.055084799483353, 49.60911129423518], [6.055092762291366, 49.60914658204758], [6.055176246046983, 49.60913853542052], [6.055168199419939, 49.60910324760815], [6.055084799483353, 49.60911129423518]]]}}, {"id": "38", "type": "Feature", "properties": {"id": 128541319, "name": null, "name_en": null, "descriptio": null, "substation": null, "constructi": 0, "ref": null, "operator": null, "wd_operato": null, "voltages": null, "max_voltag": null, "frequency": null, "start_date": null}, "geometry": {"type": "Polygon", "coordinates": [[[5.915150183287011, 49.68592012125115], [5.915195864659296, 49.685941662742316], [5.915230984833613, 49.68591048206251], [5.915185219642268, 49.685888940571374], [5.915150183287011, 49.68592012125115]]]}}, {"id": "39", "type": "Feature", "properties": {"id": 128663454, "name": null, "name_en": null, "descriptio": null, "substation": null, "constructi": 0, "ref": null, "operator": null, "wd_operato": null, "voltages": null, "max_voltag": null, "frequency": null, "start_date": null}, "geometry": {"type": "Polygon", "coordinates": [[[5.88633931896578, 49.55841025158603], [5.886402434696691, 49.55842349499302], [5.886411500000001, 49.55840529999998], [5.886427245130079, 49.55837337121207], [5.886364129399168, 49.558360295443116], [5.88633931896578, 49.55841025158603]]]}}, {"id": "40", "type": "Feature", "properties": {"id": 129453097, "name": null, "name_en": null, "descriptio": null, "substation": null, "constructi": 0, "ref": null, "operator": null, "wd_operato": null, "voltages": null, "max_voltag": null, "frequency": null, "start_date": null}, "geometry": {"type": "Polygon", "coordinates": [[[5.907916499999999, 49.57661039999998], [5.9079215, 49.57663250000002], [5.9079816, 49.57662679999996], [5.9079766000000005, 49.576604699999976], [5.907916499999999, 49.57661039999998]]]}}, {"id": "41", "type": "Feature", "properties": {"id": 130527346, "name": null, "name_en": null, "descriptio": null, "substation": "minor_distribution", "constructi": 0, "ref": null, "operator": null, "wd_operato": null, "voltages": null, "max_voltag": null, "frequency": null, "start_date": null}, "geometry": {"type": "Polygon", "coordinates": [[[6.382388982134644, 49.696228269593], [6.382442877772036, 49.69623547802974], [6.382450756761017, 49.69621058377728], [6.382396861123624, 49.69620337534056], [6.382388982134644, 49.696228269593]]]}}, {"id": "42", "type": "Feature", "properties": {"id": 130661139, "name": "Mertert", "name_en": null, "descriptio": "Autotransformer station of 2 x 25 kV railway electrification", "substation": "traction", "constructi": 0, "ref": null, "operator": null, "wd_operato": null, "voltages": null, "max_voltag": null, "frequency": null, "start_date": null}, "geometry": {"type": "Polygon", "coordinates": [[[6.464196943841359, 49.70639291975249], [6.464278667397309, 49.70648838962965], [6.464717627666488, 49.706331061307054], [6.464635987929569, 49.70623567524891], [6.464196943841359, 49.70639291975249]]]}}, {"id": "43", "type": "Feature", "properties": {"id": 130771446, "name": null, "name_en": null, "descriptio": null, "substation": null, "constructi": 0, "ref": null, "operator": null, "wd_operato": null, "voltages": null, "max_voltag": null, "frequency": null, "start_date": null}, "geometry": {"type": "Polygon", "coordinates": [[[6.383295484962844, 49.689154781504875], [6.383388775545171, 49.68918227414727], [6.383445688667706, 49.68910155641968], [6.3833524819044385, 49.68907406377731], [6.383295484962844, 49.689154781504875]]]}}, {"id": "44", "type": "Feature", "properties": {"id": 130861776, "name": null, "name_en": null, "descriptio": null, "substation": "minor_distribution", "constructi": 0, "ref": null, "operator": null, "wd_operato": null, "voltages": null, "max_voltag": null, "frequency": null, "start_date": null}, "geometry": {"type": "Polygon", "coordinates": [[[6.392996867333949, 49.68482971946732], [6.392998962809742, 49.68487548465865], [6.39303307715565, 49.684874730287355], [6.393032322784364, 49.68486006195678], [6.393079596718252, 49.684859139947484], [6.393076830690205, 49.68480197536781], [6.393039363583028, 49.68480264592009], [6.393040117954314, 49.68482024791674], [6.3930405370494725, 49.684828881277014], [6.392996867333949, 49.68482971946732]]]}}, {"id": "45", "type": "Feature", "properties": {"id": 130862386, "name": null, "name_en": null, "descriptio": null, "substation": null, "constructi": 0, "ref": null, "operator": null, "wd_operato": null, "voltages": null, "max_voltag": null, "frequency": null, "start_date": null}, "geometry": {"type": "Polygon", "coordinates": [[[6.399130576438239, 49.68179521906143], [6.399138790703347, 49.681815754724184], [6.399183047152122, 49.681808378649386], [6.399174916706045, 49.68178784298663], [6.399130576438239, 49.68179521906143]]]}}, {"id": "46", "type": "Feature", "properties": {"id": 131383216, "name": null, "name_en": null, "descriptio": null, "substation": null, "constructi": 0, "ref": null, "operator": null, "wd_operato": null, "voltages": null, "max_voltag": null, "frequency": null, "start_date": null}, "geometry": {"type": "Polygon", "coordinates": [[[6.409265973755652, 49.69711348238714], [6.409334034809433, 49.697118092433904], [6.409343757817113, 49.69705799418811], [6.409275696763359, 49.69705338414136], [6.409265973755652, 49.69711348238714]]]}}, {"id": "47", "type": "Feature", "properties": {"id": 131383217, "name": null, "name_en": null, "descriptio": null, "substation": null, "constructi": 0, "ref": null, "operator": null, "wd_operato": null, "voltages": null, "max_voltag": null, "frequency": null, "start_date": null}, "geometry": {"type": "Polygon", "coordinates": [[[6.419080176543475, 49.69791495996861], [6.4191454715691805, 49.69792459915726], [6.419165420498758, 49.69786751839665], [6.4191001254730224, 49.697857963027005], [6.419080176543475, 49.69791495996861]]]}}, {"id": "48", "type": "Feature", "properties": {"id": 131391509, "name": null, "name_en": null, "descriptio": null, "substation": null, "constructi": 0, "ref": null, "operator": null, "wd_operato": null, "voltages": null, "max_voltag": null, "frequency": null, "start_date": null}, "geometry": {"type": "Polygon", "coordinates": [[[6.381110071348416, 49.69694953236106], [6.3811902861617975, 49.697001332522696], [6.381259185405867, 49.6969567407978], [6.381179054411547, 49.69690494063618], [6.381110071348416, 49.69694953236106]]]}}, {"id": "49", "type": "Feature", "properties": {"id": 131710180, "name": null, "name_en": null, "descriptio": null, "substation": null, "constructi": 0, "ref": null, "operator": null, "wd_operato": null, "voltages": null, "max_voltag": null, "frequency": null, "start_date": null}, "geometry": {"type": "Polygon", "coordinates": [[[6.39464508477397, 49.68362775455224], [6.394648940449429, 49.6836765372287], [6.3947257186825075, 49.68367402265774], [6.39472186300705, 49.68362523998129], [6.39464508477397, 49.68362775455224]]]}}, {"id": "50", "type": "Feature", "properties": {"id": 133344196, "name": "Poste Galvalange", "name_en": null, "descriptio": null, "substation": null, "constructi": 0, "ref": null, "operator": "Creos", "wd_operato": null, "voltages": null, "max_voltag": null, "frequency": null, "start_date": null}, "geometry": {"type": "Polygon", "coordinates": [[[6.089980422594351, 49.503690254003196], [6.090317039825806, 49.50412016181698], [6.090756922104362, 49.503981860414626], [6.090505884104317, 49.50365857040921], [6.090262976550349, 49.50354625290668], [6.0900202366344445, 49.50363669364192], [6.089980422594351, 49.503690254003196]]]}}, {"id": "51", "type": "Feature", "properties": {"id": 133360004, "name": "Poste Galvalange", "name_en": null, "descriptio": null, "substation": null, "constructi": 0, "ref": null, "operator": "Creos", "wd_operato": null, "voltages": null, "max_voltag": null, "frequency": null, "start_date": null}, "geometry": {"type": "Polygon", "coordinates": [[[6.079893221220203, 49.50136746099576], [6.079897244533726, 49.50191521836817], [6.080979599690522, 49.50191781675814], [6.080978174766983, 49.5020685233772], [6.08128796990826, 49.5020711217672], [6.081289227193735, 49.50192133715748], [6.081215550264858, 49.50188906683024], [6.081207419818781, 49.5018159766346], [6.081281264385723, 49.50179678207633], [6.081281348204755, 49.501769624710015], [6.081284030413769, 49.50157097360483], [6.081283946594738, 49.501490255877265], [6.080962081512894, 49.50137005938576], [6.079893221220203, 49.50136746099576]]]}}, {"id": "52", "type": "Feature", "properties": {"id": 133397781, "name": null, "name_en": null, "descriptio": null, "substation": null, "constructi": 0, "ref": null, "operator": null, "wd_operato": null, "voltages": null, "max_voltag": null, "frequency": null, "start_date": null}, "geometry": {"type": "Polygon", "coordinates": [[[6.145764167508928, 49.575929183589935], [6.145974637097623, 49.57599045530216], [6.145999279892948, 49.575954832213625], [6.145788726485222, 49.575893644320495], [6.145764167508928, 49.575929183589935]]]}}, {"id": "53", "type": "Feature", "properties": {"id": 138453340, "name": null, "name_en": null, "descriptio": null, "substation": "minor_distribution", "constructi": 0, "ref": null, "operator": null, "wd_operato": null, "voltages": null, "max_voltag": null, "frequency": null, "start_date": null}, "geometry": {"type": "Polygon", "coordinates": [[[6.427073746142952, 49.748103784514846], [6.427121942086188, 49.74812599655826], [6.427166030896898, 49.74808609869914], [6.427117834953634, 49.74806371901767], [6.427073746142952, 49.748103784514846]]]}}, {"id": "54", "type": "Feature", "properties": {"id": 140062890, "name": "Poste Aspelt", "name_en": null, "descriptio": null, "substation": null, "constructi": 0, "ref": null, "operator": "Creos", "wd_operato": "Q21036415", "voltages": null, "max_voltag": null, "frequency": null, "start_date": null}, "geometry": {"type": "Polygon", "coordinates": [[[6.224715576614101, 49.52948782413354], [6.225815366129524, 49.52967624931689], [6.22582592732752, 49.52965018159802], [6.225970766614352, 49.5292940345322], [6.225975879575287, 49.5292814616774], [6.22487592242183, 49.52909312031313], [6.2249162393760855, 49.52915338619692], [6.22487734734537, 49.529223878002604], [6.224811884681571, 49.52925095154985], [6.224715576614101, 49.52948782413354]]]}}, {"id": "55", "type": "Feature", "properties": {"id": 144340453, "name": null, "name_en": null, "descriptio": null, "substation": null, "constructi": 0, "ref": null, "operator": null, "wd_operato": null, "voltages": null, "max_voltag": null, "frequency": null, "start_date": null}, "geometry": {"type": "Polygon", "coordinates": [[[6.075462547202676, 49.61651528076547], [6.075517448668479, 49.61653598406629], [6.075558017079828, 49.616490889427205], [6.075503199433058, 49.616470186126364], [6.075462547202676, 49.61651528076547]]]}}, {"id": "56", "type": "Feature", "properties": {"id": 144436242, "name": null, "name_en": null, "descriptio": null, "substation": null, "constructi": 0, "ref": null, "operator": null, "wd_operato": null, "voltages": null, "max_voltag": null, "frequency": null, "start_date": null}, "geometry": {"type": "Polygon", "coordinates": [[[6.074266198162718, 49.61519622066303], [6.074315483753395, 49.61521642104968], [6.074355046336365, 49.61517576881932], [6.074305760745716, 49.61515556843264], [6.074266198162718, 49.61519622066303]]]}}, {"id": "57", "type": "Feature", "properties": {"id": 146811980, "name": "Poste Riedgen", "name_en": null, "descriptio": null, "substation": "transmission", "constructi": 0, "ref": null, "operator": "CREOS", "wd_operato": null, "voltages": "65000", "max_voltag": 65000.0, "frequency": null, "start_date": null}, "geometry": {"type": "Polygon", "coordinates": [[[6.109671021891529, 49.49534045351884], [6.110547517506375, 49.49560657894459], [6.110840548841311, 49.495201984478406], [6.1108291494529965, 49.495176754949874], [6.1109290000000005, 49.4950326], [6.1104544, 49.4948898], [6.110378, 49.49491499999999], [6.1102134, 49.49486580000001], [6.1101296, 49.494982499999985], [6.10996782508289, 49.49493569141461], [6.109949384895913, 49.494960334209935], [6.109853663561665, 49.49509545048907], [6.109671021891529, 49.49534045351884]]]}}, {"id": "58", "type": "Feature", "properties": {"id": 148685769, "name": "Belval", "name_en": null, "descriptio": null, "substation": "distribution", "constructi": 0, "ref": null, "operator": null, "wd_operato": null, "voltages": "65000", "max_voltag": 65000.0, "frequency": null, "start_date": null}, "geometry": {"type": "Polygon", "coordinates": [[[5.948749880348373, 49.510617645519034], [5.949018771802173, 49.51092392026099], [5.949186745141759, 49.51086239709168], [5.949383719866347, 49.511083344059344], [5.950018816669797, 49.51085644594045], [5.950157620986346, 49.51081235712972], [5.950149322902206, 49.51078804961053], [5.950091068675163, 49.51070817007331], [5.949949917425727, 49.510518571423496], [5.949922340964263, 49.51052477403185], [5.949900799473113, 49.51046475960513], [5.949912953232712, 49.510395776542026], [5.949918820564932, 49.51036685897608], [5.94987967707712, 49.51027214347022], [5.9498402821322145, 49.510157143758654], [5.949800635730184, 49.51016359782411], [5.9497085186143295, 49.509855730520535], [5.9496960295785755, 49.50981608411855], [5.949731736486114, 49.50963025732518], [5.949658646290431, 49.50940654432948], [5.949562254403928, 49.50929187989408], [5.948972671334701, 49.50926312996619], [5.948889439036207, 49.50972396700263], [5.948883152608829, 49.509753136025715], [5.948876698543387, 49.509783143239076], [5.948972419877606, 49.50979227951353], [5.9491086258042, 49.510104840682864], [5.949118097354785, 49.51016183762446], [5.949076942210184, 49.51016728586151], [5.949118684088006, 49.51032536855535], [5.949153385167136, 49.510457048254196], [5.948749880348373, 49.510617645519034]]]}}, {"id": "59", "type": "Feature", "properties": {"id": 157420698, "name": null, "name_en": null, "descriptio": null, "substation": null, "constructi": 0, "ref": null, "operator": null, "wd_operato": null, "voltages": null, "max_voltag": null, "frequency": null, "start_date": null}, "geometry": {"type": "Polygon", "coordinates": [[[6.066048328834313, 49.512361584293295], [6.066319231944873, 49.51242025761554], [6.066352089005336, 49.512354962589775], [6.066483517247093, 49.512385053622175], [6.06654789026345, 49.51236845745389], [6.066602121176999, 49.51226267783583], [6.066144050168561, 49.51215413218974], [6.066048328834313, 49.512361584293295]]]}}, {"id": "60", "type": "Feature", "properties": {"id": 157685741, "name": null, "name_en": null, "descriptio": null, "substation": null, "constructi": 0, "ref": null, "operator": null, "wd_operato": null, "voltages": null, "max_voltag": null, "frequency": null, "start_date": null}, "geometry": {"type": "Polygon", "coordinates": [[[6.072120430950292, 49.61118296542354], [6.072179355729617, 49.61121029042791], [6.072207770381369, 49.61118464180416], [6.072148845602072, 49.6111572329808], [6.072120430950292, 49.61118296542354]]]}}, {"id": "61", "type": "Feature", "properties": {"id": 157711881, "name": null, "name_en": null, "descriptio": null, "substation": null, "constructi": 0, "ref": null, "operator": null, "wd_operato": null, "voltages": null, "max_voltag": null, "frequency": null, "start_date": null}, "geometry": {"type": "Polygon", "coordinates": [[[6.017163225507687, 49.662073941998635], [6.017184096446584, 49.6621326991399], [6.017269843316058, 49.662119874828036], [6.017249056196192, 49.66206128532485], [6.017163225507687, 49.662073941998635]]]}}, {"id": "62", "type": "Feature", "properties": {"id": 157744108, "name": null, "name_en": null, "descriptio": null, "substation": null, "constructi": 0, "ref": null, "operator": null, "wd_operato": null, "voltages": null, "max_voltag": null, "frequency": null, "start_date": null}, "geometry": {"type": "Polygon", "coordinates": [[[6.130708173933499, 49.6636994444811], [6.130719657140844, 49.6637488977098], [6.130780928853056, 49.66374286273952], [6.130769445645712, 49.66369349332983], [6.130708173933499, 49.6636994444811]]]}}, {"id": "63", "type": "Feature", "properties": {"id": 158032917, "name": "Scierie", "name_en": null, "descriptio": null, "substation": "distribution", "constructi": 0, "ref": "Tr1, Tr2", "operator": "Hoffmann Fr\u00e8res Energie et Bois s.\u00e0 r.l.", "wd_operato": null, "voltages": "20000;400", "max_voltag": 20000.0, "frequency": "50", "start_date": null}, "geometry": {"type": "Polygon", "coordinates": [[[6.105783327561569, 49.74986121815324], [6.105860357251742, 49.7499094979155], [6.105910564851769, 49.749874880655376], [6.105833535161595, 49.74982727144538], [6.105783327561569, 49.74986121815324]]]}}, {"id": "64", "type": "Feature", "properties": {"id": 159555708, "name": null, "name_en": null, "descriptio": null, "substation": null, "constructi": 0, "ref": null, "operator": null, "wd_operato": null, "voltages": null, "max_voltag": null, "frequency": null, "start_date": null}, "geometry": {"type": "Polygon", "coordinates": [[[6.1387814554321665, 49.57889512002792], [6.13879972798108, 49.578920768651614], [6.138877763499636, 49.578897299322726], [6.138859490950722, 49.57887173451807], [6.1387814554321665, 49.57889512002792]]]}}, {"id": "65", "type": "Feature", "properties": {"id": 160406892, "name": "Differdange-Arbed", "name_en": null, "descriptio": null, "substation": null, "constructi": 0, "ref": null, "operator": null, "wd_operato": null, "voltages": "220000", "max_voltag": 220000.0, "frequency": null, "start_date": null}, "geometry": {"type": "Polygon", "coordinates": [[[5.902685455077687, 49.52579643397596], [5.902972199985243, 49.52584504901435], [5.902845046514102, 49.526161046764], [5.9039250547380115, 49.52634402371025], [5.9039383819640525, 49.52631074755465], [5.90438463448902, 49.52638635232127], [5.904458479055961, 49.526202872460814], [5.904028152147049, 49.5261299499032], [5.904107864046239, 49.525931885531236], [5.90272518529872, 49.525697695156566], [5.902685455077687, 49.52579643397596]]]}}, {"id": "66", "type": "Feature", "properties": {"id": 160406915, "name": null, "name_en": null, "descriptio": null, "substation": null, "constructi": 0, "ref": null, "operator": null, "wd_operato": null, "voltages": null, "max_voltag": null, "frequency": null, "start_date": null}, "geometry": {"type": "Polygon", "coordinates": [[[5.901668143489501, 49.526083597978655], [5.902005682730304, 49.52623983665383], [5.902168124013798, 49.52609197988183], [5.901830668592055, 49.52593565738768], [5.901668143489501, 49.526083597978655]]]}}, {"id": "67", "type": "Feature", "properties": {"id": 160406916, "name": null, "name_en": null, "descriptio": null, "substation": null, "constructi": 0, "ref": null, "operator": null, "wd_operato": null, "voltages": null, "max_voltag": null, "frequency": null, "start_date": null}, "geometry": {"type": "Polygon", "coordinates": [[[5.902405667149736, 49.52541262662962], [5.902882848897406, 49.525489069586556], [5.9030633950917775, 49.52501373185759], [5.902586129525076, 49.524937372719684], [5.902405667149736, 49.52541262662962]]]}}, {"id": "68", "type": "Feature", "properties": {"id": 160406920, "name": null, "name_en": null, "descriptio": null, "substation": null, "constructi": 0, "ref": null, "operator": null, "wd_operato": null, "voltages": null, "max_voltag": null, "frequency": null, "start_date": null}, "geometry": {"type": "Polygon", "coordinates": [[[6.07779204573265, 49.46758202096009], [6.078332175573166, 49.46760632847929], [6.0783604, 49.467082099999985], [6.077849377950372, 49.467085979930296], [6.07779204573265, 49.46758202096009]]]}}, {"id": "69", "type": "Feature", "properties": {"id": 160406925, "name": "Poste Freckeisen", "name_en": null, "descriptio": null, "substation": null, "constructi": 0, "ref": null, "operator": "Creos", "wd_operato": "Q21036415", "voltages": "65000", "max_voltag": 65000.0, "frequency": null, "start_date": null}, "geometry": {"type": "Polygon", "coordinates": [[[6.256982718708941, 49.8028519452923], [6.2576149656653115, 49.803189233076], [6.2580501540780915, 49.8028495983594], [6.2579031, 49.802771099999994], [6.257878995615272, 49.80275815179581], [6.2577509, 49.80268980000001], [6.257418074759783, 49.802512142937665], [6.256982718708941, 49.8028519452923]]]}}, {"id": "70", "type": "Feature", "properties": {"id": 160406926, "name": "Poste Junglinster", "name_en": null, "descriptio": null, "substation": null, "constructi": 0, "ref": null, "operator": "Creos", "wd_operato": "Q21036415", "voltages": null, "max_voltag": null, "frequency": null, "start_date": null}, "geometry": {"type": "Polygon", "coordinates": [[[6.265209724311801, 49.72103233274018], [6.265946661238814, 49.72132192749484], [6.266628696700053, 49.72087802190277], [6.265894693439152, 49.720587169862625], [6.265346349333527, 49.720942897833304], [6.265209724311801, 49.72103233274018]]]}}, {"id": "71", "type": "Feature", "properties": {"id": 160406929, "name": null, "name_en": null, "descriptio": null, "substation": null, "constructi": 0, "ref": null, "operator": null, "wd_operato": null, "voltages": null, "max_voltag": null, "frequency": null, "start_date": null}, "geometry": {"type": "Polygon", "coordinates": [[[5.990101077645534, 49.504179840967566], [5.990820244937822, 49.50474696053628], [5.991030127793295, 49.504634643033754], [5.990896939351869, 49.50452961778699], [5.991071366756898, 49.50443632720471], [5.990485471725094, 49.50397423288271], [5.990101077645534, 49.504179840967566]]]}}, {"id": "72", "type": "Feature", "properties": {"id": 160406932, "name": null, "name_en": null, "descriptio": null, "substation": null, "constructi": 0, "ref": null, "operator": null, "wd_operato": null, "voltages": null, "max_voltag": null, "frequency": null, "start_date": null}, "geometry": {"type": "Polygon", "coordinates": [[[5.955244178927188, 49.5040396955465], [5.955464539161624, 49.50443909323273], [5.955807694277553, 49.504359129876455], [5.956011123067583, 49.504728185073176], [5.956309435001514, 49.504658782914895], [5.955885562158045, 49.50389049767002], [5.955244178927188, 49.5040396955465]]]}}, {"id": "73", "type": "Feature", "properties": {"id": 160406939, "name": null, "name_en": null, "descriptio": null, "substation": null, "constructi": 0, "ref": null, "operator": null, "wd_operato": null, "voltages": null, "max_voltag": null, "frequency": null, "start_date": null}, "geometry": {"type": "Polygon", "coordinates": [[[5.955920179418143, 49.506618052781725], [5.956160237125033, 49.50702398835242], [5.956655775240647, 49.506849728585436], [5.956683938435304, 49.506800526813784], [5.956689219034303, 49.50675836584084], [5.956671617037642, 49.506714277030134], [5.956532393625935, 49.506459131897536], [5.956024198836531, 49.50657019211458], [5.955920179418143, 49.506618052781725]]]}}, {"id": "74", "type": "Feature", "properties": {"id": 160579810, "name": "Poste Sidor", "name_en": null, "descriptio": null, "substation": null, "constructi": 0, "ref": null, "operator": "Creos", "wd_operato": null, "voltages": null, "max_voltag": null, "frequency": null, "start_date": null}, "geometry": {"type": "Polygon", "coordinates": [[[6.068480421859134, 49.55328471779541], [6.068481762963642, 49.55347481935939], [6.068613694119592, 49.55352108746489], [6.068852159264878, 49.55329921848793], [6.068578741583366, 49.5531927683176], [6.068480421859134, 49.55328471779541]]]}}, {"id": "75", "type": "Feature", "properties": {"id": 160615622, "name": "Poste Grevenmacher", "name_en": null, "descriptio": null, "substation": null, "constructi": 0, "ref": null, "operator": "Creos", "wd_operato": null, "voltages": null, "max_voltag": null, "frequency": null, "start_date": null}, "geometry": {"type": "Polygon", "coordinates": [[[6.434917195856599, 49.673536697502605], [6.435222883865349, 49.67378312545589], [6.435519267961553, 49.67366259368827], [6.435173262998546, 49.673413483525955], [6.434917195856599, 49.673536697502605]]]}}, {"id": "76", "type": "Feature", "properties": {"id": 160770811, "name": null, "name_en": null, "descriptio": null, "substation": null, "constructi": 0, "ref": null, "operator": null, "wd_operato": null, "voltages": null, "max_voltag": null, "frequency": null, "start_date": null}, "geometry": {"type": "Polygon", "coordinates": [[[6.110426999999999, 49.756125299999994], [6.1106386, 49.75614569999998], [6.110678699999999, 49.75597199999997], [6.110467099999999, 49.75595159999998], [6.110426999999999, 49.756125299999994]]]}}, {"id": "77", "type": "Feature", "properties": {"id": 160783876, "name": null, "name_en": null, "descriptio": null, "substation": null, "constructi": 0, "ref": null, "operator": null, "wd_operato": null, "voltages": null, "max_voltag": null, "frequency": null, "start_date": null}, "geometry": {"type": "Polygon", "coordinates": [[[6.097304697225439, 49.79809462850811], [6.097317270080196, 49.798268385360885], [6.09771205771969, 49.79825648305839], [6.097836948076974, 49.798252627382915], [6.097824375222218, 49.798078954349165], [6.097304697225439, 49.79809462850811]]]}}, {"id": "78", "type": "Feature", "properties": {"id": 160783878, "name": null, "name_en": null, "descriptio": null, "substation": null, "constructi": 0, "ref": null, "operator": null, "wd_operato": null, "voltages": null, "max_voltag": null, "frequency": null, "start_date": null}, "geometry": {"type": "Polygon", "coordinates": [[[6.055533566579272, 49.78464167391461], [6.055543876320172, 49.78481911880481], [6.056028098866506, 49.784807384140365], [6.056017789125604, 49.78462993925018], [6.055533566579272, 49.78464167391461]]]}}, {"id": "79", "type": "Feature", "properties": {"id": 160783880, "name": null, "name_en": null, "descriptio": null, "substation": null, "constructi": 0, "ref": null, "operator": null, "wd_operato": null, "voltages": null, "max_voltag": null, "frequency": null, "start_date": null}, "geometry": {"type": "Polygon", "coordinates": [[[6.101944751184248, 49.80679387053577], [6.102182797234378, 49.80687559409172], [6.102489155795353, 49.806514334064936], [6.102251193564257, 49.80642607262452], [6.101944751184248, 49.80679387053577]]]}}, {"id": "80", "type": "Feature", "properties": {"id": 160783882, "name": null, "name_en": null, "descriptio": null, "substation": null, "constructi": 0, "ref": null, "operator": null, "wd_operato": null, "voltages": null, "max_voltag": null, "frequency": null, "start_date": null}, "geometry": {"type": "Polygon", "coordinates": [[[6.096470194945483, 49.79399428529465], [6.096493580455331, 49.79426686478587], [6.096724250430669, 49.79425856670171], [6.096718299279416, 49.79418933218153], [6.096744031722181, 49.79418849399121], [6.096732799971904, 49.7940568981114], [6.096726597363556, 49.79398506520118], [6.096470194945483, 49.79399428529465]]]}}, {"id": "81", "type": "Feature", "properties": {"id": 161028648, "name": null, "name_en": null, "descriptio": null, "substation": "minor_distribution", "constructi": 0, "ref": null, "operator": null, "wd_operato": null, "voltages": null, "max_voltag": null, "frequency": null, "start_date": null}, "geometry": {"type": "Polygon", "coordinates": [[[6.1421089871730326, 49.60269846775518], [6.142189956357668, 49.60270592764902], [6.1422058819736955, 49.60263325654852], [6.142124828970026, 49.602625880473724], [6.1421089871730326, 49.60269846775518]]]}}, {"id": "82", "type": "Feature", "properties": {"id": 161725909, "name": "CFL-Tractionsupply", "name_en": null, "descriptio": null, "substation": "traction", "constructi": 0, "ref": null, "operator": null, "wd_operato": null, "voltages": "25000", "max_voltag": 25000.0, "frequency": "50", "start_date": null}, "geometry": {"type": "Polygon", "coordinates": [[[5.950684842695978, 49.497219927667466], [5.950810571243578, 49.497492339520605], [5.951462096577245, 49.49735672032724], [5.951447344427663, 49.497326377837766], [5.95132882431679, 49.497081290988945], [5.950684842695978, 49.497219927667466]]]}}, {"id": "83", "type": "Feature", "properties": {"id": 161725913, "name": "Poste Kayl", "name_en": null, "descriptio": null, "substation": null, "constructi": 0, "ref": null, "operator": "Creos", "wd_operato": null, "voltages": "65000", "max_voltag": 65000.0, "frequency": null, "start_date": null}, "geometry": {"type": "Polygon", "coordinates": [[[6.0539220618751415, 49.48680943628786], [6.053946117937244, 49.487474121209544], [6.054948677375819, 49.48742751782789], [6.054871563866613, 49.48690616345049], [6.05477424997079, 49.48690809128821], [6.054716666295974, 49.48690918093563], [6.05455707485956, 49.486907085459855], [6.054460599154027, 49.48682469135166], [6.0539220618751415, 49.48680943628786]]]}}, {"id": "84", "type": "Feature", "properties": {"id": 161725914, "name": "Poste Redange", "name_en": null, "descriptio": null, "substation": null, "constructi": 0, "ref": null, "operator": "Creos", "wd_operato": null, "voltages": null, "max_voltag": null, "frequency": null, "start_date": null}, "geometry": {"type": "Polygon", "coordinates": [[[5.895092121354736, 49.75871929724604], [5.895254227362102, 49.75907888089219], [5.895739371917784, 49.75898751814755], [5.895568381093057, 49.75860832084802], [5.895139898202814, 49.758689038575554], [5.895148699201144, 49.75870865222901], [5.895092121354736, 49.75871929724604]]]}}, {"id": "85", "type": "Feature", "properties": {"id": 161725915, "name": "Poste Ingeldorf", "name_en": null, "descriptio": null, "substation": null, "constructi": 0, "ref": null, "operator": "Creos", "wd_operato": "Q21036415", "voltages": null, "max_voltag": null, "frequency": null, "start_date": null}, "geometry": {"type": "Polygon", "coordinates": [[[6.120247558772945, 49.85075334846251], [6.120325594291501, 49.850825181372684], [6.1203062, 49.850849299999986], [6.120284774423056, 49.85087589188689], [6.120250324800992, 49.850918639593104], [6.120665564284224, 49.85122223212601], [6.121203347191823, 49.85092048361178], [6.1208338, 49.850634200000016], [6.12057638083445, 49.85060599460471], [6.120247558772945, 49.85075334846251]]]}}, {"id": "86", "type": "Feature", "properties": {"id": 164059813, "name": null, "name_en": null, "descriptio": null, "substation": "minor_distribution", "constructi": 0, "ref": null, "operator": null, "wd_operato": null, "voltages": null, "max_voltag": null, "frequency": null, "start_date": null}, "geometry": {"type": "Polygon", "coordinates": [[[6.247747118697191, 49.71471958618408], [6.2478280878818575, 49.71473165612465], [6.247843594402724, 49.714688489323315], [6.24776279285615, 49.71467625174465], [6.247747118697191, 49.71471958618408]]]}}, {"id": "87", "type": "Feature", "properties": {"id": 171048493, "name": null, "name_en": null, "descriptio": null, "substation": null, "constructi": 0, "ref": null, "operator": null, "wd_operato": null, "voltages": null, "max_voltag": null, "frequency": null, "start_date": null}, "geometry": {"type": "Polygon", "coordinates": [[[5.88556726186448, 49.568576661945166], [5.885631634880838, 49.568580852896766], [5.885639178593691, 49.56853299222964], [5.885574637939272, 49.56852863364001], [5.88556726186448, 49.568576661945166]]]}}, {"id": "88", "type": "Feature", "properties": {"id": 171243492, "name": null, "name_en": null, "descriptio": null, "substation": null, "constructi": 0, "ref": null, "operator": null, "wd_operato": null, "voltages": null, "max_voltag": null, "frequency": null, "start_date": null}, "geometry": {"type": "Polygon", "coordinates": [[[6.419187632542163, 49.79479375121936], [6.419262399118452, 49.794859130064104], [6.419304895367561, 49.79483892967745], [6.419230128791241, 49.79477355083267], [6.419187632542163, 49.79479375121936]]]}}, {"id": "89", "type": "Feature", "properties": {"id": 172108212, "name": null, "name_en": null, "descriptio": null, "substation": null, "constructi": 0, "ref": null, "operator": null, "wd_operato": null, "voltages": null, "max_voltag": null, "frequency": null, "start_date": null}, "geometry": {"type": "Polygon", "coordinates": [[[6.0819194624933735, 49.47406852436899], [6.081972184664323, 49.47416466479839], [6.082124567664011, 49.474129293166975], [6.082071845493062, 49.47403323655659], [6.0819194624933735, 49.47406852436899]]]}}, {"id": "90", "type": "Feature", "properties": {"id": 172291398, "name": null, "name_en": null, "descriptio": null, "substation": null, "constructi": 0, "ref": null, "operator": null, "wd_operato": null, "voltages": null, "max_voltag": null, "frequency": null, "start_date": null}, "geometry": {"type": "Polygon", "coordinates": [[[6.0150239961797345, 49.67407364221992], [6.015070934837496, 49.674081353570855], [6.015078059455219, 49.67406341629806], [6.0150310369783995, 49.67405562112812], [6.0150239961797345, 49.67407364221992]]]}}, {"id": "91", "type": "Feature", "properties": {"id": 173950492, "name": null, "name_en": null, "descriptio": null, "substation": null, "constructi": 0, "ref": null, "operator": null, "wd_operato": null, "voltages": null, "max_voltag": null, "frequency": null, "start_date": null}, "geometry": {"type": "Polygon", "coordinates": [[[6.110479372633563, 49.755913119882564], [6.110690428955478, 49.75593248207888], [6.110706354571505, 49.75585972715937], [6.11049538206865, 49.75584044878206], [6.110479372633563, 49.755913119882564]]]}}, {"id": "92", "type": "Feature", "properties": {"id": 174085081, "name": null, "name_en": null, "descriptio": null, "substation": null, "constructi": 0, "ref": null, "operator": null, "wd_operato": null, "voltages": null, "max_voltag": null, "frequency": null, "start_date": null}, "geometry": {"type": "Polygon", "coordinates": [[[6.10069794308717, 49.757779434443194], [6.100723591710903, 49.75780139502948], [6.10080548290489, 49.7577612457133], [6.100779834281184, 49.75773936894599], [6.10069794308717, 49.757779434443194]]]}}, {"id": "93", "type": "Feature", "properties": {"id": 175084813, "name": null, "name_en": null, "descriptio": null, "substation": null, "constructi": 0, "ref": null, "operator": null, "wd_operato": null, "voltages": null, "max_voltag": null, "frequency": null, "start_date": null}, "geometry": {"type": "Polygon", "coordinates": [[[6.2532927, 49.69287519999999], [6.253359200000001, 49.6928963], [6.2533838, 49.69286399999998], [6.2533174, 49.69284279999997], [6.2532927, 49.69287519999999]]]}}, {"id": "94", "type": "Feature", "properties": {"id": 217582476, "name": null, "name_en": null, "descriptio": null, "substation": null, "constructi": 0, "ref": null, "operator": null, "wd_operato": null, "voltages": null, "max_voltag": null, "frequency": null, "start_date": null}, "geometry": {"type": "Polygon", "coordinates": [[[6.1211464340692885, 49.59008219473652], [6.121170741588487, 49.59010977119793], [6.121211561456932, 49.59009577341966], [6.121187337756766, 49.59006794550106], [6.1211464340692885, 49.59008219473652]]]}}, {"id": "95", "type": "Feature", "properties": {"id": 235995180, "name": null, "name_en": null, "descriptio": null, "substation": null, "constructi": 0, "ref": null, "operator": null, "wd_operato": null, "voltages": null, "max_voltag": null, "frequency": null, "start_date": null}, "geometry": {"type": "Polygon", "coordinates": [[[5.918414264020838, 49.96358415873794], [5.918514763039894, 49.96362958865313], [5.918537477997489, 49.96360419148651], [5.918515936506339, 49.963578039948615], [5.918465645087309, 49.96354266831723], [5.918414264020838, 49.96358415873794]]]}}, {"id": "96", "type": "Feature", "properties": {"id": 246388968, "name": null, "name_en": null, "descriptio": null, "substation": null, "constructi": 0, "ref": null, "operator": null, "wd_operato": null, "voltages": null, "max_voltag": null, "frequency": null, "start_date": null}, "geometry": {"type": "Polygon", "coordinates": [[[5.964956038677257, 49.67024705196409], [5.964965929323, 49.670280663395815], [5.965005659544033, 49.67027571807295], [5.964995768898291, 49.67024219046026], [5.964956038677257, 49.67024705196409]]]}}, {"id": "97", "type": "Feature", "properties": {"id": 249257825, "name": null, "name_en": null, "descriptio": null, "substation": "minor_distribution", "constructi": 0, "ref": null, "operator": null, "wd_operato": null, "voltages": null, "max_voltag": null, "frequency": null, "start_date": null}, "geometry": {"type": "Polygon", "coordinates": [[[6.3248378, 49.556815700000016], [6.324838, 49.55686619999999], [6.3248857, 49.556866099999986], [6.3248854, 49.556815599999986], [6.3248378, 49.556815700000016]]]}}, {"id": "98", "type": "Feature", "properties": {"id": 257621122, "name": null, "name_en": null, "descriptio": null, "substation": null, "constructi": 0, "ref": null, "operator": null, "wd_operato": null, "voltages": null, "max_voltag": null, "frequency": null, "start_date": null}, "geometry": {"type": "Polygon", "coordinates": [[[6.027166188754961, 49.451994363266365], [6.027213378869817, 49.452015988576576], [6.02725847350888, 49.45197424669877], [6.027211283394024, 49.45195262138856], [6.027166188754961, 49.451994363266365]]]}}, {"id": "99", "type": "Feature", "properties": {"id": 289721527, "name": null, "name_en": null, "descriptio": null, "substation": null, "constructi": 0, "ref": null, "operator": null, "wd_operato": null, "voltages": null, "max_voltag": null, "frequency": null, "start_date": null}, "geometry": {"type": "Polygon", "coordinates": [[[6.116329857229659, 49.62867432096604], [6.1163877761805745, 49.62868077503151], [6.11639783446438, 49.628642385914944], [6.116339999332496, 49.6286359318495], [6.116329857229659, 49.62867432096604]]]}}, {"id": "100", "type": "Feature", "properties": {"id": 291568999, "name": null, "name_en": null, "descriptio": null, "substation": "yes", "constructi": 0, "ref": null, "operator": "Creos", "wd_operato": null, "voltages": "20000;230", "max_voltag": 20000.0, "frequency": "50", "start_date": null}, "geometry": {"type": "Polygon", "coordinates": [[[5.9109480837690285, 49.68748225654562], [5.91095596275801, 49.6875160356154], [5.911014971356366, 49.6875102521022], [5.9110070923673845, 49.687476473032426], [5.9109480837690285, 49.68748225654562]]]}}, {"id": "101", "type": "Feature", "properties": {"id": 298848164, "name": null, "name_en": null, "descriptio": null, "substation": "minor_distribution", "constructi": 0, "ref": null, "operator": null, "wd_operato": null, "voltages": null, "max_voltag": null, "frequency": null, "start_date": null}, "geometry": {"type": "Polygon", "coordinates": [[[6.1698194, 49.7047781], [6.169819699999999, 49.70480729999997], [6.169852700000001, 49.704807200000005], [6.1698524, 49.704777899999996], [6.1698194, 49.7047781]]]}}, {"id": "102", "type": "Feature", "properties": {"id": 313791083, "name": null, "name_en": null, "descriptio": null, "substation": null, "constructi": 0, "ref": null, "operator": null, "wd_operato": null, "voltages": null, "max_voltag": null, "frequency": null, "start_date": null}, "geometry": {"type": "Polygon", "coordinates": [[[6.141489061614323, 49.598317330785456], [6.141566845675754, 49.59832764052635], [6.141588051890778, 49.598260417662885], [6.141510267829347, 49.59825019174103], [6.141489061614323, 49.598317330785456]]]}}, {"id": "103", "type": "Feature", "properties": {"id": 315525535, "name": null, "name_en": null, "descriptio": null, "substation": "minor_distribution", "constructi": 0, "ref": null, "operator": null, "wd_operato": null, "voltages": null, "max_voltag": null, "frequency": null, "start_date": null}, "geometry": {"type": "Polygon", "coordinates": [[[6.096519145260032, 49.75392007094596], [6.096525934601602, 49.75395695131993], [6.096577399487074, 49.753953095644455], [6.096570526326475, 49.753916131451476], [6.096519145260032, 49.75392007094596]]]}}, {"id": "104", "type": "Feature", "properties": {"id": 315525536, "name": null, "name_en": null, "descriptio": null, "substation": null, "constructi": 0, "ref": null, "operator": null, "wd_operato": null, "voltages": null, "max_voltag": null, "frequency": null, "start_date": null}, "geometry": {"type": "Polygon", "coordinates": [[[6.100021272043989, 49.7537202463743], [6.100077346976207, 49.75372116838366], [6.100079023356841, 49.753676828115886], [6.100022948424623, 49.75367598992556], [6.100021272043989, 49.7537202463743]]]}}, {"id": "105", "type": "Feature", "properties": {"id": 316244227, "name": null, "name_en": null, "descriptio": null, "substation": null, "constructi": 0, "ref": null, "operator": null, "wd_operato": null, "voltages": null, "max_voltag": null, "frequency": null, "start_date": null}, "geometry": {"type": "Polygon", "coordinates": [[[6.097605356092288, 49.744388925028325], [6.097638883704973, 49.74440577265372], [6.097682888696625, 49.744369227555886], [6.097649361083939, 49.744352379930476], [6.097605356092288, 49.744388925028325]]]}}, {"id": "106", "type": "Feature", "properties": {"id": 317723850, "name": null, "name_en": null, "descriptio": null, "substation": null, "constructi": 0, "ref": null, "operator": null, "wd_operato": null, "voltages": null, "max_voltag": null, "frequency": null, "start_date": null}, "geometry": {"type": "Polygon", "coordinates": [[[6.114730841561254, 49.73828203801417], [6.114799070253071, 49.738288240622495], [6.114804183214005, 49.73826485511267], [6.114735870703156, 49.738258652504314], [6.114730841561254, 49.73828203801417]]]}}, {"id": "107", "type": "Feature", "properties": {"id": 331189318, "name": null, "name_en": null, "descriptio": null, "substation": "minor_distribution", "constructi": 0, "ref": null, "operator": null, "wd_operato": null, "voltages": null, "max_voltag": null, "frequency": null, "start_date": null}, "geometry": {"type": "Polygon", "coordinates": [[[6.114532274275064, 49.98053655790638], [6.114583990617632, 49.98055147769403], [6.114603939547209, 49.980522643947076], [6.114552223204612, 49.98050772415946], [6.114532274275064, 49.98053655790638]]]}}, {"id": "108", "type": "Feature", "properties": {"id": 354951079, "name": null, "name_en": null, "descriptio": null, "substation": null, "constructi": 0, "ref": null, "operator": null, "wd_operato": null, "voltages": null, "max_voltag": null, "frequency": null, "start_date": null}, "geometry": {"type": "Polygon", "coordinates": [[[6.477906636129064, 49.70506866287011], [6.477928093801181, 49.70509984354991], [6.477962962518376, 49.70508944998997], [6.477936140428227, 49.705058269310165], [6.477906636129064, 49.70506866287011]]]}}, {"id": "109", "type": "Feature", "properties": {"id": 361318636, "name": "Schrassig", "name_en": null, "descriptio": "Autotransformer station of 2 x 25 kV railway electrification", "substation": "traction", "constructi": 0, "ref": null, "operator": null, "wd_operato": null, "voltages": null, "max_voltag": null, "frequency": null, "start_date": null}, "geometry": {"type": "Polygon", "coordinates": [[[6.258700589764344, 49.60500508368951], [6.258741074356692, 49.605491150254565], [6.2589103888007855, 49.605485282922324], [6.258869820389435, 49.60499913253825], [6.258700589764344, 49.60500508368951]]]}}, {"id": "110", "type": "Feature", "properties": {"id": 361320590, "name": "Poste Weiergewan", "name_en": null, "descriptio": null, "substation": null, "constructi": 0, "ref": null, "operator": "Creos", "wd_operato": "Q21036415", "voltages": null, "max_voltag": null, "frequency": null, "start_date": null}, "geometry": {"type": "Polygon", "coordinates": [[[6.216364518844273, 49.59278317921515], [6.216579179384553, 49.592940339899634], [6.216826864623329, 49.59279835045986], [6.216612120264018, 49.592641022137315], [6.216364518844273, 49.59278317921515]]]}}, {"id": "111", "type": "Feature", "properties": {"id": 362773746, "name": "Poste Oxylux", "name_en": null, "descriptio": null, "substation": null, "constructi": 0, "ref": null, "operator": "Creos", "wd_operato": "Q21036415", "voltages": "220000", "max_voltag": 220000.0, "frequency": null, "start_date": null}, "geometry": {"type": "Polygon", "coordinates": [[[5.951389928390938, 49.49681902123864], [5.951625878965245, 49.497287234349905], [5.951642056038395, 49.497319420858126], [5.952967570206256, 49.4970449973482], [5.952945944896045, 49.49699654994787], [5.952972264072032, 49.496990934072755], [5.952986597126454, 49.49696277087809], [5.952769254377159, 49.49653277924528], [5.952750478914055, 49.49653764074912], [5.952583679040885, 49.49657284474245], [5.951912959148956, 49.49671198433512], [5.951389928390938, 49.49681902123864]]]}}, {"id": "112", "type": "Feature", "properties": {"id": 368377135, "name": null, "name_en": null, "descriptio": null, "substation": null, "constructi": 0, "ref": null, "operator": null, "wd_operato": null, "voltages": null, "max_voltag": null, "frequency": null, "start_date": null}, "geometry": {"type": "Polygon", "coordinates": [[[6.189631947414938, 49.87283957950569], [6.189667989598576, 49.872885093239915], [6.189715850265686, 49.87286933526193], [6.189679891901078, 49.87282382152775], [6.189631947414938, 49.87283957950569]]]}}, {"id": "113", "type": "Feature", "properties": {"id": 371494616, "name": null, "name_en": null, "descriptio": null, "substation": "minor_distribution", "constructi": 0, "ref": null, "operator": "Creos", "wd_operato": null, "voltages": null, "max_voltag": null, "frequency": null, "start_date": null}, "geometry": {"type": "Polygon", "coordinates": [[[5.864661789521364, 49.55652457482906], [5.864717361539392, 49.55653236999901], [5.864724989071277, 49.55650931976529], [5.864670255243568, 49.55650102168114], [5.864661789521364, 49.55652457482906]]]}}, {"id": "114", "type": "Feature", "properties": {"id": 371785616, "name": null, "name_en": null, "descriptio": null, "substation": null, "constructi": 0, "ref": null, "operator": "Creos", "wd_operato": null, "voltages": null, "max_voltag": null, "frequency": null, "start_date": null}, "geometry": {"type": "Polygon", "coordinates": [[[5.8708175430310225, 49.56051528274901], [5.870866325707483, 49.560522323547666], [5.870875378162906, 49.5604962558288], [5.87082659548645, 49.56048929884915], [5.8708175430310225, 49.56051528274901]]]}}, {"id": "115", "type": "Feature", "properties": {"id": 372516349, "name": null, "name_en": null, "descriptio": null, "substation": null, "constructi": 0, "ref": null, "operator": null, "wd_operato": null, "voltages": null, "max_voltag": null, "frequency": null, "start_date": null}, "geometry": {"type": "Polygon", "coordinates": [[[6.3645747556818995, 49.75155436259427], [6.364610378770379, 49.7515830287031], [6.364655976323662, 49.7515594755552], [6.364639631612449, 49.7515462321482], [6.364620437054185, 49.75153072562731], [6.36460358942881, 49.751539442806624], [6.3645747556818995, 49.75155436259427]]]}}, {"id": "116", "type": "Feature", "properties": {"id": 380766323, "name": null, "name_en": null, "descriptio": null, "substation": null, "constructi": 0, "ref": null, "operator": null, "wd_operato": null, "voltages": null, "max_voltag": null, "frequency": null, "start_date": null}, "geometry": {"type": "Polygon", "coordinates": [[[5.9783963, 49.886507800000004], [5.978408, 49.886555800000004], [5.9784451999999995, 49.88655199999997], [5.978453399999999, 49.8865512], [5.978441699999999, 49.88650319999998], [5.9783963, 49.886507800000004]]]}}, {"id": "117", "type": "Feature", "properties": {"id": 387620061, "name": "Belval", "name_en": null, "descriptio": null, "substation": "transmission", "constructi": 0, "ref": null, "operator": "Elias", "wd_operato": null, "voltages": "220000", "max_voltag": 220000.0, "frequency": null, "start_date": null}, "geometry": {"type": "Polygon", "coordinates": [[[5.946697738994402, 49.51072275458481], [5.947045085061916, 49.51073935075312], [5.947163269896635, 49.51074496662823], [5.947155223269591, 49.510807244168795], [5.947146673728356, 49.51086901879519], [5.947119181085953, 49.511125421213265], [5.947335769463961, 49.511122487547155], [5.947337026749437, 49.511088876115444], [5.9482768895522895, 49.511137323515776], [5.948341933120901, 49.51053248538279], [5.948389039416753, 49.51053449703952], [5.9483977565960515, 49.51042226335604], [5.948430194561325, 49.51042377209862], [5.948433798779689, 49.51038823282915], [5.948401025538288, 49.5103869755437], [5.948405887042128, 49.51030332414999], [5.948394068558656, 49.51023652038173], [5.948388117407404, 49.510103080483184], [5.948422064115249, 49.50984106219], [5.948422734667503, 49.5098027568925], [5.948401276995384, 49.50977769500202], [5.948370431591685, 49.509757075520206], [5.948297173757965, 49.50973327091518], [5.948298179586346, 49.509707957567585], [5.948299017776662, 49.50968633225741], [5.948440420483195, 49.50961349351882], [5.9484569328324435, 49.509517185451365], [5.94851795308756, 49.509489022256716], [5.948544775177709, 49.509248042540484], [5.948562125717274, 49.509227925972844], [5.94860202357637, 49.50923035672476], [5.948614261155029, 49.5091915485131], [5.9485695856110965, 49.509189033942135], [5.948552486528627, 49.509167240993875], [5.948574950029125, 49.5089071505384], [5.947864164640009, 49.50887387438279], [5.947840443854034, 49.509081158848275], [5.947675320361527, 49.50907219021188], [5.947631566826943, 49.50949807471212], [5.947316742543762, 49.50948575331448], [5.947295620147769, 49.50966043217662], [5.947263098363436, 49.50996243214794], [5.946941065643529, 49.50994985929318], [5.94687459715135, 49.50994709326514], [5.946776193608088, 49.51007064251791], [5.946697738994402, 49.51072275458481]]]}}, {"id": "118", "type": "Feature", "properties": {"id": 391712283, "name": null, "name_en": null, "descriptio": null, "substation": "minor_distribution", "constructi": 0, "ref": null, "operator": null, "wd_operato": null, "voltages": null, "max_voltag": null, "frequency": null, "start_date": null}, "geometry": {"type": "Polygon", "coordinates": [[[6.125242586331154, 49.80298907322824], [6.125282987104441, 49.802993180360794], [6.125304780052687, 49.80299544347466], [6.12531567652681, 49.80295143848298], [6.125253566624309, 49.802944984417515], [6.125242586331154, 49.80298907322824]]]}}, {"id": "119", "type": "Feature", "properties": {"id": 394631702, "name": "Poste Ehlerange", "name_en": null, "descriptio": null, "substation": null, "constructi": 0, "ref": null, "operator": "Creos", "wd_operato": "Q21036415", "voltages": null, "max_voltag": null, "frequency": null, "start_date": null}, "geometry": {"type": "Polygon", "coordinates": [[[5.967624082276416, 49.513346625554234], [5.968262280384039, 49.51375063328722], [5.968678525695651, 49.51347646123439], [5.968085338408059, 49.51311352482702], [5.968021133029737, 49.51315677544737], [5.967941840225734, 49.513210587265746], [5.967864894354591, 49.513262890341565], [5.9677580250891245, 49.513202289181585], [5.967658448079419, 49.513280073243074], [5.967695076996307, 49.51330186619129], [5.967624082276416, 49.513346625554234]]]}}, {"id": "120", "type": "Feature", "properties": {"id": 397536020, "name": "Hagelsdorf", "name_en": null, "descriptio": "Autotransformer station of 2 x 25 kV railway electrification", "substation": "traction", "constructi": 0, "ref": null, "operator": null, "wd_operato": null, "voltages": null, "max_voltag": null, "frequency": null, "start_date": null}, "geometry": {"type": "Polygon", "coordinates": [[[6.360212477994282, 49.691826596960446], [6.360664430213405, 49.69196875403827], [6.360714889270497, 49.691901866450955], [6.3607391967896945, 49.691869428485646], [6.360287244570572, 49.6917271875888], [6.360212477994282, 49.691826596960446]]]}}, {"id": "121", "type": "Feature", "properties": {"id": 403828639, "name": null, "name_en": null, "descriptio": null, "substation": "minor_distribution", "constructi": 0, "ref": null, "operator": null, "wd_operato": null, "voltages": null, "max_voltag": null, "frequency": null, "start_date": null}, "geometry": {"type": "Polygon", "coordinates": [[[5.9388211807632, 49.53744442954003], [5.938873483839018, 49.53745876259447], [5.938912794964892, 49.537397826158404], [5.9388605757081345, 49.537383660742044], [5.9388211807632, 49.53744442954003]]]}}, {"id": "122", "type": "Feature", "properties": {"id": 417688640, "name": "Poste Bascharage", "name_en": null, "descriptio": null, "substation": null, "constructi": 0, "ref": null, "operator": "Creos", "wd_operato": "Q21036415", "voltages": "65000", "max_voltag": 65000.0, "frequency": "50", "start_date": null}, "geometry": {"type": "Polygon", "coordinates": [[[5.9382885000000005, 49.56730549999998], [5.938315800000001, 49.567345399999994], [5.938440700000001, 49.5675072], [5.938352900000001, 49.5675357], [5.938571200000001, 49.56782629999999], [5.9386336, 49.56791369999996], [5.9386981, 49.568001], [5.938752499999999, 49.5680719], [5.938839, 49.56804759999999], [5.939026, 49.56830339999999], [5.9391479, 49.568266600000015], [5.939345384987689, 49.56819712936948], [5.939749644177738, 49.5680719875551], [5.9397125961657204, 49.5680185948319], [5.939676300000001, 49.567986499999996], [5.9396502, 49.56795710000001], [5.9396011, 49.56797420000001], [5.939474550115592, 49.56779764786424], [5.940959152805675, 49.56733027294329], [5.94050904460525, 49.56682383835356], [5.938955600000001, 49.56731349999999], [5.9388247, 49.56712999999999], [5.9382885000000005, 49.56730549999998]]]}}, {"id": "123", "type": "Feature", "properties": {"id": 419774327, "name": null, "name_en": null, "descriptio": null, "substation": "minor_distribution", "constructi": 0, "ref": null, "operator": null, "wd_operato": null, "voltages": null, "max_voltag": null, "frequency": null, "start_date": null}, "geometry": {"type": "Polygon", "coordinates": [[[6.101122318844858, 49.4967821408647], [6.1011440279740725, 49.49682807369408], [6.1012018631059854, 49.49681642284866], [6.101180153976742, 49.49677065765732], [6.101122318844858, 49.4967821408647]]]}}, {"id": "124", "type": "Feature", "properties": {"id": 423124328, "name": "Poste Betzdorf", "name_en": null, "descriptio": null, "substation": null, "constructi": 0, "ref": null, "operator": "Creos", "wd_operato": null, "voltages": null, "max_voltag": null, "frequency": null, "start_date": null}, "geometry": {"type": "Polygon", "coordinates": [[[6.326964234132987, 49.69389977689138], [6.3270893759473665, 49.69404428090207], [6.327498077546124, 49.69389617267302], [6.327373019550777, 49.69375166866232], [6.326964234132987, 49.69389977689138]]]}}, {"id": "125", "type": "Feature", "properties": {"id": 427344790, "name": null, "name_en": null, "descriptio": null, "substation": "minor_distribution", "constructi": 0, "ref": null, "operator": null, "wd_operato": null, "voltages": null, "max_voltag": null, "frequency": null, "start_date": null}, "geometry": {"type": "Polygon", "coordinates": [[[5.858667471466816, 49.76096547965846], [5.858766294105237, 49.760985428588015], [5.858781046254819, 49.76095516991755], [5.858682139797367, 49.76093513716898], [5.858667471466816, 49.76096547965846]]]}}, {"id": "126", "type": "Feature", "properties": {"id": 427888806, "name": null, "name_en": null, "descriptio": null, "substation": "minor_distribution", "constructi": 0, "ref": null, "operator": null, "wd_operato": null, "voltages": null, "max_voltag": null, "frequency": null, "start_date": null}, "geometry": {"type": "Polygon", "coordinates": [[[6.1048681913731, 49.754709059491695], [6.104910017069926, 49.754727834954835], [6.104935498055568, 49.754704197987856], [6.10489358853971, 49.75468533870569], [6.1048681913731, 49.754709059491695]]]}}, {"id": "127", "type": "Feature", "properties": {"id": 431280065, "name": null, "name_en": null, "descriptio": null, "substation": null, "constructi": 0, "ref": null, "operator": null, "wd_operato": null, "voltages": null, "max_voltag": null, "frequency": null, "start_date": null}, "geometry": {"type": "Polygon", "coordinates": [[[5.820323784847319, 49.79331233365247], [5.8203586535645115, 49.79332105083176], [5.820375333551823, 49.7932928876371], [5.820340464834629, 49.79328425427683], [5.820323784847319, 49.79331233365247]]]}}, {"id": "128", "type": "Feature", "properties": {"id": 436060025, "name": null, "name_en": null, "descriptio": null, "substation": "minor_distribution", "constructi": 0, "ref": null, "operator": null, "wd_operato": null, "voltages": null, "max_voltag": null, "frequency": null, "start_date": null}, "geometry": {"type": "Polygon", "coordinates": [[[6.459757217368406, 49.75174245250151], [6.459796360856217, 49.75176231761201], [6.459836426353404, 49.75178293709382], [6.45986207497711, 49.751761982335886], [6.45988797505791, 49.75174094375893], [6.459808849891942, 49.75170045916659], [6.459757217368406, 49.75174245250151]]]}}, {"id": "129", "type": "Feature", "properties": {"id": 437557031, "name": null, "name_en": null, "descriptio": null, "substation": null, "constructi": 0, "ref": null, "operator": "Creos", "wd_operato": "Q21036415", "voltages": null, "max_voltag": null, "frequency": null, "start_date": null}, "geometry": {"type": "Polygon", "coordinates": [[[5.9139684187585715, 49.664995957263976], [5.914124489795682, 49.6650922653314], [5.914388855021769, 49.66523819426569], [5.914633438956372, 49.66503082598117], [5.914199759286163, 49.66481122011801], [5.9139684187585715, 49.664995957263976]]]}}, {"id": "130", "type": "Feature", "properties": {"id": 458077230, "name": null, "name_en": null, "descriptio": null, "substation": null, "constructi": 0, "ref": null, "operator": null, "wd_operato": null, "voltages": null, "max_voltag": null, "frequency": null, "start_date": null}, "geometry": {"type": "Polygon", "coordinates": [[[6.2953429176776865, 49.68307706351373], [6.2953429176776865, 49.68311453062095], [6.29538608447902, 49.68311453062095], [6.29538608447902, 49.68307706351373], [6.2953429176776865, 49.68307706351373]]]}}, {"id": "131", "type": "Feature", "properties": {"id": 460847807, "name": "Repiquage Differdange", "name_en": null, "descriptio": null, "substation": "transmission", "constructi": 0, "ref": null, "operator": "ELIA", "wd_operato": null, "voltages": "220000", "max_voltag": 220000.0, "frequency": "50", "start_date": null}, "geometry": {"type": "Polygon", "coordinates": [[[5.9332040483514845, 49.53805597319557], [5.933597075791283, 49.538239369237026], [5.933881222308855, 49.53798296681896], [5.933688689992977, 49.53789319663594], [5.9334881948690565, 49.5377995707775], [5.9332040483514845, 49.53805597319557]]]}}, {"id": "132", "type": "Feature", "properties": {"id": 471787127, "name": "Poste blind\u00e9 d'Itzig/Blooren", "name_en": null, "descriptio": null, "substation": null, "constructi": 0, "ref": null, "operator": "creos", "wd_operato": null, "voltages": "220000;65000;20000", "max_voltag": 220000.0, "frequency": null, "start_date": null}, "geometry": {"type": "Polygon", "coordinates": [[[6.178576217129063, 49.597393896512806], [6.1794017507726275, 49.597885662772], [6.180192499518001, 49.597333630629], [6.180527859463979, 49.59705292069171], [6.180063837304288, 49.59668386549498], [6.180030058234507, 49.596656959585786], [6.179994351326997, 49.59662854493404], [6.17992117731228, 49.596570374526], [6.178728432490686, 49.59724243552245], [6.178576217129063, 49.597393896512806]]]}}, {"id": "133", "type": "Feature", "properties": {"id": 475520878, "name": null, "name_en": null, "descriptio": null, "substation": "minor_distribution", "constructi": 0, "ref": null, "operator": null, "wd_operato": null, "voltages": null, "max_voltag": null, "frequency": null, "start_date": null}, "geometry": {"type": "Polygon", "coordinates": [[[6.165794233884611, 49.633840590806074], [6.165878723468609, 49.63389138513932], [6.16591878896577, 49.633863473401725], [6.165834299381771, 49.63381267906851], [6.165794233884611, 49.633840590806074]]]}}, {"id": "134", "type": "Feature", "properties": {"id": 478667174, "name": null, "name_en": null, "descriptio": null, "substation": "minor_distribution", "constructi": 0, "ref": null, "operator": null, "wd_operato": null, "voltages": null, "max_voltag": null, "frequency": null, "start_date": null}, "geometry": {"type": "Polygon", "coordinates": [[[6.155198921540062, 49.86253989688604], [6.155265976765463, 49.862558839987216], [6.155291793027231, 49.86252103760391], [6.155224737801832, 49.862502094502744], [6.155198921540062, 49.86253989688604]]]}}, {"id": "135", "type": "Feature", "properties": {"id": 479253786, "name": null, "name_en": null, "descriptio": null, "substation": "minor_distribution", "constructi": 0, "ref": null, "operator": null, "wd_operato": null, "voltages": null, "max_voltag": null, "frequency": null, "start_date": null}, "geometry": {"type": "Polygon", "coordinates": [[[6.122768499971414, 49.96384173462247], [6.1227693381617305, 49.963860593904606], [6.122770343990111, 49.96387936936769], [6.122828598217182, 49.963878028263196], [6.122827592388802, 49.96385933661912], [6.122826670379452, 49.96384056115601], [6.122768499971414, 49.96384173462247]]]}}, {"id": "136", "type": "Feature", "properties": {"id": 479789477, "name": null, "name_en": null, "descriptio": null, "substation": null, "constructi": 0, "ref": null, "operator": null, "wd_operato": null, "voltages": null, "max_voltag": null, "frequency": null, "start_date": null}, "geometry": {"type": "Polygon", "coordinates": [[[6.156408849263158, 49.6395300590422], [6.156762397939019, 49.639586972164736], [6.156782263049536, 49.63953332798445], [6.156428798192707, 49.63947658249994], [6.156408849263158, 49.6395300590422]]]}}, {"id": "137", "type": "Feature", "properties": {"id": 491782151, "name": null, "name_en": null, "descriptio": null, "substation": null, "constructi": 0, "ref": null, "operator": null, "wd_operato": null, "voltages": null, "max_voltag": null, "frequency": null, "start_date": null}, "geometry": {"type": "Polygon", "coordinates": [[[6.007956291604785, 49.46511598122742], [6.008086546380127, 49.465241290679856], [6.008514358718088, 49.46505311695361], [6.008467336241296, 49.4650079384955], [6.008384187761806, 49.464928058958265], [6.007956291604785, 49.46511598122742]]]}}, {"id": "138", "type": "Feature", "properties": {"id": 496167308, "name": null, "name_en": null, "descriptio": null, "substation": "yes", "constructi": 0, "ref": null, "operator": null, "wd_operato": null, "voltages": null, "max_voltag": null, "frequency": null, "start_date": null}, "geometry": {"type": "Polygon", "coordinates": [[[6.139412193645967, 49.661322923474295], [6.139454689895074, 49.66133633451937], [6.139472459529799, 49.661315295942416], [6.13943482478453, 49.661305070020525], [6.139412193645967, 49.661322923474295]]]}}, {"id": "139", "type": "Feature", "properties": {"id": 497453563, "name": null, "name_en": null, "descriptio": null, "substation": null, "constructi": 0, "ref": null, "operator": null, "wd_operato": null, "voltages": null, "max_voltag": null, "frequency": null, "start_date": null}, "geometry": {"type": "Polygon", "coordinates": [[[6.1347689, 49.65601319999997], [6.134779099999999, 49.65604699999998], [6.134812600000001, 49.65604269999999], [6.1348023000000005, 49.656008999999976], [6.1347689, 49.65601319999997]]]}}, {"id": "140", "type": "Feature", "properties": {"id": 499625173, "name": null, "name_en": null, "descriptio": null, "substation": "minor_distribution", "constructi": 0, "ref": null, "operator": null, "wd_operato": null, "voltages": null, "max_voltag": null, "frequency": null, "start_date": null}, "geometry": {"type": "Polygon", "coordinates": [[[6.285629130089887, 49.510927021565145], [6.285694425115622, 49.51095753169272], [6.2857464767343165, 49.510910676853946], [6.285681181708612, 49.510880166726416], [6.285629130089887, 49.510927021565145]]]}}, {"id": "141", "type": "Feature", "properties": {"id": 511073803, "name": null, "name_en": null, "descriptio": null, "substation": "minor_distribution", "constructi": 0, "ref": null, "operator": null, "wd_operato": null, "voltages": null, "max_voltag": null, "frequency": null, "start_date": null}, "geometry": {"type": "Polygon", "coordinates": [[[5.9758417, 50.15434679999997], [5.9758492, 50.1543823], [5.975912200000001, 50.15437679999999], [5.975904699999999, 50.154341299999984], [5.9758417, 50.15434679999997]]]}}, {"id": "142", "type": "Feature", "properties": {"id": 511076260, "name": null, "name_en": null, "descriptio": null, "substation": "minor_distribution", "constructi": 0, "ref": null, "operator": null, "wd_operato": null, "voltages": null, "max_voltag": null, "frequency": null, "start_date": null}, "geometry": {"type": "Polygon", "coordinates": [[[5.981310891968462, 50.15533083884912], [5.98134835907564, 50.15537802896399], [5.98138649673507, 50.15536562374727], [5.981348861989829, 50.15531843363242], [5.981310891968462, 50.15533083884912]]]}}, {"id": "143", "type": "Feature", "properties": {"id": 535565520, "name": null, "name_en": null, "descriptio": null, "substation": null, "constructi": 0, "ref": null, "operator": null, "wd_operato": null, "voltages": null, "max_voltag": null, "frequency": null, "start_date": null}, "geometry": {"type": "Polygon", "coordinates": [[[5.922456269188216, 49.91116289810046], [5.9224596219494865, 49.91125359029279], [5.922484432382873, 49.91134512067545], [5.922519971652322, 49.91142365910821], [5.922564228101095, 49.91148845121972], [5.922591050191244, 49.91152684033623], [5.92263337880226, 49.91148719393425], [5.9228075547502215, 49.91156162523444], [5.923031770660088, 49.911328943602335], [5.923098993523554, 49.91126197219596], [5.923026322423027, 49.91123179734454], [5.9230000870661, 49.91122039795622], [5.92300402656059, 49.911164658300095], [5.922957423178956, 49.91114554756088], [5.922913166730182, 49.9111260177265], [5.922580740450343, 49.91097941824002], [5.922612424044331, 49.910892581723104], [5.922562886996587, 49.91086835802296], [5.922511925025276, 49.91098025643031], [5.922468339128784, 49.91107002661331], [5.922456269188216, 49.91116289810046]]]}}, {"id": "144", "type": "Feature", "properties": {"id": 537223279, "name": null, "name_en": null, "descriptio": null, "substation": "minor_distribution", "constructi": 0, "ref": null, "operator": null, "wd_operato": null, "voltages": null, "max_voltag": null, "frequency": null, "start_date": null}, "geometry": {"type": "Polygon", "coordinates": [[[6.0659785913998965, 49.784881563983426], [6.0660125381077705, 49.78489807633273], [6.066038522007602, 49.78487569665123], [6.0660045752997585, 49.78485918430198], [6.0659785913998965, 49.784881563983426]]]}}, {"id": "145", "type": "Feature", "properties": {"id": 543370443, "name": null, "name_en": null, "descriptio": null, "substation": "minor_distribution", "constructi": 0, "ref": null, "operator": null, "wd_operato": null, "voltages": null, "max_voltag": null, "frequency": null, "start_date": null}, "geometry": {"type": "Polygon", "coordinates": [[[6.141336930071702, 49.7045916487605], [6.141405745496768, 49.704608496385866], [6.14142192256989, 49.70458075228637], [6.141353190963855, 49.70456398848002], [6.141336930071702, 49.7045916487605]]]}}, {"id": "146", "type": "Feature", "properties": {"id": 550736797, "name": null, "name_en": null, "descriptio": null, "substation": "minor_distribution", "constructi": 0, "ref": null, "operator": null, "wd_operato": null, "voltages": null, "max_voltag": null, "frequency": null, "start_date": null}, "geometry": {"type": "Polygon", "coordinates": [[[6.402667571939419, 49.61098548778479], [6.402674445100018, 49.61098967873638], [6.402747116200516, 49.61103116915707], [6.402792797572829, 49.61100023993436], [6.402720126472303, 49.61095774368528], [6.402713253311703, 49.61095363655274], [6.402667571939419, 49.61098548778479]]]}}, {"id": "147", "type": "Feature", "properties": {"id": 551170570, "name": null, "name_en": null, "descriptio": null, "substation": "minor_distribution", "constructi": 0, "ref": null, "operator": null, "wd_operato": null, "voltages": null, "max_voltag": null, "frequency": null, "start_date": null}, "geometry": {"type": "Polygon", "coordinates": [[[6.396081742977913, 49.61611529634601], [6.396174279188956, 49.61625753724288], [6.396245357727878, 49.61623817504653], [6.3961534920690895, 49.61609509595936], [6.396081742977913, 49.61611529634601]]]}}, {"id": "148", "type": "Feature", "properties": {"id": 556603570, "name": null, "name_en": null, "descriptio": null, "substation": "minor_distribution", "constructi": 0, "ref": null, "operator": null, "wd_operato": null, "voltages": null, "max_voltag": null, "frequency": null, "start_date": null}, "geometry": {"type": "Polygon", "coordinates": [[[6.167409845721295, 49.86855206839437], [6.1674143719490075, 49.86858081832224], [6.1675202353860925, 49.868573945161614], [6.167515792977412, 49.868545195233764], [6.167409845721295, 49.86855206839437]]]}}, {"id": "149", "type": "Feature", "properties": {"id": 583154555, "name": null, "name_en": null, "descriptio": null, "substation": null, "constructi": 0, "ref": null, "operator": null, "wd_operato": null, "voltages": null, "max_voltag": null, "frequency": null, "start_date": null}, "geometry": {"type": "Polygon", "coordinates": [[[6.14918037978535, 49.62773311705872], [6.149282890461166, 49.62778458194418], [6.149331840775717, 49.627743594437675], [6.149229330099899, 49.627692129552145], [6.14918037978535, 49.62773311705872]]]}}, {"id": "150", "type": "Feature", "properties": {"id": 583162737, "name": null, "name_en": null, "descriptio": null, "substation": null, "constructi": 0, "ref": null, "operator": null, "wd_operato": null, "voltages": null, "max_voltag": null, "frequency": null, "start_date": null}, "geometry": {"type": "Polygon", "coordinates": [[[6.198565798912426, 49.625762028708394], [6.198622460577865, 49.62578692296085], [6.198646097544809, 49.62576445946031], [6.1985893520603375, 49.62573956520791], [6.198565798912426, 49.625762028708394]]]}}, {"id": "151", "type": "Feature", "properties": {"id": 583172932, "name": null, "name_en": null, "descriptio": null, "substation": null, "constructi": 0, "ref": null, "operator": null, "wd_operato": null, "voltages": null, "max_voltag": null, "frequency": null, "start_date": null}, "geometry": {"type": "Polygon", "coordinates": [[[6.177710869445434, 49.621322553692565], [6.177711791454783, 49.621345939202406], [6.1777366857072025, 49.62134552010726], [6.177735763697853, 49.62132213459741], [6.177710869445434, 49.621322553692565]]]}}, {"id": "152", "type": "Feature", "properties": {"id": 583184421, "name": null, "name_en": null, "descriptio": null, "substation": null, "constructi": 0, "ref": null, "operator": null, "wd_operato": null, "voltages": null, "max_voltag": null, "frequency": null, "start_date": null}, "geometry": {"type": "Polygon", "coordinates": [[[6.119265367359077, 49.58189709864949], [6.119269642129695, 49.581920651797404], [6.119330746203842, 49.58191595793162], [6.119326052338066, 49.581892488602755], [6.119265367359077, 49.58189709864949]]]}}, {"id": "153", "type": "Feature", "properties": {"id": 583743621, "name": null, "name_en": null, "descriptio": null, "substation": null, "constructi": 0, "ref": null, "operator": null, "wd_operato": null, "voltages": null, "max_voltag": null, "frequency": null, "start_date": null}, "geometry": {"type": "Polygon", "coordinates": [[[6.153754384347139, 49.570461249054716], [6.153812051840987, 49.57047046914822], [6.153820517563191, 49.57044775419061], [6.153762933888372, 49.57043853409712], [6.153754384347139, 49.570461249054716]]]}}, {"id": "154", "type": "Feature", "properties": {"id": 583744768, "name": null, "name_en": null, "descriptio": null, "substation": null, "constructi": 0, "ref": null, "operator": null, "wd_operato": null, "voltages": null, "max_voltag": null, "frequency": null, "start_date": null}, "geometry": {"type": "Polygon", "coordinates": [[[6.152405149393303, 49.57237592719664], [6.152481257074129, 49.57238137543371], [6.152486956768286, 49.57234742872586], [6.15241084908746, 49.572342064307804], [6.152405149393303, 49.57237592719664]]]}}, {"id": "155", "type": "Feature", "properties": {"id": 583745966, "name": null, "name_en": null, "descriptio": null, "substation": "minor_distribution", "constructi": 0, "ref": null, "operator": null, "wd_operato": null, "voltages": null, "max_voltag": null, "frequency": null, "start_date": null}, "geometry": {"type": "Polygon", "coordinates": [[[6.1625379, 49.56339839999998], [6.162553, 49.56343589999999], [6.162635899999999, 49.56342180000002], [6.162620800000001, 49.56338439999997], [6.1625379, 49.56339839999998]]]}}, {"id": "156", "type": "Feature", "properties": {"id": 605832483, "name": null, "name_en": null, "descriptio": null, "substation": "minor_distribution", "constructi": 0, "ref": null, "operator": null, "wd_operato": null, "voltages": null, "max_voltag": null, "frequency": null, "start_date": null}, "geometry": {"type": "Polygon", "coordinates": [[[6.079766570663253, 49.56696842618327], [6.079842175429861, 49.56698393270414], [6.079853574818203, 49.566960463375246], [6.079777970051566, 49.56694495685439], [6.079766570663253, 49.56696842618327]]]}}, {"id": "157", "type": "Feature", "properties": {"id": 607959227, "name": null, "name_en": null, "descriptio": null, "substation": "minor_distribution", "constructi": 0, "ref": null, "operator": null, "wd_operato": null, "voltages": null, "max_voltag": null, "frequency": null, "start_date": null}, "geometry": {"type": "Polygon", "coordinates": [[[6.081385619080238, 49.78497158562354], [6.081417889407447, 49.784979548431544], [6.081438676527341, 49.784944679714364], [6.081406490019134, 49.7849366330873], [6.081385619080238, 49.78497158562354]]]}}, {"id": "158", "type": "Feature", "properties": {"id": 616890361, "name": null, "name_en": null, "descriptio": null, "substation": "minor_distribution", "constructi": 0, "ref": null, "operator": null, "wd_operato": null, "voltages": null, "max_voltag": null, "frequency": null, "start_date": null}, "geometry": {"type": "Polygon", "coordinates": [[[5.886591781889365, 49.822970692203576], [5.886675517102077, 49.823004387454326], [5.886707284515097, 49.82297169803195], [5.886623465483383, 49.82293783514311], [5.886591781889365, 49.822970692203576]]]}}, {"id": "159", "type": "Feature", "properties": {"id": 627579497, "name": null, "name_en": null, "descriptio": null, "substation": "minor_distribution", "constructi": 0, "ref": null, "operator": null, "wd_operato": null, "voltages": null, "max_voltag": null, "frequency": null, "start_date": null}, "geometry": {"type": "Polygon", "coordinates": [[[6.448919332746015, 49.80469185685792], [6.448942382979737, 49.80471465563457], [6.448996027160064, 49.804692192134056], [6.448973060745374, 49.80466922571938], [6.448919332746015, 49.80469185685792]]]}}, {"id": "160", "type": "Feature", "properties": {"id": 646021760, "name": null, "name_en": null, "descriptio": null, "substation": null, "constructi": 0, "ref": null, "operator": null, "wd_operato": null, "voltages": null, "max_voltag": null, "frequency": null, "start_date": null}, "geometry": {"type": "Polygon", "coordinates": [[[5.9238731461006475, 49.64418763117863], [5.923887479155098, 49.644290393311536], [5.924377317576558, 49.64426139192656], [5.924363068341138, 49.64415477411818], [5.9238731461006475, 49.64418763117863]]]}}, {"id": "161", "type": "Feature", "properties": {"id": 646450267, "name": null, "name_en": null, "descriptio": null, "substation": null, "constructi": 0, "ref": null, "operator": null, "wd_operato": null, "voltages": null, "max_voltag": null, "frequency": null, "start_date": null}, "geometry": {"type": "Polygon", "coordinates": [[[6.075510072593688, 49.62307965205483], [6.075565057878492, 49.62307973587385], [6.075565225516556, 49.623022655113246], [6.0755102402317505, 49.62302257129421], [6.075510072593688, 49.62307965205483]]]}}, {"id": "162", "type": "Feature", "properties": {"id": 648899135, "name": null, "name_en": null, "descriptio": null, "substation": null, "constructi": 0, "ref": null, "operator": null, "wd_operato": null, "voltages": null, "max_voltag": null, "frequency": null, "start_date": null}, "geometry": {"type": "Polygon", "coordinates": [[[5.936382466034872, 49.80746375223742], [5.936402750240546, 49.807573974264145], [5.936716149600215, 49.807549834383], [5.936695781575509, 49.80743969617528], [5.936382466034872, 49.80746375223742]]]}}, {"id": "163", "type": "Feature", "properties": {"id": 655426200, "name": null, "name_en": null, "descriptio": null, "substation": null, "constructi": 0, "ref": null, "operator": null, "wd_operato": null, "voltages": null, "max_voltag": null, "frequency": null, "start_date": null}, "geometry": {"type": "Polygon", "coordinates": [[[5.967483182484074, 49.94422321969259], [5.967503466689749, 49.944229254662886], [5.9677037941756055, 49.94428792798509], [5.967866738373289, 49.94413009674837], [5.967560966545534, 49.944048876106606], [5.967483182484074, 49.94422321969259]]]}}, {"id": "164", "type": "Feature", "properties": {"id": 655483404, "name": null, "name_en": null, "descriptio": null, "substation": null, "constructi": 0, "ref": null, "operator": null, "wd_operato": null, "voltages": null, "max_voltag": null, "frequency": null, "start_date": null}, "geometry": {"type": "Polygon", "coordinates": [[[5.9899855750198014, 49.83102259984914], [5.990122032403492, 49.83112678690559], [5.9902733257557665, 49.831050092491544], [5.990102083473913, 49.83092226846816], [5.990009044348711, 49.83099577775899], [5.9899855750198014, 49.83102259984914]]]}}, {"id": "165", "type": "Feature", "properties": {"id": 659797337, "name": null, "name_en": null, "descriptio": null, "substation": null, "constructi": 0, "ref": null, "operator": null, "wd_operato": null, "voltages": null, "max_voltag": null, "frequency": null, "start_date": null}, "geometry": {"type": "Polygon", "coordinates": [[[5.886055843000463, 49.555541629043915], [5.886444595669644, 49.555595943776474], [5.886510393609569, 49.55539762794741], [5.88612172475939, 49.55534339703388], [5.886055843000463, 49.555541629043915]]]}}, {"id": "166", "type": "Feature", "properties": {"id": 659876701, "name": null, "name_en": null, "descriptio": null, "substation": null, "constructi": 0, "ref": null, "operator": null, "wd_operato": null, "voltages": null, "max_voltag": null, "frequency": null, "start_date": null}, "geometry": {"type": "Polygon", "coordinates": [[[6.128574225204546, 49.59464002222515], [6.129136567088466, 49.59464102805353], [6.129135058345895, 49.59456818931494], [6.128937832164212, 49.59453122512194], [6.128800788047329, 49.59453323677871], [6.1288022967899, 49.594566177658194], [6.128663660111414, 49.59456316017305], [6.128577326508718, 49.594586126587735], [6.128574225204546, 49.59464002222515]]]}}, {"id": "167", "type": "Feature", "properties": {"id": 664096678, "name": null, "name_en": null, "descriptio": null, "substation": "yes", "constructi": 0, "ref": null, "operator": null, "wd_operato": null, "voltages": null, "max_voltag": null, "frequency": null, "start_date": null}, "geometry": {"type": "Polygon", "coordinates": [[[6.024413571752774, 49.94665372015584], [6.024528655283348, 49.946688337415935], [6.02463778766267, 49.94653813371107], [6.024522620313063, 49.946503516450946], [6.024413571752774, 49.94665372015584]]]}}, {"id": "168", "type": "Feature", "properties": {"id": 666636864, "name": null, "name_en": null, "descriptio": null, "substation": null, "constructi": 0, "ref": null, "operator": null, "wd_operato": null, "voltages": null, "max_voltag": null, "frequency": null, "start_date": null}, "geometry": {"type": "Polygon", "coordinates": [[[6.040721654024253, 49.70240279856577], [6.040824499976196, 49.70240925263119], [6.040829864394226, 49.70237337808561], [6.040727186080346, 49.70236684020112], [6.040721654024253, 49.70240279856577]]]}}, {"id": "169", "type": "Feature", "properties": {"id": 674121558, "name": null, "name_en": null, "descriptio": null, "substation": "minor_distribution", "constructi": 0, "ref": null, "operator": null, "wd_operato": null, "voltages": null, "max_voltag": null, "frequency": null, "start_date": null}, "geometry": {"type": "Polygon", "coordinates": [[[6.0731198890847224, 50.09248425086346], [6.073127851892735, 50.092528926407375], [6.073198343698407, 50.092523729627395], [6.073190380890394, 50.09247905408349], [6.0731198890847224, 50.09248425086346]]]}}, {"id": "170", "type": "Feature", "properties": {"id": 676143319, "name": null, "name_en": null, "descriptio": null, "substation": null, "constructi": 0, "ref": null, "operator": null, "wd_operato": null, "voltages": null, "max_voltag": null, "frequency": null, "start_date": null}, "geometry": {"type": "Polygon", "coordinates": [[[6.005749085042112, 50.01395688223981], [6.0059517594608565, 50.01423599961548], [6.006108165774067, 50.01418906095773], [6.005905575174353, 50.01390994358203], [6.005749085042112, 50.01395688223981]]]}}, {"id": "171", "type": "Feature", "properties": {"id": 682932613, "name": null, "name_en": null, "descriptio": null, "substation": "minor_distribution", "constructi": 0, "ref": null, "operator": null, "wd_operato": null, "voltages": null, "max_voltag": null, "frequency": null, "start_date": null}, "geometry": {"type": "Polygon", "coordinates": [[[5.8421694552694134, 49.972861835903615], [5.842267523536549, 49.97289745899208], [5.842294177988635, 49.9728671165026], [5.842271295392976, 49.972858818418466], [5.842277833277451, 49.972851358524636], [5.842202647605972, 49.972824033520304], [5.8421694552694134, 49.972861835903615]]]}}, {"id": "172", "type": "Feature", "properties": {"id": 683194307, "name": null, "name_en": null, "descriptio": null, "substation": null, "constructi": 0, "ref": null, "operator": null, "wd_operato": null, "voltages": null, "max_voltag": null, "frequency": null, "start_date": null}, "geometry": {"type": "Polygon", "coordinates": [[[5.946813660715294, 50.019205630007065], [5.946867975447844, 50.01922859642174], [5.946901251603435, 50.01919573936131], [5.946846936870884, 50.019172940584696], [5.946813660715294, 50.019205630007065]]]}}, {"id": "173", "type": "Feature", "properties": {"id": 683240602, "name": null, "name_en": null, "descriptio": null, "substation": "minor_distribution", "constructi": 0, "ref": null, "operator": null, "wd_operato": null, "voltages": null, "max_voltag": null, "frequency": null, "start_date": null}, "geometry": {"type": "Polygon", "coordinates": [[[5.979512051728392, 50.11690165681722], [5.979565444451595, 50.11692604815547], [5.979598133873964, 50.11689679531341], [5.979544824969793, 50.1168722363371], [5.979512051728392, 50.11690165681722]]]}}, {"id": "174", "type": "Feature", "properties": {"id": 685420021, "name": null, "name_en": null, "descriptio": null, "substation": "minor_distribution", "constructi": 0, "ref": null, "operator": null, "wd_operato": null, "voltages": null, "max_voltag": null, "frequency": null, "start_date": null}, "geometry": {"type": "Polygon", "coordinates": [[[5.982147238267118, 50.14494272715103], [5.982218819720203, 50.144961586433176], [5.982231727851086, 50.144941553684546], [5.9821601463980025, 50.14492269440241], [5.982147238267118, 50.14494272715103]]]}}, {"id": "175", "type": "Feature", "properties": {"id": 690318840, "name": null, "name_en": null, "descriptio": null, "substation": "minor_distribution", "constructi": 0, "ref": null, "operator": null, "wd_operato": null, "voltages": null, "max_voltag": null, "frequency": null, "start_date": null}, "geometry": {"type": "Polygon", "coordinates": [[[6.15689541874238, 49.87419887274333], [6.156956355178466, 49.874214546902245], [6.156987116763105, 49.87416484221645], [6.15692626414605, 49.874149168057514], [6.15689541874238, 49.87419887274333]]]}}, {"id": "176", "type": "Feature", "properties": {"id": 690875580, "name": null, "name_en": null, "descriptio": null, "substation": "minor_distribution", "constructi": 0, "ref": null, "operator": null, "wd_operato": null, "voltages": null, "max_voltag": null, "frequency": null, "start_date": null}, "geometry": {"type": "Polygon", "coordinates": [[[6.073625485484144, 49.98502967710254], [6.073668652285477, 49.98504644090888], [6.07369178633823, 49.98502179811355], [6.0736484518988325, 49.9850050343072], [6.073625485484144, 49.98502967710254]]]}}, {"id": "177", "type": "Feature", "properties": {"id": 693359139, "name": null, "name_en": null, "descriptio": null, "substation": "minor_distribution", "constructi": 0, "ref": null, "operator": null, "wd_operato": null, "voltages": null, "max_voltag": null, "frequency": null, "start_date": null}, "geometry": {"type": "Polygon", "coordinates": [[[6.089532074593621, 49.84446063465497], [6.0895665242156545, 49.84447924248004], [6.089613546692449, 49.844443032658326], [6.089578929432348, 49.844424424833264], [6.089532074593621, 49.84446063465497]]]}}, {"id": "178", "type": "Feature", "properties": {"id": 694137584, "name": null, "name_en": null, "descriptio": null, "substation": null, "constructi": 0, "ref": null, "operator": null, "wd_operato": null, "voltages": null, "max_voltag": null, "frequency": null, "start_date": null}, "geometry": {"type": "Polygon", "coordinates": [[[6.0492647411958, 49.619525389833115], [6.04932148668027, 49.619527150032795], [6.049325090898634, 49.61948029519404], [6.049268429233194, 49.61947845117536], [6.0492647411958, 49.619525389833115]]]}}, {"id": "179", "type": "Feature", "properties": {"id": 696724298, "name": null, "name_en": null, "descriptio": null, "substation": null, "constructi": 0, "ref": null, "operator": null, "wd_operato": null, "voltages": null, "max_voltag": null, "frequency": null, "start_date": null}, "geometry": {"type": "Polygon", "coordinates": [[[6.1553967344549685, 49.63977682227165], [6.155487426647312, 49.639790484773805], [6.155503519901401, 49.639745473953724], [6.155412743890025, 49.639731895270586], [6.1553967344549685, 49.63977682227165]]]}}, {"id": "180", "type": "Feature", "properties": {"id": 701028570, "name": null, "name_en": null, "descriptio": null, "substation": null, "constructi": 0, "ref": null, "operator": null, "wd_operato": null, "voltages": null, "max_voltag": null, "frequency": null, "start_date": null}, "geometry": {"type": "Polygon", "coordinates": [[[6.049688781677332, 49.59868018337382], [6.04970244417953, 49.59871589028132], [6.049735971792217, 49.59871044204428], [6.049722141651984, 49.598674735136754], [6.049688781677332, 49.59868018337382]]]}}, {"id": "181", "type": "Feature", "properties": {"id": 712218655, "name": null, "name_en": null, "descriptio": null, "substation": null, "constructi": 0, "ref": null, "operator": null, "wd_operato": null, "voltages": null, "max_voltag": null, "frequency": null, "start_date": null}, "geometry": {"type": "Polygon", "coordinates": [[[6.0807619216651005, 49.65185053469792], [6.080793772897152, 49.65187115417973], [6.080816571673807, 49.65185648584918], [6.080784720441727, 49.651835866367335], [6.0807619216651005, 49.65185053469792]]]}}, {"id": "182", "type": "Feature", "properties": {"id": 738928140, "name": null, "name_en": null, "descriptio": null, "substation": null, "constructi": 0, "ref": null, "operator": null, "wd_operato": null, "voltages": null, "max_voltag": null, "frequency": null, "start_date": null}, "geometry": {"type": "Polygon", "coordinates": [[[6.126786365257659, 49.64374322267234], [6.126891977237619, 49.64376166285937], [6.126910082148497, 49.64371824460089], [6.1268044701685085, 49.6436997205949], [6.126786365257659, 49.64374322267234]]]}}, {"id": "183", "type": "Feature", "properties": {"id": 744141838, "name": null, "name_en": null, "descriptio": null, "substation": "minor_distribution", "constructi": 0, "ref": null, "operator": null, "wd_operato": null, "voltages": null, "max_voltag": null, "frequency": null, "start_date": null}, "geometry": {"type": "Polygon", "coordinates": [[[6.128311117263935, 49.698416449235474], [6.128323773937723, 49.69844193022113], [6.128409520807197, 49.6984241605864], [6.128396947952438, 49.69839876341976], [6.128311117263935, 49.698416449235474]]]}}, {"id": "184", "type": "Feature", "properties": {"id": 753249961, "name": null, "name_en": null, "descriptio": null, "substation": null, "constructi": 0, "ref": null, "operator": null, "wd_operato": null, "voltages": null, "max_voltag": null, "frequency": null, "start_date": null}, "geometry": {"type": "Polygon", "coordinates": [[[6.155527240687378, 49.640367327350184], [6.155548363083369, 49.64038836592715], [6.1555971457598275, 49.64036766262632], [6.155576023363836, 49.64034679168742], [6.155527240687378, 49.640367327350184]]]}}, {"id": "185", "type": "Feature", "properties": {"id": 753691730, "name": null, "name_en": null, "descriptio": null, "substation": null, "constructi": 0, "ref": null, "operator": null, "wd_operato": null, "voltages": null, "max_voltag": null, "frequency": null, "start_date": null}, "geometry": {"type": "Polygon", "coordinates": [[[6.121737274423992, 49.59572195828679], [6.121770382941519, 49.595831258304166], [6.1222551922210755, 49.59576956749681], [6.122222083703549, 49.59566026747943], [6.121737274423992, 49.59572195828679]]]}}, {"id": "186", "type": "Feature", "properties": {"id": 753715557, "name": null, "name_en": null, "descriptio": null, "substation": "traction", "constructi": 0, "ref": null, "operator": null, "wd_operato": null, "voltages": "65000;25000", "max_voltag": 65000.0, "frequency": "50", "start_date": null}, "geometry": {"type": "Polygon", "coordinates": [[[6.136409293015022, 49.640619454997676], [6.136425553907202, 49.641029749158015], [6.136550276626423, 49.64102773750125], [6.136534099553274, 49.64061735952183], [6.136409293015022, 49.640619454997676]]]}}, {"id": "187", "type": "Feature", "properties": {"id": 753766575, "name": null, "name_en": null, "descriptio": null, "substation": null, "constructi": 0, "ref": null, "operator": null, "wd_operato": null, "voltages": null, "max_voltag": null, "frequency": null, "start_date": null}, "geometry": {"type": "Polygon", "coordinates": [[[5.965722479903434, 49.512582950356126], [5.965966477104814, 49.51260809606562], [5.966009140991986, 49.512478679480616], [5.965761120477084, 49.512445654782134], [5.965722479903434, 49.512582950356126]]]}}, {"id": "188", "type": "Feature", "properties": {"id": 757550614, "name": null, "name_en": null, "descriptio": null, "substation": "traction", "constructi": 0, "ref": null, "operator": null, "wd_operato": null, "voltages": null, "max_voltag": null, "frequency": null, "start_date": null}, "geometry": {"type": "Polygon", "coordinates": [[[6.1104288297574385, 49.755834832906935], [6.11049538206865, 49.75584044878206], [6.110706354571505, 49.75585972715937], [6.110717167226596, 49.755860816806766], [6.1106755929868655, 49.75553258147846], [6.11063963462226, 49.75553115655496], [6.110656482247634, 49.75520308886472], [6.110613818360491, 49.75520132866507], [6.11056629296948, 49.755199317008305], [6.11057802763392, 49.75506964896621], [6.110491861669317, 49.755067637309466], [6.110456657675968, 49.755589997515216], [6.1104388880412435, 49.75561304774897], [6.1104288297574385, 49.755834832906935]]]}}, {"id": "189", "type": "Feature", "properties": {"id": 777685836, "name": null, "name_en": null, "descriptio": null, "substation": null, "constructi": 0, "ref": null, "operator": null, "wd_operato": null, "voltages": null, "max_voltag": null, "frequency": null, "start_date": null}, "geometry": {"type": "Polygon", "coordinates": [[[6.148516281596926, 49.61246405550462], [6.1485732785384934, 49.61247444906452], [6.14858392355552, 49.612450057726306], [6.148526926613953, 49.61243966416637], [6.148516281596926, 49.61246405550462]]]}}, {"id": "190", "type": "Feature", "properties": {"id": 782452208, "name": null, "name_en": null, "descriptio": null, "substation": "minor_distribution", "constructi": 0, "ref": null, "operator": null, "wd_operato": null, "voltages": null, "max_voltag": null, "frequency": null, "start_date": null}, "geometry": {"type": "Polygon", "coordinates": [[[6.080664943045377, 49.6654558722911], [6.080678354090451, 49.665480431267405], [6.080735267213015, 49.665467439317496], [6.0807218561679415, 49.66544288034117], [6.080664943045377, 49.6654558722911]]]}}, {"id": "191", "type": "Feature", "properties": {"id": 784454904, "name": null, "name_en": null, "descriptio": null, "substation": "minor_distribution", "constructi": 0, "ref": null, "operator": null, "wd_operato": null, "voltages": null, "max_voltag": null, "frequency": null, "start_date": null}, "geometry": {"type": "Polygon", "coordinates": [[[6.126207343386427, 49.578283660191396], [6.126262496309295, 49.57833034739207], [6.126452178778123, 49.578245690169986], [6.126393840732022, 49.57819749422676], [6.1263209, 49.57823119999998], [6.126207343386427, 49.578283660191396]]]}}, {"id": "192", "type": "Feature", "properties": {"id": 790671845, "name": null, "name_en": null, "descriptio": null, "substation": null, "constructi": 0, "ref": null, "operator": null, "wd_operato": null, "voltages": null, "max_voltag": null, "frequency": null, "start_date": null}, "geometry": {"type": "Polygon", "coordinates": [[[5.9875764484096985, 50.12076068503834], [5.987658255784653, 50.12082304639796], [5.987854392318923, 50.120717266779906], [5.987772417305877, 50.12065482160123], [5.9875764484096985, 50.12076068503834]]]}}, {"id": "193", "type": "Feature", "properties": {"id": 790723045, "name": null, "name_en": null, "descriptio": null, "substation": null, "constructi": 0, "ref": null, "operator": null, "wd_operato": null, "voltages": null, "max_voltag": null, "frequency": null, "start_date": null}, "geometry": {"type": "Polygon", "coordinates": [[[6.106144755226411, 49.81407933695519], [6.106151376929944, 49.81408587483965], [6.106246343892877, 49.8141797521552], [6.10668069411534, 49.81404262421928], [6.106601233673245, 49.813935754953796], [6.10618104886717, 49.814068859576174], [6.106144755226411, 49.81407933695519]]]}}, {"id": "194", "type": "Feature", "properties": {"id": 790733154, "name": null, "name_en": null, "descriptio": null, "substation": null, "constructi": 0, "ref": null, "operator": null, "wd_operato": null, "voltages": null, "max_voltag": null, "frequency": null, "start_date": null}, "geometry": {"type": "Polygon", "coordinates": [[[6.134772558782345, 49.6516502910311], [6.1350680208691974, 49.65171416113325], [6.1352257682869435, 49.65137838209216], [6.1349294680097435, 49.65131635600867], [6.134772558782345, 49.6516502910311]]]}}, {"id": "195", "type": "Feature", "properties": {"id": 794929349, "name": null, "name_en": null, "descriptio": null, "substation": "minor_distribution", "constructi": 0, "ref": null, "operator": null, "wd_operato": null, "voltages": null, "max_voltag": null, "frequency": null, "start_date": null}, "geometry": {"type": "Polygon", "coordinates": [[[6.144426667219535, 49.86369383349598], [6.144521634182496, 49.86375192008496], [6.144653732976509, 49.863662233721], [6.144558766013546, 49.863604147131994], [6.144426667219535, 49.86369383349598]]]}}, {"id": "196", "type": "Feature", "properties": {"id": 795363394, "name": null, "name_en": null, "descriptio": null, "substation": null, "constructi": 0, "ref": null, "operator": null, "wd_operato": null, "voltages": null, "max_voltag": null, "frequency": null, "start_date": null}, "geometry": {"type": "Polygon", "coordinates": [[[6.147860816768742, 49.867440460395486], [6.147904570303325, 49.86747558056977], [6.147936170078282, 49.86745915203957], [6.147892416543725, 49.86742403186527], [6.147860816768742, 49.867440460395486]]]}}, {"id": "197", "type": "Feature", "properties": {"id": 798284581, "name": null, "name_en": null, "descriptio": null, "substation": "minor_distribution", "constructi": 0, "ref": null, "operator": null, "wd_operato": null, "voltages": null, "max_voltag": null, "frequency": null, "start_date": null}, "geometry": {"type": "Polygon", "coordinates": [[[6.128688554363833, 49.87445007838143], [6.128728284584896, 49.87447413444355], [6.128760974007264, 49.87445452079013], [6.128718896853343, 49.87442895598545], [6.128688554363833, 49.87445007838143]]]}}, {"id": "198", "type": "Feature", "properties": {"id": 806397297, "name": null, "name_en": null, "descriptio": null, "substation": "minor_distribution", "constructi": 0, "ref": null, "operator": null, "wd_operato": null, "voltages": null, "max_voltag": null, "frequency": null, "start_date": null}, "geometry": {"type": "Polygon", "coordinates": [[[6.514493056748223, 49.76038168010241], [6.514539241034697, 49.76041998539995], [6.514597662899831, 49.76039056491979], [6.514551394794296, 49.760352259622294], [6.514493056748223, 49.76038168010241]]]}}, {"id": "199", "type": "Feature", "properties": {"id": 807750821, "name": null, "name_en": null, "descriptio": null, "substation": "minor_distribution", "constructi": 0, "ref": null, "operator": null, "wd_operato": null, "voltages": null, "max_voltag": null, "frequency": null, "start_date": null}, "geometry": {"type": "Polygon", "coordinates": [[[6.326345733497817, 49.78003782977753], [6.326381272767265, 49.78004663077588], [6.326403568629701, 49.78000949894479], [6.326368029360253, 49.78000053030841], [6.326345733497817, 49.78003782977753]]]}}, {"id": "200", "type": "Feature", "properties": {"id": 812623271, "name": null, "name_en": null, "descriptio": null, "substation": "minor_distribution", "constructi": 0, "ref": null, "operator": null, "wd_operato": null, "voltages": null, "max_voltag": null, "frequency": null, "start_date": null}, "geometry": {"type": "Polygon", "coordinates": [[[6.03512069868566, 50.05921714772001], [6.035148778061284, 50.05924564619083], [6.0352120614302285, 50.05922008138612], [6.035183982054605, 50.059191499096315], [6.03512069868566, 50.05921714772001]]]}}, {"id": "201", "type": "Feature", "properties": {"id": 813196834, "name": null, "name_en": null, "descriptio": null, "substation": "minor_distribution", "constructi": 0, "ref": null, "operator": null, "wd_operato": null, "voltages": null, "max_voltag": null, "frequency": null, "start_date": null}, "geometry": {"type": "Polygon", "coordinates": [[[6.058821368099075, 50.09479204026422], [6.0588615174152665, 50.09481324647925], [6.058899487436661, 50.09478357454203], [6.0588591704823775, 50.09476245214601], [6.058821368099075, 50.09479204026422]]]}}, {"id": "202", "type": "Feature", "properties": {"id": 817735375, "name": null, "name_en": null, "descriptio": null, "substation": "minor_distribution", "constructi": 0, "ref": null, "operator": null, "wd_operato": null, "voltages": null, "max_voltag": null, "frequency": null, "start_date": null}, "geometry": {"type": "Polygon", "coordinates": [[[5.9433490848575445, 49.97877887281089], [5.943426030728659, 49.97879328968433], [5.943441453430522, 49.97875909151941], [5.9433644237403485, 49.97874467464594], [5.9433490848575445, 49.97877887281089]]]}}, {"id": "203", "type": "Feature", "properties": {"id": 825367060, "name": null, "name_en": null, "descriptio": null, "substation": "minor_distribution", "constructi": 0, "ref": null, "operator": null, "wd_operato": null, "voltages": null, "max_voltag": null, "frequency": null, "start_date": null}, "geometry": {"type": "Polygon", "coordinates": [[[6.090316033997424, 49.89951054394669], [6.090319135301598, 49.89951314233669], [6.090350986533679, 49.89953996442686], [6.090408654027498, 49.89951314233669], [6.090377976261891, 49.89948598497043], [6.090375042595782, 49.89948338658045], [6.090316033997424, 49.89951054394669]]]}}, {"id": "204", "type": "Feature", "properties": {"id": 828234424, "name": null, "name_en": null, "descriptio": null, "substation": "yes", "constructi": 0, "ref": null, "operator": null, "wd_operato": null, "voltages": null, "max_voltag": null, "frequency": null, "start_date": null}, "geometry": {"type": "Polygon", "coordinates": [[[6.0927383201955365, 49.9228056968846], [6.092744187527756, 49.92284643293402], [6.09278006207336, 49.92284433745821], [6.092815349885711, 49.922842325801454], [6.092809650191555, 49.92280142211398], [6.0927383201955365, 49.9228056968846]]]}}, {"id": "205", "type": "Feature", "properties": {"id": 830826132, "name": null, "name_en": null, "descriptio": null, "substation": "minor_distribution", "constructi": 0, "ref": null, "operator": null, "wd_operato": null, "voltages": null, "max_voltag": null, "frequency": null, "start_date": null}, "geometry": {"type": "Polygon", "coordinates": [[[6.06230044464931, 49.93122917429785], [6.062307485447974, 49.93125205689352], [6.062353669734448, 49.93124618956129], [6.062346628935785, 49.931223223146624], [6.06230044464931, 49.93122917429785]]]}}, {"id": "206", "type": "Feature", "properties": {"id": 831111704, "name": null, "name_en": null, "descriptio": null, "substation": null, "constructi": 0, "ref": null, "operator": null, "wd_operato": null, "voltages": null, "max_voltag": null, "frequency": null, "start_date": null}, "geometry": {"type": "Polygon", "coordinates": [[[5.973097716505805, 50.06249095146154], [5.973113725940891, 50.06251676772329], [5.973156054551907, 50.06250478160177], [5.973140631850072, 50.062478043330664], [5.973097716505805, 50.06249095146154]]]}}, {"id": "207", "type": "Feature", "properties": {"id": 831373048, "name": null, "name_en": null, "descriptio": null, "substation": "minor_distribution", "constructi": 0, "ref": null, "operator": null, "wd_operato": null, "voltages": null, "max_voltag": null, "frequency": null, "start_date": null}, "geometry": {"type": "Polygon", "coordinates": [[[6.059985865906981, 49.90929566153049], [6.06003079290798, 49.909299936301124], [6.060036744059231, 49.909275796419976], [6.059990559772757, 49.909272778934856], [6.059985865906981, 49.90929566153049]]]}}, {"id": "208", "type": "Feature", "properties": {"id": 831746667, "name": null, "name_en": null, "descriptio": null, "substation": "minor_distribution", "constructi": 0, "ref": null, "operator": null, "wd_operato": null, "voltages": null, "max_voltag": null, "frequency": null, "start_date": null}, "geometry": {"type": "Polygon", "coordinates": [[[6.209341322175192, 49.932841936287474], [6.209368898636625, 49.932870267120194], [6.209491525880055, 49.93282106534857], [6.209464033237651, 49.932792734515864], [6.209341322175192, 49.932841936287474]]]}}, {"id": "209", "type": "Feature", "properties": {"id": 832690663, "name": null, "name_en": null, "descriptio": null, "substation": null, "constructi": 0, "ref": null, "operator": null, "wd_operato": null, "voltages": null, "max_voltag": null, "frequency": null, "start_date": null}, "geometry": {"type": "Polygon", "coordinates": [[[6.117473735555733, 49.65669058086643], [6.117527631193156, 49.65669896276961], [6.117543556809181, 49.65665613124436], [6.117489661171788, 49.65664774934122], [6.117473735555733, 49.65669058086643]]]}}, {"id": "210", "type": "Feature", "properties": {"id": 833003455, "name": null, "name_en": null, "descriptio": null, "substation": "minor_distribution", "constructi": 0, "ref": null, "operator": null, "wd_operato": null, "voltages": null, "max_voltag": null, "frequency": null, "start_date": null}, "geometry": {"type": "Polygon", "coordinates": [[[6.148311260245293, 49.8812875320762], [6.1483527506659925, 49.88130136221644], [6.148374292157171, 49.88127847962078], [6.148363395683021, 49.88127462394534], [6.148331376812905, 49.88126339219507], [6.14831452918753, 49.88128359258172], [6.148311260245293, 49.8812875320762]]]}}, {"id": "211", "type": "Feature", "properties": {"id": 833471172, "name": null, "name_en": null, "descriptio": null, "substation": "minor_distribution", "constructi": 0, "ref": null, "operator": null, "wd_operato": null, "voltages": null, "max_voltag": null, "frequency": null, "start_date": null}, "geometry": {"type": "Polygon", "coordinates": [[[6.083355031049905, 49.94225011968556], [6.083387217558084, 49.94226436892094], [6.0834120279914705, 49.94224157014432], [6.083379254750072, 49.94222774000408], [6.083355031049905, 49.94225011968556]]]}}, {"id": "212", "type": "Feature", "properties": {"id": 833846316, "name": null, "name_en": null, "descriptio": null, "substation": "minor_distribution", "constructi": 0, "ref": null, "operator": null, "wd_operato": null, "voltages": null, "max_voltag": null, "frequency": null, "start_date": null}, "geometry": {"type": "Polygon", "coordinates": [[[6.120145, 49.97772449999999], [6.1201667, 49.9777451], [6.1202155, 49.9777239], [6.120193799999999, 49.977703199999986], [6.120145, 49.97772449999999]]]}}, {"id": "213", "type": "Feature", "properties": {"id": 834568178, "name": null, "name_en": null, "descriptio": null, "substation": "minor_distribution", "constructi": 0, "ref": null, "operator": null, "wd_operato": null, "voltages": null, "max_voltag": null, "frequency": null, "start_date": null}, "geometry": {"type": "Polygon", "coordinates": [[[6.169618980121726, 49.92627546952231], [6.1696626498372495, 49.92628049866422], [6.16966902008366, 49.92625736461145], [6.169625434187168, 49.9262522516505], [6.169618980121726, 49.92627546952231]]]}}, {"id": "214", "type": "Feature", "properties": {"id": 834604921, "name": null, "name_en": null, "descriptio": null, "substation": "subtransmission", "constructi": 0, "ref": null, "operator": null, "wd_operato": null, "voltages": null, "max_voltag": null, "frequency": null, "start_date": null}, "geometry": {"type": "Polygon", "coordinates": [[[6.1875014352662845, 49.93795464576622], [6.187584583745775, 49.93796763771614], [6.187604616494355, 49.93792019614416], [6.187521551833895, 49.93790804238457], [6.1875014352662845, 49.93795464576622]]]}}, {"id": "215", "type": "Feature", "properties": {"id": 834727623, "name": null, "name_en": null, "descriptio": null, "substation": null, "constructi": 0, "ref": null, "operator": null, "wd_operato": null, "voltages": null, "max_voltag": null, "frequency": null, "start_date": null}, "geometry": {"type": "Polygon", "coordinates": [[[6.111021262673745, 49.48541519051398], [6.111094185231365, 49.48572473419818], [6.111229972062774, 49.48571123933407], [6.111157133324184, 49.485401695649884], [6.111021262673745, 49.48541519051398]]]}}, {"id": "216", "type": "Feature", "properties": {"id": 834947957, "name": null, "name_en": null, "descriptio": null, "substation": "minor_distribution", "constructi": 0, "ref": null, "operator": null, "wd_operato": null, "voltages": null, "max_voltag": null, "frequency": null, "start_date": null}, "geometry": {"type": "Polygon", "coordinates": [[[6.224736699010123, 49.91525997237167], [6.224757150853862, 49.915305737563], [6.224771148632158, 49.91530313917303], [6.224805598254193, 49.91529676892662], [6.224785062591423, 49.91525091991625], [6.224736699010123, 49.91525997237167]]]}}, {"id": "217", "type": "Feature", "properties": {"id": 835276159, "name": null, "name_en": null, "descriptio": null, "substation": "minor_distribution", "constructi": 0, "ref": null, "operator": null, "wd_operato": null, "voltages": null, "max_voltag": null, "frequency": null, "start_date": null}, "geometry": {"type": "Polygon", "coordinates": [[[6.218656717905135, 49.814451074360925], [6.218694436469434, 49.81445551676961], [6.218705165305494, 49.814417546748224], [6.218667530560225, 49.8144130205205], [6.218656717905135, 49.814451074360925]]]}}, {"id": "218", "type": "Feature", "properties": {"id": 835785531, "name": null, "name_en": null, "descriptio": null, "substation": "minor_distribution", "constructi": 0, "ref": null, "operator": null, "wd_operato": null, "voltages": null, "max_voltag": null, "frequency": null, "start_date": null}, "geometry": {"type": "Polygon", "coordinates": [[[6.164948667492467, 49.85922728493286], [6.16501438161336, 49.859248072052715], [6.165031732152926, 49.85922518945707], [6.164965347479779, 49.85920431851818], [6.164948667492467, 49.85922728493286]]]}}, {"id": "219", "type": "Feature", "properties": {"id": 836053713, "name": null, "name_en": null, "descriptio": null, "substation": "minor_distribution", "constructi": 0, "ref": null, "operator": null, "wd_operato": null, "voltages": null, "max_voltag": null, "frequency": null, "start_date": null}, "geometry": {"type": "Polygon", "coordinates": [[[6.159614256674786, 49.864753054599994], [6.159664045179626, 49.8647855763843], [6.159708050171305, 49.86475766464678], [6.159658177847405, 49.86472505904339], [6.159614256674786, 49.864753054599994]]]}}, {"id": "220", "type": "Feature", "properties": {"id": 836200077, "name": null, "name_en": null, "descriptio": null, "substation": "minor_distribution", "constructi": 0, "ref": null, "operator": null, "wd_operato": null, "voltages": null, "max_voltag": null, "frequency": null, "start_date": null}, "geometry": {"type": "Polygon", "coordinates": [[[5.997154784442188, 49.893699454295565], [5.997251679242878, 49.893721666338955], [5.997265844659239, 49.8936958500772], [5.997168866039516, 49.893673721852785], [5.997154784442188, 49.893699454295565]]]}}, {"id": "221", "type": "Feature", "properties": {"id": 836200078, "name": null, "name_en": null, "descriptio": null, "substation": "minor_distribution", "constructi": 0, "ref": null, "operator": null, "wd_operato": null, "voltages": null, "max_voltag": null, "frequency": null, "start_date": null}, "geometry": {"type": "Polygon", "coordinates": [[[5.997241034225851, 49.893676739337934], [5.997308676184445, 49.8936937546014], [5.997334995360404, 49.893650252523905], [5.997271628172427, 49.89363432690787], [5.997267353401811, 49.89363323726046], [5.997241034225851, 49.893676739337934]]]}}, {"id": "222", "type": "Feature", "properties": {"id": 836200110, "name": null, "name_en": null, "descriptio": null, "substation": "minor_distribution", "constructi": 0, "ref": null, "operator": null, "wd_operato": null, "voltages": null, "max_voltag": null, "frequency": null, "start_date": null}, "geometry": {"type": "Polygon", "coordinates": [[[5.984830117834889, 49.88562407732109], [5.98485953831502, 49.88563447088103], [5.984888455880963, 49.885601194725396], [5.984858197210514, 49.88559205845093], [5.984830117834889, 49.88562407732109]]]}}, {"id": "223", "type": "Feature", "properties": {"id": 836928617, "name": null, "name_en": null, "descriptio": null, "substation": "minor_distribution", "constructi": 0, "ref": null, "operator": null, "wd_operato": null, "voltages": null, "max_voltag": null, "frequency": null, "start_date": null}, "geometry": {"type": "Polygon", "coordinates": [[[6.1278840592972585, 49.85665974035277], [6.127957149492914, 49.85666418276145], [6.127960418435151, 49.85663425936708], [6.127886070954021, 49.85663258298646], [6.1278840592972585, 49.85665974035277]]]}}, {"id": "224", "type": "Feature", "properties": {"id": 837040506, "name": null, "name_en": null, "descriptio": null, "substation": "minor_distribution", "constructi": 0, "ref": null, "operator": null, "wd_operato": null, "voltages": null, "max_voltag": null, "frequency": null, "start_date": null}, "geometry": {"type": "Polygon", "coordinates": [[[6.090763040893676, 50.0143358280823], [6.090815846883657, 50.01434538345191], [6.0908371369177425, 50.01429651695639], [6.090784247108701, 50.01428704540582], [6.090763040893676, 50.0143358280823]]]}}, {"id": "225", "type": "Feature", "properties": {"id": 837138511, "name": null, "name_en": null, "descriptio": null, "substation": "minor_distribution", "constructi": 0, "ref": null, "operator": null, "wd_operato": null, "voltages": null, "max_voltag": null, "frequency": null, "start_date": null}, "geometry": {"type": "Polygon", "coordinates": [[[6.073411244039022, 50.050175672585816], [6.073446699489437, 50.05018036645156], [6.073458434153905, 50.0501434860776], [6.073423146341526, 50.05013879221185], [6.073411244039022, 50.050175672585816]]]}}, {"id": "226", "type": "Feature", "properties": {"id": 837138532, "name": null, "name_en": null, "descriptio": null, "substation": "minor_distribution", "constructi": 0, "ref": null, "operator": null, "wd_operato": null, "voltages": null, "max_voltag": null, "frequency": null, "start_date": null}, "geometry": {"type": "Polygon", "coordinates": [[[6.065606099622868, 50.047050228530445], [6.0656269705617945, 50.047076966801555], [6.06565362501388, 50.04706833344129], [6.065632754074983, 50.0470416789892], [6.065606099622868, 50.047050228530445]]]}}, {"id": "227", "type": "Feature", "properties": {"id": 837138554, "name": null, "name_en": null, "descriptio": null, "substation": "minor_distribution", "constructi": 0, "ref": null, "operator": null, "wd_operato": null, "voltages": null, "max_voltag": null, "frequency": null, "start_date": null}, "geometry": {"type": "Polygon", "coordinates": [[[6.067505438881995, 50.05485277455662], [6.067525974544765, 50.05488152448452], [6.067573332297713, 50.05486769434427], [6.067552796634942, 50.05483886059734], [6.067505438881995, 50.05485277455662]]]}}, {"id": "228", "type": "Feature", "properties": {"id": 837246148, "name": null, "name_en": null, "descriptio": null, "substation": "minor_distribution", "constructi": 0, "ref": null, "operator": null, "wd_operato": null, "voltages": null, "max_voltag": null, "frequency": null, "start_date": null}, "geometry": {"type": "Polygon", "coordinates": [[[6.093448854127558, 50.01448276284492], [6.093494786956966, 50.01448318194007], [6.093495122233094, 50.01446013170635], [6.0934954575092215, 50.01444672066126], [6.093449524679812, 50.01444638538515], [6.093448854127558, 50.01448276284492]]]}}, {"id": "229", "type": "Feature", "properties": {"id": 837246168, "name": null, "name_en": null, "descriptio": null, "substation": "minor_distribution", "constructi": 0, "ref": null, "operator": null, "wd_operato": null, "voltages": null, "max_voltag": null, "frequency": null, "start_date": null}, "geometry": {"type": "Polygon", "coordinates": [[[6.088296749703915, 50.004747517585], [6.088350729160339, 50.004781464292854], [6.088388196267517, 50.004756821497516], [6.08833413299206, 50.0047229586087], [6.088296749703915, 50.004747517585]]]}}, {"id": "230", "type": "Feature", "properties": {"id": 838758474, "name": null, "name_en": null, "descriptio": null, "substation": "minor_distribution", "constructi": 0, "ref": null, "operator": null, "wd_operato": null, "voltages": null, "max_voltag": null, "frequency": null, "start_date": null}, "geometry": {"type": "Polygon", "coordinates": [[[6.085572966448637, 49.860799143235006], [6.085599285624596, 49.86082638442029], [6.085675644762517, 49.86079587429276], [6.085649325586559, 49.86076854928842], [6.085572966448637, 49.860799143235006]]]}}, {"id": "231", "type": "Feature", "properties": {"id": 838921795, "name": null, "name_en": null, "descriptio": null, "substation": "minor_distribution", "constructi": 0, "ref": null, "operator": null, "wd_operato": null, "voltages": null, "max_voltag": null, "frequency": null, "start_date": null}, "geometry": {"type": "Polygon", "coordinates": [[[6.144314684993134, 49.86377413212837], [6.144361539831863, 49.86380338497047], [6.14442893033339, 49.86375837415037], [6.144382075494633, 49.86372912130833], [6.144314684993134, 49.86377413212837]]]}}, {"id": "232", "type": "Feature", "properties": {"id": 839588692, "name": null, "name_en": null, "descriptio": null, "substation": "minor_distribution", "constructi": 0, "ref": null, "operator": null, "wd_operato": null, "voltages": null, "max_voltag": null, "frequency": null, "start_date": null}, "geometry": {"type": "Polygon", "coordinates": [[[5.920525246335103, 50.099956130809424], [5.920567072031929, 50.09998814967953], [5.920609819738103, 50.09996493180776], [5.92056807786031, 50.09993299675664], [5.920525246335103, 50.099956130809424]]]}}, {"id": "233", "type": "Feature", "properties": {"id": 839821904, "name": null, "name_en": null, "descriptio": null, "substation": "minor_distribution", "constructi": 0, "ref": null, "operator": null, "wd_operato": null, "voltages": null, "max_voltag": null, "frequency": null, "start_date": null}, "geometry": {"type": "Polygon", "coordinates": [[[6.083362071848568, 50.077231534020534], [6.0834299652642585, 50.07729087789503], [6.083494338280644, 50.07726045158649], [6.083426361045895, 50.07720119153106], [6.083362071848568, 50.077231534020534]]]}}, {"id": "234", "type": "Feature", "properties": {"id": 839942653, "name": null, "name_en": null, "descriptio": null, "substation": "minor_distribution", "constructi": 0, "ref": null, "operator": null, "wd_operato": null, "voltages": null, "max_voltag": null, "frequency": null, "start_date": null}, "geometry": {"type": "Polygon", "coordinates": [[[6.057478754848745, 50.0962874556094], [6.057521251097825, 50.096312936595034], [6.057568944126899, 50.09628024717267], [6.057526364058758, 50.09625476618702], [6.057489818960931, 50.09627974425848], [6.057478754848745, 50.0962874556094]]]}}, {"id": "235", "type": "Feature", "properties": {"id": 842419778, "name": null, "name_en": null, "descriptio": null, "substation": "minor_distribution", "constructi": 0, "ref": null, "operator": null, "wd_operato": null, "voltages": null, "max_voltag": null, "frequency": null, "start_date": null}, "geometry": {"type": "Polygon", "coordinates": [[[6.215230195887813, 49.81014654798616], [6.215236985229382, 49.81017714193275], [6.215274033241401, 49.810173621533416], [6.215267327718863, 49.810143195224896], [6.215230195887813, 49.81014654798616]]]}}, {"id": "236", "type": "Feature", "properties": {"id": 843562253, "name": null, "name_en": null, "descriptio": null, "substation": "minor_distribution", "constructi": 0, "ref": null, "operator": null, "wd_operato": null, "voltages": null, "max_voltag": null, "frequency": null, "start_date": null}, "geometry": {"type": "Polygon", "coordinates": [[[6.136807181958687, 49.886594031156314], [6.136820173908603, 49.88662194289391], [6.136881697077882, 49.88661004059138], [6.136868788946998, 49.886582128853824], [6.136807181958687, 49.886594031156314]]]}}, {"id": "237", "type": "Feature", "properties": {"id": 844058858, "name": null, "name_en": null, "descriptio": null, "substation": "minor_distribution", "constructi": 0, "ref": null, "operator": null, "wd_operato": null, "voltages": null, "max_voltag": null, "frequency": null, "start_date": null}, "geometry": {"type": "Polygon", "coordinates": [[[6.161817859019095, 49.7638402209899], [6.161853565926606, 49.76387802337318], [6.161919196228467, 49.7638521232924], [6.161883321682893, 49.76381432090909], [6.161817859019095, 49.7638402209899]]]}}, {"id": "238", "type": "Feature", "properties": {"id": 844717469, "name": null, "name_en": null, "descriptio": null, "substation": "minor_distribution", "constructi": 0, "ref": null, "operator": null, "wd_operato": null, "voltages": null, "max_voltag": null, "frequency": null, "start_date": null}, "geometry": {"type": "Polygon", "coordinates": [[[5.773185218684943, 49.89999443121691], [5.773205670528682, 49.900027036820276], [5.773257135414184, 49.90001379341325], [5.773253950290979, 49.900008764271334], [5.773252357729376, 49.900006082062326], [5.773236767389477, 49.899981187809914], [5.773185218684943, 49.89999443121691]]]}}, {"id": "239", "type": "Feature", "properties": {"id": 845832424, "name": null, "name_en": null, "descriptio": null, "substation": "minor_distribution", "constructi": 0, "ref": null, "operator": null, "wd_operato": null, "voltages": null, "max_voltag": null, "frequency": null, "start_date": null}, "geometry": {"type": "Polygon", "coordinates": [[[6.097568056623145, 49.818003157287784], [6.097605775187447, 49.81801019808644], [6.097626143212153, 49.817964935809336], [6.09758834082885, 49.81795789501064], [6.097568056623145, 49.818003157287784]]]}}, {"id": "240", "type": "Feature", "properties": {"id": 846190396, "name": null, "name_en": null, "descriptio": null, "substation": "minor_distribution", "constructi": 0, "ref": null, "operator": null, "wd_operato": null, "voltages": null, "max_voltag": null, "frequency": null, "start_date": null}, "geometry": {"type": "Polygon", "coordinates": [[[5.879429445627608, 49.93694638663347], [5.879499434519118, 49.93695275687988], [5.879506726774879, 49.93691956454331], [5.879436821702399, 49.9369131942969], [5.879429445627608, 49.93694638663347]]]}}, {"id": "241", "type": "Feature", "properties": {"id": 848165855, "name": null, "name_en": null, "descriptio": null, "substation": "minor_distribution", "constructi": 0, "ref": null, "operator": null, "wd_operato": null, "voltages": null, "max_voltag": null, "frequency": null, "start_date": null}, "geometry": {"type": "Polygon", "coordinates": [[[6.128253952684304, 49.92428862319405], [6.128261161121031, 49.924321983168696], [6.128333748402496, 49.92431536146518], [6.128332155840893, 49.92431217634198], [6.128326372327706, 49.92428225294766], [6.128314050930045, 49.92428325877601], [6.128253952684304, 49.92428862319405]]]}}, {"id": "242", "type": "Feature", "properties": {"id": 850148424, "name": null, "name_en": null, "descriptio": null, "substation": "minor_distribution", "constructi": 0, "ref": null, "operator": null, "wd_operato": null, "voltages": null, "max_voltag": null, "frequency": null, "start_date": null}, "geometry": {"type": "Polygon", "coordinates": [[[6.189732000000001, 49.88010359999999], [6.189797, 49.8801267], [6.189819, 49.880100899999995], [6.189753900000001, 49.8800778], [6.189732000000001, 49.88010359999999]]]}}, {"id": "243", "type": "Feature", "properties": {"id": 850962140, "name": null, "name_en": null, "descriptio": null, "substation": "minor_distribution", "constructi": 0, "ref": null, "operator": null, "wd_operato": null, "voltages": null, "max_voltag": null, "frequency": null, "start_date": null}, "geometry": {"type": "Polygon", "coordinates": [[[6.260556343126979, 49.86911147661217], [6.260614932630147, 49.86913595176942], [6.260645275119628, 49.86910577691803], [6.26058668561646, 49.86908138557976], [6.260556343126979, 49.86911147661217]]]}}, {"id": "244", "type": "Feature", "properties": {"id": 851008603, "name": "Poste Kirchberg B", "name_en": null, "descriptio": null, "substation": null, "constructi": 0, "ref": null, "operator": "Creos", "wd_operato": null, "voltages": null, "max_voltag": null, "frequency": null, "start_date": null}, "geometry": {"type": "Polygon", "coordinates": [[[6.153916238897438, 49.62183066466295], [6.154579750352639, 49.622074745683356], [6.1547389226938956, 49.621908364905345], [6.154881331228837, 49.621891517279984], [6.154944866054875, 49.62191616007529], [6.154968083926662, 49.62189218783222], [6.1549856859233225, 49.62187223890268], [6.154647057035135, 49.62174374432703], [6.154623587706226, 49.62176285506625], [6.1541428855592235, 49.62157727973], [6.153916238897438, 49.62183066466295]]]}}, {"id": "245", "type": "Feature", "properties": {"id": 851024160, "name": "Poste Windhof", "name_en": null, "descriptio": null, "substation": null, "constructi": 0, "ref": null, "operator": "Creos", "wd_operato": null, "voltages": null, "max_voltag": null, "frequency": null, "start_date": null}, "geometry": {"type": "Polygon", "coordinates": [[[5.965299780526408, 49.64711517850004], [5.965309335896023, 49.64752438301298], [5.965909144887121, 49.64751843186172], [5.965899589517505, 49.64710922734877], [5.965822895103457, 49.64710998172007], [5.965541598432964, 49.64711576523324], [5.965525337540811, 49.647130265925725], [5.9654802429017195, 49.6471332834109], [5.965446044736779, 49.647135546524765], [5.965446044736779, 49.64711366975746], [5.965299780526408, 49.64711517850004]]]}}, {"id": "246", "type": "Feature", "properties": {"id": 851659301, "name": null, "name_en": null, "descriptio": null, "substation": "minor_distribution", "constructi": 0, "ref": null, "operator": null, "wd_operato": null, "voltages": null, "max_voltag": null, "frequency": null, "start_date": null}, "geometry": {"type": "Polygon", "coordinates": [[[6.150545875631366, 49.86565637230502], [6.150586863137875, 49.86568537368997], [6.150631287224684, 49.86565938979016], [6.150590299718175, 49.8656302207671], [6.150545875631366, 49.86565637230502]]]}}, {"id": "247", "type": "Feature", "properties": {"id": 851764179, "name": null, "name_en": null, "descriptio": null, "substation": "minor_distribution", "constructi": 0, "ref": null, "operator": null, "wd_operato": null, "voltages": null, "max_voltag": null, "frequency": null, "start_date": null}, "geometry": {"type": "Polygon", "coordinates": [[[6.159294151792579, 49.86333768643013], [6.159366068521821, 49.863356629531296], [6.159388867298447, 49.86332083880473], [6.159317034388238, 49.86330189570358], [6.159294151792579, 49.86333768643013]]]}}, {"id": "248", "type": "Feature", "properties": {"id": 851854367, "name": null, "name_en": null, "descriptio": null, "substation": "minor_distribution", "constructi": 0, "ref": null, "operator": null, "wd_operato": null, "voltages": null, "max_voltag": null, "frequency": null, "start_date": null}, "geometry": {"type": "Polygon", "coordinates": [[[6.132506427440348, 49.85110153272032], [6.132520844313803, 49.8511083220619], [6.132567866790623, 49.85113036646724], [6.132596784356565, 49.851104717843526], [6.13253534500629, 49.85107596791566], [6.132506427440348, 49.85110153272032]]]}}, {"id": "249", "type": "Feature", "properties": {"id": 853512763, "name": null, "name_en": null, "descriptio": null, "substation": "minor_distribution", "constructi": 0, "ref": null, "operator": null, "wd_operato": null, "voltages": null, "max_voltag": null, "frequency": null, "start_date": null}, "geometry": {"type": "Polygon", "coordinates": [[[6.154443376788009, 49.86430847845568], [6.154490483083833, 49.864317782368204], [6.1545196521069, 49.864256175379886], [6.154472545811046, 49.864246871467344], [6.154443376788009, 49.86430847845568]]]}}, {"id": "250", "type": "Feature", "properties": {"id": 853750040, "name": null, "name_en": null, "descriptio": null, "substation": "minor_distribution", "constructi": 0, "ref": null, "operator": null, "wd_operato": null, "voltages": null, "max_voltag": null, "frequency": null, "start_date": null}, "geometry": {"type": "Polygon", "coordinates": [[[6.1224556873449965, 49.812707135586635], [6.1224963395753775, 49.81271669095625], [6.122508493334976, 49.81269506564607], [6.122467757285563, 49.812685594095484], [6.1224556873449965, 49.812707135586635]]]}}, {"id": "251", "type": "Feature", "properties": {"id": 854524559, "name": null, "name_en": null, "descriptio": null, "substation": "minor_distribution", "constructi": 0, "ref": null, "operator": null, "wd_operato": null, "voltages": null, "max_voltag": null, "frequency": null, "start_date": null}, "geometry": {"type": "Polygon", "coordinates": [[[6.0659767, 49.88690049999999], [6.066041300000001, 49.88691770000001], [6.0660444, 49.886912799999976], [6.066061300000001, 49.88688639999998], [6.0659968, 49.88686919999999], [6.0659767, 49.88690049999999]]]}}, {"id": "252", "type": "Feature", "properties": {"id": 854567579, "name": null, "name_en": null, "descriptio": null, "substation": null, "constructi": 0, "ref": null, "operator": null, "wd_operato": null, "voltages": null, "max_voltag": null, "frequency": null, "start_date": null}, "geometry": {"type": "Polygon", "coordinates": [[[6.0340401875475616, 49.66493502082788], [6.034069691846725, 49.66496578241253], [6.034105817849394, 49.66495128172004], [6.034076397369262, 49.664920520135425], [6.0340401875475616, 49.66493502082788]]]}}, {"id": "253", "type": "Feature", "properties": {"id": 856809801, "name": null, "name_en": null, "descriptio": null, "substation": "minor_distribution", "constructi": 0, "ref": null, "operator": null, "wd_operato": null, "voltages": null, "max_voltag": null, "frequency": null, "start_date": null}, "geometry": {"type": "Polygon", "coordinates": [[[6.153834599160519, 49.877109237163246], [6.153873323553171, 49.87711652941899], [6.153886147865023, 49.8770885338624], [6.153847255834308, 49.87708115778761], [6.153834599160519, 49.877109237163246]]]}}, {"id": "254", "type": "Feature", "properties": {"id": 859166797, "name": null, "name_en": null, "descriptio": null, "substation": "minor_distribution", "constructi": 0, "ref": null, "operator": null, "wd_operato": null, "voltages": null, "max_voltag": null, "frequency": null, "start_date": null}, "geometry": {"type": "Polygon", "coordinates": [[[6.131666393104297, 50.04067947920438], [6.131668237122995, 50.04071761686382], [6.1317044469446955, 50.04071686249251], [6.131702519106966, 50.040678641014075], [6.131666393104297, 50.04067947920438]]]}}, {"id": "255", "type": "Feature", "properties": {"id": 860089534, "name": null, "name_en": null, "descriptio": null, "substation": "minor_distribution", "constructi": 0, "ref": null, "operator": null, "wd_operato": null, "voltages": null, "max_voltag": null, "frequency": null, "start_date": null}, "geometry": {"type": "Polygon", "coordinates": [[[6.0859594560039625, 50.09234075268112], [6.085979740209638, 50.09236036633456], [6.086018799878446, 50.09234385398528], [6.08599843185371, 50.09232424033186], [6.0859594560039625, 50.09234075268112]]]}}, {"id": "256", "type": "Feature", "properties": {"id": 860319995, "name": null, "name_en": null, "descriptio": null, "substation": "minor_distribution", "constructi": 0, "ref": null, "operator": null, "wd_operato": null, "voltages": null, "max_voltag": null, "frequency": null, "start_date": null}, "geometry": {"type": "Polygon", "coordinates": [[[6.087758966796287, 50.11103373786254], [6.087784699239024, 50.111072378436184], [6.08785845998696, 50.11105226186859], [6.087832895182288, 50.11101353747592], [6.087758966796287, 50.11103373786254]]]}}, {"id": "257", "type": "Feature", "properties": {"id": 865061947, "name": null, "name_en": null, "descriptio": null, "substation": "minor_distribution", "constructi": 0, "ref": null, "operator": null, "wd_operato": null, "voltages": null, "max_voltag": null, "frequency": null, "start_date": null}, "geometry": {"type": "Polygon", "coordinates": [[[5.917994665947986, 50.05163169298605], [5.918017632362678, 50.051655665229134], [5.91804956741376, 50.051643092374384], [5.918026517180039, 50.05161903631227], [5.917994665947986, 50.05163169298605]]]}}, {"id": "258", "type": "Feature", "properties": {"id": 866434614, "name": null, "name_en": null, "descriptio": null, "substation": "minor_distribution", "constructi": 0, "ref": null, "operator": null, "wd_operato": null, "voltages": null, "max_voltag": null, "frequency": null, "start_date": null}, "geometry": {"type": "Polygon", "coordinates": [[[6.1801965, 49.86409979999998], [6.1802287, 49.8641249], [6.1802605, 49.86410789999998], [6.1802283000000005, 49.86408289999999], [6.1801965, 49.86409979999998]]]}}, {"id": "259", "type": "Feature", "properties": {"id": 866769549, "name": null, "name_en": null, "descriptio": null, "substation": "minor_distribution", "constructi": 0, "ref": null, "operator": null, "wd_operato": null, "voltages": null, "max_voltag": null, "frequency": null, "start_date": null}, "geometry": {"type": "Polygon", "coordinates": [[[5.970347781712661, 49.920628246078195], [5.970371083403478, 49.92065037430258], [5.970377956564079, 49.92065699600606], [5.970438222447882, 49.92063059301108], [5.970408131415495, 49.92060192690223], [5.970347781712661, 49.920628246078195]]]}}, {"id": "260", "type": "Feature", "properties": {"id": 867331945, "name": null, "name_en": null, "descriptio": null, "substation": "minor_distribution", "constructi": 0, "ref": null, "operator": null, "wd_operato": null, "voltages": null, "max_voltag": null, "frequency": null, "start_date": null}, "geometry": {"type": "Polygon", "coordinates": [[[5.993310173094557, 49.99761694873625], [5.993314196408079, 49.99764888378735], [5.9933745461109424, 49.99764578248318], [5.9934113426658655, 49.997643770826414], [5.9934072355333115, 49.997611835775324], [5.993310173094557, 49.99761694873625]]]}}, {"id": "261", "type": "Feature", "properties": {"id": 868413956, "name": null, "name_en": null, "descriptio": null, "substation": "minor_distribution", "constructi": 0, "ref": null, "operator": null, "wd_operato": null, "voltages": null, "max_voltag": null, "frequency": null, "start_date": null}, "geometry": {"type": "Polygon", "coordinates": [[[5.8829247830699956, 49.90137576885989], [5.882984462220576, 49.901399741102956], [5.883013798881705, 49.90136998534671], [5.882945989285019, 49.90134232506625], [5.8829247830699956, 49.90137576885989]]]}}, {"id": "262", "type": "Feature", "properties": {"id": 868413996, "name": null, "name_en": null, "descriptio": null, "substation": "minor_distribution", "constructi": 0, "ref": null, "operator": null, "wd_operato": null, "voltages": null, "max_voltag": null, "frequency": null, "start_date": null}, "geometry": {"type": "Polygon", "coordinates": [[[5.884806771789556, 49.903164550816165], [5.8848322527751975, 49.90319086999212], [5.884869552244311, 49.90317586638547], [5.8848440712586685, 49.9031495472095], [5.884806771789556, 49.903164550816165]]]}}, {"id": "263", "type": "Feature", "properties": {"id": 870288758, "name": null, "name_en": null, "descriptio": null, "substation": "minor_distribution", "constructi": 0, "ref": null, "operator": null, "wd_operato": null, "voltages": null, "max_voltag": null, "frequency": null, "start_date": null}, "geometry": {"type": "Polygon", "coordinates": [[[5.795474124146864, 49.94908614845678], [5.795543023390962, 49.94909168051286], [5.795548723085118, 49.949062176213715], [5.795479823841021, 49.94905664415761], [5.795474124146864, 49.94908614845678]]]}}, {"id": "264", "type": "Feature", "properties": {"id": 870810226, "name": null, "name_en": null, "descriptio": null, "substation": "minor_distribution", "constructi": 0, "ref": null, "operator": null, "wd_operato": null, "voltages": null, "max_voltag": null, "frequency": null, "start_date": null}, "geometry": {"type": "Polygon", "coordinates": [[[5.754470189098157, 49.809200985489134], [5.754505728367605, 49.80923216616896], [5.754542692560619, 49.80921456417229], [5.754507153291144, 49.80918338349249], [5.754470189098157, 49.809200985489134]]]}}, {"id": "265", "type": "Feature", "properties": {"id": 872010115, "name": null, "name_en": null, "descriptio": null, "substation": "minor_distribution", "constructi": 0, "ref": null, "operator": null, "wd_operato": null, "voltages": null, "max_voltag": null, "frequency": null, "start_date": null}, "geometry": {"type": "Polygon", "coordinates": [[[6.2394330251203485, 49.76471177128187], [6.23948205925393, 49.764728954183376], [6.239518269075632, 49.76468553592494], [6.239469234942078, 49.76466843684245], [6.2394330251203485, 49.76471177128187]]]}}, {"id": "266", "type": "Feature", "properties": {"id": 875466351, "name": null, "name_en": null, "descriptio": null, "substation": "minor_distribution", "constructi": 0, "ref": null, "operator": null, "wd_operato": null, "voltages": null, "max_voltag": null, "frequency": null, "start_date": null}, "geometry": {"type": "Polygon", "coordinates": [[[6.1534339441888335, 49.86732671796945], [6.153474680238247, 49.867339961376416], [6.153497059919715, 49.86731129526759], [6.153456323870302, 49.867298051860594], [6.1534339441888335, 49.86732671796945]]]}}, {"id": "267", "type": "Feature", "properties": {"id": 875466352, "name": null, "name_en": null, "descriptio": null, "substation": "minor_distribution", "constructi": 0, "ref": null, "operator": null, "wd_operato": null, "voltages": null, "max_voltag": null, "frequency": null, "start_date": null}, "geometry": {"type": "Polygon", "coordinates": [[[6.153368397706004, 49.86730819396342], [6.1534226286195235, 49.86732805907393], [6.153452552013873, 49.86729419618512], [6.153398237281294, 49.86727424725557], [6.153368397706004, 49.86730819396342]]]}}, {"id": "268", "type": "Feature", "properties": {"id": 875811005, "name": null, "name_en": null, "descriptio": null, "substation": "minor_distribution", "constructi": 0, "ref": null, "operator": null, "wd_operato": null, "voltages": null, "max_voltag": null, "frequency": null, "start_date": null}, "geometry": {"type": "Polygon", "coordinates": [[[6.207280399999999, 49.93440659999998], [6.20732, 49.934434799999984], [6.2073496, 49.93441749999999], [6.20731, 49.934389399999986], [6.207280399999999, 49.93440659999998]]]}}, {"id": "269", "type": "Feature", "properties": {"id": 877540777, "name": null, "name_en": null, "descriptio": null, "substation": "minor_distribution", "constructi": 0, "ref": null, "operator": null, "wd_operato": null, "voltages": null, "max_voltag": null, "frequency": null, "start_date": null}, "geometry": {"type": "Polygon", "coordinates": [[[5.930284128561964, 49.8737178353202], [5.930287648961297, 49.87373736515459], [5.930334084704867, 49.87373392857429], [5.930330564305535, 49.873714482558945], [5.930284128561964, 49.8737178353202]]]}}, {"id": "270", "type": "Feature", "properties": {"id": 877916302, "name": null, "name_en": null, "descriptio": null, "substation": "minor_distribution", "constructi": 0, "ref": null, "operator": null, "wd_operato": null, "voltages": null, "max_voltag": null, "frequency": null, "start_date": null}, "geometry": {"type": "Polygon", "coordinates": [[[5.8256650688256, 49.857057880753494], [5.825714689692404, 49.85707648857853], [5.825730866765524, 49.85705855130577], [5.82568116207969, 49.8570399434807], [5.8256650688256, 49.857057880753494]]]}}, {"id": "271", "type": "Feature", "properties": {"id": 877994115, "name": null, "name_en": null, "descriptio": null, "substation": "minor_distribution", "constructi": 0, "ref": null, "operator": null, "wd_operato": null, "voltages": null, "max_voltag": null, "frequency": null, "start_date": null}, "geometry": {"type": "Polygon", "coordinates": [[[5.838955833592678, 50.01068768854504], [5.838981230759316, 50.01072834077543], [5.839012495258147, 50.01072037796744], [5.838987098091536, 50.010679641918], [5.838955833592678, 50.01068768854504]]]}}, {"id": "272", "type": "Feature", "properties": {"id": 878160477, "name": null, "name_en": null, "descriptio": null, "substation": "minor_distribution", "constructi": 0, "ref": null, "operator": null, "wd_operato": null, "voltages": null, "max_voltag": null, "frequency": null, "start_date": null}, "geometry": {"type": "Polygon", "coordinates": [[[5.844692700000001, 50.01106699999999], [5.844699, 50.0110947], [5.8447399, 50.011090900000006], [5.844733599999999, 50.01106309999999], [5.844692700000001, 50.01106699999999]]]}}, {"id": "273", "type": "Feature", "properties": {"id": 878215283, "name": null, "name_en": null, "descriptio": null, "substation": "minor_distribution", "constructi": 0, "ref": null, "operator": null, "wd_operato": null, "voltages": null, "max_voltag": null, "frequency": null, "start_date": null}, "geometry": {"type": "Polygon", "coordinates": [[[5.956523760265668, 49.94814871640584], [5.956524682275017, 49.948194733054244], [5.95656734616216, 49.94819448159716], [5.956566424152811, 49.948148464948744], [5.956523760265668, 49.94814871640584]]]}}, {"id": "274", "type": "Feature", "properties": {"id": 878904251, "name": null, "name_en": null, "descriptio": null, "substation": "minor_distribution", "constructi": 0, "ref": null, "operator": null, "wd_operato": null, "voltages": null, "max_voltag": null, "frequency": null, "start_date": null}, "geometry": {"type": "Polygon", "coordinates": [[[6.1667236193085, 49.96606604026761], [6.166753291245727, 49.966073081066284], [6.166766618471769, 49.96604969555641], [6.166737030353573, 49.96604265475775], [6.1667236193085, 49.96606604026761]]]}}, {"id": "275", "type": "Feature", "properties": {"id": 879208468, "name": null, "name_en": null, "descriptio": null, "substation": "minor_distribution", "constructi": 0, "ref": null, "operator": null, "wd_operato": null, "voltages": null, "max_voltag": null, "frequency": null, "start_date": null}, "geometry": {"type": "Polygon", "coordinates": [[[5.883064174119766, 49.73132245999015], [5.88312351799425, 49.731329165512726], [5.883133576278055, 49.731292452776785], [5.88307414858454, 49.73128574725427], [5.883064174119766, 49.73132245999015]]]}}, {"id": "276", "type": "Feature", "properties": {"id": 880774658, "name": null, "name_en": null, "descriptio": null, "substation": "minor_distribution", "constructi": 0, "ref": null, "operator": null, "wd_operato": null, "voltages": null, "max_voltag": null, "frequency": null, "start_date": null}, "geometry": {"type": "Polygon", "coordinates": [[[5.960764332719208, 50.06151412446568], [5.960792495913864, 50.06151529793214], [5.960791238628389, 50.06152803842496], [5.960865083195358, 50.061530888272024], [5.960869190327912, 50.06148503926168], [5.960795345760943, 50.061482273233636], [5.960770870603683, 50.06147984248172], [5.960764332719208, 50.06151412446568]]]}}, {"id": "277", "type": "Feature", "properties": {"id": 881986738, "name": null, "name_en": null, "descriptio": null, "substation": "minor_distribution", "constructi": 0, "ref": null, "operator": null, "wd_operato": null, "voltages": null, "max_voltag": null, "frequency": null, "start_date": null}, "geometry": {"type": "Polygon", "coordinates": [[[6.025967325144053, 50.1612536592696], [6.025967576601146, 50.16127863734104], [6.026043181367755, 50.161278218245904], [6.026042929910659, 50.16125332399345], [6.025967325144053, 50.1612536592696]]]}}, {"id": "278", "type": "Feature", "properties": {"id": 882853754, "name": null, "name_en": null, "descriptio": null, "substation": "minor_distribution", "constructi": 0, "ref": null, "operator": null, "wd_operato": null, "voltages": null, "max_voltag": null, "frequency": null, "start_date": null}, "geometry": {"type": "Polygon", "coordinates": [[[5.994730821863442, 50.13332264332447], [5.994759236515194, 50.133336557283734], [5.9947853880530895, 50.133314680516456], [5.994757057220368, 50.13330076655719], [5.994730821863442, 50.13332264332447]]]}}, {"id": "279", "type": "Feature", "properties": {"id": 883797650, "name": null, "name_en": null, "descriptio": null, "substation": "minor_distribution", "constructi": 0, "ref": null, "operator": null, "wd_operato": null, "voltages": null, "max_voltag": null, "frequency": null, "start_date": null}, "geometry": {"type": "Polygon", "coordinates": [[[5.976307985421272, 50.07065132093416], [5.97631033235416, 50.070673197701474], [5.976357857745171, 50.070671018406614], [5.976355426993223, 50.07064922545838], [5.976307985421272, 50.07065132093416]]]}}, {"id": "280", "type": "Feature", "properties": {"id": 884206441, "name": null, "name_en": null, "descriptio": null, "substation": "minor_distribution", "constructi": 0, "ref": null, "operator": null, "wd_operato": null, "voltages": null, "max_voltag": null, "frequency": null, "start_date": null}, "geometry": {"type": "Polygon", "coordinates": [[[5.992501319438303, 50.08256468755274], [5.992571978882068, 50.082582541006516], [5.992592766001935, 50.08254859429866], [5.992522274196262, 50.08253065702587], [5.992501319438303, 50.08256468755274]]]}}, {"id": "281", "type": "Feature", "properties": {"id": 885275253, "name": null, "name_en": null, "descriptio": null, "substation": "minor_distribution", "constructi": 0, "ref": null, "operator": null, "wd_operato": null, "voltages": null, "max_voltag": null, "frequency": null, "start_date": null}, "geometry": {"type": "Polygon", "coordinates": [[[6.352961545015972, 49.61755363093058], [6.353015859748524, 49.617578860459126], [6.353047124247354, 49.61755069726447], [6.352992893333834, 49.61752546773592], [6.352961545015972, 49.61755363093058]]]}}, {"id": "282", "type": "Feature", "properties": {"id": 885893519, "name": null, "name_en": null, "descriptio": null, "substation": "minor_distribution", "constructi": 0, "ref": null, "operator": null, "wd_operato": null, "voltages": null, "max_voltag": null, "frequency": null, "start_date": null}, "geometry": {"type": "Polygon", "coordinates": [[[5.947619999800566, 50.0184590538914], [5.947628130246641, 50.01848294231542], [5.94767406307605, 50.018476488249995], [5.947665932629975, 50.01845259982595], [5.947619999800566, 50.0184590538914]]]}}, {"id": "283", "type": "Feature", "properties": {"id": 886755819, "name": null, "name_en": null, "descriptio": null, "substation": "minor_distribution", "constructi": 0, "ref": null, "operator": null, "wd_operato": null, "voltages": null, "max_voltag": null, "frequency": null, "start_date": null}, "geometry": {"type": "Polygon", "coordinates": [[[6.0647037, 49.9019769], [6.0647401, 49.90198329999999], [6.0647496, 49.90196089999999], [6.0647132, 49.901954499999974], [6.0647037, 49.9019769]]]}}, {"id": "284", "type": "Feature", "properties": {"id": 887303064, "name": null, "name_en": null, "descriptio": null, "substation": "minor_distribution", "constructi": 0, "ref": null, "operator": null, "wd_operato": null, "voltages": null, "max_voltag": null, "frequency": null, "start_date": null}, "geometry": {"type": "Polygon", "coordinates": [[[6.223478994438921, 49.59982372642378], [6.223522245059313, 49.5998325274221], [6.223549486244621, 49.59977628485182], [6.223506067986165, 49.59976748385349], [6.223478994438921, 49.59982372642378]]]}}, {"id": "285", "type": "Feature", "properties": {"id": 888157026, "name": null, "name_en": null, "descriptio": null, "substation": null, "constructi": 0, "ref": null, "operator": null, "wd_operato": null, "voltages": null, "max_voltag": null, "frequency": null, "start_date": null}, "geometry": {"type": "Polygon", "coordinates": [[[6.393462817331339, 49.678692992877885], [6.393511180912668, 49.67871377999774], [6.393532722403819, 49.67869282523981], [6.393484442641551, 49.67867203811994], [6.393462817331339, 49.678692992877885]]]}}, {"id": "286", "type": "Feature", "properties": {"id": 888213653, "name": null, "name_en": null, "descriptio": null, "substation": "minor_distribution", "constructi": 0, "ref": null, "operator": null, "wd_operato": null, "voltages": null, "max_voltag": null, "frequency": null, "start_date": null}, "geometry": {"type": "Polygon", "coordinates": [[[6.445760696354114, 49.68346472653552], [6.4458155978198866, 49.6834662352781], [6.445818866762124, 49.68341544094485], [6.445763965296351, 49.6834139322023], [6.445760696354114, 49.68346472653552]]]}}, {"id": "287", "type": "Feature", "properties": {"id": 888213802, "name": null, "name_en": null, "descriptio": null, "substation": "minor_distribution", "constructi": 0, "ref": null, "operator": null, "wd_operato": null, "voltages": null, "max_voltag": null, "frequency": null, "start_date": null}, "geometry": {"type": "Polygon", "coordinates": [[[6.4474786512285505, 49.68809413547728], [6.4475114244699805, 49.68812498088095], [6.447571774172816, 49.688098074971776], [6.447538917112382, 49.688067229568084], [6.4474786512285505, 49.68809413547728]]]}}, {"id": "288", "type": "Feature", "properties": {"id": 888362467, "name": null, "name_en": null, "descriptio": null, "substation": "minor_distribution", "constructi": 0, "ref": null, "operator": null, "wd_operato": null, "voltages": null, "max_voltag": null, "frequency": null, "start_date": null}, "geometry": {"type": "Polygon", "coordinates": [[[6.356605996515811, 49.68227206553296], [6.356667687323153, 49.682302827117596], [6.356702556040375, 49.682273658094566], [6.356640865233004, 49.68224289650995], [6.356605996515811, 49.68227206553296]]]}}, {"id": "289", "type": "Feature", "properties": {"id": 888362526, "name": null, "name_en": null, "descriptio": null, "substation": "minor_distribution", "constructi": 0, "ref": null, "operator": null, "wd_operato": null, "voltages": null, "max_voltag": null, "frequency": null, "start_date": null}, "geometry": {"type": "Polygon", "coordinates": [[[6.391568591033177, 49.684910269556816], [6.391627599631504, 49.6849111915662], [6.391628437821823, 49.68488788987537], [6.391569345404463, 49.684886967866], [6.391568591033177, 49.684910269556816]]]}}, {"id": "290", "type": "Feature", "properties": {"id": 888625741, "name": null, "name_en": null, "descriptio": null, "substation": "minor_distribution", "constructi": 0, "ref": null, "operator": null, "wd_operato": null, "voltages": null, "max_voltag": null, "frequency": null, "start_date": null}, "geometry": {"type": "Polygon", "coordinates": [[[6.334552119618876, 49.692544423148235], [6.334584473765119, 49.69255406233686], [6.334626048004878, 49.692495975747896], [6.3345937776776395, 49.69248633655924], [6.334552119618876, 49.692544423148235]]]}}, {"id": "291", "type": "Feature", "properties": {"id": 888625771, "name": null, "name_en": null, "descriptio": null, "substation": "minor_distribution", "constructi": 0, "ref": null, "operator": null, "wd_operato": null, "voltages": null, "max_voltag": null, "frequency": null, "start_date": null}, "geometry": {"type": "Polygon", "coordinates": [[[6.349923943305868, 49.68757269728086], [6.349950094843791, 49.68761376860642], [6.349999045158314, 49.687600692837464], [6.3499729774394496, 49.687559621511916], [6.349923943305868, 49.68757269728086]]]}}, {"id": "292", "type": "Feature", "properties": {"id": 888625811, "name": null, "name_en": null, "descriptio": null, "substation": "minor_distribution", "constructi": 0, "ref": null, "operator": null, "wd_operato": null, "voltages": null, "max_voltag": null, "frequency": null, "start_date": null}, "geometry": {"type": "Polygon", "coordinates": [[[6.349462938631348, 49.68896132717961], [6.349528988028339, 49.68897582787207], [6.349539716864399, 49.68895545984739], [6.349473667467406, 49.688940959154905], [6.349462938631348, 49.68896132717961]]]}}, {"id": "293", "type": "Feature", "properties": {"id": 889158727, "name": null, "name_en": null, "descriptio": null, "substation": "minor_distribution", "constructi": 0, "ref": null, "operator": null, "wd_operato": null, "voltages": null, "max_voltag": null, "frequency": null, "start_date": null}, "geometry": {"type": "Polygon", "coordinates": [[[6.284561191806574, 49.63253184044454], [6.2846356231067375, 49.632542653099655], [6.2846459328476385, 49.63251306498143], [6.2845714177284435, 49.63250225232637], [6.284561191806574, 49.63253184044454]]]}}, {"id": "294", "type": "Feature", "properties": {"id": 889222171, "name": null, "name_en": null, "descriptio": null, "substation": "minor_distribution", "constructi": 0, "ref": null, "operator": null, "wd_operato": null, "voltages": null, "max_voltag": null, "frequency": null, "start_date": null}, "geometry": {"type": "Polygon", "coordinates": [[[6.29889324040488, 49.64902357021457], [6.298920733047311, 49.64904393823927], [6.298951159355823, 49.649026839156804], [6.298923666713422, 49.649006471132104], [6.29889324040488, 49.64902357021457]]]}}, {"id": "295", "type": "Feature", "properties": {"id": 889570653, "name": null, "name_en": null, "descriptio": null, "substation": "minor_distribution", "constructi": 0, "ref": null, "operator": null, "wd_operato": null, "voltages": null, "max_voltag": null, "frequency": null, "start_date": null}, "geometry": {"type": "Polygon", "coordinates": [[[6.244460993558022, 49.67365354123285], [6.244484127610775, 49.67366854483953], [6.244501142874243, 49.67365748072734], [6.244477925002429, 49.673642560939676], [6.244460993558022, 49.67365354123285]]]}}, {"id": "296", "type": "Feature", "properties": {"id": 889747806, "name": null, "name_en": null, "descriptio": null, "substation": "minor_distribution", "constructi": 0, "ref": null, "operator": null, "wd_operato": null, "voltages": null, "max_voltag": null, "frequency": null, "start_date": null}, "geometry": {"type": "Polygon", "coordinates": [[[6.265164797310804, 49.64105439195335], [6.26524828106642, 49.641077693644164], [6.265281724860073, 49.64102723458706], [6.265198324923489, 49.64100393289624], [6.265164797310804, 49.64105439195335]]]}}, {"id": "297", "type": "Feature", "properties": {"id": 890102415, "name": null, "name_en": null, "descriptio": null, "substation": "minor_distribution", "constructi": 0, "ref": null, "operator": null, "wd_operato": null, "voltages": null, "max_voltag": null, "frequency": null, "start_date": null}, "geometry": {"type": "Polygon", "coordinates": [[[6.252335372494371, 49.71140152599379], [6.252400918977202, 49.71142256457075], [6.252421454639972, 49.71139574248062], [6.252416174040973, 49.71139406609999], [6.2523847419040814, 49.711384091635196], [6.252355824338138, 49.71137478772268], [6.252335372494371, 49.71140152599379]]]}}, {"id": "298", "type": "Feature", "properties": {"id": 890195431, "name": null, "name_en": null, "descriptio": null, "substation": "minor_distribution", "constructi": 0, "ref": null, "operator": null, "wd_operato": null, "voltages": null, "max_voltag": null, "frequency": null, "start_date": null}, "geometry": {"type": "Polygon", "coordinates": [[[6.2765863976701715, 49.63096693912206], [6.27664012566953, 49.63097506956816], [6.276656973294905, 49.63092813091038], [6.276603077657513, 49.63092008428331], [6.2765863976701715, 49.63096693912206]]]}}, {"id": "299", "type": "Feature", "properties": {"id": 890203273, "name": null, "name_en": null, "descriptio": null, "substation": "minor_distribution", "constructi": 0, "ref": null, "operator": null, "wd_operato": null, "voltages": null, "max_voltag": null, "frequency": null, "start_date": null}, "geometry": {"type": "Polygon", "coordinates": [[[6.397488226330439, 49.678019255500786], [6.397511695659318, 49.678050771456725], [6.397618984019943, 49.67801732766306], [6.397595598510095, 49.67798589552615], [6.397488226330439, 49.678019255500786]]]}}, {"id": "300", "type": "Feature", "properties": {"id": 890368050, "name": null, "name_en": null, "descriptio": null, "substation": "minor_distribution", "constructi": 0, "ref": null, "operator": null, "wd_operato": null, "voltages": null, "max_voltag": null, "frequency": null, "start_date": null}, "geometry": {"type": "Polygon", "coordinates": [[[6.3004204231631045, 49.67002208168292], [6.300486137283997, 49.670029876852865], [6.300495357377486, 49.66999727124953], [6.300429643256592, 49.66998947607957], [6.3004204231631045, 49.67002208168292]]]}}, {"id": "301", "type": "Feature", "properties": {"id": 890742318, "name": null, "name_en": null, "descriptio": null, "substation": "minor_distribution", "constructi": 0, "ref": null, "operator": null, "wd_operato": null, "voltages": null, "max_voltag": null, "frequency": null, "start_date": null}, "geometry": {"type": "Polygon", "coordinates": [[[6.250674498380562, 49.639559730979464], [6.250696458966871, 49.63957272292937], [6.250729399846335, 49.63954958887661], [6.250707355440995, 49.63953642928863], [6.250674498380562, 49.639559730979464]]]}}, {"id": "302", "type": "Feature", "properties": {"id": 890742349, "name": null, "name_en": null, "descriptio": null, "substation": "minor_distribution", "constructi": 0, "ref": null, "operator": null, "wd_operato": null, "voltages": null, "max_voltag": null, "frequency": null, "start_date": null}, "geometry": {"type": "Polygon", "coordinates": [[[6.268257468124716, 49.6312382613278], [6.26826207817146, 49.6312744711495], [6.2683271217401, 49.63127103456922], [6.268322427874324, 49.631234740928484], [6.268257468124716, 49.6312382613278]]]}}, {"id": "303", "type": "Feature", "properties": {"id": 890800471, "name": null, "name_en": null, "descriptio": null, "substation": "minor_distribution", "constructi": 0, "ref": null, "operator": null, "wd_operato": null, "voltages": null, "max_voltag": null, "frequency": null, "start_date": null}, "geometry": {"type": "Polygon", "coordinates": [[[6.26226868212629, 49.622108189477025], [6.262283434275872, 49.62215294883994], [6.262346047092564, 49.622144231660656], [6.262331378762013, 49.622099556116744], [6.26226868212629, 49.622108189477025]]]}}, {"id": "304", "type": "Feature", "properties": {"id": 891067558, "name": null, "name_en": null, "descriptio": null, "substation": "minor_distribution", "constructi": 0, "ref": null, "operator": null, "wd_operato": null, "voltages": null, "max_voltag": null, "frequency": null, "start_date": null}, "geometry": {"type": "Polygon", "coordinates": [[[6.405573326312578, 49.636867547499115], [6.405604255535281, 49.63688405984839], [6.4056239530077335, 49.6368685533275], [6.405593191423093, 49.63685204097824], [6.405573326312578, 49.636867547499115]]]}}, {"id": "305", "type": "Feature", "properties": {"id": 891363155, "name": null, "name_en": null, "descriptio": null, "substation": "minor_distribution", "constructi": 0, "ref": null, "operator": null, "wd_operato": null, "voltages": null, "max_voltag": null, "frequency": null, "start_date": null}, "geometry": {"type": "Polygon", "coordinates": [[[5.907051588440766, 49.96255611831369], [5.907055025021066, 49.96259308250671], [5.907127779940623, 49.962590232659615], [5.907124343360323, 49.96255335228565], [5.907051588440766, 49.96255611831369]]]}}, {"id": "306", "type": "Feature", "properties": {"id": 891509192, "name": null, "name_en": null, "descriptio": null, "substation": "minor_distribution", "constructi": 0, "ref": null, "operator": null, "wd_operato": null, "voltages": null, "max_voltag": null, "frequency": null, "start_date": null}, "geometry": {"type": "Polygon", "coordinates": [[[5.922016722185788, 49.96899853291191], [5.922084783239569, 49.96901194395697], [5.922102552874294, 49.96897456066885], [5.922034491820511, 49.96896114962375], [5.922016722185788, 49.96899853291191]]]}}, {"id": "307", "type": "Feature", "properties": {"id": 891569664, "name": null, "name_en": null, "descriptio": null, "substation": "minor_distribution", "constructi": 0, "ref": null, "operator": null, "wd_operato": null, "voltages": null, "max_voltag": null, "frequency": null, "start_date": null}, "geometry": {"type": "Polygon", "coordinates": [[[5.937095430718812, 49.9683817924764], [5.937135999130163, 49.96839327568373], [5.937151338012967, 49.96837064454519], [5.937110769601617, 49.96835924515687], [5.937095430718812, 49.9683817924764]]]}}, {"id": "308", "type": "Feature", "properties": {"id": 892077012, "name": null, "name_en": null, "descriptio": null, "substation": "minor_distribution", "constructi": 0, "ref": null, "operator": null, "wd_operato": null, "voltages": null, "max_voltag": null, "frequency": null, "start_date": null}, "geometry": {"type": "Polygon", "coordinates": [[[5.935112942980226, 49.96271923014946], [5.935149488078054, 49.96272467838653], [5.9351562774196225, 49.96270573528536], [5.935119648502763, 49.96270045468635], [5.935112942980226, 49.96271923014946]]]}}, {"id": "309", "type": "Feature", "properties": {"id": 892816740, "name": null, "name_en": null, "descriptio": null, "substation": "minor_distribution", "constructi": 0, "ref": null, "operator": null, "wd_operato": null, "voltages": null, "max_voltag": null, "frequency": null, "start_date": null}, "geometry": {"type": "Polygon", "coordinates": [[[6.094991962501807, 49.839685464417045], [6.095095059910847, 49.839728966494505], [6.095111320802999, 49.83971295705943], [6.095127833152248, 49.83969677998632], [6.095024735743209, 49.83965327790885], [6.094991962501807, 49.839685464417045]]]}}, {"id": "310", "type": "Feature", "properties": {"id": 893154437, "name": null, "name_en": null, "descriptio": null, "substation": "minor_distribution", "constructi": 0, "ref": null, "operator": null, "wd_operato": null, "voltages": null, "max_voltag": null, "frequency": null, "start_date": null}, "geometry": {"type": "Polygon", "coordinates": [[[5.928209020793276, 49.97266989032092], [5.928218324705797, 49.972691683269176], [5.928266269191965, 49.97268321754695], [5.928257049098477, 49.972661340779695], [5.928209020793276, 49.97266989032092]]]}}, {"id": "311", "type": "Feature", "properties": {"id": 894394458, "name": null, "name_en": null, "descriptio": null, "substation": "minor_distribution", "constructi": 0, "ref": null, "operator": null, "wd_operato": null, "voltages": null, "max_voltag": null, "frequency": null, "start_date": null}, "geometry": {"type": "Polygon", "coordinates": [[[5.977503999185103, 49.7756733727951], [5.977517326411146, 49.775694243733994], [5.977551524576085, 49.77568519127857], [5.977538197350043, 49.77566423652063], [5.977503999185103, 49.7756733727951]]]}}, {"id": "312", "type": "Feature", "properties": {"id": 894519831, "name": null, "name_en": null, "descriptio": null, "substation": "minor_distribution", "constructi": 0, "ref": null, "operator": null, "wd_operato": null, "voltages": null, "max_voltag": null, "frequency": null, "start_date": null}, "geometry": {"type": "Polygon", "coordinates": [[[6.059918559224485, 50.05238983612809], [6.059929539517639, 50.05241104234313], [6.059985865906981, 50.052399056221574], [6.059974885613826, 50.052377850006565], [6.059918559224485, 50.05238983612809]]]}}, {"id": "313", "type": "Feature", "properties": {"id": 894599011, "name": null, "name_en": null, "descriptio": null, "substation": "minor_distribution", "constructi": 0, "ref": null, "operator": null, "wd_operato": null, "voltages": null, "max_voltag": null, "frequency": null, "start_date": null}, "geometry": {"type": "Polygon", "coordinates": [[[6.279922562771304, 49.82003266750319], [6.279967154496205, 49.82007625339967], [6.280014679887187, 49.82005596919403], [6.279969920524252, 49.82001238329753], [6.279922562771304, 49.82003266750319]]]}}, {"id": "314", "type": "Feature", "properties": {"id": 898044743, "name": null, "name_en": null, "descriptio": null, "substation": "minor_distribution", "constructi": 0, "ref": null, "operator": null, "wd_operato": null, "voltages": null, "max_voltag": null, "frequency": null, "start_date": null}, "geometry": {"type": "Polygon", "coordinates": [[[6.216973296471765, 49.87697026520862], [6.217029958137232, 49.87698116168275], [6.217044458829719, 49.87694964572681], [6.216987629526187, 49.87693883307171], [6.216973296471765, 49.87697026520862]]]}}, {"id": "315", "type": "Feature", "properties": {"id": 901706166, "name": null, "name_en": null, "descriptio": null, "substation": "minor_distribution", "constructi": 0, "ref": null, "operator": null, "wd_operato": null, "voltages": null, "max_voltag": null, "frequency": null, "start_date": null}, "geometry": {"type": "Polygon", "coordinates": [[[5.867065132618279, 49.81120308688117], [5.867094217822314, 49.811226975305225], [5.867137971356869, 49.81120484708087], [5.867108886152864, 49.81118095865682], [5.867065132618279, 49.81120308688117]]]}}, {"id": "316", "type": "Feature", "properties": {"id": 901965058, "name": null, "name_en": null, "descriptio": null, "substation": "minor_distribution", "constructi": 0, "ref": null, "operator": null, "wd_operato": null, "voltages": null, "max_voltag": null, "frequency": null, "start_date": null}, "geometry": {"type": "Polygon", "coordinates": [[[5.879698169443344, 49.812971752269796], [5.8797508916143215, 49.81299161738036], [5.879768745068077, 49.81297191990787], [5.879715939078068, 49.812952054797364], [5.879698169443344, 49.812971752269796]]]}}, {"id": "317", "type": "Feature", "properties": {"id": 901965212, "name": null, "name_en": null, "descriptio": null, "substation": "minor_distribution", "constructi": 0, "ref": null, "operator": null, "wd_operato": null, "voltages": null, "max_voltag": null, "frequency": null, "start_date": null}, "geometry": {"type": "Polygon", "coordinates": [[[5.8728254279362195, 49.8140191548904], [5.872860967205668, 49.81403407467802], [5.872895668284826, 49.81399954123696], [5.872860045196319, 49.81398462144932], [5.8728254279362195, 49.8140191548904]]]}}, {"id": "318", "type": "Feature", "properties": {"id": 902232923, "name": null, "name_en": null, "descriptio": null, "substation": "minor_distribution", "constructi": 0, "ref": null, "operator": null, "wd_operato": null, "voltages": null, "max_voltag": null, "frequency": null, "start_date": null}, "geometry": {"type": "Polygon", "coordinates": [[[6.326275576968244, 49.553986953643296], [6.326330059338886, 49.55399868830773], [6.326356294695814, 49.55394772633646], [6.3263017285061665, 49.55393607549103], [6.326275576968244, 49.553986953643296]]]}}, {"id": "319", "type": "Feature", "properties": {"id": 902585413, "name": null, "name_en": null, "descriptio": null, "substation": "minor_distribution", "constructi": 0, "ref": null, "operator": null, "wd_operato": null, "voltages": null, "max_voltag": null, "frequency": null, "start_date": null}, "geometry": {"type": "Polygon", "coordinates": [[[5.9804847715916765, 50.1551797969539], [5.980504636702194, 50.15520544557764], [5.9805844324204145, 50.15518004841102], [5.9805645673098695, 50.15515448360632], [5.9804847715916765, 50.1551797969539]]]}}, {"id": "320", "type": "Feature", "properties": {"id": 903568366, "name": null, "name_en": null, "descriptio": null, "substation": "minor_distribution", "constructi": 0, "ref": null, "operator": null, "wd_operato": null, "voltages": null, "max_voltag": null, "frequency": null, "start_date": null}, "geometry": {"type": "Polygon", "coordinates": [[[5.8511222498680695, 49.82787745832137], [5.851180587914171, 49.82790352604021], [5.8512308793332, 49.82785683883954], [5.851172541287128, 49.827830771120695], [5.8511222498680695, 49.82787745832137]]]}}, {"id": "321", "type": "Feature", "properties": {"id": 904288556, "name": null, "name_en": null, "descriptio": null, "substation": "minor_distribution", "constructi": 0, "ref": null, "operator": null, "wd_operato": null, "voltages": null, "max_voltag": null, "frequency": null, "start_date": null}, "geometry": {"type": "Polygon", "coordinates": [[[5.960652266673777, 49.82393293468788], [5.960708090148928, 49.82393486252563], [5.960712364919544, 49.82388214035468], [5.960656625263425, 49.82388012869791], [5.960652266673777, 49.82393293468788]]]}}, {"id": "322", "type": "Feature", "properties": {"id": 905445091, "name": null, "name_en": null, "descriptio": null, "substation": "minor_distribution", "constructi": 0, "ref": null, "operator": null, "wd_operato": null, "voltages": null, "max_voltag": null, "frequency": null, "start_date": null}, "geometry": {"type": "Polygon", "coordinates": [[[5.992605171218628, 49.911115624166555], [5.992612798750514, 49.911141272790275], [5.992658396303796, 49.91113565691515], [5.992650768771909, 49.91110992447242], [5.992605171218628, 49.911115624166555]]]}}, {"id": "323", "type": "Feature", "properties": {"id": 905818068, "name": null, "name_en": null, "descriptio": null, "substation": "minor_distribution", "constructi": 0, "ref": null, "operator": null, "wd_operato": null, "voltages": null, "max_voltag": null, "frequency": null, "start_date": null}, "geometry": {"type": "Polygon", "coordinates": [[[5.942845081019727, 49.90710018963225], [5.942923535633412, 49.90712567061791], [5.942947172600384, 49.90709549576649], [5.942868634167638, 49.90706993096179], [5.942845081019727, 49.90710018963225]]]}}, {"id": "324", "type": "Feature", "properties": {"id": 909915968, "name": null, "name_en": null, "descriptio": null, "substation": "minor_distribution", "constructi": 0, "ref": null, "operator": null, "wd_operato": null, "voltages": null, "max_voltag": null, "frequency": null, "start_date": null}, "geometry": {"type": "Polygon", "coordinates": [[[5.859711186049964, 49.96032519096504], [5.859758879079038, 49.9603308906592], [5.859769356458003, 49.96029493229461], [5.859721579609924, 49.960289232600445], [5.859711186049964, 49.96032519096504]]]}}, {"id": "325", "type": "Feature", "properties": {"id": 909941961, "name": null, "name_en": null, "descriptio": null, "substation": "minor_distribution", "constructi": 0, "ref": null, "operator": null, "wd_operato": null, "voltages": null, "max_voltag": null, "frequency": null, "start_date": null}, "geometry": {"type": "Polygon", "coordinates": [[[5.825931948622639, 49.96440055610705], [5.825980563661062, 49.96441908011307], [5.82601417509278, 49.96438278647231], [5.825965560054384, 49.96436417864724], [5.825931948622639, 49.96440055610705]]]}}, {"id": "326", "type": "Feature", "properties": {"id": 911734289, "name": null, "name_en": null, "descriptio": null, "substation": "minor_distribution", "constructi": 0, "ref": null, "operator": null, "wd_operato": null, "voltages": null, "max_voltag": null, "frequency": null, "start_date": null}, "geometry": {"type": "Polygon", "coordinates": [[[6.416273663903894, 49.80576867995863], [6.416304593126597, 49.80579617260104], [6.4163709777997155, 49.80576499192123], [6.416339964757981, 49.805737499278806], [6.416273663903894, 49.80576867995863]]]}}, {"id": "327", "type": "Feature", "properties": {"id": 912523982, "name": null, "name_en": null, "descriptio": null, "substation": "minor_distribution", "constructi": 0, "ref": null, "operator": null, "wd_operato": null, "voltages": null, "max_voltag": null, "frequency": null, "start_date": null}, "geometry": {"type": "Polygon", "coordinates": [[[6.284672252023626, 49.8171949741838], [6.284701923960853, 49.817204529553415], [6.284721453795242, 49.81717946766293], [6.284691698038983, 49.81716982847427], [6.284672252023626, 49.8171949741838]]]}}, {"id": "328", "type": "Feature", "properties": {"id": 913160507, "name": null, "name_en": null, "descriptio": null, "substation": "minor_distribution", "constructi": 0, "ref": null, "operator": null, "wd_operato": null, "voltages": null, "max_voltag": null, "frequency": null, "start_date": null}, "geometry": {"type": "Polygon", "coordinates": [[[5.937306989954919, 49.79871044693428], [5.937354599164934, 49.79872947385447], [5.937373123170942, 49.79871019547718], [5.93732559777996, 49.79869108473795], [5.937306989954919, 49.79871044693428]]]}}, {"id": "329", "type": "Feature", "properties": {"id": 913184413, "name": null, "name_en": null, "descriptio": null, "substation": "minor_distribution", "constructi": 0, "ref": null, "operator": null, "wd_operato": null, "voltages": null, "max_voltag": null, "frequency": null, "start_date": null}, "geometry": {"type": "Polygon", "coordinates": [[[5.937367674933881, 49.78878493247233], [5.937368680762261, 49.788821561389184], [5.937441016586661, 49.78882063937986], [5.937440094577312, 49.78878417810104], [5.937367674933881, 49.78878493247233]]]}}, {"id": "330", "type": "Feature", "properties": {"id": 913184522, "name": null, "name_en": null, "descriptio": null, "substation": "minor_distribution", "constructi": 0, "ref": null, "operator": null, "wd_operato": null, "voltages": null, "max_voltag": null, "frequency": null, "start_date": null}, "geometry": {"type": "Polygon", "coordinates": [[[5.93724488005239, 49.793575860688264], [5.937247394623342, 49.79360067112165], [5.937290226148577, 49.793598994741004], [5.937287879215688, 49.79357418430763], [5.93724488005239, 49.793575860688264]]]}}, {"id": "331", "type": "Feature", "properties": {"id": 913184744, "name": null, "name_en": null, "descriptio": null, "substation": "minor_distribution", "constructi": 0, "ref": null, "operator": null, "wd_operato": null, "voltages": null, "max_voltag": null, "frequency": null, "start_date": null}, "geometry": {"type": "Polygon", "coordinates": [[[5.93738276235959, 49.802863177042575], [5.937453840898513, 49.80288002466793], [5.937471526714204, 49.80284909544522], [5.937400448175311, 49.802832164000826], [5.93738276235959, 49.802863177042575]]]}}, {"id": "332", "type": "Feature", "properties": {"id": 913775765, "name": null, "name_en": null, "descriptio": null, "substation": "minor_distribution", "constructi": 0, "ref": null, "operator": null, "wd_operato": null, "voltages": null, "max_voltag": null, "frequency": null, "start_date": null}, "geometry": {"type": "Polygon", "coordinates": [[[5.9569024546510425, 49.77336784650821], [5.956948136023357, 49.773398943368946], [5.956978394693806, 49.773380335543905], [5.956932294226334, 49.77334907104509], [5.9569024546510425, 49.77336784650821]]]}}, {"id": "333", "type": "Feature", "properties": {"id": 915184539, "name": null, "name_en": null, "descriptio": null, "substation": "minor_distribution", "constructi": 0, "ref": null, "operator": null, "wd_operato": null, "voltages": null, "max_voltag": null, "frequency": null, "start_date": null}, "geometry": {"type": "Polygon", "coordinates": [[[6.450483228240131, 49.80003302743602], [6.450499321494221, 49.80005431747007], [6.450534944582728, 49.800043085719835], [6.450518767509577, 49.80002179568579], [6.450483228240131, 49.80003302743602]]]}}, {"id": "334", "type": "Feature", "properties": {"id": 916398234, "name": null, "name_en": null, "descriptio": null, "substation": "minor_distribution", "constructi": 0, "ref": null, "operator": null, "wd_operato": null, "voltages": null, "max_voltag": null, "frequency": null, "start_date": null}, "geometry": {"type": "Polygon", "coordinates": [[[6.367219246133147, 49.564088068976716], [6.3672724712182855, 49.56409469068021], [6.367274399056015, 49.564088068976716], [6.367278590007601, 49.56407415501746], [6.3672253649224615, 49.564067533313946], [6.367219246133147, 49.564088068976716]]]}}, {"id": "335", "type": "Feature", "properties": {"id": 916584722, "name": null, "name_en": null, "descriptio": null, "substation": "minor_distribution", "constructi": 0, "ref": null, "operator": null, "wd_operato": null, "voltages": null, "max_voltag": null, "frequency": null, "start_date": null}, "geometry": {"type": "Polygon", "coordinates": [[[6.373922589377116, 49.548433691333734], [6.373962654874305, 49.54846512347066], [6.37403524215577, 49.548426231439905], [6.373994757563453, 49.5483944640269], [6.373922589377116, 49.548433691333734]]]}}, {"id": "336", "type": "Feature", "properties": {"id": 916584726, "name": null, "name_en": null, "descriptio": null, "substation": "minor_distribution", "constructi": 0, "ref": null, "operator": null, "wd_operato": null, "voltages": null, "max_voltag": null, "frequency": null, "start_date": null}, "geometry": {"type": "Polygon", "coordinates": [[[6.374148397848614, 49.54830712459583], [6.374200617105402, 49.54834408878883], [6.374242778078354, 49.54831902689832], [6.374190475002564, 49.54828206270535], [6.374148397848614, 49.54830712459583]]]}}, {"id": "337", "type": "Feature", "properties": {"id": 916702157, "name": null, "name_en": null, "descriptio": null, "substation": "minor_distribution", "constructi": 0, "ref": null, "operator": null, "wd_operato": null, "voltages": null, "max_voltag": null, "frequency": null, "start_date": null}, "geometry": {"type": "Polygon", "coordinates": [[[6.3529930609718965, 49.54629404291064], [6.353043352390926, 49.546320529724674], [6.353090123410652, 49.54628323025552], [6.353039831991595, 49.546256743441496], [6.3529930609718965, 49.54629404291064]]]}}, {"id": "338", "type": "Feature", "properties": {"id": 920211037, "name": null, "name_en": null, "descriptio": null, "substation": "minor_distribution", "constructi": 0, "ref": null, "operator": null, "wd_operato": null, "voltages": null, "max_voltag": null, "frequency": null, "start_date": null}, "geometry": {"type": "Polygon", "coordinates": [[[6.506042924882878, 49.75796626706494], [6.506112997593391, 49.75796794344554], [6.506115093069184, 49.757932739452215], [6.50604502035867, 49.75793106307159], [6.506042924882878, 49.75796626706494]]]}}, {"id": "339", "type": "Feature", "properties": {"id": 922735597, "name": null, "name_en": null, "descriptio": null, "substation": "minor_distribution", "constructi": 0, "ref": null, "operator": null, "wd_operato": null, "voltages": null, "max_voltag": null, "frequency": null, "start_date": null}, "geometry": {"type": "Polygon", "coordinates": [[[6.363676970032999, 49.48121242044377], [6.3636979247909276, 49.48124687006581], [6.363737235916801, 49.48123672796296], [6.363716281158872, 49.481202362159955], [6.363676970032999, 49.48121242044377]]]}}, {"id": "340", "type": "Feature", "properties": {"id": 923167754, "name": null, "name_en": null, "descriptio": null, "substation": "minor_distribution", "constructi": 0, "ref": null, "operator": null, "wd_operato": null, "voltages": null, "max_voltag": null, "frequency": null, "start_date": null}, "geometry": {"type": "Polygon", "coordinates": [[[6.151885052301395, 49.62003517718415], [6.1519674464095715, 49.62006266982655], [6.152023856617944, 49.6199918427447], [6.151941378690708, 49.61996435010233], [6.151885052301395, 49.62003517718415]]]}}, {"id": "341", "type": "Feature", "properties": {"id": 924507577, "name": null, "name_en": null, "descriptio": null, "substation": "minor_distribution", "constructi": 0, "ref": null, "operator": null, "wd_operato": null, "voltages": null, "max_voltag": null, "frequency": null, "start_date": null}, "geometry": {"type": "Polygon", "coordinates": [[[6.1393710385013955, 49.60243686855715], [6.1394373393554815, 49.60245782331508], [6.139448152010601, 49.60244449608904], [6.139453181152505, 49.60244617246967], [6.1395081664373095, 49.60237777613976], [6.139526522805255, 49.602354893544124], [6.1394568691899, 49.602329580196546], [6.139438345183862, 49.60235514500119], [6.139381851156487, 49.602425385349804], [6.1393710385013955, 49.60243686855715]]]}}, {"id": "342", "type": "Feature", "properties": {"id": 925832274, "name": null, "name_en": null, "descriptio": null, "substation": "minor_distribution", "constructi": 0, "ref": null, "operator": null, "wd_operato": null, "voltages": null, "max_voltag": null, "frequency": null, "start_date": null}, "geometry": {"type": "Polygon", "coordinates": [[[6.137299534951097, 49.6012244262631], [6.137354520235902, 49.601231131785646], [6.137362231586821, 49.60120472879066], [6.137307246302015, 49.601197939449094], [6.137299534951097, 49.6012244262631]]]}}, {"id": "343", "type": "Feature", "properties": {"id": 928555533, "name": null, "name_en": null, "descriptio": null, "substation": "minor_distribution", "constructi": 0, "ref": null, "operator": null, "wd_operato": null, "voltages": null, "max_voltag": null, "frequency": null, "start_date": null}, "geometry": {"type": "Polygon", "coordinates": [[[6.111102734772601, 49.516835676569265], [6.111157720057406, 49.51685319474688], [6.111174316225686, 49.516831066522506], [6.11111933094088, 49.51681354834489], [6.111102734772601, 49.516835676569265]]]}}, {"id": "344", "type": "Feature", "properties": {"id": 928555737, "name": null, "name_en": null, "descriptio": null, "substation": "minor_distribution", "constructi": 0, "ref": null, "operator": null, "wd_operato": null, "voltages": null, "max_voltag": null, "frequency": null, "start_date": null}, "geometry": {"type": "Polygon", "coordinates": [[[6.103833277788254, 49.51874155371284], [6.103885580864074, 49.51876074827111], [6.103907122355225, 49.51873593783772], [6.103854819279434, 49.518716743279484], [6.103833277788254, 49.51874155371284]]]}}, {"id": "345", "type": "Feature", "properties": {"id": 928804429, "name": null, "name_en": null, "descriptio": null, "substation": "minor_distribution", "constructi": 0, "ref": null, "operator": null, "wd_operato": null, "voltages": null, "max_voltag": null, "frequency": null, "start_date": null}, "geometry": {"type": "Polygon", "coordinates": [[[6.103048480194133, 49.516737524483084], [6.103094580661575, 49.51676644204907], [6.10312894646458, 49.51674322417729], [6.103095837947052, 49.51672252087642], [6.103082845997136, 49.516714390430344], [6.103048480194133, 49.516737524483084]]]}}, {"id": "346", "type": "Feature", "properties": {"id": 928844124, "name": null, "name_en": null, "descriptio": null, "substation": "minor_distribution", "constructi": 0, "ref": null, "operator": null, "wd_operato": null, "voltages": null, "max_voltag": null, "frequency": null, "start_date": null}, "geometry": {"type": "Polygon", "coordinates": [[[6.11342812617002, 49.51448748639521], [6.113503982393723, 49.51448782167134], [6.113504233850819, 49.51446829183697], [6.113504569126974, 49.51444867818354], [6.113428796722275, 49.51444825908837], [6.113428461446148, 49.514466196361155], [6.11342812617002, 49.51448748639521]]]}}, {"id": "347", "type": "Feature", "properties": {"id": 928959178, "name": null, "name_en": null, "descriptio": null, "substation": "minor_distribution", "constructi": 0, "ref": null, "operator": null, "wd_operato": null, "voltages": null, "max_voltag": null, "frequency": null, "start_date": null}, "geometry": {"type": "Polygon", "coordinates": [[[6.095593531692572, 49.51481915830377], [6.095643320197411, 49.5148342457295], [6.095671483392096, 49.51479501842264], [6.095621694887228, 49.514779930996916], [6.095593531692572, 49.51481915830377]]]}}, {"id": "348", "type": "Feature", "properties": {"id": 929361894, "name": null, "name_en": null, "descriptio": null, "substation": "minor_distribution", "constructi": 0, "ref": null, "operator": null, "wd_operato": null, "voltages": null, "max_voltag": null, "frequency": null, "start_date": null}, "geometry": {"type": "Polygon", "coordinates": [[[6.120993464336379, 49.61149376639323], [6.121047192335709, 49.61151882828373], [6.121070996940717, 49.611497454430626], [6.121017268941387, 49.61147239254015], [6.120993464336379, 49.61149376639323]]]}}, {"id": "349", "type": "Feature", "properties": {"id": 930206597, "name": null, "name_en": null, "descriptio": null, "substation": "minor_distribution", "constructi": 0, "ref": null, "operator": null, "wd_operato": null, "voltages": null, "max_voltag": null, "frequency": null, "start_date": null}, "geometry": {"type": "Polygon", "coordinates": [[[6.3020839, 49.513464599999985], [6.3021233, 49.5134916], [6.302135399999999, 49.5134841], [6.3021416, 49.51348839999998], [6.302183199999999, 49.5134628], [6.3021375, 49.513431499999996], [6.3020839, 49.513464599999985]]]}}, {"id": "350", "type": "Feature", "properties": {"id": 930206607, "name": null, "name_en": null, "descriptio": null, "substation": "minor_distribution", "constructi": 0, "ref": null, "operator": null, "wd_operato": null, "voltages": null, "max_voltag": null, "frequency": null, "start_date": null}, "geometry": {"type": "Polygon", "coordinates": [[[6.306366880550513, 49.51527932478799], [6.3063892602320095, 49.51529432839469], [6.306428822814979, 49.515269517961286], [6.306406443133511, 49.51525459817362], [6.306366880550513, 49.51527932478799]]]}}, {"id": "351", "type": "Feature", "properties": {"id": 931282012, "name": null, "name_en": null, "descriptio": null, "substation": "minor_distribution", "constructi": 0, "ref": null, "operator": null, "wd_operato": null, "voltages": null, "max_voltag": null, "frequency": null, "start_date": null}, "geometry": {"type": "Polygon", "coordinates": [[[6.088582153506962, 49.818722073122984], [6.088582572602122, 49.81874713501345], [6.088644347228495, 49.81874679973734], [6.0886439281333375, 49.81872157020879], [6.088582153506962, 49.818722073122984]]]}}, {"id": "352", "type": "Feature", "properties": {"id": 931282035, "name": null, "name_en": null, "descriptio": null, "substation": "minor_distribution", "constructi": 0, "ref": null, "operator": null, "wd_operato": null, "voltages": null, "max_voltag": null, "frequency": null, "start_date": null}, "geometry": {"type": "Polygon", "coordinates": [[[6.101299763735028, 49.82939458279575], [6.101307223628851, 49.82943858778741], [6.101350055154086, 49.82943557030226], [6.1013424276222, 49.82939148149156], [6.101299763735028, 49.82939458279575]]]}}, {"id": "353", "type": "Feature", "properties": {"id": 931319791, "name": null, "name_en": null, "descriptio": null, "substation": "minor_distribution", "constructi": 0, "ref": null, "operator": null, "wd_operato": null, "voltages": null, "max_voltag": null, "frequency": null, "start_date": null}, "geometry": {"type": "Polygon", "coordinates": [[[6.096011034289631, 49.78958062654056], [6.096049842501344, 49.789587164425065], [6.096064762288989, 49.78955078696529], [6.096025954077305, 49.78954416526179], [6.096011034289631, 49.78958062654056]]]}}, {"id": "354", "type": "Feature", "properties": {"id": 931347508, "name": null, "name_en": null, "descriptio": null, "substation": "minor_distribution", "constructi": 0, "ref": null, "operator": null, "wd_operato": null, "voltages": null, "max_voltag": null, "frequency": null, "start_date": null}, "geometry": {"type": "Polygon", "coordinates": [[[6.088442199999999, 49.79027399999999], [6.088476399999999, 49.7902818], [6.0884959, 49.7902463], [6.088461699999999, 49.790238499999965], [6.088442199999999, 49.79027399999999]]]}}, {"id": "355", "type": "Feature", "properties": {"id": 931441191, "name": null, "name_en": null, "descriptio": null, "substation": "minor_distribution", "constructi": 0, "ref": null, "operator": null, "wd_operato": null, "voltages": null, "max_voltag": null, "frequency": null, "start_date": null}, "geometry": {"type": "Polygon", "coordinates": [[[6.099190373982395, 49.84453355721259], [6.099246029819454, 49.844549985742816], [6.099263631816115, 49.844525091490404], [6.099208059798087, 49.844508662960166], [6.099190373982395, 49.84453355721259]]]}}, {"id": "356", "type": "Feature", "properties": {"id": 931828463, "name": null, "name_en": null, "descriptio": null, "substation": "minor_distribution", "constructi": 0, "ref": null, "operator": null, "wd_operato": null, "voltages": null, "max_voltag": null, "frequency": null, "start_date": null}, "geometry": {"type": "Polygon", "coordinates": [[[6.094104821869934, 49.74104035471052], [6.094138936215842, 49.74104756314721], [6.094159723335707, 49.741006827097834], [6.094125692808831, 49.74099953484208], [6.094104821869934, 49.74104035471052]]]}}, {"id": "357", "type": "Feature", "properties": {"id": 936348269, "name": null, "name_en": null, "descriptio": null, "substation": "minor_distribution", "constructi": 0, "ref": null, "operator": null, "wd_operato": null, "voltages": null, "max_voltag": null, "frequency": null, "start_date": null}, "geometry": {"type": "Polygon", "coordinates": [[[6.25864904105984, 49.51287153928236], [6.258674857321608, 49.512889895650346], [6.2586898609282855, 49.51288084319492], [6.25870234996401, 49.51287346712011], [6.258676533702243, 49.51285527839021], [6.25864904105984, 49.51287153928236]]]}}, {"id": "358", "type": "Feature", "properties": {"id": 936889130, "name": null, "name_en": null, "descriptio": null, "substation": "minor_distribution", "constructi": 0, "ref": null, "operator": null, "wd_operato": null, "voltages": null, "max_voltag": null, "frequency": null, "start_date": null}, "geometry": {"type": "Polygon", "coordinates": [[[6.171703727079034, 49.586050583129065], [6.171747899708747, 49.58608813405525], [6.171793581081062, 49.58606558673573], [6.171749492270351, 49.586027951990474], [6.171703727079034, 49.586050583129065]]]}}, {"id": "359", "type": "Feature", "properties": {"id": 937075631, "name": null, "name_en": null, "descriptio": null, "substation": "minor_distribution", "constructi": 0, "ref": null, "operator": null, "wd_operato": null, "voltages": null, "max_voltag": null, "frequency": null, "start_date": null}, "geometry": {"type": "Polygon", "coordinates": [[[6.221957762831976, 49.52418492927179], [6.222015430325797, 49.52419549046979], [6.222030266294412, 49.524161040847744], [6.2219725988005905, 49.52415056346879], [6.221957762831976, 49.52418492927179]]]}}, {"id": "360", "type": "Feature", "properties": {"id": 937256697, "name": null, "name_en": null, "descriptio": null, "substation": "minor_distribution", "constructi": 0, "ref": null, "operator": null, "wd_operato": null, "voltages": null, "max_voltag": null, "frequency": null, "start_date": null}, "geometry": {"type": "Polygon", "coordinates": [[[6.28081079305062, 49.51267003833009], [6.280850355633589, 49.5126911607261], [6.2808988868529525, 49.51265277160956], [6.28085924045095, 49.512631649213546], [6.28081079305062, 49.51267003833009]]]}}, {"id": "361", "type": "Feature", "properties": {"id": 937415934, "name": null, "name_en": null, "descriptio": null, "substation": "minor_distribution", "constructi": 0, "ref": null, "operator": null, "wd_operato": null, "voltages": null, "max_voltag": null, "frequency": null, "start_date": null}, "geometry": {"type": "Polygon", "coordinates": [[[6.179872562273886, 49.582932431329475], [6.179913465961364, 49.582944249812954], [6.17992897248223, 49.582921534855366], [6.179888068794753, 49.58290988400996], [6.179872562273886, 49.582932431329475]]]}}, {"id": "362", "type": "Feature", "properties": {"id": 937415943, "name": null, "name_en": null, "descriptio": null, "substation": "minor_distribution", "constructi": 0, "ref": null, "operator": null, "wd_operato": null, "voltages": null, "max_voltag": null, "frequency": null, "start_date": null}, "geometry": {"type": "Polygon", "coordinates": [[[6.166597890760897, 49.583628464569], [6.1666549715214956, 49.58363315843478], [6.166659497749208, 49.58361077875334], [6.166602249350547, 49.58360591724947], [6.166597890760897, 49.583628464569]]]}}, {"id": "363", "type": "Feature", "properties": {"id": 938319405, "name": null, "name_en": null, "descriptio": null, "substation": "minor_distribution", "constructi": 0, "ref": null, "operator": null, "wd_operato": null, "voltages": null, "max_voltag": null, "frequency": null, "start_date": null}, "geometry": {"type": "Polygon", "coordinates": [[[6.1621364551587305, 49.53260949633245], [6.162146932537696, 49.53262491903431], [6.162188422958394, 49.53261326818889], [6.1621780293984605, 49.53259767784898], [6.1621364551587305, 49.53260949633245]]]}}, {"id": "364", "type": "Feature", "properties": {"id": 938319433, "name": null, "name_en": null, "descriptio": null, "substation": "minor_distribution", "constructi": 0, "ref": null, "operator": null, "wd_operato": null, "voltages": null, "max_voltag": null, "frequency": null, "start_date": null}, "geometry": {"type": "Polygon", "coordinates": [[[6.180073560311968, 49.53371414735168], [6.180097532555066, 49.53372118815037], [6.18011429636141, 49.53369679681212], [6.180090324118339, 49.53368983983251], [6.180073560311968, 49.53371414735168]]]}}, {"id": "365", "type": "Feature", "properties": {"id": 938829896, "name": null, "name_en": null, "descriptio": null, "substation": "minor_distribution", "constructi": 0, "ref": null, "operator": null, "wd_operato": null, "voltages": null, "max_voltag": null, "frequency": null, "start_date": null}, "geometry": {"type": "Polygon", "coordinates": [[[6.029927355298383, 49.66644141646626], [6.029988375553472, 49.66645616861585], [6.030009246492369, 49.66641987497508], [6.02994822623728, 49.66640512282548], [6.029927355298383, 49.66644141646626]]]}}, {"id": "366", "type": "Feature", "properties": {"id": 939061469, "name": null, "name_en": null, "descriptio": null, "substation": "minor_distribution", "constructi": 0, "ref": null, "operator": null, "wd_operato": null, "voltages": null, "max_voltag": null, "frequency": null, "start_date": null}, "geometry": {"type": "Polygon", "coordinates": [[[6.1607195782462725, 49.5776451268076], [6.160758470276989, 49.57767513402099], [6.1607888965855295, 49.57765862167177], [6.160749920735753, 49.5776286982774], [6.1607195782462725, 49.5776451268076]]]}}, {"id": "367", "type": "Feature", "properties": {"id": 939261147, "name": null, "name_en": null, "descriptio": null, "substation": "minor_distribution", "constructi": 0, "ref": null, "operator": null, "wd_operato": null, "voltages": null, "max_voltag": null, "frequency": null, "start_date": null}, "geometry": {"type": "Polygon", "coordinates": [[[6.25686629407386, 49.54642253748631], [6.256897558572689, 49.546441145311334], [6.256939132812447, 49.546411557193125], [6.256907868313591, 49.54639294936809], [6.25686629407386, 49.54642253748631]]]}}, {"id": "368", "type": "Feature", "properties": {"id": 939489541, "name": null, "name_en": null, "descriptio": null, "substation": "minor_distribution", "constructi": 0, "ref": null, "operator": null, "wd_operato": null, "voltages": null, "max_voltag": null, "frequency": null, "start_date": null}, "geometry": {"type": "Polygon", "coordinates": [[[6.145452025434736, 49.584548965175536], [6.14550508288184, 49.58456715390542], [6.145524696535261, 49.58454309784332], [6.145471639088185, 49.58452482529439], [6.145452025434736, 49.584548965175536]]]}}, {"id": "369", "type": "Feature", "properties": {"id": 939671738, "name": null, "name_en": null, "descriptio": null, "substation": "minor_distribution", "constructi": 0, "ref": null, "operator": null, "wd_operato": null, "voltages": null, "max_voltag": null, "frequency": null, "start_date": null}, "geometry": {"type": "Polygon", "coordinates": [[[6.220666698286151, 49.596815629012866], [6.220709697449422, 49.596838930703704], [6.220758731583005, 49.59680079304424], [6.220715816238737, 49.59677757517246], [6.22069544821403, 49.596793333150416], [6.220666698286151, 49.596815629012866]]]}}, {"id": "370", "type": "Feature", "properties": {"id": 939671753, "name": null, "name_en": null, "descriptio": null, "substation": "minor_distribution", "constructi": 0, "ref": null, "operator": null, "wd_operato": null, "voltages": null, "max_voltag": null, "frequency": null, "start_date": null}, "geometry": {"type": "Polygon", "coordinates": [[[6.212435920826862, 49.599707217969666], [6.212474226124357, 49.5997168571583], [6.212496773443888, 49.59967905477502], [6.212458384327363, 49.59966949940537], [6.212435920826862, 49.599707217969666]]]}}, {"id": "371", "type": "Feature", "properties": {"id": 939671769, "name": null, "name_en": null, "descriptio": null, "substation": "minor_distribution", "constructi": 0, "ref": null, "operator": null, "wd_operato": null, "voltages": null, "max_voltag": null, "frequency": null, "start_date": null}, "geometry": {"type": "Polygon", "coordinates": [[[6.217035825469452, 49.599749630399735], [6.217072119110185, 49.59978265509823], [6.217107826017695, 49.59976622656802], [6.2170716161959945, 49.59973311805049], [6.217035825469452, 49.599749630399735]]]}}, {"id": "372", "type": "Feature", "properties": {"id": 939671813, "name": null, "name_en": null, "descriptio": null, "substation": "minor_distribution", "constructi": 0, "ref": null, "operator": null, "wd_operato": null, "voltages": null, "max_voltag": null, "frequency": null, "start_date": null}, "geometry": {"type": "Polygon", "coordinates": [[[6.230990772243985, 49.60261615746604], [6.231033687588251, 49.602634849110125], [6.231054893803275, 49.60261448108537], [6.231011978459038, 49.60259578944133], [6.230990772243985, 49.60261615746604]]]}}, {"id": "373", "type": "Feature", "properties": {"id": 939739945, "name": null, "name_en": null, "descriptio": null, "substation": "minor_distribution", "constructi": 0, "ref": null, "operator": null, "wd_operato": null, "voltages": null, "max_voltag": null, "frequency": null, "start_date": null}, "geometry": {"type": "Polygon", "coordinates": [[[6.224151725987639, 49.592879822558714], [6.224226995478118, 49.592891138128], [6.224240490342254, 49.59285333574472], [6.224165388489808, 49.592841936356365], [6.224151725987639, 49.592879822558714]]]}}, {"id": "374", "type": "Feature", "properties": {"id": 939739951, "name": null, "name_en": null, "descriptio": null, "substation": "minor_distribution", "constructi": 0, "ref": null, "operator": null, "wd_operato": null, "voltages": null, "max_voltag": null, "frequency": null, "start_date": null}, "geometry": {"type": "Polygon", "coordinates": [[[6.222544831330225, 49.5946995337377], [6.222623956496193, 49.59472426035204], [6.22264239668317, 49.5946995337377], [6.222563271517232, 49.59467472330429], [6.222544831330225, 49.5946995337377]]]}}, {"id": "375", "type": "Feature", "properties": {"id": 939739954, "name": null, "name_en": null, "descriptio": null, "substation": "minor_distribution", "constructi": 0, "ref": null, "operator": null, "wd_operato": null, "voltages": null, "max_voltag": null, "frequency": null, "start_date": null}, "geometry": {"type": "Polygon", "coordinates": [[[6.218142320507383, 49.595545519225006], [6.2182187634643356, 49.59554686032951], [6.218220188387875, 49.59551215925038], [6.218143745430922, 49.595510818145854], [6.218142320507383, 49.595545519225006]]]}}, {"id": "376", "type": "Feature", "properties": {"id": 940044716, "name": null, "name_en": null, "descriptio": null, "substation": "minor_distribution", "constructi": 0, "ref": null, "operator": null, "wd_operato": null, "voltages": null, "max_voltag": null, "frequency": null, "start_date": null}, "geometry": {"type": "Polygon", "coordinates": [[[6.221507822269616, 49.56288023672943], [6.221538248578128, 49.56288979209905], [6.221559370974121, 49.562861293628245], [6.221528944665607, 49.56285173825864], [6.221507822269616, 49.56288023672943]]]}}, {"id": "377", "type": "Feature", "properties": {"id": 940553144, "name": null, "name_en": null, "descriptio": null, "substation": "minor_distribution", "constructi": 0, "ref": null, "operator": null, "wd_operato": null, "voltages": null, "max_voltag": null, "frequency": null, "start_date": null}, "geometry": {"type": "Polygon", "coordinates": [[[6.138879020785111, 49.58342118010353], [6.138926378538031, 49.583434758786666], [6.138951859523672, 49.583397375498514], [6.138904417951721, 49.58338379681538], [6.138879020785111, 49.58342118010353]]]}}, {"id": "378", "type": "Feature", "properties": {"id": 940553145, "name": null, "name_en": null, "descriptio": null, "substation": "minor_distribution", "constructi": 0, "ref": null, "operator": null, "wd_operato": null, "voltages": null, "max_voltag": null, "frequency": null, "start_date": null}, "geometry": {"type": "Polygon", "coordinates": [[[6.14063955572766, 49.58314139217559], [6.140678783034531, 49.58315245628778], [6.140703258191792, 49.58311582737094], [6.140664030884948, 49.58310484707777], [6.14063955572766, 49.58314139217559]]]}}, {"id": "379", "type": "Feature", "properties": {"id": 941097039, "name": null, "name_en": null, "descriptio": null, "substation": "minor_distribution", "constructi": 0, "ref": null, "operator": null, "wd_operato": null, "voltages": null, "max_voltag": null, "frequency": null, "start_date": null}, "geometry": {"type": "Polygon", "coordinates": [[[6.230630098950456, 49.73412972700106], [6.230695058700037, 49.73414799954996], [6.230717019286345, 49.73411514248952], [6.230652059536767, 49.73409695375962], [6.230630098950456, 49.73412972700106]]]}}, {"id": "380", "type": "Feature", "properties": {"id": 941352125, "name": null, "name_en": null, "descriptio": null, "substation": "minor_distribution", "constructi": 0, "ref": null, "operator": null, "wd_operato": null, "voltages": null, "max_voltag": null, "frequency": null, "start_date": null}, "geometry": {"type": "Polygon", "coordinates": [[[6.215977777831853, 49.77204887022481], [6.216028069250882, 49.77206923824953], [6.216048018180459, 49.77204861876772], [6.215997726761401, 49.772028250743006], [6.215977777831853, 49.77204887022481]]]}}, {"id": "381", "type": "Feature", "properties": {"id": 941467710, "name": null, "name_en": null, "descriptio": null, "substation": "minor_distribution", "constructi": 0, "ref": null, "operator": null, "wd_operato": null, "voltages": null, "max_voltag": null, "frequency": null, "start_date": null}, "geometry": {"type": "Polygon", "coordinates": [[[6.0157076242025775, 50.1339486876725], [6.015740816539136, 50.13396235017466], [6.015779038017598, 50.13392454779136], [6.015745845681039, 50.13391071765111], [6.0157076242025775, 50.1339486876725]]]}}, {"id": "382", "type": "Feature", "properties": {"id": 942368228, "name": null, "name_en": null, "descriptio": null, "substation": "minor_distribution", "constructi": 0, "ref": null, "operator": null, "wd_operato": null, "voltages": null, "max_voltag": null, "frequency": null, "start_date": null}, "geometry": {"type": "Polygon", "coordinates": [[[6.115842198103025, 49.85200761645337], [6.115884359075976, 49.85203393562936], [6.115936745970829, 49.851998983093125], [6.115894584997846, 49.85197266391717], [6.115842198103025, 49.85200761645337]]]}}, {"id": "383", "type": "Feature", "properties": {"id": 942637875, "name": null, "name_en": null, "descriptio": null, "substation": "minor_distribution", "constructi": 0, "ref": null, "operator": null, "wd_operato": null, "voltages": null, "max_voltag": null, "frequency": null, "start_date": null}, "geometry": {"type": "Polygon", "coordinates": [[[6.174402196986705, 49.829108592259466], [6.1744672405553445, 49.82911378903945], [6.174472437335311, 49.82908663167317], [6.174407393766671, 49.829081434893176], [6.174402196986705, 49.829108592259466]]]}}, {"id": "384", "type": "Feature", "properties": {"id": 943466836, "name": null, "name_en": null, "descriptio": null, "substation": "minor_distribution", "constructi": 0, "ref": null, "operator": null, "wd_operato": null, "voltages": null, "max_voltag": null, "frequency": null, "start_date": null}, "geometry": {"type": "Polygon", "coordinates": [[[5.948866640259581, 49.99632077122951], [5.948914920021849, 49.996343653825186], [5.948935790960746, 49.99632546509527], [5.948887427379447, 49.99630258249961], [5.948866640259581, 49.99632077122951]]]}}, {"id": "385", "type": "Feature", "properties": {"id": 943570309, "name": null, "name_en": null, "descriptio": null, "substation": "minor_distribution", "constructi": 0, "ref": null, "operator": null, "wd_operato": null, "voltages": null, "max_voltag": null, "frequency": null, "start_date": null}, "geometry": {"type": "Polygon", "coordinates": [[[5.911666329051968, 49.97922252694587], [5.911716536651993, 49.9792262988023], [5.911724918555167, 49.97917919250643], [5.911674794774172, 49.97917542065002], [5.911666329051968, 49.97922252694587]]]}}, {"id": "386", "type": "Feature", "properties": {"id": 943570319, "name": null, "name_en": null, "descriptio": null, "substation": "minor_distribution", "constructi": 0, "ref": null, "operator": null, "wd_operato": null, "voltages": null, "max_voltag": null, "frequency": null, "start_date": null}, "geometry": {"type": "Polygon", "coordinates": [[[5.9043342592509305, 49.98089052567737], [5.904344485172799, 49.980924053290096], [5.904395447144111, 49.98091768304369], [5.904385221222242, 49.98088415543097], [5.9043342592509305, 49.98089052567737]]]}}, {"id": "387", "type": "Feature", "properties": {"id": 944123863, "name": null, "name_en": null, "descriptio": null, "substation": "minor_distribution", "constructi": 0, "ref": null, "operator": null, "wd_operato": null, "voltages": null, "max_voltag": null, "frequency": null, "start_date": null}, "geometry": {"type": "Polygon", "coordinates": [[[6.125482560219012, 49.9846634717529], [6.1254907744841205, 49.98471007513454], [6.125551543282113, 49.98470563272585], [6.125543329017006, 49.98465894552518], [6.12553226490482, 49.984659867534525], [6.125482560219012, 49.9846634717529]]]}}, {"id": "388", "type": "Feature", "properties": {"id": 944123892, "name": null, "name_en": null, "descriptio": null, "substation": "minor_distribution", "constructi": 0, "ref": null, "operator": null, "wd_operato": null, "voltages": null, "max_voltag": null, "frequency": null, "start_date": null}, "geometry": {"type": "Polygon", "coordinates": [[[6.129108236255746, 49.94846303777486], [6.129130196842055, 49.94848256760927], [6.12916506555925, 49.94846647435515], [6.129143188791971, 49.948446860701715], [6.129108236255746, 49.94846303777486]]]}}, {"id": "389", "type": "Feature", "properties": {"id": 944238610, "name": null, "name_en": null, "descriptio": null, "substation": "minor_distribution", "constructi": 0, "ref": null, "operator": null, "wd_operato": null, "voltages": null, "max_voltag": null, "frequency": null, "start_date": null}, "geometry": {"type": "Polygon", "coordinates": [[[6.076113066707989, 49.6092333347454], [6.076150869091293, 49.60924959563755], [6.076187078912995, 49.60921388873004], [6.076149276529691, 49.60919779547592], [6.076113066707989, 49.6092333347454]]]}}, {"id": "390", "type": "Feature", "properties": {"id": 944256385, "name": null, "name_en": null, "descriptio": null, "substation": "minor_distribution", "constructi": 0, "ref": null, "operator": null, "wd_operato": null, "voltages": null, "max_voltag": null, "frequency": null, "start_date": null}, "geometry": {"type": "Polygon", "coordinates": [[[6.005833323169014, 49.64184078210909], [6.0058441358241055, 49.641907669696394], [6.005892834681533, 49.64190431693512], [6.005882022026441, 49.64183742934781], [6.005833323169014, 49.64184078210909]]]}}, {"id": "391", "type": "Feature", "properties": {"id": 944983227, "name": null, "name_en": null, "descriptio": null, "substation": "minor_distribution", "constructi": 0, "ref": null, "operator": null, "wd_operato": null, "voltages": null, "max_voltag": null, "frequency": null, "start_date": null}, "geometry": {"type": "Polygon", "coordinates": [[[5.890100781833922, 49.634885730312796], [5.890153755461995, 49.63489964427205], [5.890167334145133, 49.63487785132379], [5.890114360517088, 49.63486393736453], [5.890100781833922, 49.634885730312796]]]}}, {"id": "392", "type": "Feature", "properties": {"id": 944983267, "name": null, "name_en": null, "descriptio": null, "substation": "minor_distribution", "constructi": 0, "ref": null, "operator": null, "wd_operato": null, "voltages": null, "max_voltag": null, "frequency": null, "start_date": null}, "geometry": {"type": "Polygon", "coordinates": [[[5.917495188337881, 49.64362445110437], [5.917498876375277, 49.64365144083263], [5.917565931600648, 49.64364758515716], [5.917562159744222, 49.64362059542892], [5.917495188337881, 49.64362445110437]]]}}, {"id": "393", "type": "Feature", "properties": {"id": 944983408, "name": null, "name_en": null, "descriptio": null, "substation": "minor_distribution", "constructi": 0, "ref": null, "operator": null, "wd_operato": null, "voltages": null, "max_voltag": null, "frequency": null, "start_date": null}, "geometry": {"type": "Polygon", "coordinates": [[[5.915041218545753, 49.644049162138195], [5.915092264336096, 49.64405041942368], [5.915093773078667, 49.644025860447385], [5.9150427272883235, 49.64402451934287], [5.915041218545753, 49.644049162138195]]]}}, {"id": "394", "type": "Feature", "properties": {"id": 945034339, "name": null, "name_en": null, "descriptio": null, "substation": "minor_distribution", "constructi": 0, "ref": null, "operator": null, "wd_operato": null, "voltages": null, "max_voltag": null, "frequency": null, "start_date": null}, "geometry": {"type": "Polygon", "coordinates": [[[6.011831496899021, 49.66245163055566], [6.011904587094676, 49.6624599286398], [6.011912633721722, 49.662429837607384], [6.011839543526065, 49.66242153952323], [6.011831496899021, 49.66245163055566]]]}}, {"id": "395", "type": "Feature", "properties": {"id": 945412528, "name": null, "name_en": null, "descriptio": null, "substation": "minor_distribution", "constructi": 0, "ref": null, "operator": null, "wd_operato": null, "voltages": null, "max_voltag": null, "frequency": null, "start_date": null}, "geometry": {"type": "Polygon", "coordinates": [[[6.468105425291156, 49.706143474314054], [6.468181868248109, 49.7061452345137], [6.468183460809712, 49.70611606549064], [6.468106934033727, 49.70611438911001], [6.468105425291156, 49.706143474314054]]]}}, {"id": "396", "type": "Feature", "properties": {"id": 946494931, "name": null, "name_en": null, "descriptio": null, "substation": "minor_distribution", "constructi": 0, "ref": null, "operator": null, "wd_operato": null, "voltages": null, "max_voltag": null, "frequency": null, "start_date": null}, "geometry": {"type": "Polygon", "coordinates": [[[5.977523696657555, 49.94658817367301], [5.977592595901654, 49.94660686531708], [5.977614640306996, 49.94657325388536], [5.977545824881929, 49.94655447842223], [5.977523696657555, 49.94658817367301]]]}}, {"id": "397", "type": "Feature", "properties": {"id": 946544945, "name": null, "name_en": null, "descriptio": null, "substation": "minor_distribution", "constructi": 0, "ref": null, "operator": null, "wd_operato": null, "voltages": null, "max_voltag": null, "frequency": null, "start_date": null}, "geometry": {"type": "Polygon", "coordinates": [[[5.816517059702022, 49.89717727356028], [5.816577325585855, 49.89720577203108], [5.816609595913065, 49.89717752501737], [5.816549162391198, 49.897149026546614], [5.816517059702022, 49.89717727356028]]]}}, {"id": "398", "type": "Feature", "properties": {"id": 946544952, "name": null, "name_en": null, "descriptio": null, "substation": "minor_distribution", "constructi": 0, "ref": null, "operator": null, "wd_operato": null, "voltages": null, "max_voltag": null, "frequency": null, "start_date": null}, "geometry": {"type": "Polygon", "coordinates": [[[5.81097092201017, 49.8874104285254], [5.811021381067292, 49.88742459394178], [5.811050130995169, 49.88738184623557], [5.810999755757109, 49.887367680819246], [5.81097092201017, 49.8874104285254]]]}}, {"id": "399", "type": "Feature", "properties": {"id": 946544966, "name": null, "name_en": null, "descriptio": null, "substation": "minor_distribution", "constructi": 0, "ref": null, "operator": null, "wd_operato": null, "voltages": null, "max_voltag": null, "frequency": null, "start_date": null}, "geometry": {"type": "Polygon", "coordinates": [[[5.814528000000001, 49.88904629999998], [5.8146053, 49.8890633], [5.814625000000001, 49.88902619999998], [5.8145478, 49.88900919999998], [5.814528000000001, 49.88904629999998]]]}}, {"id": "400", "type": "Feature", "properties": {"id": 947598415, "name": null, "name_en": null, "descriptio": null, "substation": "minor_distribution", "constructi": 0, "ref": null, "operator": null, "wd_operato": null, "voltages": null, "max_voltag": null, "frequency": null, "start_date": null}, "geometry": {"type": "Polygon", "coordinates": [[[6.012278084700086, 49.52512772574074], [6.012341870983249, 49.5251535420025], [6.012364083026653, 49.52513049176881], [6.0123001291054265, 49.52510467550704], [6.012278084700086, 49.52512772574074]]]}}, {"id": "401", "type": "Feature", "properties": {"id": 947598416, "name": null, "name_en": null, "descriptio": null, "substation": "minor_distribution", "constructi": 0, "ref": null, "operator": null, "wd_operato": null, "voltages": null, "max_voltag": null, "frequency": null, "start_date": null}, "geometry": {"type": "Polygon", "coordinates": [[[6.01594198221531, 49.526729926532354], [6.015991435444023, 49.52675029455707], [6.016045750176603, 49.52669455490096], [6.015996296947861, 49.5266742706953], [6.01594198221531, 49.526729926532354]]]}}, {"id": "402", "type": "Feature", "properties": {"id": 947598446, "name": null, "name_en": null, "descriptio": null, "substation": "minor_distribution", "constructi": 0, "ref": null, "operator": null, "wd_operato": null, "voltages": null, "max_voltag": null, "frequency": null, "start_date": null}, "geometry": {"type": "Polygon", "coordinates": [[[6.018302326148955, 49.52146223566397], [6.018323448544947, 49.52148805192571], [6.018392599246141, 49.52146416350169], [6.018371476850149, 49.52143834723989], [6.018302326148955, 49.52146223566397]]]}}, {"id": "403", "type": "Feature", "properties": {"id": 947598453, "name": null, "name_en": null, "descriptio": null, "substation": "minor_distribution", "constructi": 0, "ref": null, "operator": null, "wd_operato": null, "voltages": null, "max_voltag": null, "frequency": null, "start_date": null}, "geometry": {"type": "Polygon", "coordinates": [[[6.0163570540604505, 49.52107683575603], [6.0163945211676255, 49.52109552740011], [6.016449422633429, 49.52104917547555], [6.016412039345283, 49.52103048383147], [6.0163570540604505, 49.52107683575603]]]}}, {"id": "404", "type": "Feature", "properties": {"id": 947598459, "name": null, "name_en": null, "descriptio": null, "substation": "minor_distribution", "constructi": 0, "ref": null, "operator": null, "wd_operato": null, "voltages": null, "max_voltag": null, "frequency": null, "start_date": null}, "geometry": {"type": "Polygon", "coordinates": [[[6.015467817952782, 49.52315445809563], [6.015500842651278, 49.52317172481619], [6.015550463518054, 49.523131994595154], [6.015517522638588, 49.52311464405555], [6.015467817952782, 49.52315445809563]]]}}, {"id": "405", "type": "Feature", "properties": {"id": 947598460, "name": null, "name_en": null, "descriptio": null, "substation": "minor_distribution", "constructi": 0, "ref": null, "operator": null, "wd_operato": null, "voltages": null, "max_voltag": null, "frequency": null, "start_date": null}, "geometry": {"type": "Polygon", "coordinates": [[[6.0154222203995005, 49.52313023439545], [6.015457256754786, 49.52314917749666], [6.015509895106703, 49.52310793853302], [6.015474942570478, 49.52308916306993], [6.0154222203995005, 49.52313023439545]]]}}, {"id": "406", "type": "Feature", "properties": {"id": 947598466, "name": null, "name_en": null, "descriptio": null, "substation": "minor_distribution", "constructi": 0, "ref": null, "operator": null, "wd_operato": null, "voltages": null, "max_voltag": null, "frequency": null, "start_date": null}, "geometry": {"type": "Polygon", "coordinates": [[[6.013842483108391, 49.52031047834886], [6.013878022377868, 49.52034618525637], [6.01391532184698, 49.52033042727841], [6.013879782577533, 49.52029472037091], [6.013842483108391, 49.52031047834886]]]}}, {"id": "407", "type": "Feature", "properties": {"id": 947629563, "name": null, "name_en": null, "descriptio": null, "substation": "minor_distribution", "constructi": 0, "ref": null, "operator": null, "wd_operato": null, "voltages": null, "max_voltag": null, "frequency": null, "start_date": null}, "geometry": {"type": "Polygon", "coordinates": [[[5.9964723298857905, 49.51391978009324], [5.996479873598645, 49.51394534489795], [5.996546928824046, 49.513937130632826], [5.996539468930223, 49.513911482009114], [5.9964723298857905, 49.51391978009324]]]}}, {"id": "408", "type": "Feature", "properties": {"id": 947629566, "name": null, "name_en": null, "descriptio": null, "substation": "minor_distribution", "constructi": 0, "ref": null, "operator": null, "wd_operato": null, "voltages": null, "max_voltag": null, "frequency": null, "start_date": null}, "geometry": {"type": "Polygon", "coordinates": [[[5.995923985780195, 49.51256098976981], [5.995965476200894, 49.51257347880553], [5.996001686022594, 49.5125229359294], [5.995960195601895, 49.51251044689365], [5.995923985780195, 49.51256098976981]]]}}, {"id": "409", "type": "Feature", "properties": {"id": 948040388, "name": null, "name_en": null, "descriptio": null, "substation": "minor_distribution", "constructi": 0, "ref": null, "operator": null, "wd_operato": null, "voltages": null, "max_voltag": null, "frequency": null, "start_date": null}, "geometry": {"type": "Polygon", "coordinates": [[[6.0015720474146415, 50.063050946412574], [6.001622171195607, 50.063061675248626], [6.001649663838009, 50.06300828252539], [6.001599540057043, 50.062997637508374], [6.0015720474146415, 50.063050946412574]]]}}, {"id": "410", "type": "Feature", "properties": {"id": 948068015, "name": null, "name_en": null, "descriptio": null, "substation": "minor_distribution", "constructi": 0, "ref": null, "operator": null, "wd_operato": null, "voltages": null, "max_voltag": null, "frequency": null, "start_date": null}, "geometry": {"type": "Polygon", "coordinates": [[[6.000805522369404, 50.12548061853437], [6.000843492390801, 50.125522528050254], [6.0008842284402135, 50.12550735680547], [6.00084642605691, 50.125465447289635], [6.000805522369404, 50.12548061853437]]]}}, {"id": "411", "type": "Feature", "properties": {"id": 948068024, "name": null, "name_en": null, "descriptio": null, "substation": "minor_distribution", "constructi": 0, "ref": null, "operator": null, "wd_operato": null, "voltages": null, "max_voltag": null, "frequency": null, "start_date": null}, "geometry": {"type": "Polygon", "coordinates": [[[6.006558944526745, 50.12663296258266], [6.0066159414683105, 50.12667168697532], [6.006657767165166, 50.12664637362776], [6.006600770223572, 50.12660764923508], [6.006558944526745, 50.12663296258266]]]}}, {"id": "412", "type": "Feature", "properties": {"id": 948068025, "name": null, "name_en": null, "descriptio": null, "substation": "minor_distribution", "constructi": 0, "ref": null, "operator": null, "wd_operato": null, "voltages": null, "max_voltag": null, "frequency": null, "start_date": null}, "geometry": {"type": "Polygon", "coordinates": [[[6.004629095140075, 50.127298485694624], [6.004645858946418, 50.12733494697344], [6.0046948930799715, 50.12732572687993], [6.004678045454598, 50.12728918178212], [6.004629095140075, 50.127298485694624]]]}}, {"id": "413", "type": "Feature", "properties": {"id": 948068029, "name": null, "name_en": null, "descriptio": null, "substation": "minor_distribution", "constructi": 0, "ref": null, "operator": null, "wd_operato": null, "voltages": null, "max_voltag": null, "frequency": null, "start_date": null}, "geometry": {"type": "Polygon", "coordinates": [[[6.004769575837258, 50.12832065878666], [6.0048235552937115, 50.128357455341586], [6.004865632447633, 50.12833205817497], [6.00481165299118, 50.12829526162002], [6.004769575837258, 50.12832065878666]]]}}, {"id": "414", "type": "Feature", "properties": {"id": 948147983, "name": null, "name_en": null, "descriptio": null, "substation": "minor_distribution", "constructi": 0, "ref": null, "operator": null, "wd_operato": null, "voltages": null, "max_voltag": null, "frequency": null, "start_date": null}, "geometry": {"type": "Polygon", "coordinates": [[[6.440331821487661, 49.80471893040516], [6.440355626092668, 49.80473628094475], [6.440404660226251, 49.80470811775009], [6.440380771802182, 49.80469085102956], [6.440331821487661, 49.80471893040516]]]}}, {"id": "415", "type": "Feature", "properties": {"id": 954390495, "name": null, "name_en": null, "descriptio": null, "substation": "minor_distribution", "constructi": 0, "ref": null, "operator": null, "wd_operato": null, "voltages": null, "max_voltag": null, "frequency": null, "start_date": null}, "geometry": {"type": "Polygon", "coordinates": [[[6.131236066195356, 49.85355282030342], [6.131278981539622, 49.853573188328134], [6.131293733689205, 49.85356019637821], [6.1312508183449665, 49.85353982835353], [6.131236066195356, 49.85355282030342]]]}}, {"id": "416", "type": "Feature", "properties": {"id": 954390501, "name": null, "name_en": null, "descriptio": null, "substation": "minor_distribution", "constructi": 0, "ref": null, "operator": null, "wd_operato": null, "voltages": null, "max_voltag": null, "frequency": null, "start_date": null}, "geometry": {"type": "Polygon", "coordinates": [[[6.14105764505797, 49.85871163024965], [6.141088322823577, 49.858731243903065], [6.141129142692052, 49.85870484090807], [6.141098464926414, 49.8586851434356], [6.14105764505797, 49.85871163024965]]]}}, {"id": "417", "type": "Feature", "properties": {"id": 955412689, "name": null, "name_en": null, "descriptio": null, "substation": null, "constructi": 0, "ref": null, "operator": null, "wd_operato": null, "voltages": null, "max_voltag": null, "frequency": null, "start_date": null}, "geometry": {"type": "Polygon", "coordinates": [[[6.1375582843020595, 49.91128669881033], [6.137692143295737, 49.91125057280766], [6.137665572662684, 49.911200868121846], [6.13762676445097, 49.91119768299864], [6.1375582843020595, 49.91128669881033]]]}}, {"id": "418", "type": "Feature", "properties": {"id": 961846365, "name": null, "name_en": null, "descriptio": null, "substation": "minor_distribution", "constructi": 0, "ref": null, "operator": null, "wd_operato": null, "voltages": null, "max_voltag": null, "frequency": null, "start_date": null}, "geometry": {"type": "Polygon", "coordinates": [[[6.277012030713337, 49.7958569956369], [6.277066764541046, 49.79589957570504], [6.277133149214195, 49.79586403643559], [6.2771214983687855, 49.79585498398015], [6.277078331567452, 49.79582145636745], [6.277012030713337, 49.7958569956369]]]}}, {"id": "419", "type": "Feature", "properties": {"id": 961870679, "name": null, "name_en": null, "descriptio": null, "substation": "minor_distribution", "constructi": 0, "ref": null, "operator": null, "wd_operato": null, "voltages": null, "max_voltag": null, "frequency": null, "start_date": null}, "geometry": {"type": "Polygon", "coordinates": [[[6.34974666605376, 49.82202093875499], [6.3497948619969975, 49.82205312526319], [6.3498303174474415, 49.82203108085781], [6.349782121504176, 49.82199889434962], [6.34974666605376, 49.82202093875499]]]}}, {"id": "420", "type": "Feature", "properties": {"id": 962533956, "name": null, "name_en": null, "descriptio": null, "substation": "minor_distribution", "constructi": 0, "ref": null, "operator": null, "wd_operato": null, "voltages": null, "max_voltag": null, "frequency": null, "start_date": null}, "geometry": {"type": "Polygon", "coordinates": [[[6.431492517857976, 49.658671476043445], [6.431526296927758, 49.6586793550324], [6.431540378525086, 49.65865412550385], [6.4315066832743355, 49.65864624651487], [6.431492517857976, 49.658671476043445]]]}}, {"id": "421", "type": "Feature", "properties": {"id": 962533996, "name": null, "name_en": null, "descriptio": null, "substation": "minor_distribution", "constructi": 0, "ref": null, "operator": null, "wd_operato": null, "voltages": null, "max_voltag": null, "frequency": null, "start_date": null}, "geometry": {"type": "Polygon", "coordinates": [[[6.433852275058398, 49.65992549257723], [6.4339388601181895, 49.65992616312948], [6.433940285041729, 49.659857180066346], [6.433853699981937, 49.659856425695054], [6.433852275058398, 49.65992549257723]]]}}, {"id": "422", "type": "Feature", "properties": {"id": 962534098, "name": null, "name_en": null, "descriptio": null, "substation": "minor_distribution", "constructi": 0, "ref": null, "operator": null, "wd_operato": null, "voltages": null, "max_voltag": null, "frequency": null, "start_date": null}, "geometry": {"type": "Polygon", "coordinates": [[[6.435882372007028, 49.65937815429998], [6.435914223239081, 49.659424757681606], [6.4359615809920285, 49.659411262817486], [6.435929645940945, 49.65936457561683], [6.435882372007028, 49.65937815429998]]]}}, {"id": "423", "type": "Feature", "properties": {"id": 962824300, "name": null, "name_en": null, "descriptio": null, "substation": "minor_distribution", "constructi": 0, "ref": null, "operator": null, "wd_operato": null, "voltages": null, "max_voltag": null, "frequency": null, "start_date": null}, "geometry": {"type": "Polygon", "coordinates": [[[6.2609548, 49.752829599999984], [6.260976900000001, 49.75284740000001], [6.261025499999999, 49.75282229999999], [6.261003399999999, 49.752804399999995], [6.2609548, 49.752829599999984]]]}}, {"id": "424", "type": "Feature", "properties": {"id": 962835924, "name": null, "name_en": null, "descriptio": null, "substation": "minor_distribution", "constructi": 0, "ref": null, "operator": null, "wd_operato": null, "voltages": null, "max_voltag": null, "frequency": null, "start_date": null}, "geometry": {"type": "Polygon", "coordinates": [[[6.255716045501344, 49.7524817363614], [6.255763654711387, 49.752498416348715], [6.255785196202538, 49.752472851544034], [6.2557374193544595, 49.75245617155674], [6.255716045501344, 49.7524817363614]]]}}, {"id": "425", "type": "Feature", "properties": {"id": 964861581, "name": null, "name_en": null, "descriptio": null, "substation": "minor_distribution", "constructi": 0, "ref": null, "operator": null, "wd_operato": null, "voltages": null, "max_voltag": null, "frequency": null, "start_date": null}, "geometry": {"type": "Polygon", "coordinates": [[[6.346876870045207, 49.782554999119576], [6.346920372122695, 49.78257612151556], [6.346949541145734, 49.782551227263134], [6.346905955249212, 49.782529937229086], [6.346876870045207, 49.782554999119576]]]}}, {"id": "426", "type": "Feature", "properties": {"id": 964874584, "name": null, "name_en": null, "descriptio": null, "substation": "minor_distribution", "constructi": 0, "ref": null, "operator": null, "wd_operato": null, "voltages": null, "max_voltag": null, "frequency": null, "start_date": null}, "geometry": {"type": "Polygon", "coordinates": [[[6.337568347475866, 49.779925679913084], [6.337640096567043, 49.779934397092376], [6.337648646108278, 49.77990464133611], [6.337576980836133, 49.77989592415682], [6.337568347475866, 49.779925679913084]]]}}, {"id": "427", "type": "Feature", "properties": {"id": 964928409, "name": null, "name_en": null, "descriptio": null, "substation": "minor_distribution", "constructi": 0, "ref": null, "operator": null, "wd_operato": null, "voltages": null, "max_voltag": null, "frequency": null, "start_date": null}, "geometry": {"type": "Polygon", "coordinates": [[[6.099309732283587, 49.75601336744453], [6.099341080601448, 49.75602887396539], [6.099379972632164, 49.755995849266895], [6.099348624314302, 49.75598042656504], [6.099309732283587, 49.75601336744453]]]}}, {"id": "428", "type": "Feature", "properties": {"id": 964950302, "name": null, "name_en": null, "descriptio": null, "substation": "minor_distribution", "constructi": 0, "ref": null, "operator": null, "wd_operato": null, "voltages": null, "max_voltag": null, "frequency": null, "start_date": null}, "geometry": {"type": "Polygon", "coordinates": [[[6.099003289903549, 49.75632467132838], [6.0990485521807045, 49.756354091808504], [6.099075793366012, 49.756336657449936], [6.099030531088886, 49.756307153150765], [6.099003289903549, 49.75632467132838]]]}}, {"id": "429", "type": "Feature", "properties": {"id": 964950318, "name": null, "name_en": null, "descriptio": null, "substation": "minor_distribution", "constructi": 0, "ref": null, "operator": null, "wd_operato": null, "voltages": null, "max_voltag": null, "frequency": null, "start_date": null}, "geometry": {"type": "Polygon", "coordinates": [[[6.096461896861342, 49.75161613722069], [6.0964632379658505, 49.751669446124836], [6.096516463051017, 49.75166885939163], [6.09651512194651, 49.75161555048745], [6.096461896861342, 49.75161613722069]]]}}, {"id": "430", "type": "Feature", "properties": {"id": 964950326, "name": null, "name_en": null, "descriptio": null, "substation": "minor_distribution", "constructi": 0, "ref": null, "operator": null, "wd_operato": null, "voltages": null, "max_voltag": null, "frequency": null, "start_date": null}, "geometry": {"type": "Polygon", "coordinates": [[[6.09299614753715, 49.75269446906394], [6.093016934657044, 49.75273218762822], [6.093051971012301, 49.752724057182135], [6.093031183892435, 49.7526864224369], [6.09299614753715, 49.75269446906394]]]}}, {"id": "431", "type": "Feature", "properties": {"id": 965529121, "name": null, "name_en": null, "descriptio": null, "substation": "minor_distribution", "constructi": 0, "ref": null, "operator": null, "wd_operato": null, "voltages": null, "max_voltag": null, "frequency": null, "start_date": null}, "geometry": {"type": "Polygon", "coordinates": [[[6.33991293343155, 49.728220820539846], [6.33996632615478, 49.728232387566244], [6.339977641724062, 49.72821042697993], [6.339924249000859, 49.72819894377258], [6.33991293343155, 49.728220820539846]]]}}, {"id": "432", "type": "Feature", "properties": {"id": 965545478, "name": null, "name_en": null, "descriptio": null, "substation": "minor_distribution", "constructi": 0, "ref": null, "operator": null, "wd_operato": null, "voltages": null, "max_voltag": null, "frequency": null, "start_date": null}, "geometry": {"type": "Polygon", "coordinates": [[[6.3187803953314585, 49.73990569647794], [6.3188111569161265, 49.73991382692402], [6.3188185329909174, 49.739902259897626], [6.3187877714062495, 49.739893961813486], [6.3187803953314585, 49.73990569647794]]]}}, {"id": "433", "type": "Feature", "properties": {"id": 965616297, "name": null, "name_en": null, "descriptio": null, "substation": "minor_distribution", "constructi": 0, "ref": null, "operator": null, "wd_operato": null, "voltages": null, "max_voltag": null, "frequency": null, "start_date": null}, "geometry": {"type": "Polygon", "coordinates": [[[6.395422254836234, 49.73594784561843], [6.395493333375129, 49.7359747515276], [6.395522837674322, 49.735942062105224], [6.3954517591353985, 49.73591524001507], [6.395422254836234, 49.73594784561843]]]}}, {"id": "434", "type": "Feature", "properties": {"id": 965616328, "name": null, "name_en": null, "descriptio": null, "substation": "minor_distribution", "constructi": 0, "ref": null, "operator": null, "wd_operato": null, "voltages": null, "max_voltag": null, "frequency": null, "start_date": null}, "geometry": {"type": "Polygon", "coordinates": [[[6.39293333250788, 49.7344964352649], [6.392941043858798, 49.73453138780112], [6.392991167639791, 49.734526693935344], [6.392983456288846, 49.734491741399104], [6.39293333250788, 49.7344964352649]]]}}, {"id": "435", "type": "Feature", "properties": {"id": 965869651, "name": null, "name_en": null, "descriptio": null, "substation": "minor_distribution", "constructi": 0, "ref": null, "operator": null, "wd_operato": null, "voltages": null, "max_voltag": null, "frequency": null, "start_date": null}, "geometry": {"type": "Polygon", "coordinates": [[[6.165769171994128, 49.70252609636144], [6.165818122308649, 49.70254185433941], [6.165834047924676, 49.702521318676645], [6.165785097610154, 49.70250547687966], [6.165769171994128, 49.70252609636144]]]}}, {"id": "436", "type": "Feature", "properties": {"id": 966100092, "name": null, "name_en": null, "descriptio": null, "substation": "minor_distribution", "constructi": 0, "ref": null, "operator": null, "wd_operato": null, "voltages": null, "max_voltag": null, "frequency": null, "start_date": null}, "geometry": {"type": "Polygon", "coordinates": [[[6.424379383367835, 49.705208975929224], [6.42441039640957, 49.70521568145177], [6.424423723635613, 49.705189697551916], [6.42439279441291, 49.70518299202939], [6.424379383367835, 49.705208975929224]]]}}, {"id": "437", "type": "Feature", "properties": {"id": 966100174, "name": null, "name_en": null, "descriptio": null, "substation": "minor_distribution", "constructi": 0, "ref": null, "operator": null, "wd_operato": null, "voltages": null, "max_voltag": null, "frequency": null, "start_date": null}, "geometry": {"type": "Polygon", "coordinates": [[[6.423707490009435, 49.70658587116353], [6.423775886339343, 49.70659534271412], [6.423782759499943, 49.70657472323231], [6.423714363170035, 49.70656516786269], [6.423707490009435, 49.70658587116353]]]}}, {"id": "438", "type": "Feature", "properties": {"id": 966100176, "name": null, "name_en": null, "descriptio": null, "substation": "minor_distribution", "constructi": 0, "ref": null, "operator": null, "wd_operato": null, "voltages": null, "max_voltag": null, "frequency": null, "start_date": null}, "geometry": {"type": "Polygon", "coordinates": [[[6.422996285525159, 49.70649082038155], [6.423052444276436, 49.70649786118021], [6.423058479246719, 49.70647766079357], [6.423002236676411, 49.70647061999488], [6.422996285525159, 49.70649082038155]]]}}, {"id": "439", "type": "Feature", "properties": {"id": 966145525, "name": null, "name_en": null, "descriptio": null, "substation": "minor_distribution", "constructi": 0, "ref": null, "operator": null, "wd_operato": null, "voltages": null, "max_voltag": null, "frequency": null, "start_date": null}, "geometry": {"type": "Polygon", "coordinates": [[[5.948442599778019, 49.50654228037702], [5.948469421868168, 49.506586285368684], [5.948512672488563, 49.50657647854197], [5.9484822461800215, 49.50653096480774], [5.948442599778019, 49.50654228037702]]]}}, {"id": "440", "type": "Feature", "properties": {"id": 966195633, "name": null, "name_en": null, "descriptio": null, "substation": "minor_distribution", "constructi": 0, "ref": null, "operator": null, "wd_operato": null, "voltages": null, "max_voltag": null, "frequency": null, "start_date": null}, "geometry": {"type": "Polygon", "coordinates": [[[6.386837258148829, 49.76524947037046], [6.386883190978209, 49.765280567231244], [6.386925268132131, 49.76525475096945], [6.386879335302752, 49.765223654108695], [6.386837258148829, 49.76524947037046]]]}}, {"id": "441", "type": "Feature", "properties": {"id": 966398757, "name": null, "name_en": null, "descriptio": null, "substation": "Min", "constructi": 0, "ref": null, "operator": null, "wd_operato": null, "voltages": null, "max_voltag": null, "frequency": null, "start_date": null}, "geometry": {"type": "Polygon", "coordinates": [[[6.454543422137391, 49.79094142852082], [6.454566975285302, 49.790965233125824], [6.454589019690644, 49.790956180670406], [6.4545656341807955, 49.7909323760654], [6.454543422137391, 49.79094142852082]]]}}, {"id": "442", "type": "Feature", "properties": {"id": 966447455, "name": null, "name_en": null, "descriptio": null, "substation": "minor_distribution", "constructi": 0, "ref": null, "operator": null, "wd_operato": null, "voltages": null, "max_voltag": null, "frequency": null, "start_date": null}, "geometry": {"type": "Polygon", "coordinates": [[[6.459687563753022, 49.75181788963003], [6.4597172356902774, 49.7518356592648], [6.459784626191777, 49.751788636787985], [6.45975495425455, 49.751770867153255], [6.459687563753022, 49.75181788963003]]]}}, {"id": "443", "type": "Feature", "properties": {"id": 966447478, "name": null, "name_en": null, "descriptio": null, "substation": "minor_distribution", "constructi": 0, "ref": null, "operator": null, "wd_operato": null, "voltages": null, "max_voltag": null, "frequency": null, "start_date": null}, "geometry": {"type": "Polygon", "coordinates": [[[6.464208259410641, 49.7521909681403], [6.464215719304463, 49.75221929897305], [6.464251426211973, 49.75221535947854], [6.464243966318151, 49.75218702864581], [6.464208259410641, 49.7521909681403]]]}}, {"id": "444", "type": "Feature", "properties": {"id": 966447551, "name": null, "name_en": null, "descriptio": null, "substation": "minor_distribution", "constructi": 0, "ref": null, "operator": null, "wd_operato": null, "voltages": null, "max_voltag": null, "frequency": null, "start_date": null}, "geometry": {"type": "Polygon", "coordinates": [[[6.479451420883919, 49.74664063949685], [6.4794615629867565, 49.74668766197366], [6.479504059235865, 49.746683890117254], [6.479493917133027, 49.74663686764045], [6.479451420883919, 49.74664063949685]]]}}, {"id": "445", "type": "Feature", "properties": {"id": 966447649, "name": null, "name_en": null, "descriptio": null, "substation": "minor_distribution", "constructi": 0, "ref": null, "operator": null, "wd_operato": null, "voltages": null, "max_voltag": null, "frequency": null, "start_date": null}, "geometry": {"type": "Polygon", "coordinates": [[[6.477813680822863, 49.76415378798763], [6.4778572667193535, 49.764180358620685], [6.477887022475612, 49.7641598229579], [6.477843520398153, 49.76413333614384], [6.477813680822863, 49.76415378798763]]]}}, {"id": "446", "type": "Feature", "properties": {"id": 966746639, "name": null, "name_en": null, "descriptio": null, "substation": "minor_distribution", "constructi": 0, "ref": null, "operator": null, "wd_operato": null, "voltages": null, "max_voltag": null, "frequency": null, "start_date": null}, "geometry": {"type": "Polygon", "coordinates": [[[6.440758963273396, 49.784738149620146], [6.440796849475731, 49.784741670019486], [6.440804979921809, 49.784705292559714], [6.440766926081409, 49.784701772160375], [6.440758963273396, 49.784738149620146]]]}}, {"id": "447", "type": "Feature", "properties": {"id": 966958101, "name": null, "name_en": null, "descriptio": null, "substation": "minor_distribution", "constructi": 0, "ref": null, "operator": null, "wd_operato": null, "voltages": null, "max_voltag": null, "frequency": null, "start_date": null}, "geometry": {"type": "Polygon", "coordinates": [[[5.835428644918238, 49.96847047301196], [5.835476924680535, 49.96848338114289], [5.835490168087546, 49.968462845480076], [5.835441888325249, 49.968449937349206], [5.835428644918238, 49.96847047301196]]]}}, {"id": "448", "type": "Feature", "properties": {"id": 967559618, "name": null, "name_en": null, "descriptio": null, "substation": "minor_distribution", "constructi": 0, "ref": null, "operator": null, "wd_operato": null, "voltages": null, "max_voltag": null, "frequency": null, "start_date": null}, "geometry": {"type": "Polygon", "coordinates": [[[6.4722166, 49.78329009999998], [6.4722644, 49.78331029999998], [6.4722816000000005, 49.78329339999999], [6.472233700000001, 49.78327319999999], [6.4722166, 49.78329009999998]]]}}, {"id": "449", "type": "Feature", "properties": {"id": 967571723, "name": null, "name_en": null, "descriptio": null, "substation": "minor_distribution", "constructi": 0, "ref": null, "operator": null, "wd_operato": null, "voltages": null, "max_voltag": null, "frequency": null, "start_date": null}, "geometry": {"type": "Polygon", "coordinates": [[[6.497909293681346, 49.77366565552796], [6.497917591765486, 49.7736874484762], [6.497956735253325, 49.77368124586785], [6.4979484371691845, 49.77365945291958], [6.497909293681346, 49.77366565552796]]]}}, {"id": "450", "type": "Feature", "properties": {"id": 967649577, "name": null, "name_en": null, "descriptio": null, "substation": "minor_distribution", "constructi": 0, "ref": null, "operator": null, "wd_operato": null, "voltages": null, "max_voltag": null, "frequency": null, "start_date": null}, "geometry": {"type": "Polygon", "coordinates": [[[5.901253323101457, 49.78359125380893], [5.901262794652042, 49.78362679307837], [5.901313672804292, 49.78362117720326], [5.901304285072741, 49.783585637933804], [5.901253323101457, 49.78359125380893]]]}}, {"id": "451", "type": "Feature", "properties": {"id": 967768197, "name": null, "name_en": null, "descriptio": null, "substation": "minor_distribution", "constructi": 0, "ref": null, "operator": null, "wd_operato": null, "voltages": null, "max_voltag": null, "frequency": null, "start_date": null}, "geometry": {"type": "Polygon", "coordinates": [[[6.496022527277005, 49.715306570863326], [6.496063933878673, 49.715342026313756], [6.4961048375661505, 49.71532216120321], [6.496063430964482, 49.71528653811474], [6.496022527277005, 49.715306570863326]]]}}, {"id": "452", "type": "Feature", "properties": {"id": 967827917, "name": null, "name_en": null, "descriptio": null, "substation": "minor_distribution", "constructi": 0, "ref": null, "operator": null, "wd_operato": null, "voltages": null, "max_voltag": null, "frequency": null, "start_date": null}, "geometry": {"type": "Polygon", "coordinates": [[[6.249987852872579, 49.721235426254076], [6.2500017668318435, 49.72125336352686], [6.250050381870267, 49.721237521729854], [6.250036384091942, 49.72121966827611], [6.249987852872579, 49.721235426254076]]]}}, {"id": "453", "type": "Feature", "properties": {"id": 968056883, "name": null, "name_en": null, "descriptio": null, "substation": "minor_distribution", "constructi": 0, "ref": null, "operator": null, "wd_operato": null, "voltages": null, "max_voltag": null, "frequency": null, "start_date": null}, "geometry": {"type": "Polygon", "coordinates": [[[6.37918483200849, 49.70021922897002], [6.379217689068923, 49.70023448403379], [6.379222299115668, 49.70023037690125], [6.379268231945076, 49.70018897029957], [6.379235458703647, 49.70017363141675], [6.37918483200849, 49.70021922897002]]]}}, {"id": "454", "type": "Feature", "properties": {"id": 968056898, "name": null, "name_en": null, "descriptio": null, "substation": "minor_distribution", "constructi": 0, "ref": null, "operator": null, "wd_operato": null, "voltages": null, "max_voltag": null, "frequency": null, "start_date": null}, "geometry": {"type": "Polygon", "coordinates": [[[6.380674799116606, 49.697413722158814], [6.380729197668217, 49.697429396317744], [6.380743865998766, 49.69740785482657], [6.380689551266215, 49.69739226448669], [6.380674799116606, 49.697413722158814]]]}}, {"id": "455", "type": "Feature", "properties": {"id": 968079334, "name": null, "name_en": null, "descriptio": null, "substation": "minor_distribution", "constructi": 0, "ref": null, "operator": null, "wd_operato": null, "voltages": null, "max_voltag": null, "frequency": null, "start_date": null}, "geometry": {"type": "Polygon", "coordinates": [[[6.399214227831919, 49.68241263004919], [6.399242391026576, 49.68249158757708], [6.399306093490708, 49.68248203220747], [6.399277846477019, 49.6824031584986], [6.399214227831919, 49.68241263004919]]]}}, {"id": "456", "type": "Feature", "properties": {"id": 968079335, "name": null, "name_en": null, "descriptio": null, "substation": "minor_distribution", "constructi": 0, "ref": null, "operator": null, "wd_operato": null, "voltages": null, "max_voltag": null, "frequency": null, "start_date": null}, "geometry": {"type": "Polygon", "coordinates": [[[6.401309871263351, 49.68270348208927], [6.401318420804614, 49.682727538151404], [6.401382793820971, 49.682718066600835], [6.401374244279736, 49.68269384290064], [6.401309871263351, 49.68270348208927]]]}}, {"id": "457", "type": "Feature", "properties": {"id": 968483519, "name": null, "name_en": null, "descriptio": null, "substation": null, "constructi": 0, "ref": "972704", "operator": null, "wd_operato": null, "voltages": null, "max_voltag": null, "frequency": null, "start_date": null}, "geometry": {"type": "Polygon", "coordinates": [[[6.335308586380279, 49.63026202106521], [6.335360721818034, 49.63027777904314], [6.335392237773959, 49.63023394168953], [6.335340018517201, 49.630218267530616], [6.335308586380279, 49.63026202106521]]]}}, {"id": "458", "type": "Feature", "properties": {"id": 969847928, "name": null, "name_en": null, "descriptio": null, "substation": null, "constructi": 0, "ref": null, "operator": null, "wd_operato": null, "voltages": null, "max_voltag": null, "frequency": null, "start_date": null}, "geometry": {"type": "Polygon", "coordinates": [[[6.092279662453905, 49.89625417456382], [6.092493149527713, 49.896379316378166], [6.092548050993514, 49.89641208961956], [6.092929762864031, 49.89612132139851], [6.0926826643584775, 49.895971285331676], [6.092279662453905, 49.89625417456382]]]}}, {"id": "459", "type": "Feature", "properties": {"id": 1012548245, "name": "Sous-station Luxtram", "name_en": null, "descriptio": null, "substation": "traction", "constructi": 0, "ref": null, "operator": null, "wd_operato": null, "voltages": "750", "max_voltag": 750.0, "frequency": null, "start_date": null}, "geometry": {"type": "Polygon", "coordinates": [[[6.138158344750252, 49.590347398152915], [6.138201092456426, 49.59054102011621], [6.138306788255449, 49.590533057308186], [6.13836361755898, 49.59037765682336], [6.138158344750252, 49.590347398152915]]]}}, {"id": "460", "type": "Feature", "properties": {"id": 1023443489, "name": null, "name_en": null, "descriptio": null, "substation": null, "constructi": 0, "ref": null, "operator": null, "wd_operato": null, "voltages": null, "max_voltag": null, "frequency": null, "start_date": null}, "geometry": {"type": "Polygon", "coordinates": [[[6.135396842930703, 49.594177341169974], [6.1354576955477285, 49.59419192568151], [6.13550237109166, 49.59411497981034], [6.135442691941051, 49.59410006002273], [6.135396842930703, 49.594177341169974]]]}}, {"id": "461", "type": "Feature", "properties": {"id": 1033978335, "name": null, "name_en": null, "descriptio": null, "substation": null, "constructi": 0, "ref": null, "operator": null, "wd_operato": null, "voltages": null, "max_voltag": null, "frequency": null, "start_date": null}, "geometry": {"type": "Polygon", "coordinates": [[[5.955408631867471, 49.64635502370121], [5.95547602236897, 49.646382348705565], [5.955520530274839, 49.64633624823812], [5.9554531397733115, 49.646308923233796], [5.955408631867471, 49.64635502370121]]]}}, {"id": "462", "type": "Feature", "properties": {"id": 1034434395, "name": null, "name_en": null, "descriptio": null, "substation": null, "constructi": 0, "ref": null, "operator": null, "wd_operato": null, "voltages": null, "max_voltag": null, "frequency": null, "start_date": null}, "geometry": {"type": "Polygon", "coordinates": [[[6.0899221, 50.01030439999998], [6.089927000000001, 50.010329099999986], [6.0899541, 50.01032689999998], [6.0899491999999995, 50.01030220000001], [6.0899221, 50.01030439999998]]]}}, {"id": "463", "type": "Feature", "properties": {"id": 1042974725, "name": "Heisdorf", "name_en": null, "descriptio": null, "substation": "transmission", "constructi": 0, "ref": null, "operator": "Creos", "wd_operato": "Q21036415", "voltages": "220000;65000;20000", "max_voltag": 220000.0, "frequency": null, "start_date": null}, "geometry": {"type": "Polygon", "coordinates": [[[6.13809514520031, 49.66717592264135], [6.138510971416764, 49.668785080412626], [6.138656397436819, 49.669158829475094], [6.138895197858233, 49.670036330918315], [6.1417194801325365, 49.66971136453229], [6.141430472111125, 49.66869497495346], [6.14122486402627, 49.66798309991696], [6.140391451393725, 49.668080665269876], [6.1400780520340845, 49.66701884577585], [6.139523924415272, 49.66709252270476], [6.139489223336142, 49.666985485801234], [6.138274853204365, 49.66712998981193], [6.13809514520031, 49.66717592264135]]]}}, {"id": "464", "type": "Feature", "properties": {"id": 1054995966, "name": null, "name_en": null, "descriptio": null, "substation": null, "constructi": 0, "ref": null, "operator": null, "wd_operato": null, "voltages": null, "max_voltag": null, "frequency": null, "start_date": null}, "geometry": {"type": "Polygon", "coordinates": [[[6.058472429469958, 49.61677864016319], [6.058527666211888, 49.61677939453445], [6.058529091135427, 49.61673019276281], [6.0584738543934975, 49.61672943839152], [6.058472429469958, 49.61677864016319]]]}}, {"id": "465", "type": "Feature", "properties": {"id": 1055183802, "name": null, "name_en": null, "descriptio": null, "substation": null, "constructi": 0, "ref": null, "operator": null, "wd_operato": null, "voltages": null, "max_voltag": null, "frequency": null, "start_date": null}, "geometry": {"type": "Polygon", "coordinates": [[[6.061036788926884, 49.61613675401814], [6.061041147516534, 49.616158295509315], [6.061094624058767, 49.61615376928159], [6.061090265469119, 49.616132143971406], [6.061036788926884, 49.61613675401814]]]}}, {"id": "466", "type": "Feature", "properties": {"id": 1076560848, "name": null, "name_en": null, "descriptio": null, "substation": null, "constructi": 0, "ref": null, "operator": null, "wd_operato": null, "voltages": null, "max_voltag": null, "frequency": null, "start_date": null}, "geometry": {"type": "Polygon", "coordinates": [[[5.875347039686943, 49.55368964753775], [5.87541736385458, 49.55370113074509], [5.875430439623529, 49.55366718403724], [5.875360283093953, 49.553655617010854], [5.875347039686943, 49.55368964753775]]]}}, {"id": "467", "type": "Feature", "properties": {"id": 1112903329, "name": null, "name_en": null, "descriptio": null, "substation": "distribution", "constructi": 0, "ref": null, "operator": "Electris par Hoffmann Fr\u00e8res", "wd_operato": null, "voltages": null, "max_voltag": null, "frequency": "50", "start_date": null}, "geometry": {"type": "Polygon", "coordinates": [[[6.095128755161596, 49.74380294617749], [6.095158343279792, 49.7438170277748], [6.09518424336062, 49.74379414517914], [6.095154655242396, 49.74378014740084], [6.095128755161596, 49.74380294617749]]]}}, {"id": "468", "type": "Feature", "properties": {"id": 1124197468, "name": null, "name_en": null, "descriptio": null, "substation": null, "constructi": 0, "ref": null, "operator": null, "wd_operato": null, "voltages": null, "max_voltag": null, "frequency": null, "start_date": null}, "geometry": {"type": "Polygon", "coordinates": [[[5.847797651793343, 49.92287593723319], [5.847837884928566, 49.92290292696141], [5.847873843293172, 49.922880631099], [5.84783369397698, 49.922853641370736], [5.847797651793343, 49.92287593723319]]]}}, {"id": "469", "type": "Feature", "properties": {"id": 1131776011, "name": null, "name_en": null, "descriptio": null, "substation": "minor_distribution", "constructi": 0, "ref": null, "operator": null, "wd_operato": null, "voltages": null, "max_voltag": null, "frequency": null, "start_date": null}, "geometry": {"type": "Polygon", "coordinates": [[[6.129341588440099, 49.86979518845402], [6.129385341974653, 49.86981429919329], [6.129402273419061, 49.869798122120145], [6.129358519884505, 49.86977909519992], [6.129341588440099, 49.86979518845402]]]}}, {"id": "470", "type": "Feature", "properties": {"id": 1131920802, "name": null, "name_en": null, "descriptio": null, "substation": "minor_distribution", "constructi": 0, "ref": null, "operator": null, "wd_operato": null, "voltages": null, "max_voltag": null, "frequency": null, "start_date": null}, "geometry": {"type": "Polygon", "coordinates": [[[6.0839952, 50.005756299999994], [6.0840224, 50.005790100000006], [6.0840574, 50.00577849999998], [6.0840302, 50.005744700000015], [6.0839952, 50.005756299999994]]]}}, {"id": "471", "type": "Feature", "properties": {"id": 1132001173, "name": null, "name_en": null, "descriptio": null, "substation": "minor_distribution", "constructi": 0, "ref": null, "operator": null, "wd_operato": null, "voltages": null, "max_voltag": null, "frequency": null, "start_date": null}, "geometry": {"type": "Polygon", "coordinates": [[[6.1698109257043825, 49.82957487753302], [6.169815368113063, 49.82959449118644], [6.169872616511754, 49.82958904294938], [6.169868257922104, 49.82956942929595], [6.1698109257043825, 49.82957487753302]]]}}, {"id": "472", "type": "Feature", "properties": {"id": 1134067501, "name": null, "name_en": null, "descriptio": null, "substation": "minor_distribution", "constructi": 0, "ref": null, "operator": null, "wd_operato": null, "voltages": null, "max_voltag": null, "frequency": null, "start_date": null}, "geometry": {"type": "Polygon", "coordinates": [[[6.006833535674701, 50.10848211889847], [6.0068676500206095, 50.108510198274104], [6.006927748266378, 50.108479855784616], [6.00689363392047, 50.10845186022803], [6.006833535674701, 50.10848211889847]]]}}, {"id": "473", "type": "Feature", "properties": {"id": 1143778034, "name": null, "name_en": null, "descriptio": null, "substation": null, "constructi": 0, "ref": null, "operator": null, "wd_operato": null, "voltages": null, "max_voltag": null, "frequency": null, "start_date": null}, "geometry": {"type": "Polygon", "coordinates": [[[6.219112861075843, 49.52071985049987], [6.219186957099908, 49.52072479582275], [6.2191924891560015, 49.52068942419133], [6.219118393131936, 49.5206845626875], [6.219112861075843, 49.52071985049987]]]}}, {"id": "474", "type": "Feature", "properties": {"id": 1143865280, "name": null, "name_en": null, "descriptio": null, "substation": "minor_distribution", "constructi": 0, "ref": null, "operator": null, "wd_operato": null, "voltages": null, "max_voltag": null, "frequency": null, "start_date": null}, "geometry": {"type": "Polygon", "coordinates": [[[5.8421381907705845, 49.54069602123813], [5.842167862707811, 49.54069878726618], [5.842177250439363, 49.54065528518873], [5.842147578502136, 49.540652519160695], [5.8421381907705845, 49.54069602123813]]]}}, {"id": "475", "type": "Feature", "properties": {"id": 1143865630, "name": null, "name_en": null, "descriptio": null, "substation": "minor_distribution", "constructi": 0, "ref": null, "operator": null, "wd_operato": null, "voltages": null, "max_voltag": null, "frequency": null, "start_date": null}, "geometry": {"type": "Polygon", "coordinates": [[[5.8320675, 49.548571599999995], [5.8321403, 49.5486003], [5.8321699, 49.54856869999998], [5.832097100000001, 49.54853999999999], [5.8320675, 49.548571599999995]]]}}, {"id": "476", "type": "Feature", "properties": {"id": 1149306911, "name": "Poste source Greiwenbiirchen", "name_en": null, "descriptio": null, "substation": null, "constructi": 0, "ref": "7858006", "operator": null, "wd_operato": null, "voltages": null, "max_voltag": null, "frequency": null, "start_date": null}, "geometry": {"type": "Polygon", "coordinates": [[[6.101212172846886, 49.73197633225673], [6.10125056196341, 49.73199594591016], [6.101268247779102, 49.731981445217684], [6.101229942481609, 49.73196183156426], [6.101212172846886, 49.73197633225673]]]}}, {"id": "477", "type": "Feature", "properties": {"id": 1151150122, "name": null, "name_en": null, "descriptio": null, "substation": "minor_distribution", "constructi": 0, "ref": null, "operator": null, "wd_operato": null, "voltages": null, "max_voltag": null, "frequency": null, "start_date": null}, "geometry": {"type": "Polygon", "coordinates": [[[6.1326039927932925, 49.627113526776135], [6.132663671943874, 49.6271621418145], [6.132714717734217, 49.62713582263854], [6.132655038583607, 49.627087291419166], [6.1326039927932925, 49.627113526776135]]]}}, {"id": "478", "type": "Feature", "properties": {"id": 1152526902, "name": null, "name_en": null, "descriptio": null, "substation": "minor_distribution", "constructi": 0, "ref": null, "operator": null, "wd_operato": null, "voltages": null, "max_voltag": null, "frequency": null, "start_date": null}, "geometry": {"type": "Polygon", "coordinates": [[[6.052664692580066, 49.92157204837553], [6.052677684529981, 49.921591159114776], [6.052717833846202, 49.921579843545466], [6.052704841896259, 49.92156073280624], [6.052664692580066, 49.92157204837553]]]}}, {"id": "479", "type": "Feature", "properties": {"id": 1155609869, "name": null, "name_en": null, "descriptio": null, "substation": "minor_distribution", "constructi": 0, "ref": null, "operator": null, "wd_operato": null, "voltages": null, "max_voltag": null, "frequency": null, "start_date": null}, "geometry": {"type": "Polygon", "coordinates": [[[6.090231125318297, 49.96941326948094], [6.0902401777737225, 49.96943263167723], [6.090286445879229, 49.96942374685988], [6.090277477242837, 49.969404384663555], [6.090231125318297, 49.96941326948094]]]}}, {"id": "480", "type": "Feature", "properties": {"id": 1156097425, "name": null, "name_en": null, "descriptio": null, "substation": "minor_distribution", "constructi": 0, "ref": null, "operator": null, "wd_operato": null, "voltages": null, "max_voltag": null, "frequency": null, "start_date": null}, "geometry": {"type": "Polygon", "coordinates": [[[5.85191484263217, 49.547502629529234], [5.851975192335004, 49.54751654348853], [5.851990531217808, 49.54748863175091], [5.851930181514973, 49.54747471779165], [5.85191484263217, 49.547502629529234]]]}}, {"id": "481", "type": "Feature", "properties": {"id": 1156097426, "name": null, "name_en": null, "descriptio": null, "substation": "minor_distribution", "constructi": 0, "ref": null, "operator": null, "wd_operato": null, "voltages": null, "max_voltag": null, "frequency": null, "start_date": null}, "geometry": {"type": "Polygon", "coordinates": [[[5.851700936463176, 49.54744227982638], [5.851749216225443, 49.54749223596929], [5.8517991723683735, 49.54747195176359], [5.851750892606077, 49.54742199562072], [5.851700936463176, 49.54744227982638]]]}}, {"id": "482", "type": "Feature", "properties": {"id": 1157777671, "name": null, "name_en": null, "descriptio": null, "substation": null, "constructi": 0, "ref": null, "operator": null, "wd_operato": null, "voltages": null, "max_voltag": null, "frequency": null, "start_date": null}, "geometry": {"type": "Polygon", "coordinates": [[[5.966651781508289, 49.70138523552047], [5.966680028521978, 49.70139747309909], [5.966711041563741, 49.7013718244754], [5.966684219473563, 49.701358329611296], [5.966651781508289, 49.70138523552047]]]}}, {"id": "483", "type": "Feature", "properties": {"id": 1157777701, "name": null, "name_en": null, "descriptio": null, "substation": null, "constructi": 0, "ref": null, "operator": null, "wd_operato": null, "voltages": null, "max_voltag": null, "frequency": null, "start_date": null}, "geometry": {"type": "Polygon", "coordinates": [[[5.966780024626843, 49.701241988795246], [5.9668030748605645, 49.70125716004001], [5.966842721262594, 49.70123218196854], [5.966819754847875, 49.70121684308573], [5.966780024626843, 49.701241988795246]]]}}, {"id": "484", "type": "Feature", "properties": {"id": 1159212084, "name": null, "name_en": null, "descriptio": null, "substation": null, "constructi": 0, "ref": null, "operator": null, "wd_operato": null, "voltages": null, "max_voltag": null, "frequency": null, "start_date": null}, "geometry": {"type": "Polygon", "coordinates": [[[6.299236898434998, 49.66412893319968], [6.299270845142872, 49.66414167369255], [6.299302025822668, 49.66410672115629], [6.299268162933855, 49.664093980663466], [6.299236898434998, 49.66412893319968]]]}}, {"id": "485", "type": "Feature", "properties": {"id": 1187669845, "name": null, "name_en": null, "descriptio": null, "substation": "minor_distribution", "constructi": 0, "ref": null, "operator": null, "wd_operato": null, "voltages": null, "max_voltag": null, "frequency": null, "start_date": null}, "geometry": {"type": "Polygon", "coordinates": [[[6.129671667787079, 49.85158265396247], [6.12969857369626, 49.8515911196847], [6.129714666950348, 49.851569997288685], [6.129687761041168, 49.85156144774746], [6.129671667787079, 49.85158265396247]]]}}, {"id": "486", "type": "Feature", "properties": {"id": 1187669850, "name": null, "name_en": null, "descriptio": null, "substation": "minor_distribution", "constructi": 0, "ref": null, "operator": null, "wd_operato": null, "voltages": null, "max_voltag": null, "frequency": null, "start_date": null}, "geometry": {"type": "Polygon", "coordinates": [[[6.122098450631739, 49.85087966374333], [6.1221369235672976, 49.85088812946555], [6.122157459230068, 49.85084948889188], [6.122118818656446, 49.850840939350654], [6.122098450631739, 49.85087966374333]]]}}, {"id": "487", "type": "Feature", "properties": {"id": 1191281595, "name": null, "name_en": null, "descriptio": null, "substation": "minor_distribution", "constructi": 0, "ref": null, "operator": null, "wd_operato": null, "voltages": null, "max_voltag": null, "frequency": null, "start_date": null}, "geometry": {"type": "Polygon", "coordinates": [[[6.0166427, 50.1429105], [6.0166805, 50.14292670000001], [6.016697599999999, 50.14291020000003], [6.0166598, 50.14289409999999], [6.0166427, 50.1429105]]]}}, {"id": "488", "type": "Feature", "properties": {"id": 1191281673, "name": null, "name_en": null, "descriptio": null, "substation": "minor_distribution", "constructi": 0, "ref": null, "operator": null, "wd_operato": null, "voltages": null, "max_voltag": null, "frequency": null, "start_date": null}, "geometry": {"type": "Polygon", "coordinates": [[[6.004116793218118, 50.12344306169191], [6.004148979726296, 50.12345488017538], [6.0041710241316375, 50.12342981828488], [6.00413892144249, 50.12341816743947], [6.004116793218118, 50.12344306169191]]]}}, {"id": "489", "type": "Feature", "properties": {"id": 1191281701, "name": null, "name_en": null, "descriptio": null, "substation": "minor_distribution", "constructi": 0, "ref": null, "operator": null, "wd_operato": null, "voltages": null, "max_voltag": null, "frequency": null, "start_date": null}, "geometry": {"type": "Polygon", "coordinates": [[[5.995305568964056, 50.11880518702796], [5.995350495965056, 50.11882362721494], [5.995367427409462, 50.11880669577052], [5.995322416589431, 50.11878817176451], [5.995305568964056, 50.11880518702796]]]}}, {"id": "490", "type": "Feature", "properties": {"id": 1191287794, "name": null, "name_en": null, "descriptio": null, "substation": "minor_distribution", "constructi": 0, "ref": null, "operator": null, "wd_operato": null, "voltages": null, "max_voltag": null, "frequency": null, "start_date": null}, "geometry": {"type": "Polygon", "coordinates": [[[5.8436711570419675, 49.86013479358945], [5.843696051294415, 49.860153820509666], [5.84372513649842, 49.860138146350714], [5.843700242246001, 49.86011903561148], [5.8436711570419675, 49.86013479358945]]]}}, {"id": "491", "type": "Feature", "properties": {"id": 1191287795, "name": null, "name_en": null, "descriptio": null, "substation": "minor_distribution", "constructi": 0, "ref": null, "operator": null, "wd_operato": null, "voltages": null, "max_voltag": null, "frequency": null, "start_date": null}, "geometry": {"type": "Polygon", "coordinates": [[[5.843960081244376, 49.86013948745521], [5.844009031558897, 49.86014376222583], [5.844013641605642, 49.86012213691567], [5.84396469129112, 49.860117862145046], [5.843960081244376, 49.86013948745521]]]}}, {"id": "492", "type": "Feature", "properties": {"id": 1193281888, "name": null, "name_en": null, "descriptio": null, "substation": "minor_distribution", "constructi": 0, "ref": null, "operator": null, "wd_operato": null, "voltages": null, "max_voltag": null, "frequency": null, "start_date": null}, "geometry": {"type": "Polygon", "coordinates": [[[6.139375564729106, 49.70005377020138], [6.139423173939122, 49.70005469221071], [6.139423844491376, 49.700037257852124], [6.139376319100392, 49.700036335842796], [6.139375564729106, 49.70005377020138]]]}}, {"id": "493", "type": "Feature", "properties": {"id": 1194915344, "name": null, "name_en": null, "descriptio": null, "substation": "minor_distribution", "constructi": 0, "ref": null, "operator": null, "wd_operato": null, "voltages": null, "max_voltag": null, "frequency": null, "start_date": null}, "geometry": {"type": "Polygon", "coordinates": [[[6.116821539669814, 49.71986205141908], [6.116854648187342, 49.71986867312261], [6.116870070889178, 49.71983631897635], [6.11683696237165, 49.71982978109189], [6.116821539669814, 49.71986205141908]]]}}, {"id": "494", "type": "Feature", "properties": {"id": 1194915420, "name": null, "name_en": null, "descriptio": null, "substation": "minor_distribution", "constructi": 0, "ref": null, "operator": null, "wd_operato": null, "voltages": null, "max_voltag": null, "frequency": null, "start_date": null}, "geometry": {"type": "Polygon", "coordinates": [[[6.170037823823294, 49.7495083400296], [6.170046960097749, 49.74953784432877], [6.170080655348527, 49.74953348573911], [6.170071686712107, 49.749504065258975], [6.170037823823294, 49.7495083400296]]]}}, {"id": "495", "type": "Feature", "properties": {"id": 1194915424, "name": null, "name_en": null, "descriptio": null, "substation": "minor_distribution", "constructi": 0, "ref": null, "operator": null, "wd_operato": null, "voltages": null, "max_voltag": null, "frequency": null, "start_date": null}, "geometry": {"type": "Polygon", "coordinates": [[[6.078490425905073, 49.74691908632029], [6.078536023458356, 49.74695982236973], [6.0785755860413255, 49.74694138218275], [6.0785299884880715, 49.746900646133305], [6.078490425905073, 49.74691908632029]]]}}, {"id": "496", "type": "Feature", "properties": {"id": 1198423283, "name": null, "name_en": null, "descriptio": null, "substation": "minor_distribution", "constructi": 0, "ref": null, "operator": null, "wd_operato": null, "voltages": null, "max_voltag": null, "frequency": null, "start_date": null}, "geometry": {"type": "Polygon", "coordinates": [[[5.892864798224423, 49.76617315610015], [5.89288776463914, 49.76618639950717], [5.8929092223112605, 49.766170725348246], [5.8928862558965704, 49.76615756576027], [5.892864798224423, 49.76617315610015]]]}}, {"id": "497", "type": "Feature", "properties": {"id": 1199244926, "name": null, "name_en": null, "descriptio": null, "substation": "minor_distribution", "constructi": 0, "ref": null, "operator": null, "wd_operato": null, "voltages": null, "max_voltag": null, "frequency": null, "start_date": null}, "geometry": {"type": "Polygon", "coordinates": [[[6.423942518574422, 49.7074953914769], [6.423980320957725, 49.707497067857524], [6.423983338442866, 49.70746865320577], [6.423945536059563, 49.70746697682515], [6.423942518574422, 49.7074953914769]]]}}, {"id": "498", "type": "Feature", "properties": {"id": 1199259399, "name": null, "name_en": null, "descriptio": null, "substation": "minor_distribution", "constructi": 0, "ref": null, "operator": null, "wd_operato": null, "voltages": null, "max_voltag": null, "frequency": null, "start_date": null}, "geometry": {"type": "Polygon", "coordinates": [[[5.764716898089716, 49.80938748283476], [5.764758639967511, 49.80939184142443], [5.764769284984539, 49.8093498480895], [5.7647274592877125, 49.80934548949984], [5.764716898089716, 49.80938748283476]]]}}, {"id": "499", "type": "Feature", "properties": {"id": 1200849231, "name": null, "name_en": null, "descriptio": null, "substation": null, "constructi": 0, "ref": null, "operator": null, "wd_operato": null, "voltages": null, "max_voltag": null, "frequency": null, "start_date": null}, "geometry": {"type": "Polygon", "coordinates": [[[6.2776816609578825, 49.84812754965534], [6.277694820545862, 49.84814607366133], [6.2777432679461915, 49.848131572968875], [6.27772994072015, 49.84811313278189], [6.2776816609578825, 49.84812754965534]]]}}, {"id": "500", "type": "Feature", "properties": {"id": 1204183405, "name": null, "name_en": null, "descriptio": null, "substation": "minor_distribution", "constructi": 0, "ref": null, "operator": null, "wd_operato": null, "voltages": null, "max_voltag": null, "frequency": null, "start_date": null}, "geometry": {"type": "Polygon", "coordinates": [[[6.378641936139958, 49.554649040174965], [6.3786537546234285, 49.55467242568483], [6.378709494279519, 49.55466077483943], [6.378697675796047, 49.554637221691486], [6.378641936139958, 49.554649040174965]]]}}, {"id": "501", "type": "Feature", "properties": {"id": 1206282197, "name": null, "name_en": null, "descriptio": null, "substation": null, "constructi": 0, "ref": null, "operator": null, "wd_operato": null, "voltages": null, "max_voltag": null, "frequency": null, "start_date": null}, "geometry": {"type": "Polygon", "coordinates": [[[5.914716168340675, 49.664816416898], [5.914759921875259, 49.664834354170786], [5.91478003844287, 49.664813650869945], [5.914736117270252, 49.66479588123523], [5.914716168340675, 49.664816416898]]]}}, {"id": "502", "type": "Feature", "properties": {"id": 1206339625, "name": null, "name_en": null, "descriptio": null, "substation": "minor_distribution", "constructi": 0, "ref": null, "operator": null, "wd_operato": null, "voltages": null, "max_voltag": null, "frequency": null, "start_date": null}, "geometry": {"type": "Polygon", "coordinates": [[[6.2653027634370355, 49.64120895424783], [6.265322796185615, 49.641216162684564], [6.265342661296131, 49.641192777174716], [6.2653225447285195, 49.641185568737995], [6.2653027634370355, 49.64120895424783]]]}}, {"id": "503", "type": "Feature", "properties": {"id": 1212709891, "name": null, "name_en": null, "descriptio": null, "substation": null, "constructi": 0, "ref": "5893014", "operator": null, "wd_operato": null, "voltages": null, "max_voltag": null, "frequency": null, "start_date": null}, "geometry": {"type": "Polygon", "coordinates": [[[5.880065129164279, 49.68767126846221], [5.880099327329219, 49.687674537404426], [5.8801076254133875, 49.687638579039785], [5.880073427248419, 49.68763522627852], [5.880065129164279, 49.68767126846221]]]}}, {"id": "504", "type": "Feature", "properties": {"id": 1212898298, "name": null, "name_en": null, "descriptio": null, "substation": null, "constructi": 0, "ref": null, "operator": null, "wd_operato": null, "voltages": null, "max_voltag": null, "frequency": null, "start_date": null}, "geometry": {"type": "Polygon", "coordinates": [[[5.922625199999999, 49.652034699999994], [5.9226725, 49.652047199999984], [5.9226957, 49.65201039999999], [5.9226484, 49.651997900000005], [5.922625199999999, 49.652034699999994]]]}}, {"id": "505", "type": "Feature", "properties": {"id": 1213240761, "name": null, "name_en": null, "descriptio": null, "substation": null, "constructi": 0, "ref": null, "operator": null, "wd_operato": null, "voltages": null, "max_voltag": null, "frequency": null, "start_date": null}, "geometry": {"type": "Polygon", "coordinates": [[[5.974260789390172, 49.58920083761779], [5.974270344759788, 49.589222798204105], [5.974313343923086, 49.589214835396085], [5.974303788553441, 49.589192958628814], [5.974260789390172, 49.58920083761779]]]}}, {"id": "506", "type": "Feature", "properties": {"id": 1213246217, "name": null, "name_en": null, "descriptio": null, "substation": null, "constructi": 0, "ref": "673101", "operator": null, "wd_operato": null, "voltages": null, "max_voltag": null, "frequency": null, "start_date": null}, "geometry": {"type": "Polygon", "coordinates": [[[5.946291719604659, 49.578506870272896], [5.946319379885125, 49.57852086805119], [5.946347626898842, 49.578497482541344], [5.946320050437379, 49.57848348476304], [5.946291719604659, 49.578506870272896]]]}}, {"id": "507", "type": "Feature", "properties": {"id": 1213246219, "name": null, "name_en": null, "descriptio": null, "substation": null, "constructi": 0, "ref": "6741003", "operator": null, "wd_operato": null, "voltages": null, "max_voltag": null, "frequency": null, "start_date": null}, "geometry": {"type": "Polygon", "coordinates": [[[5.952644028743747, 49.58062137298647], [5.952656685417538, 49.58065582260853], [5.952689374839906, 49.5806507934666], [5.952676634347085, 49.58061634384459], [5.952644028743747, 49.58062137298647]]]}}, {"id": "508", "type": "Feature", "properties": {"id": 1217115992, "name": null, "name_en": null, "descriptio": null, "substation": "minor_distribution", "constructi": 0, "ref": null, "operator": null, "wd_operato": null, "voltages": null, "max_voltag": null, "frequency": null, "start_date": null}, "geometry": {"type": "Polygon", "coordinates": [[[5.962029581003264, 49.523496355926106], [5.9620790342319765, 49.52350389963898], [5.962094456933812, 49.52346073283762], [5.962044919886069, 49.523453272943776], [5.962029581003264, 49.523496355926106]]]}}, {"id": "509", "type": "Feature", "properties": {"id": 1217116204, "name": null, "name_en": null, "descriptio": null, "substation": "minor_distribution", "constructi": 0, "ref": null, "operator": null, "wd_operato": null, "voltages": null, "max_voltag": null, "frequency": null, "start_date": null}, "geometry": {"type": "Polygon", "coordinates": [[[5.9392671, 49.521667900000004], [5.9392885, 49.521679600000006], [5.9393207, 49.521654599999984], [5.9392993, 49.521642999999976], [5.9392671, 49.521667900000004]]]}}, {"id": "510", "type": "Feature", "properties": {"id": 1217116219, "name": null, "name_en": null, "descriptio": null, "substation": "minor_distribution", "constructi": 0, "ref": null, "operator": null, "wd_operato": null, "voltages": null, "max_voltag": null, "frequency": null, "start_date": null}, "geometry": {"type": "Polygon", "coordinates": [[[5.939527859019762, 49.52801269299404], [5.939532552885538, 49.52803658141808], [5.939593489321624, 49.52803155227619], [5.9395887954558475, 49.52800758003312], [5.939527859019762, 49.52801269299404]]]}}, {"id": "511", "type": "Feature", "properties": {"id": 1217116264, "name": null, "name_en": null, "descriptio": null, "substation": "minor_distribution", "constructi": 0, "ref": null, "operator": null, "wd_operato": null, "voltages": null, "max_voltag": null, "frequency": null, "start_date": null}, "geometry": {"type": "Polygon", "coordinates": [[[5.94304029554462, 49.53169989220011], [5.943121348548317, 49.531719841129636], [5.943136435974026, 49.531694024867846], [5.9430553829703285, 49.531674075938284], [5.94304029554462, 49.53169989220011]]]}}, {"id": "512", "type": "Feature", "properties": {"id": 1217133900, "name": null, "name_en": null, "descriptio": null, "substation": "minor_distribution", "constructi": 0, "ref": null, "operator": null, "wd_operato": null, "voltages": null, "max_voltag": null, "frequency": null, "start_date": null}, "geometry": {"type": "Polygon", "coordinates": [[[6.362459833873146, 49.85045713200435], [6.3624670423098735, 49.85047833821938], [6.362522865785025, 49.850470459230394], [6.362515657348298, 49.85044925301536], [6.362459833873146, 49.85045713200435]]]}}, {"id": "513", "type": "Feature", "properties": {"id": 1217133904, "name": null, "name_en": null, "descriptio": null, "substation": "minor_distribution", "constructi": 0, "ref": null, "operator": null, "wd_operato": null, "voltages": null, "max_voltag": null, "frequency": null, "start_date": null}, "geometry": {"type": "Polygon", "coordinates": [[[6.354968424092789, 49.84979579984396], [6.355018799330879, 49.84980175099522], [6.355025421034384, 49.84977886839957], [6.354975129615326, 49.849772833429256], [6.354968424092789, 49.84979579984396]]]}}, {"id": "514", "type": "Feature", "properties": {"id": 1218325230, "name": null, "name_en": null, "descriptio": null, "substation": "minor_distribution", "constructi": 0, "ref": null, "operator": null, "wd_operato": null, "voltages": null, "max_voltag": null, "frequency": null, "start_date": null}, "geometry": {"type": "Polygon", "coordinates": [[[6.095763768146014, 49.80717868371047], [6.095775251353388, 49.8071990517352], [6.095826883876924, 49.8071869817946], [6.0958153168505484, 49.807166529950855], [6.095763768146014, 49.80717868371047]]]}}, {"id": "515", "type": "Feature", "properties": {"id": 1218325253, "name": null, "name_en": null, "descriptio": null, "substation": "minor_distribution", "constructi": 0, "ref": null, "operator": null, "wd_operato": null, "voltages": null, "max_voltag": null, "frequency": null, "start_date": null}, "geometry": {"type": "Polygon", "coordinates": [[[6.093252633774284, 49.8081584443724], [6.093267050647739, 49.80819356454673], [6.093297225499158, 49.80818836776678], [6.0932828924447335, 49.80815333141148], [6.093252633774284, 49.8081584443724]]]}}, {"id": "516", "type": "Feature", "properties": {"id": 1219539842, "name": null, "name_en": null, "descriptio": null, "substation": "minor_distribution", "constructi": 0, "ref": null, "operator": null, "wd_operato": null, "voltages": null, "max_voltag": null, "frequency": null, "start_date": null}, "geometry": {"type": "Polygon", "coordinates": [[[6.224635948533973, 49.655091062283816], [6.224688251609764, 49.65510237785313], [6.2246992319029175, 49.65508108781903], [6.224646928827128, 49.655069772249746], [6.224635948533973, 49.655091062283816]]]}}, {"id": "517", "type": "Feature", "properties": {"id": 1219539967, "name": null, "name_en": null, "descriptio": null, "substation": "minor_distribution", "constructi": 0, "ref": null, "operator": null, "wd_operato": null, "voltages": null, "max_voltag": null, "frequency": null, "start_date": null}, "geometry": {"type": "Polygon", "coordinates": [[[6.136999043722313, 49.64071207502771], [6.137007677082579, 49.64073009611953], [6.137048161674927, 49.640721965673464], [6.137039695952723, 49.64070394458164], [6.136999043722313, 49.64071207502771]]]}}, {"id": "518", "type": "Feature", "properties": {"id": 1219808026, "name": null, "name_en": null, "descriptio": null, "substation": "minor_distribution", "constructi": 0, "ref": null, "operator": null, "wd_operato": null, "voltages": null, "max_voltag": null, "frequency": null, "start_date": null}, "geometry": {"type": "Polygon", "coordinates": [[[6.140647267078606, 49.634626897142816], [6.1406838959954655, 49.634649695919414], [6.140709376981107, 49.634632429198895], [6.140672831883278, 49.63460963042226], [6.140647267078606, 49.634626897142816]]]}}, {"id": "519", "type": "Feature", "properties": {"id": 1219808550, "name": null, "name_en": null, "descriptio": null, "substation": "minor_distribution", "constructi": 0, "ref": null, "operator": null, "wd_operato": null, "voltages": null, "max_voltag": null, "frequency": null, "start_date": null}, "geometry": {"type": "Polygon", "coordinates": [[[6.140976256778146, 49.63808049270736], [6.14098824289968, 49.63810287238884], [6.141041467984849, 49.63809088626732], [6.141029481863313, 49.63806842276678], [6.140976256778146, 49.63808049270736]]]}}, {"id": "520", "type": "Feature", "properties": {"id": 1221008780, "name": null, "name_en": null, "descriptio": null, "substation": "minor_distribution", "constructi": 0, "ref": null, "operator": null, "wd_operato": null, "voltages": null, "max_voltag": null, "frequency": null, "start_date": null}, "geometry": {"type": "Polygon", "coordinates": [[[6.131253249096886, 49.871885970381626], [6.1312702643603245, 49.871911786643395], [6.131339331242458, 49.87189275972321], [6.131322232159988, 49.871866943461434], [6.131253249096886, 49.871885970381626]]]}}, {"id": "521", "type": "Feature", "properties": {"id": 1221008782, "name": null, "name_en": null, "descriptio": null, "substation": "minor_distribution", "constructi": 0, "ref": null, "operator": null, "wd_operato": null, "voltages": null, "max_voltag": null, "frequency": null, "start_date": null}, "geometry": {"type": "Polygon", "coordinates": [[[6.139056046580124, 49.87747401758934], [6.139081527565792, 49.87750033676531], [6.139120922510699, 49.877484578787346], [6.139095441525058, 49.877458175792356], [6.139056046580124, 49.87747401758934]]]}}, {"id": "522", "type": "Feature", "properties": {"id": 1221008786, "name": null, "name_en": null, "descriptio": null, "substation": "minor_distribution", "constructi": 0, "ref": null, "operator": null, "wd_operato": null, "voltages": null, "max_voltag": null, "frequency": null, "start_date": null}, "geometry": {"type": "Polygon", "coordinates": [[[6.133548130366762, 49.87460765816111], [6.133588363501985, 49.874678988157115], [6.133623483676274, 49.87467077389199], [6.133583166722019, 49.87459944389599], [6.133548130366762, 49.87460765816111]]]}}, {"id": "523", "type": "Feature", "properties": {"id": 1221008790, "name": null, "name_en": null, "descriptio": null, "substation": "minor_distribution", "constructi": 0, "ref": null, "operator": null, "wd_operato": null, "voltages": null, "max_voltag": null, "frequency": null, "start_date": null}, "geometry": {"type": "Polygon", "coordinates": [[[6.13166312416206, 49.87154532983668], [6.131710817191106, 49.871620180232], [6.131746943193804, 49.87161054104332], [6.13169933398376, 49.87153585828607], [6.13166312416206, 49.87154532983668]]]}}, {"id": "524", "type": "Feature", "properties": {"id": 1222279607, "name": null, "name_en": null, "descriptio": null, "substation": "minor_distribution", "constructi": 0, "ref": null, "operator": null, "wd_operato": null, "voltages": null, "max_voltag": null, "frequency": null, "start_date": null}, "geometry": {"type": "Polygon", "coordinates": [[[6.099317024539347, 49.586357779880395], [6.099355162198777, 49.586361719374885], [6.099364549930328, 49.586323916991546], [6.09932649608993, 49.586319977497034], [6.099317024539347, 49.586357779880395]]]}}, {"id": "525", "type": "Feature", "properties": {"id": 1222542209, "name": null, "name_en": null, "descriptio": null, "substation": "minor_distribution", "constructi": 0, "ref": null, "operator": null, "wd_operato": null, "voltages": null, "max_voltag": null, "frequency": null, "start_date": null}, "geometry": {"type": "Polygon", "coordinates": [[[6.149964590646277, 49.596245743416105], [6.1500128704085455, 49.59625186220541], [6.150019575931083, 49.596229482523974], [6.149971296168815, 49.596223363734616], [6.149964590646277, 49.596245743416105]]]}}, {"id": "526", "type": "Feature", "properties": {"id": 1223834619, "name": null, "name_en": null, "descriptio": null, "substation": "minor_distribution", "constructi": 0, "ref": null, "operator": null, "wd_operato": null, "voltages": null, "max_voltag": null, "frequency": null, "start_date": null}, "geometry": {"type": "Polygon", "coordinates": [[[6.077979465087623, 49.660408122561954], [6.0780039402448836, 49.660418767579], [6.078033444544047, 49.66039001765107], [6.078008969386787, 49.66037954027211], [6.077979465087623, 49.660408122561954]]]}}, {"id": "527", "type": "Feature", "properties": {"id": 1224798114, "name": null, "name_en": null, "descriptio": null, "substation": "minor_distribution", "constructi": 0, "ref": null, "operator": null, "wd_operato": null, "voltages": null, "max_voltag": null, "frequency": null, "start_date": null}, "geometry": {"type": "Polygon", "coordinates": [[[5.8737690625955, 49.98487477953186], [5.873785574944748, 49.9849080556875], [5.873816671805514, 49.98490168544106], [5.873800159456266, 49.984868325466415], [5.8737690625955, 49.98487477953186]]]}}, {"id": "528", "type": "Feature", "properties": {"id": 1224798128, "name": null, "name_en": null, "descriptio": null, "substation": "minor_distribution", "constructi": 0, "ref": null, "operator": null, "wd_operato": null, "voltages": null, "max_voltag": null, "frequency": null, "start_date": null}, "geometry": {"type": "Polygon", "coordinates": [[[6.080811877808003, 49.94835742579487], [6.080818583330569, 49.948386343360816], [6.080852949133572, 49.94838307441859], [6.080846243611034, 49.948354156852645], [6.080811877808003, 49.94835742579487]]]}}, {"id": "529", "type": "Feature", "properties": {"id": 1224798142, "name": null, "name_en": null, "descriptio": null, "substation": "minor_distribution", "constructi": 0, "ref": null, "operator": null, "wd_operato": null, "voltages": null, "max_voltag": null, "frequency": null, "start_date": null}, "geometry": {"type": "Polygon", "coordinates": [[[6.104759981003126, 49.95421285571382], [6.104799543586098, 49.954219728874406], [6.104807422575077, 49.954200869592285], [6.104767943811141, 49.95419399643168], [6.104759981003126, 49.95421285571382]]]}}, {"id": "530", "type": "Feature", "properties": {"id": 1224798164, "name": null, "name_en": null, "descriptio": null, "substation": "minor_distribution", "constructi": 0, "ref": null, "operator": null, "wd_operato": null, "voltages": null, "max_voltag": null, "frequency": null, "start_date": null}, "geometry": {"type": "Polygon", "coordinates": [[[5.893830644927107, 49.96806939894514], [5.893832237488709, 49.96808658184664], [5.893880433431974, 49.968084737827915], [5.893878840870372, 49.96806755492642], [5.893830644927107, 49.96806939894514]]]}}, {"id": "531", "type": "Feature", "properties": {"id": 1224798207, "name": null, "name_en": null, "descriptio": null, "substation": "minor_distribution", "constructi": 0, "ref": null, "operator": null, "wd_operato": null, "voltages": null, "max_voltag": null, "frequency": null, "start_date": null}, "geometry": {"type": "Polygon", "coordinates": [[[6.037664522479787, 50.03559719603415], [6.037685477237715, 50.035614378935655], [6.037728392581955, 50.03559283744448], [6.037707437824025, 50.03557565454301], [6.037664522479787, 50.03559719603415]]]}}, {"id": "532", "type": "Feature", "properties": {"id": 1224798212, "name": null, "name_en": null, "descriptio": null, "substation": "minor_distribution", "constructi": 0, "ref": null, "operator": null, "wd_operato": null, "voltages": null, "max_voltag": null, "frequency": null, "start_date": null}, "geometry": {"type": "Polygon", "coordinates": [[[5.98643097752199, 50.03832215275588], [5.986485962806796, 50.03833506088678], [5.98649895475674, 50.038312345929164], [5.986443969471907, 50.03829935397923], [5.98643097752199, 50.03832215275588]]]}}, {"id": "533", "type": "Feature", "properties": {"id": 1224798241, "name": null, "name_en": null, "descriptio": null, "substation": "minor_distribution", "constructi": 0, "ref": null, "operator": null, "wd_operato": null, "voltages": null, "max_voltag": null, "frequency": null, "start_date": null}, "geometry": {"type": "Polygon", "coordinates": [[[5.849634294416717, 50.01043069939374], [5.849667151477148, 50.010445116267164], [5.849701349642089, 50.01041334885418], [5.849668492581656, 50.01039876434264], [5.849634294416717, 50.01043069939374]]]}}, {"id": "534", "type": "Feature", "properties": {"id": 1225481934, "name": null, "name_en": null, "descriptio": null, "substation": "minor_distribution", "constructi": 0, "ref": null, "operator": null, "wd_operato": null, "voltages": null, "max_voltag": null, "frequency": null, "start_date": null}, "geometry": {"type": "Polygon", "coordinates": [[[6.443291639136304, 49.685250826282775], [6.443367160083881, 49.685261974214], [6.443378224196067, 49.68523029061998], [6.443302787067523, 49.685219142688744], [6.443291639136304, 49.685250826282775]]]}}, {"id": "535", "type": "Feature", "properties": {"id": 1225495069, "name": null, "name_en": null, "descriptio": null, "substation": null, "constructi": 0, "ref": null, "operator": "Electris par Hoffmann Fr\u00e8res", "wd_operato": null, "voltages": "20000", "max_voltag": 20000.0, "frequency": null, "start_date": null}, "geometry": {"type": "Polygon", "coordinates": [[[6.10338132556916, 49.75618536409764], [6.103450392451293, 49.75621972990065], [6.103486518453963, 49.756189471230186], [6.103417535390861, 49.75615502160814], [6.10338132556916, 49.75618536409764]]]}}, {"id": "536", "type": "Feature", "properties": {"id": 1225495074, "name": null, "name_en": null, "descriptio": null, "substation": null, "constructi": 0, "ref": null, "operator": "Electris par Hoffmann Fr\u00e8res", "wd_operato": null, "voltages": "20000", "max_voltag": 20000.0, "frequency": null, "start_date": null}, "geometry": {"type": "Polygon", "coordinates": [[[6.099592789153746, 49.75934182119473], [6.099645427505692, 49.75936461997136], [6.0996667175397485, 49.759343916670545], [6.099614079187802, 49.759321285531975], [6.099592789153746, 49.75934182119473]]]}}, {"id": "537", "type": "Feature", "properties": {"id": 1225495101, "name": null, "name_en": null, "descriptio": null, "substation": "minor_distribution", "constructi": 0, "ref": null, "operator": null, "wd_operato": null, "voltages": null, "max_voltag": null, "frequency": null, "start_date": null}, "geometry": {"type": "Polygon", "coordinates": [[[6.104886044826856, 49.754639657333435], [6.104945723977465, 49.754666563242615], [6.104975144457598, 49.75463915441924], [6.104915549126019, 49.75461233232908], [6.104886044826856, 49.754639657333435]]]}}, {"id": "538", "type": "Feature", "properties": {"id": 1225702849, "name": null, "name_en": null, "descriptio": null, "substation": "minor_distribution", "constructi": 0, "ref": null, "operator": null, "wd_operato": null, "voltages": null, "max_voltag": null, "frequency": null, "start_date": null}, "geometry": {"type": "Polygon", "coordinates": [[[6.4351739335508, 49.67286329540168], [6.435222297132128, 49.67288316051217], [6.435239731490724, 49.67286539087746], [6.43519153554746, 49.67284535812886], [6.4351739335508, 49.67286329540168]]]}}, {"id": "539", "type": "Feature", "properties": {"id": 1226493564, "name": null, "name_en": null, "descriptio": null, "substation": "minor_distribution", "constructi": 0, "ref": null, "operator": null, "wd_operato": null, "voltages": null, "max_voltag": null, "frequency": null, "start_date": null}, "geometry": {"type": "Polygon", "coordinates": [[[5.7870697574728345, 49.83581176786542], [5.787096495743953, 49.83582534654853], [5.787133376117936, 49.835795087878076], [5.787106637846819, 49.83578142537589], [5.7870697574728345, 49.83581176786542]]]}}, {"id": "540", "type": "Feature", "properties": {"id": 1228594867, "name": null, "name_en": null, "descriptio": null, "substation": null, "constructi": 0, "ref": null, "operator": null, "wd_operato": null, "voltages": null, "max_voltag": null, "frequency": null, "start_date": null}, "geometry": {"type": "Polygon", "coordinates": [[[6.102914956476582, 49.6115712989976], [6.10292459566523, 49.61159208611746], [6.1029794971310025, 49.6115813572814], [6.102969857942355, 49.611560570161544], [6.102914956476582, 49.6115712989976]]]}}, {"id": "541", "type": "Feature", "properties": {"id": 1228649102, "name": null, "name_en": null, "descriptio": null, "substation": null, "constructi": 0, "ref": null, "operator": null, "wd_operato": null, "voltages": null, "max_voltag": null, "frequency": null, "start_date": null}, "geometry": {"type": "Polygon", "coordinates": [[[6.098892648781657, 49.610764373179066], [6.098892648781657, 49.61078817778406], [6.098952830846457, 49.61078817778406], [6.098952830846457, 49.610764373179066], [6.098892648781657, 49.610764373179066]]]}}, {"id": "542", "type": "Feature", "properties": {"id": 1235781638, "name": null, "name_en": null, "descriptio": null, "substation": "industrial", "constructi": 0, "ref": null, "operator": null, "wd_operato": null, "voltages": null, "max_voltag": null, "frequency": null, "start_date": null}, "geometry": {"type": "Polygon", "coordinates": [[[6.179921428769375, 49.942401664494916], [6.180010696038181, 49.94240375997072], [6.1800120371426885, 49.9423789495373], [6.179922853692915, 49.942376770242504], [6.179921428769375, 49.942401664494916]]]}}, {"id": "543", "type": "Feature", "properties": {"id": 1245826470, "name": null, "name_en": null, "descriptio": null, "substation": "minor_distribution", "constructi": 0, "ref": null, "operator": null, "wd_operato": null, "voltages": null, "max_voltag": null, "frequency": null, "start_date": null}, "geometry": {"type": "Polygon", "coordinates": [[[6.006531284246279, 49.83515965579848], [6.006585766616894, 49.83516007489366], [6.006586269531083, 49.835135599736375], [6.006531787160469, 49.83513509682219], [6.006531284246279, 49.83515965579848]]]}}, {"id": "544", "type": "Feature", "properties": {"id": 1245826479, "name": null, "name_en": null, "descriptio": null, "substation": null, "constructi": 0, "ref": null, "operator": null, "wd_operato": null, "voltages": null, "max_voltag": null, "frequency": null, "start_date": null}, "geometry": {"type": "Polygon", "coordinates": [[[5.999380682648933, 49.82673995024168], [5.999415551366155, 49.82674145898426], [5.999418317394201, 49.82671438543698], [5.999383364857948, 49.8267128766944], [5.999380682648933, 49.82673995024168]]]}}, {"id": "545", "type": "Feature", "properties": {"id": 1246024479, "name": null, "name_en": null, "descriptio": null, "substation": null, "constructi": 0, "ref": null, "operator": null, "wd_operato": null, "voltages": null, "max_voltag": null, "frequency": null, "start_date": null}, "geometry": {"type": "Polygon", "coordinates": [[[6.045585169521645, 49.84911477021109], [6.045614673820836, 49.84912566668525], [6.045637388778431, 49.84910018569959], [6.045607716841204, 49.849089289225475], [6.045585169521645, 49.84911477021109]]]}}, {"id": "546", "type": "Feature", "properties": {"id": 1247309771, "name": null, "name_en": null, "descriptio": null, "substation": null, "constructi": 0, "ref": null, "operator": null, "wd_operato": null, "voltages": null, "max_voltag": null, "frequency": null, "start_date": null}, "geometry": {"type": "Polygon", "coordinates": [[[6.1215049, 49.74737089999999], [6.121542799999999, 49.7473873], [6.1215801999999995, 49.74735120000001], [6.121542299999999, 49.747334800000004], [6.1215049, 49.74737089999999]]]}}, {"id": "547", "type": "Feature", "properties": {"id": 1247448378, "name": null, "name_en": null, "descriptio": null, "substation": null, "constructi": 0, "ref": null, "operator": null, "wd_operato": null, "voltages": null, "max_voltag": null, "frequency": null, "start_date": null}, "geometry": {"type": "Polygon", "coordinates": [[[6.14424159479745, 49.67147215093195], [6.144242349168735, 49.67149528498469], [6.144293730235205, 49.67149444679439], [6.1442929758639195, 49.67147139656064], [6.14424159479745, 49.67147215093195]]]}}, {"id": "548", "type": "Feature", "properties": {"id": 1247765787, "name": null, "name_en": null, "descriptio": null, "substation": null, "constructi": 0, "ref": null, "operator": null, "wd_operato": null, "voltages": null, "max_voltag": null, "frequency": null, "start_date": null}, "geometry": {"type": "Polygon", "coordinates": [[[6.233006284681097, 49.658790750525576], [6.233029586371913, 49.658808939255465], [6.233078788143558, 49.65878262007949], [6.233055318814678, 49.658764347530585], [6.233006284681097, 49.658790750525576]]]}}, {"id": "549", "type": "Feature", "properties": {"id": 1247815211, "name": "Add Ferme Krier Bertrange", "name_en": null, "descriptio": null, "substation": null, "constructi": 0, "ref": "7704002", "operator": null, "wd_operato": null, "voltages": null, "max_voltag": null, "frequency": null, "start_date": null}, "geometry": {"type": "Polygon", "coordinates": [[[6.039852869760325, 49.60630302139593], [6.039883296068837, 49.606308050537834], [6.039889582496215, 49.60629212492181], [6.039859156187703, 49.606287179598944], [6.039852869760325, 49.60630302139593]]]}}, {"id": "550", "type": "Feature", "properties": {"id": 1262157747, "name": null, "name_en": null, "descriptio": null, "substation": null, "constructi": 0, "ref": null, "operator": null, "wd_operato": null, "voltages": null, "max_voltag": null, "frequency": null, "start_date": null}, "geometry": {"type": "Polygon", "coordinates": [[[5.934733997137727, 49.7296033316493], [5.934764842541426, 49.72961531777081], [5.9347845400138795, 49.729594279193854], [5.934753526972146, 49.72958229307232], [5.934733997137727, 49.7296033316493]]]}}, {"id": "551", "type": "Feature", "properties": {"id": 1262157748, "name": null, "name_en": null, "descriptio": null, "substation": null, "constructi": 0, "ref": null, "operator": null, "wd_operato": null, "voltages": null, "max_voltag": null, "frequency": null, "start_date": null}, "geometry": {"type": "Polygon", "coordinates": [[[5.906039892727733, 49.721967669315305], [5.906077192196847, 49.721973285190444], [5.906087585756779, 49.72194403234836], [5.906050118649603, 49.72193841647324], [5.906039892727733, 49.721967669315305]]]}}, {"id": "552", "type": "Feature", "properties": {"id": 1265245128, "name": null, "name_en": null, "descriptio": null, "substation": "minor_distribution", "constructi": 0, "ref": null, "operator": null, "wd_operato": null, "voltages": null, "max_voltag": null, "frequency": null, "start_date": null}, "geometry": {"type": "Polygon", "coordinates": [[[6.144984566694745, 49.60143321947118], [6.145049945539513, 49.60147387170155], [6.145091687417307, 49.60144562468786], [6.145026224753537, 49.60140497245744], [6.144984566694745, 49.60143321947118]]]}}, {"id": "553", "type": "Feature", "properties": {"id": 1265471717, "name": null, "name_en": null, "descriptio": null, "substation": "minor_distribution", "constructi": 0, "ref": null, "operator": null, "wd_operato": null, "voltages": null, "max_voltag": null, "frequency": null, "start_date": null}, "geometry": {"type": "Polygon", "coordinates": [[[6.321499652359023, 49.486440632548224], [6.321519098374382, 49.48646753845745], [6.321550698149338, 49.48645789926876], [6.32153125213398, 49.486431077178615], [6.321499652359023, 49.486440632548224]]]}}, {"id": "554", "type": "Feature", "properties": {"id": 1266851002, "name": null, "name_en": null, "descriptio": null, "substation": "minor_distribution", "constructi": 0, "ref": null, "operator": null, "wd_operato": null, "voltages": null, "max_voltag": null, "frequency": null, "start_date": null}, "geometry": {"type": "Polygon", "coordinates": [[[6.089959551655454, 50.016822654934835], [6.089982350432081, 50.01683447341827], [6.090010597445797, 50.01681209373682], [6.0899877986691715, 50.01680019143431], [6.089959551655454, 50.016822654934835]]]}}, {"id": "555", "type": "Feature", "properties": {"id": 1266882350, "name": null, "name_en": null, "descriptio": null, "substation": "minor_distribution", "constructi": 0, "ref": null, "operator": null, "wd_operato": null, "voltages": null, "max_voltag": null, "frequency": null, "start_date": null}, "geometry": {"type": "Polygon", "coordinates": [[[5.9970186623346535, 49.99490867200188], [5.997071552143667, 49.99493608082524], [5.997093093634818, 49.994918730285676], [5.997040287644837, 49.99489148910037], [5.9970186623346535, 49.99490867200188]]]}}, {"id": "556", "type": "Feature", "properties": {"id": 1267715775, "name": null, "name_en": null, "descriptio": null, "substation": "minor_distribution", "constructi": 0, "ref": null, "operator": null, "wd_operato": null, "voltages": null, "max_voltag": null, "frequency": null, "start_date": null}, "geometry": {"type": "Polygon", "coordinates": [[[6.193091899999999, 49.916672600000005], [6.1931227, 49.91667539999999], [6.1931307, 49.91663919999998], [6.1930999, 49.916636299999986], [6.193091899999999, 49.916672600000005]]]}}, {"id": "557", "type": "Feature", "properties": {"id": 1267984482, "name": null, "name_en": null, "descriptio": null, "substation": "minor_distribution", "constructi": 0, "ref": null, "operator": null, "wd_operato": null, "voltages": null, "max_voltag": null, "frequency": null, "start_date": null}, "geometry": {"type": "Polygon", "coordinates": [[[6.095032950008317, 49.8939933238208], [6.095056838432384, 49.89400639958976], [6.095086342731548, 49.893983852270225], [6.095062454307509, 49.89397086032029], [6.095032950008317, 49.8939933238208]]]}}, {"id": "558", "type": "Feature", "properties": {"id": 1268792770, "name": null, "name_en": null, "descriptio": null, "substation": "minor_distribution", "constructi": 0, "ref": null, "operator": null, "wd_operato": null, "voltages": null, "max_voltag": null, "frequency": null, "start_date": null}, "geometry": {"type": "Polygon", "coordinates": [[[6.001702134551892, 49.8312950955213], [6.001722921671757, 49.83131227842281], [6.001765837015995, 49.83129056929359], [6.00174504989613, 49.83127347021111], [6.001702134551892, 49.8312950955213]]]}}, {"id": "559", "type": "Feature", "properties": {"id": 1270671044, "name": null, "name_en": null, "descriptio": null, "substation": "minor_distribution", "constructi": 0, "ref": null, "operator": null, "wd_operato": null, "voltages": null, "max_voltag": null, "frequency": null, "start_date": null}, "geometry": {"type": "Polygon", "coordinates": [[[6.2879038947921515, 49.841633251076495], [6.28795619786797, 49.84164481810287], [6.287965920875649, 49.841626629372975], [6.2879136177998305, 49.841614978527566], [6.2879038947921515, 49.841633251076495]]]}}, {"id": "560", "type": "Feature", "properties": {"id": 1270970723, "name": null, "name_en": null, "descriptio": null, "substation": "minor_distribution", "constructi": 0, "ref": null, "operator": null, "wd_operato": null, "voltages": null, "max_voltag": null, "frequency": null, "start_date": null}, "geometry": {"type": "Polygon", "coordinates": [[[6.217186196812378, 49.829285450416464], [6.21721218071221, 49.829288970815774], [6.217221568443763, 49.82925946651658], [6.2171954169058665, 49.82925602993628], [6.217186196812378, 49.829285450416464]]]}}, {"id": "561", "type": "Feature", "properties": {"id": 1271544755, "name": null, "name_en": null, "descriptio": null, "substation": "minor_distribution", "constructi": 0, "ref": null, "operator": null, "wd_operato": null, "voltages": null, "max_voltag": null, "frequency": null, "start_date": null}, "geometry": {"type": "Polygon", "coordinates": [[[5.909973938982206, 49.84984659417717], [5.910008137147145, 49.8498767690286], [5.910036132703766, 49.849863525621615], [5.910001934538799, 49.849833350770176], [5.909973938982206, 49.84984659417717]]]}}, {"id": "562", "type": "Feature", "properties": {"id": 1271818013, "name": null, "name_en": null, "descriptio": null, "substation": "minor_distribution", "constructi": 0, "ref": null, "operator": null, "wd_operato": null, "voltages": null, "max_voltag": null, "frequency": null, "start_date": null}, "geometry": {"type": "Polygon", "coordinates": [[[5.935632034243753, 49.778560519343216], [5.935648798050095, 49.778582982843695], [5.935701687859107, 49.77856647049445], [5.935685091690829, 49.778544090813], [5.935632034243753, 49.778560519343216]]]}}, {"id": "563", "type": "Feature", "properties": {"id": 1271818192, "name": null, "name_en": null, "descriptio": null, "substation": "minor_distribution", "constructi": 0, "ref": null, "operator": null, "wd_operato": null, "voltages": null, "max_voltag": null, "frequency": null, "start_date": null}, "geometry": {"type": "Polygon", "coordinates": [[[6.069115434843582, 49.79067823676119], [6.069145190599841, 49.790688127406916], [6.069169330480975, 49.790657868736425], [6.069139574724715, 49.7906479780907], [6.069115434843582, 49.79067823676119]]]}}, {"id": "564", "type": "Feature", "properties": {"id": 1271818245, "name": null, "name_en": null, "descriptio": null, "substation": "minor_distribution", "constructi": 0, "ref": null, "operator": null, "wd_operato": null, "voltages": null, "max_voltag": null, "frequency": null, "start_date": null}, "geometry": {"type": "Polygon", "coordinates": [[[6.0777259963356585, 49.7859365941359], [6.077742592503939, 49.78594237764911], [6.0777639663570255, 49.78591723193958], [6.077747454007778, 49.78591136460735], [6.0777259963356585, 49.7859365941359]]]}}, {"id": "565", "type": "Feature", "properties": {"id": 1272813209, "name": null, "name_en": null, "descriptio": null, "substation": "minor_distribution", "constructi": 0, "ref": null, "operator": null, "wd_operato": null, "voltages": null, "max_voltag": null, "frequency": null, "start_date": null}, "geometry": {"type": "Polygon", "coordinates": [[[6.015415095781805, 49.77259679523527], [6.015419370552422, 49.77262923320054], [6.015490197634251, 49.77262537752507], [6.0154858390446, 49.772592855740776], [6.015415095781805, 49.77259679523527]]]}}, {"id": "566", "type": "Feature", "properties": {"id": 1272813219, "name": null, "name_en": null, "descriptio": null, "substation": "minor_distribution", "constructi": 0, "ref": null, "operator": null, "wd_operato": null, "voltages": null, "max_voltag": null, "frequency": null, "start_date": null}, "geometry": {"type": "Polygon", "coordinates": [[[6.017910136899474, 49.77213294071363], [6.017916590964916, 49.77215414692868], [6.017971827706845, 49.77214718994903], [6.017965457460406, 49.77212606755307], [6.017910136899474, 49.77213294071363]]]}}, {"id": "567", "type": "Feature", "properties": {"id": 1272851024, "name": null, "name_en": null, "descriptio": null, "substation": "minor_distribution", "constructi": 0, "ref": null, "operator": null, "wd_operato": null, "voltages": null, "max_voltag": null, "frequency": null, "start_date": null}, "geometry": {"type": "Polygon", "coordinates": [[[6.124069119886855, 49.72572938364056], [6.124122847886213, 49.7257371788105], [6.124130223961004, 49.72571572113839], [6.124076663599709, 49.725707925968436], [6.124069119886855, 49.72572938364056]]]}}, {"id": "568", "type": "Feature", "properties": {"id": 1272851077, "name": null, "name_en": null, "descriptio": null, "substation": "minor_distribution", "constructi": 0, "ref": null, "operator": null, "wd_operato": null, "voltages": null, "max_voltag": null, "frequency": null, "start_date": null}, "geometry": {"type": "Polygon", "coordinates": [[[6.115333835675558, 49.740086661767414], [6.115350264205774, 49.740129828568776], [6.115385384380062, 49.74012438033171], [6.115368955849846, 49.740081045892296], [6.115333835675558, 49.740086661767414]]]}}, {"id": "569", "type": "Feature", "properties": {"id": 1273524181, "name": null, "name_en": null, "descriptio": null, "substation": "minor_distribution", "constructi": 0, "ref": null, "operator": null, "wd_operato": null, "voltages": null, "max_voltag": null, "frequency": null, "start_date": null}, "geometry": {"type": "Polygon", "coordinates": [[[6.1289134408259835, 49.65730262743617], [6.128913943740173, 49.657323246917954], [6.12896029566474, 49.65732274400377], [6.12895979275055, 49.657302292160026], [6.1289134408259835, 49.65730262743617]]]}}, {"id": "570", "type": "Feature", "properties": {"id": 1274216902, "name": null, "name_en": null, "descriptio": null, "substation": "minor_distribution", "constructi": 0, "ref": null, "operator": null, "wd_operato": null, "voltages": null, "max_voltag": null, "frequency": null, "start_date": null}, "geometry": {"type": "Polygon", "coordinates": [[[6.362974063632862, 49.682334762168686], [6.362989653972761, 49.68235663893601], [6.363041957048552, 49.682341048596044], [6.363026366708653, 49.682319171828794], [6.362974063632862, 49.682334762168686]]]}}, {"id": "571", "type": "Feature", "properties": {"id": 1275819830, "name": null, "name_en": null, "descriptio": null, "substation": "minor_distribution", "constructi": 0, "ref": null, "operator": null, "wd_operato": null, "voltages": null, "max_voltag": null, "frequency": null, "start_date": null}, "geometry": {"type": "Polygon", "coordinates": [[[6.020455134160045, 49.73516958590874], [6.020509784168751, 49.73518903192412], [6.020525961241874, 49.73517017264195], [6.020471227414134, 49.73515055898853], [6.020455134160045, 49.73516958590874]]]}}, {"id": "572", "type": "Feature", "properties": {"id": 1276046313, "name": null, "name_en": null, "descriptio": null, "substation": null, "constructi": 0, "ref": null, "operator": null, "wd_operato": null, "voltages": null, "max_voltag": null, "frequency": null, "start_date": null}, "geometry": {"type": "Polygon", "coordinates": [[[6.060179990784462, 49.620069123892], [6.060181248069939, 49.62009678417246], [6.060238999382818, 49.620095694525034], [6.060237658278311, 49.620068034244575], [6.060179990784462, 49.620069123892]]]}}, {"id": "573", "type": "Feature", "properties": {"id": 1276163450, "name": null, "name_en": null, "descriptio": null, "substation": "minor_distribution", "constructi": 0, "ref": null, "operator": null, "wd_operato": null, "voltages": null, "max_voltag": null, "frequency": null, "start_date": null}, "geometry": {"type": "Polygon", "coordinates": [[[6.219621558779437, 49.7843294480214], [6.21963832258578, 49.7843618859867], [6.219668497437226, 49.78435534810221], [6.2196517336308546, 49.78432299395598], [6.219621558779437, 49.7843294480214]]]}}, {"id": "574", "type": "Feature", "properties": {"id": 1276343126, "name": null, "name_en": null, "descriptio": null, "substation": null, "constructi": 0, "ref": null, "operator": null, "wd_operato": null, "voltages": null, "max_voltag": null, "frequency": null, "start_date": null}, "geometry": {"type": "Polygon", "coordinates": [[[6.257541959288688, 49.603301629507556], [6.257548161897034, 49.60333197199702], [6.257585964280338, 49.60332878687385], [6.257579845491023, 49.60329844438436], [6.257541959288688, 49.603301629507556]]]}}, {"id": "575", "type": "Feature", "properties": {"id": 1276366540, "name": "Quatre-Vents Kehlen", "name_en": null, "descriptio": null, "substation": null, "constructi": 0, "ref": "7802001", "operator": null, "wd_operato": null, "voltages": null, "max_voltag": null, "frequency": null, "start_date": null}, "geometry": {"type": "Polygon", "coordinates": [[[6.042598445963847, 49.67798648225937], [6.042641193670023, 49.678007437017285], [6.042665668827284, 49.67798664989743], [6.042622837302076, 49.67796569513951], [6.042598445963847, 49.67798648225937]]]}}, {"id": "576", "type": "Feature", "properties": {"id": 1279285297, "name": "Op Eizenmuer Sprinkange", "name_en": null, "descriptio": null, "substation": null, "constructi": 0, "ref": "6741004", "operator": null, "wd_operato": null, "voltages": null, "max_voltag": null, "frequency": null, "start_date": null}, "geometry": {"type": "Polygon", "coordinates": [[[5.9606490999999995, 49.57672400000001], [5.9607015, 49.57672419999999], [5.9607016, 49.57670180000001], [5.9606493, 49.57670160000001], [5.9606490999999995, 49.57672400000001]]]}}, {"id": "577", "type": "Feature", "properties": {"id": 1279675545, "name": null, "name_en": null, "descriptio": null, "substation": "minor_distribution", "constructi": 0, "ref": null, "operator": null, "wd_operato": null, "voltages": null, "max_voltag": null, "frequency": null, "start_date": null}, "geometry": {"type": "Polygon", "coordinates": [[[6.254492958190269, 49.651544259955934], [6.254545261266088, 49.651559095924554], [6.25455707974956, 49.65154157774695], [6.254504776673741, 49.65152674177831], [6.254492958190269, 49.651544259955934]]]}}, {"id": "578", "type": "Feature", "properties": {"id": 1279687729, "name": null, "name_en": null, "descriptio": null, "substation": "minor_distribution", "constructi": 0, "ref": null, "operator": null, "wd_operato": null, "voltages": null, "max_voltag": null, "frequency": null, "start_date": null}, "geometry": {"type": "Polygon", "coordinates": [[[6.256411994921848, 49.69120373773563], [6.256436050983951, 49.69123785208156], [6.2564659743783, 49.69122896726419], [6.256441834497139, 49.69119485291828], [6.256411994921848, 49.69120373773563]]]}}, {"id": "579", "type": "Feature", "properties": {"id": 1279687783, "name": null, "name_en": null, "descriptio": null, "substation": "minor_distribution", "constructi": 0, "ref": null, "operator": null, "wd_operato": null, "voltages": null, "max_voltag": null, "frequency": null, "start_date": null}, "geometry": {"type": "Polygon", "coordinates": [[[6.246469716653565, 49.6991486922967], [6.24648119986091, 49.69918372865195], [6.2465144760165, 49.69917928624327], [6.246503076628187, 49.699144082249965], [6.246469716653565, 49.6991486922967]]]}}, {"id": "580", "type": "Feature", "properties": {"id": 1279687792, "name": null, "name_en": null, "descriptio": null, "substation": "minor_distribution", "constructi": 0, "ref": null, "operator": null, "wd_operato": null, "voltages": null, "max_voltag": null, "frequency": null, "start_date": null}, "geometry": {"type": "Polygon", "coordinates": [[[6.244836921915351, 49.69336484383084], [6.244837676286636, 49.69338244582753], [6.244886626601186, 49.69338169145624], [6.244885872229901, 49.69336392182151], [6.244836921915351, 49.69336484383084]]]}}, {"id": "581", "type": "Feature", "properties": {"id": 1279687795, "name": null, "name_en": null, "descriptio": null, "substation": "minor_distribution", "constructi": 0, "ref": null, "operator": null, "wd_operato": null, "voltages": null, "max_voltag": null, "frequency": null, "start_date": null}, "geometry": {"type": "Polygon", "coordinates": [[[6.243938465714193, 49.69629079859066], [6.243990684970953, 49.6963091549586], [6.244023542031414, 49.69627017910886], [6.243971322774626, 49.69625173892188], [6.243938465714193, 49.69629079859066]]]}}, {"id": "582", "type": "Feature", "properties": {"id": 1281386637, "name": null, "name_en": null, "descriptio": null, "substation": "minor_distribution", "constructi": 0, "ref": null, "operator": null, "wd_operato": null, "voltages": null, "max_voltag": null, "frequency": null, "start_date": null}, "geometry": {"type": "Polygon", "coordinates": [[[6.097845916713368, 49.991006476979436], [6.09788212653507, 49.99104914086661], [6.097916492338072, 49.99103707092603], [6.097880282516372, 49.99099449085791], [6.097845916713368, 49.991006476979436]]]}}, {"id": "583", "type": "Feature", "properties": {"id": 1281411317, "name": null, "name_en": null, "descriptio": null, "substation": "minor_distribution", "constructi": 0, "ref": null, "operator": null, "wd_operato": null, "voltages": null, "max_voltag": null, "frequency": null, "start_date": null}, "geometry": {"type": "Polygon", "coordinates": [[[6.130658050152533, 49.96142322028076], [6.130679591643683, 49.96144224720099], [6.13072384809243, 49.96142154390014], [6.130702222782247, 49.96140251697994], [6.130658050152533, 49.96142322028076]]]}}, {"id": "584", "type": "Feature", "properties": {"id": 1282028643, "name": null, "name_en": null, "descriptio": null, "substation": "minor_distribution", "constructi": 0, "ref": null, "operator": null, "wd_operato": null, "voltages": null, "max_voltag": null, "frequency": null, "start_date": null}, "geometry": {"type": "Polygon", "coordinates": [[[5.965794061356547, 49.669380698452095], [5.965810154610637, 49.66940492215225], [5.965836641424658, 49.669397546077455], [5.965820548170569, 49.669373238558265], [5.965794061356547, 49.669380698452095]]]}}, {"id": "585", "type": "Feature", "properties": {"id": 1282999978, "name": null, "name_en": null, "descriptio": null, "substation": "minor_distribution", "constructi": 0, "ref": null, "operator": null, "wd_operato": null, "voltages": null, "max_voltag": null, "frequency": null, "start_date": null}, "geometry": {"type": "Polygon", "coordinates": [[[6.069824124756877, 50.1431218425056], [6.069847677904818, 50.14315578921346], [6.069877685118173, 50.14314723967223], [6.069854299608323, 50.14311337678337], [6.069824124756877, 50.1431218425056]]]}}, {"id": "586", "type": "Feature", "properties": {"id": 1283252373, "name": "Op Fulsberg", "name_en": null, "descriptio": null, "substation": null, "constructi": 0, "ref": "684114", "operator": null, "wd_operato": null, "voltages": null, "max_voltag": null, "frequency": null, "start_date": null}, "geometry": {"type": "Polygon", "coordinates": [[[5.9565566173261, 49.67053547325232], [5.956562819934447, 49.67056304971376], [5.956598359203922, 49.67055978077153], [5.9565920727765445, 49.670532120491046], [5.9565566173261, 49.67053547325232]]]}}, {"id": "587", "type": "Feature", "properties": {"id": 1283705572, "name": null, "name_en": null, "descriptio": null, "substation": "minor_distribution", "constructi": 0, "ref": null, "operator": null, "wd_operato": null, "voltages": null, "max_voltag": null, "frequency": null, "start_date": null}, "geometry": {"type": "Polygon", "coordinates": [[[6.1371744769557495, 49.87724753856559], [6.137186463077285, 49.87726924769481], [6.137307162482984, 49.87724158741434], [6.137295176361448, 49.87721996210414], [6.1371744769557495, 49.87724753856559]]]}}, {"id": "588", "type": "Feature", "properties": {"id": 1287501979, "name": null, "name_en": null, "descriptio": null, "substation": "minor_distribution", "constructi": 0, "ref": null, "operator": null, "wd_operato": null, "voltages": null, "max_voltag": null, "frequency": null, "start_date": null}, "geometry": {"type": "Polygon", "coordinates": [[[6.2674873388611445, 49.86682698890223], [6.26752229139737, 49.86683763391924], [6.267547856202071, 49.86680318429722], [6.267512987484849, 49.86679237164213], [6.2674873388611445, 49.86682698890223]]]}}, {"id": "589", "type": "Feature", "properties": {"id": 1287718130, "name": null, "name_en": null, "descriptio": null, "substation": "minor_distribution", "constructi": 0, "ref": null, "operator": null, "wd_operato": null, "voltages": null, "max_voltag": null, "frequency": null, "start_date": null}, "geometry": {"type": "Polygon", "coordinates": [[[6.255022023918599, 49.88394283518255], [6.255043733047814, 49.883959850445976], [6.255090084972352, 49.88393512383162], [6.255068292024105, 49.88391827620625], [6.255022023918599, 49.88394283518255]]]}}, {"id": "590", "type": "Feature", "properties": {"id": 1287718162, "name": null, "name_en": null, "descriptio": null, "substation": "minor_distribution", "constructi": 0, "ref": null, "operator": null, "wd_operato": null, "voltages": null, "max_voltag": null, "frequency": null, "start_date": null}, "geometry": {"type": "Polygon", "coordinates": [[[6.263142746989217, 49.86926561981153], [6.263188428361502, 49.86930208109032], [6.263214747537489, 49.86928833476912], [6.263169066165176, 49.869251957309366], [6.263142746989217, 49.86926561981153]]]}}, {"id": "591", "type": "Feature", "properties": {"id": 1287718200, "name": null, "name_en": null, "descriptio": null, "substation": "minor_distribution", "constructi": 0, "ref": null, "operator": null, "wd_operato": null, "voltages": null, "max_voltag": null, "frequency": null, "start_date": null}, "geometry": {"type": "Polygon", "coordinates": [[[6.264818121795543, 49.8671893385764], [6.2648340474115685, 49.86720576710665], [6.264881069888362, 49.86718674018643], [6.264865060453303, 49.86717039547525], [6.264818121795543, 49.8671893385764]]]}}, {"id": "592", "type": "Feature", "properties": {"id": 1289199470, "name": null, "name_en": null, "descriptio": null, "substation": "minor_distribution", "constructi": 0, "ref": null, "operator": null, "wd_operato": null, "voltages": null, "max_voltag": null, "frequency": null, "start_date": null}, "geometry": {"type": "Polygon", "coordinates": [[[6.217654158466559, 49.59308895104288], [6.217669162073236, 49.59311292328597], [6.217753651657233, 49.59309087888061], [6.217738648050557, 49.593066738999454], [6.217654158466559, 49.59308895104288]]]}}, {"id": "593", "type": "Feature", "properties": {"id": 1289199591, "name": null, "name_en": null, "descriptio": null, "substation": "minor_distribution", "constructi": 0, "ref": null, "operator": null, "wd_operato": null, "voltages": null, "max_voltag": null, "frequency": null, "start_date": null}, "geometry": {"type": "Polygon", "coordinates": [[[6.262683753971431, 49.60146012538035], [6.262739325989486, 49.601466244169664], [6.262745696235896, 49.60144218810756], [6.262690040398809, 49.601436153137286], [6.262683753971431, 49.60146012538035]]]}}, {"id": "594", "type": "Feature", "properties": {"id": 1289199616, "name": null, "name_en": null, "descriptio": null, "substation": "minor_distribution", "constructi": 0, "ref": null, "operator": null, "wd_operato": null, "voltages": null, "max_voltag": null, "frequency": null, "start_date": null}, "geometry": {"type": "Polygon", "coordinates": [[[6.327179481406489, 49.61202727453023], [6.3271931439086595, 49.61204445743175], [6.327238741461912, 49.61202928618699], [6.327225078959742, 49.61201201946644], [6.327179481406489, 49.61202727453023]]]}}, {"id": "595", "type": "Feature", "properties": {"id": 1289199627, "name": null, "name_en": null, "descriptio": null, "substation": "minor_distribution", "constructi": 0, "ref": null, "operator": null, "wd_operato": null, "voltages": null, "max_voltag": null, "frequency": null, "start_date": null}, "geometry": {"type": "Polygon", "coordinates": [[[6.320432133170841, 49.6059027855194], [6.3204390901504715, 49.605934050018234], [6.320509498137142, 49.60592759595281], [6.32050254115751, 49.60589616381592], [6.320432133170841, 49.6059027855194]]]}}, {"id": "596", "type": "Feature", "properties": {"id": 1289713230, "name": null, "name_en": null, "descriptio": null, "substation": "minor_distribution", "constructi": 0, "ref": null, "operator": null, "wd_operato": null, "voltages": null, "max_voltag": null, "frequency": null, "start_date": null}, "geometry": {"type": "Polygon", "coordinates": [[[6.262631450895639, 49.54142021767234], [6.262689788941714, 49.54143262288905], [6.262702445615503, 49.54140756099852], [6.2626441913884605, 49.54139515578184], [6.262631450895639, 49.54142021767234]]]}}, {"id": "597", "type": "Feature", "properties": {"id": 1290999114, "name": null, "name_en": null, "descriptio": null, "substation": "minor_distribution", "constructi": 0, "ref": null, "operator": null, "wd_operato": null, "voltages": null, "max_voltag": null, "frequency": null, "start_date": null}, "geometry": {"type": "Polygon", "coordinates": [[[6.141685952519851, 49.67286849218163], [6.141703386878447, 49.6729022712514], [6.14172794585474, 49.67289699065242], [6.141710427677111, 49.6728631277636], [6.141685952519851, 49.67286849218163]]]}}, {"id": "598", "type": "Feature", "properties": {"id": 1291376566, "name": null, "name_en": null, "descriptio": null, "substation": "minor_distribution", "constructi": 0, "ref": null, "operator": null, "wd_operato": null, "voltages": null, "max_voltag": null, "frequency": null, "start_date": null}, "geometry": {"type": "Polygon", "coordinates": [[[6.137976457451372, 49.65748518528727], [6.137995232914506, 49.65753371650665], [6.138046949257074, 49.657525334603484], [6.13802817379397, 49.657476719565054], [6.137976457451372, 49.65748518528727]]]}}, {"id": "599", "type": "Feature", "properties": {"id": 1291376711, "name": null, "name_en": null, "descriptio": null, "substation": "minor_distribution", "constructi": 0, "ref": null, "operator": null, "wd_operato": null, "voltages": null, "max_voltag": null, "frequency": null, "start_date": null}, "geometry": {"type": "Polygon", "coordinates": [[[6.143849824643127, 49.69441568303171], [6.143852423033111, 49.6944499650157], [6.143891398882857, 49.69444862391121], [6.143888716673843, 49.69441442574623], [6.143849824643127, 49.69441568303171]]]}}, {"id": "600", "type": "Feature", "properties": {"id": 1291526922, "name": null, "name_en": null, "descriptio": null, "substation": "minor_distribution", "constructi": 0, "ref": null, "operator": null, "wd_operato": null, "voltages": null, "max_voltag": null, "frequency": null, "start_date": null}, "geometry": {"type": "Polygon", "coordinates": [[[6.228383245985753, 49.58546946578203], [6.22845348633433, 49.585483295922266], [6.22846279024688, 49.585485056121925], [6.2284770394822715, 49.585454462175356], [6.228415181036837, 49.58544222459673], [6.228397579040177, 49.58543878801644], [6.228383245985753, 49.58546946578203]]]}}, {"id": "601", "type": "Feature", "properties": {"id": 1293965291, "name": null, "name_en": null, "descriptio": null, "substation": "minor_distribution", "constructi": 0, "ref": null, "operator": null, "wd_operato": null, "voltages": null, "max_voltag": null, "frequency": null, "start_date": null}, "geometry": {"type": "Polygon", "coordinates": [[[6.215982220240533, 49.83048305674189], [6.216001666255892, 49.830511555212645], [6.216044916876285, 49.83049923381501], [6.216025554679931, 49.83047073534417], [6.21599278143853, 49.830480039256734], [6.215982220240533, 49.83048305674189]]]}}, {"id": "602", "type": "Feature", "properties": {"id": 1297647592, "name": null, "name_en": null, "descriptio": null, "substation": "minor_distribution", "constructi": 0, "ref": null, "operator": null, "wd_operato": null, "voltages": null, "max_voltag": null, "frequency": null, "start_date": null}, "geometry": {"type": "Polygon", "coordinates": [[[6.185798819274652, 49.51511436893357], [6.185831760154117, 49.515118224609], [6.185841818437922, 49.515082517701494], [6.185808961377489, 49.51507866202604], [6.185798819274652, 49.51511436893357]]]}}, {"id": "603", "type": "Feature", "properties": {"id": 1297741081, "name": null, "name_en": null, "descriptio": null, "substation": "minor_distribution", "constructi": 0, "ref": null, "operator": null, "wd_operato": null, "voltages": null, "max_voltag": null, "frequency": null, "start_date": null}, "geometry": {"type": "Polygon", "coordinates": [[[5.945031081367376, 49.51154292381033], [5.945043151307942, 49.511561531635394], [5.945090760517957, 49.51154845586641], [5.9450786905773905, 49.511529931860416], [5.945031081367376, 49.51154292381033]]]}}, {"id": "604", "type": "Feature", "properties": {"id": 1298640578, "name": null, "name_en": null, "descriptio": null, "substation": "minor_distribution", "constructi": 0, "ref": null, "operator": null, "wd_operato": null, "voltages": null, "max_voltag": null, "frequency": null, "start_date": null}, "geometry": {"type": "Polygon", "coordinates": [[[6.162412052135068, 49.572163362132144], [6.162459661345082, 49.572178617195924], [6.162474832589822, 49.57215866826636], [6.162427223379809, 49.57214349702163], [6.162412052135068, 49.572163362132144]]]}}, {"id": "605", "type": "Feature", "properties": {"id": 1298640725, "name": null, "name_en": null, "descriptio": null, "substation": "minor_distribution", "constructi": 0, "ref": null, "operator": null, "wd_operato": null, "voltages": null, "max_voltag": null, "frequency": null, "start_date": null}, "geometry": {"type": "Polygon", "coordinates": [[[6.148306985474677, 49.57354939364092], [6.148381332955836, 49.57355065092641], [6.148382757879376, 49.57351703949465], [6.148308326579183, 49.57351578220918], [6.148306985474677, 49.57354939364092]]]}}, {"id": "606", "type": "Feature", "properties": {"id": 1301360609, "name": null, "name_en": null, "descriptio": null, "substation": "minor_distribution", "constructi": 0, "ref": null, "operator": null, "wd_operato": null, "voltages": null, "max_voltag": null, "frequency": null, "start_date": null}, "geometry": {"type": "Polygon", "coordinates": [[[6.058702428893043, 49.51778601675105], [6.058731933192206, 49.517820298735046], [6.058731933192206, 49.51782038255406], [6.058815919862013, 49.51779104589297], [6.058794378370863, 49.51776346943153], [6.058787756667358, 49.51775508752837], [6.058702428893043, 49.51778601675105]]]}}, {"id": "607", "type": "Feature", "properties": {"id": 1301360723, "name": null, "name_en": null, "descriptio": null, "substation": "minor_distribution", "constructi": 0, "ref": null, "operator": null, "wd_operato": null, "voltages": null, "max_voltag": null, "frequency": null, "start_date": null}, "geometry": {"type": "Polygon", "coordinates": [[[6.0637630867530845, 49.517466079506946], [6.063823436455948, 49.51747739507622], [6.063835757853611, 49.51744973479575], [6.063775324331715, 49.517438419226465], [6.0637630867530845, 49.517466079506946]]]}}, {"id": "608", "type": "Feature", "properties": {"id": 1301807000, "name": null, "name_en": null, "descriptio": null, "substation": "minor_distribution", "constructi": 0, "ref": null, "operator": null, "wd_operato": null, "voltages": null, "max_voltag": null, "frequency": null, "start_date": null}, "geometry": {"type": "Polygon", "coordinates": [[[6.009866443519002, 49.507548192576884], [6.009878681097632, 49.507571242810606], [6.0099255359363895, 49.50756076543165], [6.009913382176791, 49.50753779901694], [6.009866443519002, 49.507548192576884]]]}}, {"id": "609", "type": "Feature", "properties": {"id": 1303332721, "name": null, "name_en": null, "descriptio": null, "substation": "minor_distribution", "constructi": 0, "ref": null, "operator": null, "wd_operato": null, "voltages": null, "max_voltag": null, "frequency": null, "start_date": null}, "geometry": {"type": "Polygon", "coordinates": [[[6.0249113729822446, 49.46039789175007], [6.024970549218665, 49.46040049014004], [6.02497415343703, 49.46036645961314], [6.024914977200609, 49.460363861223165], [6.0249113729822446, 49.46039789175007]]]}}, {"id": "610", "type": "Feature", "properties": {"id": 1304047721, "name": null, "name_en": null, "descriptio": null, "substation": "minor_distribution", "constructi": 0, "ref": null, "operator": null, "wd_operato": null, "voltages": null, "max_voltag": null, "frequency": null, "start_date": null}, "geometry": {"type": "Polygon", "coordinates": [[[6.2333970490070385, 49.62364182630069], [6.233398893025736, 49.62366563090569], [6.233457650166997, 49.62366378688697], [6.233455889967331, 49.62364006610102], [6.2333970490070385, 49.62364182630069]]]}}, {"id": "611", "type": "Feature", "properties": {"id": 1306006279, "name": null, "name_en": null, "descriptio": null, "substation": "minor_distribution", "constructi": 0, "ref": null, "operator": null, "wd_operato": null, "voltages": null, "max_voltag": null, "frequency": null, "start_date": null}, "geometry": {"type": "Polygon", "coordinates": [[[6.113701040937344, 49.65410409318514], [6.113746973766751, 49.65412094081051], [6.113762899382777, 49.65410275208062], [6.113716966553369, 49.65408582063621], [6.113701040937344, 49.65410409318514]]]}}, {"id": "612", "type": "Feature", "properties": {"id": 1307085955, "name": null, "name_en": null, "descriptio": null, "substation": null, "constructi": 0, "ref": null, "operator": null, "wd_operato": null, "voltages": null, "max_voltag": null, "frequency": null, "start_date": null}, "geometry": {"type": "Polygon", "coordinates": [[[5.921360586805377, 49.50957258983136], [5.921416494099532, 49.50957912771581], [5.9214232834411, 49.50955465255856], [5.921367459965977, 49.50954803085506], [5.921360586805377, 49.50957258983136]]]}}, {"id": "613", "type": "Feature", "properties": {"id": 1309463324, "name": null, "name_en": null, "descriptio": null, "substation": "minor_distribution", "constructi": 0, "ref": null, "operator": null, "wd_operato": null, "voltages": null, "max_voltag": null, "frequency": null, "start_date": null}, "geometry": {"type": "Polygon", "coordinates": [[[6.223087643379755, 49.59514913902392], [6.223154028052904, 49.59516875267734], [6.2231772459246875, 49.59513564415979], [6.223110861251541, 49.59511603050637], [6.223087643379755, 49.59514913902392]]]}}, {"id": "614", "type": "Feature", "properties": {"id": 1309463372, "name": null, "name_en": null, "descriptio": null, "substation": "minor_distribution", "constructi": 0, "ref": null, "operator": null, "wd_operato": null, "voltages": null, "max_voltag": null, "frequency": null, "start_date": null}, "geometry": {"type": "Polygon", "coordinates": [[[6.214149517111651, 49.5967231766209], [6.214200059987776, 49.59673155852404], [6.214214895956388, 49.59669392377878], [6.214164269261232, 49.596685541875615], [6.214158150471917, 49.59670104839649], [6.214149517111651, 49.5967231766209]]]}}, {"id": "615", "type": "Feature", "properties": {"id": 1309467280, "name": null, "name_en": null, "descriptio": null, "substation": null, "constructi": 0, "ref": null, "operator": null, "wd_operato": null, "voltages": null, "max_voltag": null, "frequency": null, "start_date": null}, "geometry": {"type": "Polygon", "coordinates": [[[6.267789925565722, 49.629266167149126], [6.267860417371395, 49.62927044191973], [6.267864859780076, 49.62924043470639], [6.267794451793435, 49.62923607611672], [6.267789925565722, 49.629266167149126]]]}}, {"id": "616", "type": "Feature", "properties": {"id": 1309908854, "name": null, "name_en": null, "descriptio": null, "substation": "distribution", "constructi": 0, "ref": null, "operator": null, "wd_operato": null, "voltages": null, "max_voltag": null, "frequency": null, "start_date": null}, "geometry": {"type": "Polygon", "coordinates": [[[6.005949580166032, 50.106308439948485], [6.005969948190739, 50.10633316656284], [6.006002637613108, 50.106322186269686], [6.005982353407433, 50.10629737583629], [6.005949580166032, 50.106308439948485]]]}}, {"id": "617", "type": "Feature", "properties": {"id": 1309935335, "name": null, "name_en": null, "descriptio": null, "substation": "minor_distribution", "constructi": 0, "ref": null, "operator": null, "wd_operato": null, "voltages": null, "max_voltag": null, "frequency": null, "start_date": null}, "geometry": {"type": "Polygon", "coordinates": [[[6.114849194034065, 49.58359426640408], [6.114850367500509, 49.58361639462846], [6.114907448261107, 49.58361505352394], [6.11490619097563, 49.58359284148054], [6.114849194034065, 49.58359426640408]]]}}, {"id": "618", "type": "Feature", "properties": {"id": 1309936132, "name": null, "name_en": null, "descriptio": null, "substation": "minor_distribution", "constructi": 0, "ref": null, "operator": null, "wd_operato": null, "voltages": null, "max_voltag": null, "frequency": null, "start_date": null}, "geometry": {"type": "Polygon", "coordinates": [[[6.111420157445764, 49.62559204371205], [6.111465252084855, 49.625599838881996], [6.111480255691532, 49.62556362906031], [6.111435161052441, 49.62555583389036], [6.111420157445764, 49.62559204371205]]]}}, {"id": "619", "type": "Feature", "properties": {"id": 1310493612, "name": null, "name_en": null, "descriptio": null, "substation": "minor_distribution", "constructi": 0, "ref": null, "operator": null, "wd_operato": null, "voltages": null, "max_voltag": null, "frequency": null, "start_date": null}, "geometry": {"type": "Polygon", "coordinates": [[[5.9207917000000005, 49.57427779999999], [5.9208039, 49.5743198], [5.9208474, 49.574314500000014], [5.920835200000001, 49.57427249999999], [5.9207917000000005, 49.57427779999999]]]}}, {"id": "620", "type": "Feature", "properties": {"id": 1310493617, "name": null, "name_en": null, "descriptio": null, "substation": "minor_distribution", "constructi": 0, "ref": null, "operator": null, "wd_operato": null, "voltages": null, "max_voltag": null, "frequency": null, "start_date": null}, "geometry": {"type": "Polygon", "coordinates": [[[5.917341296595594, 49.57011784248168], [5.917371219989917, 49.570138126687375], [5.9174168175432, 49.5701099634927], [5.917386894148875, 49.570089595467984], [5.917341296595594, 49.57011784248168]]]}}, {"id": "621", "type": "Feature", "properties": {"id": 1310493660, "name": null, "name_en": null, "descriptio": null, "substation": "minor_distribution", "constructi": 0, "ref": null, "operator": null, "wd_operato": null, "voltages": null, "max_voltag": null, "frequency": null, "start_date": null}, "geometry": {"type": "Polygon", "coordinates": [[[5.905391000000001, 49.5392322], [5.9053911, 49.539252899999994], [5.905430199999999, 49.5392528], [5.9054301, 49.539232099999985], [5.905391000000001, 49.5392322]]]}}, {"id": "622", "type": "Feature", "properties": {"id": 1310493712, "name": null, "name_en": null, "descriptio": null, "substation": "minor_distribution", "constructi": 0, "ref": null, "operator": null, "wd_operato": null, "voltages": null, "max_voltag": null, "frequency": null, "start_date": null}, "geometry": {"type": "Polygon", "coordinates": [[[5.91468758605086, 49.54115484661788], [5.914753216352722, 49.54115669063657], [5.914755060371419, 49.54112877889901], [5.914689346250527, 49.54112701869934], [5.91468758605086, 49.54115484661788]]]}}, {"id": "623", "type": "Feature", "properties": {"id": 1310493765, "name": null, "name_en": null, "descriptio": null, "substation": "minor_distribution", "constructi": 0, "ref": null, "operator": null, "wd_operato": null, "voltages": null, "max_voltag": null, "frequency": null, "start_date": null}, "geometry": {"type": "Polygon", "coordinates": [[[5.894449397019371, 49.53940713598714], [5.89448015860404, 49.53940998583422], [5.89448753467883, 49.53937511711701], [5.8944566892751595, 49.53937235108899], [5.894449397019371, 49.53940713598714]]]}}, {"id": "624", "type": "Feature", "properties": {"id": 1321871500, "name": null, "name_en": null, "descriptio": null, "substation": null, "constructi": 0, "ref": "6760002", "operator": "Creos", "wd_operato": "Q21036415", "voltages": null, "max_voltag": null, "frequency": null, "start_date": null}, "geometry": {"type": "Polygon", "coordinates": [[[5.9817144, 49.5725037], [5.9817423, 49.572516399999984], [5.981766100000001, 49.57249449999999], [5.981738199999999, 49.57248169999998], [5.9817144, 49.5725037]]]}}, {"id": "625", "type": "Feature", "properties": {"id": 1321871676, "name": null, "name_en": null, "descriptio": null, "substation": "minor_distribution", "constructi": 0, "ref": null, "operator": null, "wd_operato": null, "voltages": null, "max_voltag": null, "frequency": null, "start_date": null}, "geometry": {"type": "Polygon", "coordinates": [[[5.9862976, 49.57253309999998], [5.986302700000001, 49.5725533], [5.9863557, 49.572547699999994], [5.986350599999999, 49.57252740000003], [5.9862976, 49.57253309999998]]]}}, {"id": "626", "type": "Feature", "properties": {"id": 1321871859, "name": null, "name_en": null, "descriptio": null, "substation": "minor_distribution", "constructi": 0, "ref": null, "operator": null, "wd_operato": null, "voltages": null, "max_voltag": null, "frequency": null, "start_date": null}, "geometry": {"type": "Polygon", "coordinates": [[[5.958591, 49.57963480000001], [5.958599699999999, 49.579674399999995], [5.958635900000001, 49.57967099999999], [5.958627199999999, 49.5796315], [5.958591, 49.57963480000001]]]}}, {"id": "627", "type": "Feature", "properties": {"id": 1321871896, "name": null, "name_en": null, "descriptio": null, "substation": "minor_distribution", "constructi": 0, "ref": null, "operator": null, "wd_operato": null, "voltages": null, "max_voltag": null, "frequency": null, "start_date": null}, "geometry": {"type": "Polygon", "coordinates": [[[5.9609162, 49.57396039999999], [5.9609504, 49.573961499999996], [5.9609531, 49.5739267], [5.960918899999999, 49.573925599999995], [5.9609162, 49.57396039999999]]]}}, {"id": "628", "type": "Feature", "properties": {"id": 1322324442, "name": null, "name_en": null, "descriptio": null, "substation": "minor_distribution", "constructi": 0, "ref": null, "operator": null, "wd_operato": null, "voltages": null, "max_voltag": null, "frequency": null, "start_date": null}, "geometry": {"type": "Polygon", "coordinates": [[[5.9879177595068995, 49.521972358291094], [5.987968637659179, 49.52198836772613], [5.987983054532635, 49.52196908934885], [5.987932176380355, 49.52195307991378], [5.9879177595068995, 49.521972358291094]]]}}, {"id": "629", "type": "Feature", "properties": {"id": 1322324505, "name": null, "name_en": null, "descriptio": null, "substation": "minor_distribution", "constructi": 0, "ref": null, "operator": null, "wd_operato": null, "voltages": null, "max_voltag": null, "frequency": null, "start_date": null}, "geometry": {"type": "Polygon", "coordinates": [[[5.989815254747327, 49.53571096814475], [5.989882561429824, 49.53573787405391], [5.989909970253194, 49.53570895648798], [5.989842579751667, 49.5356820505788], [5.989815254747327, 49.53571096814475]]]}}, {"id": "630", "type": "Feature", "properties": {"id": 1322324620, "name": null, "name_en": null, "descriptio": null, "substation": null, "constructi": 0, "ref": null, "operator": null, "wd_operato": null, "voltages": null, "max_voltag": null, "frequency": null, "start_date": null}, "geometry": {"type": "Polygon", "coordinates": [[[5.990287994086317, 49.53739598213971], [5.990330825611522, 49.537421546944366], [5.990378434821565, 49.53738801933168], [5.9903355194772985, 49.53736245452698], [5.990287994086317, 49.53739598213971]]]}}, {"id": "631", "type": "Feature", "properties": {"id": 1322324648, "name": null, "name_en": null, "descriptio": null, "substation": "minor_distribution", "constructi": 0, "ref": null, "operator": null, "wd_operato": null, "voltages": null, "max_voltag": null, "frequency": null, "start_date": null}, "geometry": {"type": "Polygon", "coordinates": [[[5.984700282154734, 49.53944242379952], [5.984715369580442, 49.539474275031566], [5.984785190833861, 49.5394603610723], [5.984770019589121, 49.53942842602123], [5.984700282154734, 49.53944242379952]]]}}, {"id": "632", "type": "Feature", "properties": {"id": 1322324679, "name": null, "name_en": null, "descriptio": null, "substation": "minor_distribution", "constructi": 0, "ref": null, "operator": null, "wd_operato": null, "voltages": null, "max_voltag": null, "frequency": null, "start_date": null}, "geometry": {"type": "Polygon", "coordinates": [[[5.98229601704844, 49.52823028720044], [5.982299537447773, 49.52825216396773], [5.9823511699713094, 49.52824864356838], [5.982347649571977, 49.5282267668011], [5.98229601704844, 49.52823028720044]]]}}, {"id": "633", "type": "Feature", "properties": {"id": 1326086173, "name": null, "name_en": null, "descriptio": null, "substation": "minor_distribution", "constructi": 0, "ref": null, "operator": null, "wd_operato": null, "voltages": null, "max_voltag": null, "frequency": null, "start_date": null}, "geometry": {"type": "Polygon", "coordinates": [[[5.816071900000001, 49.8896778], [5.8161051, 49.8896942], [5.8161385999999995, 49.88966619999999], [5.8161054000000005, 49.8896497], [5.816071900000001, 49.8896778]]]}}, {"id": "634", "type": "Feature", "properties": {"id": 1326715450, "name": null, "name_en": null, "descriptio": null, "substation": "minor_distribution", "constructi": 0, "ref": null, "operator": null, "wd_operato": null, "voltages": null, "max_voltag": null, "frequency": null, "start_date": null}, "geometry": {"type": "Polygon", "coordinates": [[[5.897588900000001, 49.516916699999996], [5.8976164, 49.5169238], [5.8976365, 49.5168907], [5.897609, 49.5168836], [5.897588900000001, 49.516916699999996]]]}}, {"id": "635", "type": "Feature", "properties": {"id": 1328830215, "name": null, "name_en": null, "descriptio": null, "substation": "minor_distribution", "constructi": 0, "ref": null, "operator": null, "wd_operato": null, "voltages": null, "max_voltag": null, "frequency": null, "start_date": null}, "geometry": {"type": "Polygon", "coordinates": [[[5.864702599999999, 49.55605759999999], [5.8647427, 49.55606339999998], [5.8647551, 49.55602690000001], [5.864715, 49.556021199999975], [5.864702599999999, 49.55605759999999]]]}}, {"id": "636", "type": "Feature", "properties": {"id": 1328909273, "name": "Sous-station Luxtram", "name_en": null, "descriptio": null, "substation": "traction", "constructi": 0, "ref": null, "operator": null, "wd_operato": null, "voltages": "750", "max_voltag": 750.0, "frequency": null, "start_date": null}, "geometry": {"type": "Polygon", "coordinates": [[[6.120619547635783, 49.578167487013424], [6.120658439666528, 49.578168576660815], [6.120781486005115, 49.578171929422105], [6.120785760775733, 49.57807788446848], [6.120689955622453, 49.57804284811323], [6.1206275942628565, 49.57804125555162], [6.120619547635783, 49.578167487013424]]]}}, {"id": "637", "type": "Feature", "properties": {"id": 1329150735, "name": null, "name_en": null, "descriptio": null, "substation": "minor_distribution", "constructi": 0, "ref": null, "operator": null, "wd_operato": null, "voltages": null, "max_voltag": null, "frequency": null, "start_date": null}, "geometry": {"type": "Polygon", "coordinates": [[[5.854026900000001, 49.5449111], [5.8540676000000005, 49.544934500000025], [5.8540875, 49.54491989999998], [5.854046900000001, 49.54489649999998], [5.854026900000001, 49.5449111]]]}}, {"id": "638", "type": "Feature", "properties": {"id": 1339233119, "name": null, "name_en": null, "descriptio": null, "substation": "industrial", "constructi": 0, "ref": null, "operator": null, "wd_operato": null, "voltages": null, "max_voltag": null, "frequency": null, "start_date": null}, "geometry": {"type": "Polygon", "coordinates": [[[6.128131700000001, 49.65196910000001], [6.128163100000001, 49.652000600000015], [6.128197599999999, 49.65198609999997], [6.1281662, 49.65195470000001], [6.128131700000001, 49.65196910000001]]]}}, {"id": "639", "type": "Feature", "properties": {"id": 1339869560, "name": null, "name_en": null, "descriptio": null, "substation": "minor_distribution", "constructi": 0, "ref": null, "operator": null, "wd_operato": null, "voltages": null, "max_voltag": null, "frequency": null, "start_date": null}, "geometry": {"type": "Polygon", "coordinates": [[[6.090555, 49.6200326], [6.090559699999999, 49.62006559999999], [6.090595000000001, 49.620063499999986], [6.090590300000001, 49.62003049999996], [6.090555, 49.6200326]]]}}, {"id": "640", "type": "Feature", "properties": {"id": 1343574385, "name": null, "name_en": null, "descriptio": null, "substation": "minor_distribution", "constructi": 0, "ref": null, "operator": null, "wd_operato": null, "voltages": null, "max_voltag": null, "frequency": null, "start_date": null}, "geometry": {"type": "Polygon", "coordinates": [[[6.0210456, 49.63046450000001], [6.021051, 49.630498399999986], [6.0210849, 49.63049610000001], [6.0210796, 49.63046229999999], [6.0210456, 49.63046450000001]]]}}, {"id": "641", "type": "Feature", "properties": {"id": 1344826202, "name": null, "name_en": null, "descriptio": null, "substation": "minor_distribution", "constructi": 0, "ref": null, "operator": null, "wd_operato": null, "voltages": null, "max_voltag": null, "frequency": null, "start_date": null}, "geometry": {"type": "Polygon", "coordinates": [[[6.12339513105266, 49.720542997232904], [6.123526559294447, 49.72055632445896], [6.1235320913505396, 49.72053386095844], [6.123400663108781, 49.720520366094334], [6.12339513105266, 49.720542997232904]]]}}, {"id": "642", "type": "Feature", "properties": {"id": 1348546372, "name": null, "name_en": null, "descriptio": null, "substation": "minor_distribution", "constructi": 0, "ref": null, "operator": null, "wd_operato": null, "voltages": null, "max_voltag": null, "frequency": null, "start_date": null}, "geometry": {"type": "Polygon", "coordinates": [[[6.0879895, 50.16425129999999], [6.0879955, 50.164282699999994], [6.0880247, 50.1642804], [6.0880186, 50.164248999999984], [6.0879895, 50.16425129999999]]]}}, {"id": "643", "type": "Feature", "properties": {"id": 1352497850, "name": null, "name_en": null, "descriptio": null, "substation": "minor_distribution", "constructi": 0, "ref": null, "operator": null, "wd_operato": null, "voltages": null, "max_voltag": null, "frequency": null, "start_date": null}, "geometry": {"type": "Polygon", "coordinates": [[[6.0819396, 50.05498559999999], [6.0819402, 50.054985999999964], [6.0819814, 50.0550138], [6.082034881300076, 50.054981185313224], [6.0819930556032205, 50.05495285448047], [6.0819396, 50.05498559999999]]]}}, {"id": "644", "type": "Feature", "properties": {"id": 1353983535, "name": null, "name_en": null, "descriptio": null, "substation": "minor_distribution", "constructi": 0, "ref": null, "operator": null, "wd_operato": null, "voltages": null, "max_voltag": null, "frequency": null, "start_date": null}, "geometry": {"type": "Polygon", "coordinates": [[[6.112082499999999, 49.7468567], [6.1121375, 49.74687489999999], [6.1121551, 49.74685270000001], [6.1121001, 49.74683449999999], [6.112082499999999, 49.7468567]]]}}, {"id": "645", "type": "Feature", "properties": {"id": 1359112157, "name": null, "name_en": null, "descriptio": null, "substation": "minor_distribution", "constructi": 0, "ref": null, "operator": null, "wd_operato": null, "voltages": null, "max_voltag": null, "frequency": null, "start_date": null}, "geometry": {"type": "Polygon", "coordinates": [[[6.115942499999999, 49.858221699999994], [6.115979000000001, 49.85822490000001], [6.1159851, 49.858186899999986], [6.1159475, 49.85818369999997], [6.115942499999999, 49.858221699999994]]]}}, {"id": "646", "type": "Feature", "properties": {"id": 1359112161, "name": null, "name_en": null, "descriptio": null, "substation": "minor_distribution", "constructi": 0, "ref": null, "operator": null, "wd_operato": null, "voltages": null, "max_voltag": null, "frequency": null, "start_date": null}, "geometry": {"type": "Polygon", "coordinates": [[[6.117574299999999, 49.85744419999998], [6.117633, 49.85745130000001], [6.1176411, 49.85742540000001], [6.117582, 49.857417799999986], [6.117574299999999, 49.85744419999998]]]}}, {"id": "647", "type": "Feature", "properties": {"id": 1359112162, "name": null, "name_en": null, "descriptio": null, "substation": "minor_distribution", "constructi": 0, "ref": null, "operator": null, "wd_operato": null, "voltages": null, "max_voltag": null, "frequency": null, "start_date": null}, "geometry": {"type": "Polygon", "coordinates": [[[6.112807799999999, 49.858550599999994], [6.112808199999999, 49.858573], [6.112868298857053, 49.85857374794242], [6.112870000000001, 49.85855229999997], [6.112807799999999, 49.858550599999994]]]}}, {"id": "648", "type": "Feature", "properties": {"id": 1360117910, "name": null, "name_en": null, "descriptio": null, "substation": "minor_distribution", "constructi": 0, "ref": null, "operator": null, "wd_operato": null, "voltages": null, "max_voltag": null, "frequency": null, "start_date": null}, "geometry": {"type": "Polygon", "coordinates": [[[6.139690221374253, 49.71909074868905], [6.139699357648709, 49.71910273481059], [6.13972182114921, 49.71909552637388], [6.1397127686937845, 49.71908362407136], [6.139690221374253, 49.71909074868905]]]}}, {"id": "649", "type": "Feature", "properties": {"id": 1361553949, "name": null, "name_en": null, "descriptio": null, "substation": null, "constructi": 0, "ref": null, "operator": null, "wd_operato": null, "voltages": null, "max_voltag": null, "frequency": null, "start_date": null}, "geometry": {"type": "Polygon", "coordinates": [[[6.095843060950046, 49.603689879262554], [6.095843060950046, 49.603726759636544], [6.0958827911710785, 49.603726759636544], [6.09588379699946, 49.60368853815803], [6.095843060950046, 49.603689879262554]]]}}, {"id": "650", "type": "Feature", "properties": {"id": 1362681132, "name": null, "name_en": null, "descriptio": null, "substation": "minor_distribution", "constructi": 0, "ref": null, "operator": null, "wd_operato": null, "voltages": null, "max_voltag": null, "frequency": null, "start_date": null}, "geometry": {"type": "Polygon", "coordinates": [[[6.1922262, 49.70044409999997], [6.1922738, 49.7004572], [6.1922867, 49.70043750000001], [6.192239, 49.70042449999999], [6.1922262, 49.70044409999997]]]}}, {"id": "651", "type": "Feature", "properties": {"id": 1363674261, "name": null, "name_en": null, "descriptio": null, "substation": "minor_distribution", "constructi": 0, "ref": null, "operator": null, "wd_operato": null, "voltages": null, "max_voltag": null, "frequency": null, "start_date": null}, "geometry": {"type": "Polygon", "coordinates": [[[5.8710965, 49.59875619999998], [5.871116100000001, 49.598787], [5.871177800000001, 49.5987705], [5.8711582, 49.5987397], [5.8710965, 49.59875619999998]]]}}, {"id": "652", "type": "Feature", "properties": {"id": 1363674358, "name": null, "name_en": null, "descriptio": null, "substation": "minor_distribution", "constructi": 0, "ref": null, "operator": null, "wd_operato": null, "voltages": null, "max_voltag": null, "frequency": null, "start_date": null}, "geometry": {"type": "Polygon", "coordinates": [[[6.2197859, 49.61570429999999], [6.219877099999999, 49.61571859999998], [6.2198912, 49.61568089999998], [6.219800000000001, 49.61566659999998], [6.2197859, 49.61570429999999]]]}}, {"id": "653", "type": "Feature", "properties": {"id": 1364102945, "name": null, "name_en": null, "descriptio": null, "substation": "minor_distribution", "constructi": 0, "ref": null, "operator": null, "wd_operato": null, "voltages": null, "max_voltag": null, "frequency": null, "start_date": null}, "geometry": {"type": "Polygon", "coordinates": [[[5.9020055, 49.601824599999965], [5.9020595, 49.601834], [5.9020677, 49.601813999999976], [5.9020136999999995, 49.60180470000001], [5.9020055, 49.601824599999965]]]}}, {"id": "654", "type": "Feature", "properties": {"id": 1364103049, "name": null, "name_en": null, "descriptio": null, "substation": "minor_distribution", "constructi": 0, "ref": null, "operator": null, "wd_operato": null, "voltages": null, "max_voltag": null, "frequency": null, "start_date": null}, "geometry": {"type": "Polygon", "coordinates": [[[5.886536799999999, 49.59439550000001], [5.886589099999999, 49.59440679999998], [5.886599, 49.594387699999984], [5.8865467, 49.59437639999999], [5.886536799999999, 49.59439550000001]]]}}, {"id": "655", "type": "Feature", "properties": {"id": 1367109084, "name": null, "name_en": null, "descriptio": null, "substation": "minor_distribution", "constructi": 0, "ref": null, "operator": null, "wd_operato": null, "voltages": null, "max_voltag": null, "frequency": null, "start_date": null}, "geometry": {"type": "Polygon", "coordinates": [[[5.9264307, 49.52220879999999], [5.9264846, 49.522217399999974], [5.9265020999999996, 49.52217129999997], [5.9264481, 49.52216269999998], [5.9264307, 49.52220879999999]]]}}, {"id": "656", "type": "Feature", "properties": {"id": 1368055514, "name": null, "name_en": null, "descriptio": null, "substation": "minor_distribution", "constructi": 0, "ref": null, "operator": null, "wd_operato": null, "voltages": null, "max_voltag": null, "frequency": null, "start_date": null}, "geometry": {"type": "Polygon", "coordinates": [[[6.1301921, 49.625774899999996], [6.1301921, 49.62580959999999], [6.1302263, 49.62580959999999], [6.1302263, 49.625774899999996], [6.1301921, 49.625774899999996]]]}}, {"id": "657", "type": "Feature", "properties": {"id": 1372706020, "name": null, "name_en": null, "descriptio": null, "substation": "minor_distribution", "constructi": 0, "ref": null, "operator": null, "wd_operato": null, "voltages": null, "max_voltag": null, "frequency": null, "start_date": null}, "geometry": {"type": "Polygon", "coordinates": [[[6.085077500000001, 50.01398940000001], [6.0851041, 50.01403509999999], [6.0851944, 50.01401340000002], [6.085167900000001, 50.013967699999974], [6.085077500000001, 50.01398940000001]]]}}, {"id": "658", "type": "Feature", "properties": {"id": 1376197347, "name": null, "name_en": null, "descriptio": null, "substation": "minor_distribution", "constructi": 0, "ref": null, "operator": null, "wd_operato": null, "voltages": null, "max_voltag": null, "frequency": null, "start_date": null}, "geometry": {"type": "Polygon", "coordinates": [[[5.940225233363805, 49.88348224960317], [5.940265466499028, 49.883508149683955], [5.940291618036952, 49.883491385877605], [5.9402513849017, 49.88346548579681], [5.940225233363805, 49.88348224960317]]]}}, {"id": "659", "type": "Feature", "properties": {"id": 1376197354, "name": null, "name_en": null, "descriptio": null, "substation": "minor_distribution", "constructi": 0, "ref": null, "operator": null, "wd_operato": null, "voltages": null, "max_voltag": null, "frequency": null, "start_date": null}, "geometry": {"type": "Polygon", "coordinates": [[[5.938715149688051, 49.881699586436206], [5.938744821625306, 49.881720541194134], [5.938791844102099, 49.88169288091367], [5.93876208834584, 49.88167184233671], [5.938715149688051, 49.881699586436206]]]}}, {"id": "660", "type": "Feature", "properties": {"id": 1379179979, "name": null, "name_en": null, "descriptio": null, "substation": "minor_distribution", "constructi": 0, "ref": null, "operator": null, "wd_operato": null, "voltages": null, "max_voltag": null, "frequency": null, "start_date": null}, "geometry": {"type": "Polygon", "coordinates": [[[6.0381844000000005, 49.856864000000016], [6.0381967, 49.85689439999998], [6.0382655, 49.856882799999994], [6.0382531, 49.85685240000001], [6.0381844000000005, 49.856864000000016]]]}}, {"id": "661", "type": "Feature", "properties": {"id": 1387852324, "name": null, "name_en": null, "descriptio": null, "substation": "minor_distribution", "constructi": 0, "ref": null, "operator": null, "wd_operato": null, "voltages": null, "max_voltag": null, "frequency": null, "start_date": null}, "geometry": {"type": "Polygon", "coordinates": [[[6.069558, 49.90808659999997], [6.0696003, 49.90808740000001], [6.0696012, 49.90806960000001], [6.0695589, 49.908068799999995], [6.069558, 49.90808659999997]]]}}, {"id": "662", "type": "Feature", "properties": {"id": 1389287366, "name": null, "name_en": null, "descriptio": null, "substation": null, "constructi": 0, "ref": null, "operator": null, "wd_operato": null, "voltages": null, "max_voltag": null, "frequency": null, "start_date": null}, "geometry": {"type": "Polygon", "coordinates": [[[5.954683200000001, 49.504283499999964], [5.954850300000001, 49.50458009999999], [5.955218200000001, 49.5044928], [5.955051200000001, 49.50419619999998], [5.954683200000001, 49.504283499999964]]]}}, {"id": "663", "type": "Feature", "properties": {"id": 1389854744, "name": null, "name_en": null, "descriptio": null, "substation": "minor_distribution", "constructi": 0, "ref": null, "operator": null, "wd_operato": null, "voltages": null, "max_voltag": null, "frequency": null, "start_date": null}, "geometry": {"type": "Polygon", "coordinates": [[[6.1266442, 49.79731799999998], [6.126673699999999, 49.79736479999999], [6.1267244, 49.79735149999998], [6.126694900000001, 49.79730469999998], [6.1266442, 49.79731799999998]]]}}, {"id": "664", "type": "Feature", "properties": {"id": 1390916623, "name": null, "name_en": null, "descriptio": null, "substation": "minor_distribution", "constructi": 0, "ref": null, "operator": null, "wd_operato": null, "voltages": null, "max_voltag": null, "frequency": null, "start_date": null}, "geometry": {"type": "Polygon", "coordinates": [[[6.086999800000001, 49.78820549999999], [6.087029, 49.7882121], [6.0870444, 49.78818350000001], [6.0870152, 49.78817699999999], [6.086999800000001, 49.78820549999999]]]}}, {"id": "665", "type": "Feature", "properties": {"id": 1391664714, "name": null, "name_en": null, "descriptio": null, "substation": "minor_distribution", "constructi": 0, "ref": null, "operator": null, "wd_operato": null, "voltages": null, "max_voltag": null, "frequency": null, "start_date": null}, "geometry": {"type": "Polygon", "coordinates": [[[6.1564227, 49.86297339999998], [6.156488399999999, 49.8629941], [6.156511599999999, 49.862963699999995], [6.156445799999999, 49.86294299999998], [6.1564227, 49.86297339999998]]]}}, {"id": "666", "type": "Feature", "properties": {"id": 1393073384, "name": null, "name_en": null, "descriptio": null, "substation": "minor_distribution", "constructi": 0, "ref": null, "operator": null, "wd_operato": null, "voltages": null, "max_voltag": null, "frequency": null, "start_date": null}, "geometry": {"type": "Polygon", "coordinates": [[[6.2206107, 49.61468939999999], [6.220661000000001, 49.614692], [6.220664800000001, 49.61466119999999], [6.2206145, 49.61465859999996], [6.2206107, 49.61468939999999]]]}}, {"id": "667", "type": "Feature", "properties": {"id": 1393073390, "name": null, "name_en": null, "descriptio": null, "substation": "minor_distribution", "constructi": 0, "ref": null, "operator": "Poste am Happgaart", "wd_operato": null, "voltages": null, "max_voltag": null, "frequency": null, "start_date": null}, "geometry": {"type": "Polygon", "coordinates": [[[6.2115327, 49.614405699999985], [6.211560199999999, 49.61445350000001], [6.2116118, 49.61444099999999], [6.2115843, 49.6143932], [6.2115327, 49.614405699999985]]]}}, {"id": "668", "type": "Feature", "properties": {"id": 1410721708, "name": null, "name_en": null, "descriptio": null, "substation": "traction", "constructi": 0, "ref": null, "operator": null, "wd_operato": null, "voltages": null, "max_voltag": null, "frequency": null, "start_date": null}, "geometry": {"type": "Polygon", "coordinates": [[[6.121269300000001, 49.54619539999997], [6.1215374, 49.54635939999999], [6.1216113000000005, 49.5463174], [6.1213433, 49.54614349999999], [6.121269300000001, 49.54619539999997]]]}}, {"id": "669", "type": "Feature", "properties": {"id": 1410985565, "name": null, "name_en": null, "descriptio": null, "substation": "minor_distribution", "constructi": 0, "ref": null, "operator": null, "wd_operato": null, "voltages": null, "max_voltag": null, "frequency": null, "start_date": null}, "geometry": {"type": "Polygon", "coordinates": [[[6.0915183, 49.80450050000003], [6.0915518, 49.8045256], [6.0915729, 49.80451390000002], [6.0915394, 49.804488799999994], [6.0915183, 49.80450050000003]]]}}, {"id": "670", "type": "Feature", "properties": {"id": 1412680488, "name": null, "name_en": null, "descriptio": null, "substation": "minor_distribution", "constructi": 0, "ref": null, "operator": null, "wd_operato": null, "voltages": null, "max_voltag": null, "frequency": null, "start_date": null}, "geometry": {"type": "Polygon", "coordinates": [[[6.319899399999999, 49.85249949999999], [6.3199356, 49.85251410000001], [6.319977000000001, 49.85247119999999], [6.3199408, 49.85245659999998], [6.319899399999999, 49.85249949999999]]]}}, {"id": "671", "type": "Feature", "properties": {"id": 1413480560, "name": null, "name_en": null, "descriptio": null, "substation": "minor_distribution", "constructi": 0, "ref": null, "operator": null, "wd_operato": null, "voltages": null, "max_voltag": null, "frequency": null, "start_date": null}, "geometry": {"type": "Polygon", "coordinates": [[[6.0732342, 49.669420900000006], [6.0732627, 49.66945139999999], [6.073295299999999, 49.66943870000001], [6.0732669, 49.66940819999998], [6.0732342, 49.669420900000006]]]}}, {"id": "672", "type": "Feature", "properties": {"id": 1414392069, "name": null, "name_en": null, "descriptio": null, "substation": "minor_distribution", "constructi": 0, "ref": null, "operator": null, "wd_operato": null, "voltages": null, "max_voltag": null, "frequency": null, "start_date": null}, "geometry": {"type": "Polygon", "coordinates": [[[6.3189362, 49.679456299999984], [6.318973800000001, 49.67947629999998], [6.318992099999999, 49.679461899999986], [6.3189545, 49.6794419], [6.3189362, 49.679456299999984]]]}}, {"id": "673", "type": "Feature", "properties": {"id": 1414392117, "name": null, "name_en": null, "descriptio": null, "substation": "minor_distribution", "constructi": 0, "ref": null, "operator": null, "wd_operato": null, "voltages": null, "max_voltag": null, "frequency": null, "start_date": null}, "geometry": {"type": "Polygon", "coordinates": [[[6.390465, 49.695502499999996], [6.3904811, 49.6955166], [6.390521099999999, 49.69549749999997], [6.390504999999999, 49.69548339999997], [6.390465, 49.695502499999996]]]}}, {"id": "674", "type": "Feature", "properties": {"id": 1414392143, "name": null, "name_en": null, "descriptio": null, "substation": "minor_distribution", "constructi": 0, "ref": null, "operator": null, "wd_operato": null, "voltages": null, "max_voltag": null, "frequency": null, "start_date": null}, "geometry": {"type": "Polygon", "coordinates": [[[6.382779000000001, 49.694601000000006], [6.3828222, 49.69460929999999], [6.3828443, 49.69456109999997], [6.3828012, 49.6945528], [6.382779000000001, 49.694601000000006]]]}}, {"id": "675", "type": "Feature", "properties": {"id": 1414392151, "name": null, "name_en": null, "descriptio": null, "substation": "minor_distribution", "constructi": 0, "ref": null, "operator": null, "wd_operato": null, "voltages": null, "max_voltag": null, "frequency": null, "start_date": null}, "geometry": {"type": "Polygon", "coordinates": [[[6.3990211, 49.7017704], [6.3990408, 49.701784199999985], [6.399075700000001, 49.701763299999996], [6.399055999999999, 49.701749599999985], [6.3990211, 49.7017704]]]}}, {"id": "676", "type": "Feature", "properties": {"id": 1416559648, "name": "Sous-station Luxtram", "name_en": null, "descriptio": null, "substation": "traction", "constructi": 0, "ref": "SST01", "operator": "Luxtram", "wd_operato": null, "voltages": "20000,750", "max_voltag": null, "frequency": null, "start_date": null}, "geometry": {"type": "Polygon", "coordinates": [[[6.214616975851641, 49.6422996913078], [6.214648491807566, 49.64236766854254], [6.2149029663879105, 49.6423223224464], [6.214874970831318, 49.642253590840355], [6.214616975851641, 49.6422996913078]]]}}, {"id": "677", "type": "Feature", "properties": {"id": 1417033158, "name": null, "name_en": null, "descriptio": null, "substation": "minor_distribution", "constructi": 0, "ref": null, "operator": null, "wd_operato": null, "voltages": null, "max_voltag": null, "frequency": null, "start_date": null}, "geometry": {"type": "Polygon", "coordinates": [[[6.1228113, 49.96402909999999], [6.122820699999999, 49.96406189999999], [6.122850800000001, 49.964058300000005], [6.1228414, 49.96402549999999], [6.1228113, 49.96402909999999]]]}}, {"id": "678", "type": "Feature", "properties": {"id": 1417033311, "name": null, "name_en": null, "descriptio": null, "substation": "minor_distribution", "constructi": 0, "ref": null, "operator": null, "wd_operato": null, "voltages": null, "max_voltag": null, "frequency": null, "start_date": null}, "geometry": {"type": "Polygon", "coordinates": [[[6.0749466, 50.135225199999994], [6.074971800000001, 50.13523989999998], [6.075005300000001, 50.13521629999999], [6.0749801, 50.13520160000001], [6.0749466, 50.135225199999994]]]}}, {"id": "679", "type": "Feature", "properties": {"id": 1419095173, "name": "Poste rue Lindh Mamer", "name_en": null, "descriptio": null, "substation": null, "constructi": 0, "ref": "770610", "operator": null, "wd_operato": null, "voltages": null, "max_voltag": null, "frequency": null, "start_date": null}, "geometry": {"type": "Polygon", "coordinates": [[[6.033231099999999, 49.62287140000001], [6.0332674, 49.622884299999974], [6.033283299999999, 49.622865400000016], [6.033246999999999, 49.62285249999997], [6.033231099999999, 49.62287140000001]]]}}, {"id": "680", "type": "Feature", "properties": {"id": 1420033303, "name": null, "name_en": null, "descriptio": null, "substation": "minor_distribution", "constructi": 0, "ref": null, "operator": null, "wd_operato": null, "voltages": null, "max_voltag": null, "frequency": null, "start_date": null}, "geometry": {"type": "Polygon", "coordinates": [[[5.752559198993623, 49.82501428401629], [5.752619464877455, 49.82502375556688], [5.752621141258089, 49.82501914552015], [5.752627260047404, 49.825003387542196], [5.752566826525509, 49.82499374835355], [5.752559198993623, 49.82501428401629]]]}}, {"id": "681", "type": "Feature", "properties": {"id": 1420070134, "name": null, "name_en": null, "descriptio": null, "substation": null, "constructi": 0, "ref": null, "operator": null, "wd_operato": null, "voltages": null, "max_voltag": null, "frequency": null, "start_date": null}, "geometry": {"type": "Polygon", "coordinates": [[[5.905096599999999, 49.562875600000005], [5.905144000000001, 49.56289359999999], [5.9051621, 49.56287349999999], [5.9051147, 49.56285549999999], [5.905096599999999, 49.562875600000005]]]}}, {"id": "682", "type": "Feature", "properties": {"id": 1420172673, "name": null, "name_en": null, "descriptio": null, "substation": null, "constructi": 0, "ref": "6707004", "operator": null, "wd_operato": null, "voltages": null, "max_voltag": null, "frequency": null, "start_date": null}, "geometry": {"type": "Polygon", "coordinates": [[[5.892261385014962, 49.63076015757079], [5.892315951204637, 49.63077205987329], [5.89232785350714, 49.630749093458604], [5.892273287317466, 49.630737191156086], [5.892261385014962, 49.63076015757079]]]}}, {"id": "683", "type": "Feature", "properties": {"id": 1420380702, "name": null, "name_en": null, "descriptio": null, "substation": null, "constructi": 0, "ref": null, "operator": null, "wd_operato": null, "voltages": null, "max_voltag": null, "frequency": null, "start_date": null}, "geometry": {"type": "Polygon", "coordinates": [[[6.0907077, 49.62216779999999], [6.0907422, 49.622168999999964], [6.090744599999999, 49.622139400000016], [6.0907102, 49.62213819999999], [6.0907077, 49.62216779999999]]]}}, {"id": "684", "type": "Feature", "properties": {"id": 1423080365, "name": null, "name_en": null, "descriptio": null, "substation": "minor_distribution", "constructi": 0, "ref": null, "operator": null, "wd_operato": null, "voltages": null, "max_voltag": null, "frequency": null, "start_date": null}, "geometry": {"type": "Polygon", "coordinates": [[[5.9648325, 49.75631359999999], [5.9648591, 49.756329900000004], [5.964896, 49.7563048], [5.9648694, 49.75628849999997], [5.9648325, 49.75631359999999]]]}}, {"id": "685", "type": "Feature", "properties": {"id": 1423080369, "name": null, "name_en": null, "descriptio": null, "substation": "minor_distribution", "constructi": 0, "ref": null, "operator": null, "wd_operato": null, "voltages": null, "max_voltag": null, "frequency": null, "start_date": null}, "geometry": {"type": "Polygon", "coordinates": [[[5.957066200000001, 49.751634799999984], [5.9570964, 49.75164829999999], [5.957126599999999, 49.7516202], [5.9570964, 49.751606599999974], [5.957066200000001, 49.751634799999984]]]}}, {"id": "686", "type": "Feature", "properties": {"id": 1430180434, "name": null, "name_en": null, "descriptio": null, "substation": null, "constructi": 0, "ref": null, "operator": null, "wd_operato": null, "voltages": null, "max_voltag": null, "frequency": null, "start_date": null}, "geometry": {"type": "Polygon", "coordinates": [[[6.0702221, 49.56656340000001], [6.0702542, 49.56657000000002], [6.0702694, 49.566538900000005], [6.0702372, 49.56653230000001], [6.0702221, 49.56656340000001]]]}}, {"id": "687", "type": "Feature", "properties": {"id": 1431412456, "name": null, "name_en": null, "descriptio": null, "substation": "minor_distribution", "constructi": 0, "ref": null, "operator": null, "wd_operato": null, "voltages": null, "max_voltag": null, "frequency": null, "start_date": null}, "geometry": {"type": "Polygon", "coordinates": [[[6.022692180298037, 49.63327724309381], [6.022718834750122, 49.63330465191717], [6.022752278543777, 49.633293755443034], [6.0227250373584695, 49.63326668189581], [6.022692180298037, 49.63327724309381]]]}}, {"id": "688", "type": "Feature", "properties": {"id": 1435137971, "name": null, "name_en": null, "descriptio": null, "substation": "minor_distribution", "constructi": 0, "ref": null, "operator": null, "wd_operato": null, "voltages": null, "max_voltag": null, "frequency": null, "start_date": null}, "geometry": {"type": "Polygon", "coordinates": [[[6.2030885, 49.541136199999976], [6.203098500000001, 49.54116820000002], [6.203167599999999, 49.54115909999999], [6.2031575, 49.541126999999996], [6.2030885, 49.541136199999976]]]}}, {"id": "689", "type": "Feature", "properties": {"id": 1435925708, "name": null, "name_en": null, "descriptio": null, "substation": "minor_distribution", "constructi": 0, "ref": null, "operator": null, "wd_operato": null, "voltages": null, "max_voltag": null, "frequency": null, "start_date": null}, "geometry": {"type": "Polygon", "coordinates": [[[6.2230883, 49.59331259999998], [6.2231252, 49.59331370000001], [6.2231281, 49.5932755], [6.2230911, 49.593274299999976], [6.2230883, 49.59331259999998]]]}}, {"id": "690", "type": "Feature", "properties": {"id": 1436210653, "name": null, "name_en": null, "descriptio": null, "substation": "minor_distribution", "constructi": 0, "ref": null, "operator": null, "wd_operato": null, "voltages": null, "max_voltag": null, "frequency": null, "start_date": null}, "geometry": {"type": "Polygon", "coordinates": [[[5.873579800000001, 50.01157050000001], [5.8736368, 50.01157219999997], [5.873638400000001, 50.011549800000004], [5.8735814, 50.0115481], [5.873579800000001, 50.01157050000001]]]}}, {"id": "691", "type": "Feature", "properties": {"id": 1451387868, "name": null, "name_en": null, "descriptio": null, "substation": "minor_distribution", "constructi": 0, "ref": null, "operator": null, "wd_operato": null, "voltages": null, "max_voltag": null, "frequency": null, "start_date": null}, "geometry": {"type": "Polygon", "coordinates": [[[5.8842228, 49.94065399999999], [5.8842607, 49.94066399999997], [5.8842922, 49.940614400000015], [5.8842543, 49.940604399999984], [5.8842228, 49.94065399999999]]]}}, {"id": "692", "type": "Feature", "properties": {"id": 1451387882, "name": null, "name_en": null, "descriptio": null, "substation": "minor_distribution", "constructi": 0, "ref": null, "operator": null, "wd_operato": null, "voltages": null, "max_voltag": null, "frequency": null, "start_date": null}, "geometry": {"type": "Polygon", "coordinates": [[[5.9219192000000005, 49.95598819999999], [5.921978200000001, 49.95600069999998], [5.9219936, 49.955970699999995], [5.921934600000001, 49.95595819999998], [5.9219192000000005, 49.95598819999999]]]}}, {"id": "693", "type": "Feature", "properties": {"id": 1452389121, "name": null, "name_en": null, "descriptio": null, "substation": "minor_distribution", "constructi": 0, "ref": null, "operator": null, "wd_operato": null, "voltages": null, "max_voltag": null, "frequency": null, "start_date": null}, "geometry": {"type": "Polygon", "coordinates": [[[6.059885100000001, 49.57874699999999], [6.0599058, 49.5787822], [6.0599356, 49.57877479999999], [6.0599148, 49.5787396], [6.059885100000001, 49.57874699999999]]]}}, {"id": "694", "type": "Feature", "properties": {"id": 1452389186, "name": null, "name_en": null, "descriptio": null, "substation": "minor_distribution", "constructi": 0, "ref": null, "operator": null, "wd_operato": null, "voltages": null, "max_voltag": null, "frequency": null, "start_date": null}, "geometry": {"type": "Polygon", "coordinates": [[[6.0322814000000005, 49.57297220000001], [6.0323215999999995, 49.572995700000014], [6.0323429, 49.57298029999998], [6.0323027, 49.5729569], [6.0322814000000005, 49.57297220000001]]]}}, {"id": "695", "type": "Feature", "properties": {"id": 1453994288, "name": null, "name_en": null, "descriptio": null, "substation": "minor_distribution", "constructi": 0, "ref": null, "operator": null, "wd_operato": null, "voltages": null, "max_voltag": null, "frequency": null, "start_date": null}, "geometry": {"type": "Polygon", "coordinates": [[[6.2273869, 49.5865767], [6.2274352, 49.58659649999998], [6.2274652, 49.58656569999998], [6.2274169, 49.586545900000004], [6.2273869, 49.5865767]]]}}, {"id": "696", "type": "Feature", "properties": {"id": 1460217567, "name": null, "name_en": null, "descriptio": null, "substation": null, "constructi": 0, "ref": null, "operator": "Poste op der Houscht", "wd_operato": null, "voltages": null, "max_voltag": null, "frequency": null, "start_date": null}, "geometry": {"type": "Polygon", "coordinates": [[[6.2066808, 49.6133073], [6.2066955, 49.613337900000005], [6.206762300000001, 49.61332449999999], [6.2067477, 49.61329389999999], [6.2066808, 49.6133073]]]}}, {"id": "697", "type": "Feature", "properties": {"id": 1461596710, "name": null, "name_en": null, "descriptio": null, "substation": "minor_distribution", "constructi": 0, "ref": "1302", "operator": null, "wd_operato": null, "voltages": null, "max_voltag": null, "frequency": "50", "start_date": null}, "geometry": {"type": "Polygon", "coordinates": [[[6.1370073000000005, 49.63749419999997], [6.137061800000001, 49.6375011], [6.1370692, 49.63747829999998], [6.1370147, 49.6374714], [6.1370073000000005, 49.63749419999997]]]}}, {"id": "698", "type": "Feature", "properties": {"id": 1465360794, "name": null, "name_en": null, "descriptio": null, "substation": "minor_distribution", "constructi": 0, "ref": null, "operator": null, "wd_operato": null, "voltages": null, "max_voltag": null, "frequency": null, "start_date": null}, "geometry": {"type": "Polygon", "coordinates": [[[6.111502383915905, 50.101951945774054], [6.111538593737606, 50.101983377910955], [6.11156759512258, 50.101969631589746], [6.1115313853008795, 50.1019382832719], [6.111502383915905, 50.101951945774054]]]}}, {"id": "699", "type": "Feature", "properties": {"id": 1465360830, "name": null, "name_en": null, "descriptio": null, "substation": "minor_distribution", "constructi": 0, "ref": null, "operator": null, "wd_operato": null, "voltages": null, "max_voltag": null, "frequency": null, "start_date": null}, "geometry": {"type": "Polygon", "coordinates": [[[6.078770046194961, 50.13526305390913], [6.0788163981195, 50.135291720017996], [6.078851518293789, 50.135268585965214], [6.078805334007313, 50.13523975221832], [6.078770046194961, 50.13526305390913]]]}}, {"id": "700", "type": "Feature", "properties": {"id": 1469845769, "name": null, "name_en": null, "descriptio": null, "substation": "minor_distribution", "constructi": 0, "ref": null, "operator": null, "wd_operato": null, "voltages": null, "max_voltag": null, "frequency": null, "start_date": null}, "geometry": {"type": "Polygon", "coordinates": [[[6.1130299, 49.7436798], [6.1131071, 49.743692299999985], [6.1131179, 49.743664599999974], [6.1130408, 49.743652], [6.1130299, 49.7436798]]]}}, {"id": "701", "type": "Feature", "properties": {"id": 1471438703, "name": null, "name_en": null, "descriptio": null, "substation": null, "constructi": 0, "ref": null, "operator": null, "wd_operato": null, "voltages": null, "max_voltag": null, "frequency": null, "start_date": null}, "geometry": {"type": "Polygon", "coordinates": [[[6.2829367, 49.5691674], [6.282945200000001, 49.56918769999999], [6.2829861, 49.569180500000016], [6.282977600000001, 49.5691602], [6.2829367, 49.5691674]]]}}, {"id": "702", "type": "Feature", "properties": {"id": 1471438778, "name": null, "name_en": null, "descriptio": null, "substation": "minor_distribution", "constructi": 0, "ref": null, "operator": null, "wd_operato": null, "voltages": null, "max_voltag": null, "frequency": null, "start_date": null}, "geometry": {"type": "Polygon", "coordinates": [[[6.2622079971473, 49.61754734450321], [6.262241440940983, 49.61757458568852], [6.26229944371093, 49.61754457847516], [6.262265999917275, 49.617517421108886], [6.2622079971473, 49.61754734450321]]]}}, {"id": "703", "type": "Feature", "properties": {"id": 1475649442, "name": null, "name_en": null, "descriptio": null, "substation": "minor_distribution", "constructi": 0, "ref": null, "operator": null, "wd_operato": null, "voltages": null, "max_voltag": null, "frequency": null, "start_date": null}, "geometry": {"type": "Polygon", "coordinates": [[[6.2104784, 49.55138199999999], [6.2105415, 49.5514075], [6.210571300000001, 49.551376499999996], [6.2105082, 49.55135099999999], [6.2104784, 49.55138199999999]]]}}, {"id": "704", "type": "Feature", "properties": {"id": 1475992955, "name": null, "name_en": null, "descriptio": null, "substation": "minor_distribution", "constructi": 0, "ref": null, "operator": null, "wd_operato": null, "voltages": null, "max_voltag": null, "frequency": null, "start_date": null}, "geometry": {"type": "Polygon", "coordinates": [[[6.2673743, 49.63489609999998], [6.267393399999999, 49.63492960000001], [6.2674248, 49.63492320000001], [6.2674076, 49.63488969999999], [6.2673743, 49.63489609999998]]]}}, {"id": "705", "type": "Feature", "properties": {"id": 1476666469, "name": null, "name_en": null, "descriptio": null, "substation": "minor_distribution", "constructi": 0, "ref": null, "operator": null, "wd_operato": null, "voltages": null, "max_voltag": null, "frequency": null, "start_date": null}, "geometry": {"type": "Polygon", "coordinates": [[[6.107853825283513, 49.61914476761002], [6.1078549, 49.619156600000004], [6.1078578, 49.61918519999999], [6.107927753669486, 49.61918407873589], [6.107919287947283, 49.61914015756326], [6.107853825283513, 49.61914476761002]]]}}, {"id": "706", "type": "Feature", "properties": {"id": 1476666472, "name": null, "name_en": null, "descriptio": null, "substation": "minor_distribution", "constructi": 0, "ref": null, "operator": null, "wd_operato": null, "voltages": null, "max_voltag": null, "frequency": null, "start_date": null}, "geometry": {"type": "Polygon", "coordinates": [[[6.1082717, 49.618973400000016], [6.108276, 49.6190001], [6.1083438, 49.618996899999985], [6.1083395, 49.61896739999999], [6.1082717, 49.618973400000016]]]}}, {"id": "707", "type": "Feature", "properties": {"id": 1480371114, "name": null, "name_en": null, "descriptio": null, "substation": "minor_distribution", "constructi": 0, "ref": null, "operator": null, "wd_operato": null, "voltages": null, "max_voltag": null, "frequency": null, "start_date": null}, "geometry": {"type": "Polygon", "coordinates": [[[6.3390339, 49.538475600000005], [6.339048, 49.53848909999997], [6.3390613, 49.538483199999995], [6.3390471999999995, 49.5384697], [6.3390339, 49.538475600000005]]]}}, {"id": "708", "type": "Feature", "properties": {"id": 1485781860, "name": null, "name_en": null, "descriptio": null, "substation": "minor_distribution", "constructi": 0, "ref": null, "operator": null, "wd_operato": null, "voltages": null, "max_voltag": null, "frequency": null, "start_date": null}, "geometry": {"type": "Polygon", "coordinates": [[[6.1447897, 49.53373979999999], [6.144808099999999, 49.5337592], [6.1448529999999995, 49.53374139999999], [6.1448347, 49.53372189999998], [6.1447897, 49.53373979999999]]]}}, {"id": "709", "type": "Feature", "properties": {"id": 1500067823, "name": null, "name_en": null, "descriptio": null, "substation": "minor_distribution", "constructi": 0, "ref": "8627003", "operator": null, "wd_operato": null, "voltages": null, "max_voltag": null, "frequency": null, "start_date": null}, "geometry": {"type": "Polygon", "coordinates": [[[6.199158599999999, 49.541933599999986], [6.1991798, 49.54195349999999], [6.199227699999999, 49.5419319], [6.1992065, 49.541911999999996], [6.199158599999999, 49.541933599999986]]]}}, {"id": "710", "type": "Feature", "properties": {"id": 1501558514, "name": null, "name_en": null, "descriptio": null, "substation": null, "constructi": 0, "ref": null, "operator": null, "wd_operato": null, "voltages": null, "max_voltag": null, "frequency": null, "start_date": null}, "geometry": {"type": "Polygon", "coordinates": [[[6.268343700000001, 49.60918309999999], [6.2684105, 49.60919029999999], [6.2684169, 49.60916559999998], [6.2683501, 49.60915829999998], [6.268343700000001, 49.60918309999999]]]}}, {"id": "711", "type": "Feature", "properties": {"id": 1504608232, "name": null, "name_en": null, "descriptio": null, "substation": null, "constructi": 0, "ref": null, "operator": null, "wd_operato": null, "voltages": null, "max_voltag": null, "frequency": null, "start_date": null}, "geometry": {"type": "Polygon", "coordinates": [[[6.2681033, 49.63123289999998], [6.268108, 49.63125890000001], [6.2681711, 49.63125419999998], [6.268170099999999, 49.63124870000002], [6.268227900000001, 49.631244400000014], [6.2682243, 49.631223899999995], [6.2681033, 49.63123289999998]]]}}]}