{
  "type": "FeatureCollection",
  "features": [
    {
      "id": "2",
      "type": "Feature",
      "properties": {
        "NAME_FULL": "Kingdom of Khorathidin",
        "NAME_SHORT": "Khorathidin",
        "CODE": "KoK",
        "DEMONYM": "Khorathi",
        "LANGUAGE": "Khorathi",
        "STATUS": "NOTIONAL",
        "REGION": "Indo-Pacific",
        "DATASET": "DATE"
      },
      "geometry": {
        "type": "MultiPolygon",
        "coordinates": [
          [
            [
              [
                99.24781608581543,
                6.574857711791992
              ],
              [
                99.26026725769043,
                6.565824508666992
              ],
              [
                99.25758171081543,
                6.560941696166992
              ],
              [
                99.24732780456543,
                6.557035446166992
              ],
              [
                99.21729850769043,
                6.536931991577148
              ],
              [
                99.19483757019043,
                6.533109664916992
              ],
              [
                99.17400169372559,
                6.539007186889648
              ],
              [
                99.15846061706543,
                6.554388046264648
              ],
              [
                99.17644309997559,
                6.550199508666992
              ],
              [
                99.18604850769043,
                6.559392929077148
              ],
              [
                99.19556999206543,
                6.571233749389648
              ],
              [
                99.21371650695801,
                6.574857711791992
              ],
              [
                99.20631217956543,
                6.574857711791992
              ],
              [
                99.23927116394043,
                6.576810836791992
              ],
              [
                99.24781608581543,
                6.574857711791992
              ]
            ]
          ],
          [
            [
              [
                99.66627311706543,
                6.497014999389648
              ],
              [
                99.65870475769043,
                6.492338180541992
              ],
              [
                99.64682197570801,
                6.509672164916992
              ],
              [
                99.6341495513916,
                6.552057266235352
              ],
              [
                99.60027122497559,
                6.583440780639648
              ],
              [
                99.60304069519043,
                6.596990585327148
              ],
              [
                99.61394309997559,
                6.608831405639648
              ],
              [
                99.62387275695801,
                6.622709274291992
              ],
              [
                99.62598991394043,
                6.63279914855957
              ],
              [
                99.62354850769043,
                6.651067733764648
              ],
              [
                99.62387275695801,
                6.657415390014648
              ],
              [
                99.62924385070801,
                6.663640975952148
              ],
              [
                99.63640403747559,
                6.666898727416992
              ],
              [
                99.64242744445801,
                6.671331405639648
              ],
              [
                99.64503288269043,
                6.681058883666992
              ],
              [
                99.64649772644043,
                6.699369430541992
              ],
              [
                99.65064811706543,
                6.71776008605957
              ],
              [
                99.65699577331543,
                6.723821640014648
              ],
              [
                99.68051338195801,
                6.672918319702148
              ],
              [
                99.6802921295166,
                6.624040603637695
              ],
              [
                99.69604682922363,
                6.587453842163086
              ],
              [
                99.70443916320801,
                6.558294296264648
              ],
              [
                99.70329856872559,
                6.544378280639648
              ],
              [
                99.69972038269043,
                6.533269882202148
              ],
              [
                99.69264030456543,
                6.528142929077148
              ],
              [
                99.68360710144043,
                6.52684211730957
              ],
              [
                99.67579460144043,
                6.524564743041992
              ],
              [
                99.67237663269043,
                6.516546249389648
              ],
              [
                99.67213249206543,
                6.50731086730957
              ],
              [
                99.67042350769043,
                6.50145149230957
              ],
              [
                99.66627311706543,
                6.497014999389648
              ]
            ]
          ],
          [
            [
              [
                93.85531806945801,
                7.214178085327148
              ],
              [
                93.86500358581543,
                7.20067024230957
              ],
              [
                93.87037467956543,
                7.180570602416992
              ],
              [
                93.87672233581543,
                7.16356086730957
              ],
              [
                93.88062858581543,
                7.14427375793457
              ],
              [
                93.88315010070801,
                7.10472297668457
              ],
              [
                93.88705635070801,
                7.089300155639648
              ],
              [
                93.90308952331543,
                7.060857772827148
              ],
              [
                93.91293525695801,
                7.035100936889648
              ],
              [
                93.92025947570801,
                7.024320602416992
              ],
              [
                93.92872428894043,
                7.012357711791992
              ],
              [
                93.92986106872559,
                6.959051132202148
              ],
              [
                93.92107200622559,
                6.93382453918457
              ],
              [
                93.89356803894043,
                6.876775741577148
              ],
              [
                93.88941764831543,
                6.84178352355957
              ],
              [
                93.89283561706543,
                6.834051132202148
              ],
              [
                93.89926338195801,
                6.82713508605957
              ],
              [
                93.90414619445801,
                6.819242477416992
              ],
              [
                93.90308952331543,
                6.808294296264648
              ],
              [
                93.89845085144043,
                6.80418586730957
              ],
              [
                93.88990592956543,
                6.800970077514648
              ],
              [
                93.88005638122559,
                6.800443649291992
              ],
              [
                93.87175559997559,
                6.804510116577148
              ],
              [
                93.85938835144043,
                6.804265975952148
              ],
              [
                93.84791374206543,
                6.785306930541992
              ],
              [
                93.83424186706543,
                6.745550155639648
              ],
              [
                93.81267356872559,
                6.753973007202148
              ],
              [
                93.80933952331543,
                6.76902961730957
              ],
              [
                93.81324577331543,
                6.788030624389648
              ],
              [
                93.81373405456543,
                6.808294296264648
              ],
              [
                93.80543327331543,
                6.816717147827148
              ],
              [
                93.79216575622559,
                6.825872421264648
              ],
              [
                93.78443717956543,
                6.83641242980957
              ],
              [
                93.79322624206543,
                6.849187850952148
              ],
              [
                93.78370475769043,
                6.857976913452148
              ],
              [
                93.77572822570801,
                6.867376327514648
              ],
              [
                93.77312278747559,
                6.877996444702148
              ],
              [
                93.77955436706543,
                6.890203475952148
              ],
              [
                93.77076530456543,
                6.893865585327148
              ],
              [
                93.76612663269043,
                6.90110969543457
              ],
              [
                93.76449775695801,
                6.911527633666992
              ],
              [
                93.76531028747559,
                6.92430305480957
              ],
              [
                93.74806022644043,
                6.92357063293457
              ],
              [
                93.73747825622559,
                6.943265914916992
              ],
              [
                93.72877311706543,
                6.970525741577148
              ],
              [
                93.71754264831543,
                6.992620468139648
              ],
              [
                93.70362663269043,
                7.006292343139648
              ],
              [
                93.68433952331543,
                7.020902633666992
              ],
              [
                93.66456413269043,
                7.026517868041992
              ],
              [
                93.64918327331543,
                7.013090133666992
              ],
              [
                93.64967155456543,
                7.11961555480957
              ],
              [
                93.65357780456543,
                7.131498336791992
              ],
              [
                93.67644309997559,
                7.18187141418457
              ],
              [
                93.68539619445801,
                7.184514999389648
              ],
              [
                93.70753288269043,
                7.184392929077148
              ],
              [
                93.71729850769043,
                7.187688827514648
              ],
              [
                93.72462272644043,
                7.194974899291992
              ],
              [
                93.73015403747559,
                7.202215194702148
              ],
              [
                93.73463249206543,
                7.205511093139648
              ],
              [
                93.73991966247559,
                7.207098007202148
              ],
              [
                93.76531028747559,
                7.219144821166992
              ],
              [
                93.77214622497559,
                7.211736679077148
              ],
              [
                93.79762077331543,
                7.23460578918457
              ],
              [
                93.81397819519043,
                7.241849899291992
              ],
              [
                93.83082389831543,
                7.235906600952148
              ],
              [
                93.85531806945801,
                7.214178085327148
              ]
            ]
          ],
          [
            [
              [
                99.44581413269043,
                7.250921249389648
              ],
              [
                99.45387077331543,
                7.23900032043457
              ],
              [
                99.44060325622559,
                7.24022102355957
              ],
              [
                99.42823600769043,
                7.23900032043457
              ],
              [
                99.41724967956543,
                7.23533821105957
              ],
              [
                99.40886497497559,
                7.229398727416992
              ],
              [
                99.39430046081543,
                7.205472946166992
              ],
              [
                99.38331413269043,
                7.19407844543457
              ],
              [
                99.37818717956543,
                7.201810836791992
              ],
              [
                99.37777900695801,
                7.252347946166992
              ],
              [
                99.38551139831543,
                7.275579452514648
              ],
              [
                99.40544700622559,
                7.266302108764648
              ],
              [
                99.41911888122559,
                7.25657844543457
              ],
              [
                99.44581413269043,
                7.250921249389648
              ]
            ]
          ],
          [
            [
              [
                93.64421653747559,
                7.257513046264648
              ],
              [
                93.62818717956543,
                7.253324508666992
              ],
              [
                93.61793327331543,
                7.259954452514648
              ],
              [
                93.61638450622559,
                7.267278671264648
              ],
              [
                93.61744499206543,
                7.276067733764648
              ],
              [
                93.61508369445801,
                7.287420272827148
              ],
              [
                93.61085319519043,
                7.294500350952148
              ],
              [
                93.59400749206543,
                7.314764022827148
              ],
              [
                93.60694694519043,
                7.32640266418457
              ],
              [
                93.61036491394043,
                7.347318649291992
              ],
              [
                93.61671257019043,
                7.367254257202148
              ],
              [
                93.63868522644043,
                7.376165390014648
              ],
              [
                93.66724967956543,
                7.382757186889648
              ],
              [
                93.67799186706543,
                7.39940071105957
              ],
              [
                93.68376731872559,
                7.421697616577148
              ],
              [
                93.69695091247559,
                7.44505500793457
              ],
              [
                93.69695091247559,
                7.417791366577148
              ],
              [
                93.69947624206543,
                7.398748397827148
              ],
              [
                93.70948600769043,
                7.388738632202148
              ],
              [
                93.72169303894043,
                7.381170272827148
              ],
              [
                93.73121452331543,
                7.36937141418457
              ],
              [
                93.73438835144043,
                7.35081672668457
              ],
              [
                93.72852897644043,
                7.337102890014648
              ],
              [
                93.71550559997559,
                7.325834274291992
              ],
              [
                93.69695091247559,
                7.314764022827148
              ],
              [
                93.67921257019043,
                7.29832649230957
              ],
              [
                93.64421653747559,
                7.257513046264648
              ]
            ]
          ],
          [
            [
              [
                99.11744499206543,
                7.479192733764648
              ],
              [
                99.09994697570801,
                7.467229843139648
              ],
              [
                99.07716178894043,
                7.480291366577148
              ],
              [
                99.05714225769043,
                7.504056930541992
              ],
              [
                99.03126335144043,
                7.561918258666992
              ],
              [
                99.02808952331543,
                7.571722030639648
              ],
              [
                99.02906608581543,
                7.60618782043457
              ],
              [
                99.02711296081543,
                7.622869491577148
              ],
              [
                99.02068138122559,
                7.636869430541992
              ],
              [
                99.02320671081543,
                7.639104843139648
              ],
              [
                99.02442741394043,
                7.639837265014648
              ],
              [
                99.02564811706543,
                7.640935897827148
              ],
              [
                99.02808952331543,
                7.64427375793457
              ],
              [
                99.03492546081543,
                7.64427375793457
              ],
              [
                99.06568717956543,
                7.615056991577148
              ],
              [
                99.07585716247559,
                7.608953475952148
              ],
              [
                99.07594108581543,
                7.57322883605957
              ],
              [
                99.08611106872559,
                7.536527633666992
              ],
              [
                99.10141181945801,
                7.503568649291992
              ],
              [
                99.11744499206543,
                7.479192733764648
              ]
            ]
          ],
          [
            [
              [
                99.11744499206543,
                7.595891952514648
              ],
              [
                99.10873603820801,
                7.594182968139648
              ],
              [
                99.09986686706543,
                7.596624374389648
              ],
              [
                99.09303092956543,
                7.601263046264648
              ],
              [
                99.09018135070801,
                7.605863571166992
              ],
              [
                99.08765983581543,
                7.61204719543457
              ],
              [
                99.08188056945801,
                7.616033554077148
              ],
              [
                99.07520866394043,
                7.61912727355957
              ],
              [
                99.06959342956543,
                7.62254524230957
              ],
              [
                99.04460716247559,
                7.663396835327148
              ],
              [
                99.06706809997559,
                7.675199508666992
              ],
              [
                99.10450553894043,
                7.669378280639648
              ],
              [
                99.12428092956543,
                7.657377243041992
              ],
              [
                99.12745475769043,
                7.644353866577148
              ],
              [
                99.12745475769043,
                7.625188827514648
              ],
              [
                99.12403678894043,
                7.606840133666992
              ],
              [
                99.11744499206543,
                7.595891952514648
              ]
            ]
          ],
          [
            [
              [
                93.43311882019043,
                7.954290390014648
              ],
              [
                93.45981025695801,
                7.910795211791992
              ],
              [
                93.46046257019043,
                7.899847030639648
              ],
              [
                93.45736885070801,
                7.880193710327148
              ],
              [
                93.45443916320801,
                7.869291305541992
              ],
              [
                93.44792747497559,
                7.871404647827148
              ],
              [
                93.43686103820801,
                7.88328742980957
              ],
              [
                93.42123603820801,
                7.891790390014648
              ],
              [
                93.41505241394043,
                7.892240524291992
              ],
              [
                93.40211296081543,
                7.890081405639648
              ],
              [
                93.38917350769043,
                7.885808944702148
              ],
              [
                93.37843132019043,
                7.880765914916992
              ],
              [
                93.36784934997559,
                7.878606796264648
              ],
              [
                93.35426139831543,
                7.88328742980957
              ],
              [
                93.34498405456543,
                7.89134407043457
              ],
              [
                93.34034538269043,
                7.901273727416992
              ],
              [
                93.34107780456543,
                7.91258430480957
              ],
              [
                93.34815788269043,
                7.924871444702148
              ],
              [
                93.34066963195801,
                7.931707382202148
              ],
              [
                93.33269309997559,
                7.924955368041992
              ],
              [
                93.32301139831543,
                7.924383163452148
              ],
              [
                93.31365013122559,
                7.92918586730957
              ],
              [
                93.30665397644043,
                7.938543319702148
              ],
              [
                93.30502510070801,
                7.94993782043457
              ],
              [
                93.31332588195801,
                7.98973274230957
              ],
              [
                93.32260322570801,
                8.002103805541992
              ],
              [
                93.34441184997559,
                8.012113571166992
              ],
              [
                93.37029075622559,
                8.01732063293457
              ],
              [
                93.39137077331543,
                8.015569686889648
              ],
              [
                93.39478874206543,
                8.006742477416992
              ],
              [
                93.39616966247559,
                7.997220993041992
              ],
              [
                93.39600944519043,
                7.976385116577148
              ],
              [
                93.40121650695801,
                7.967962265014648
              ],
              [
                93.42416572570801,
                7.959867477416992
              ],
              [
                93.42945671081543,
                7.955266952514648
              ],
              [
                93.43311882019043,
                7.954290390014648
              ]
            ]
          ],
          [
            [
              [
                93.56593132019043,
                7.999334335327148
              ],
              [
                93.57032585144043,
                7.98900032043457
              ],
              [
                93.57423210144043,
                7.968816757202148
              ],
              [
                93.57398796081543,
                7.924871444702148
              ],
              [
                93.51832389831543,
                7.96580696105957
              ],
              [
                93.51075553894043,
                7.980169296264648
              ],
              [
                93.51148796081543,
                7.995512008666992
              ],
              [
                93.52076530456543,
                8.00438117980957
              ],
              [
                93.53931999206543,
                7.999334335327148
              ],
              [
                93.54029655456543,
                8.016180038452148
              ],
              [
                93.54835319519043,
                8.020086288452148
              ],
              [
                93.55860710144043,
                8.013616561889648
              ],
              [
                93.56593132019043,
                7.999334335327148
              ]
            ]
          ],
          [
            [
              [
                98.53630638122559,
                8.115140914916992
              ],
              [
                98.54054069519043,
                8.104925155639648
              ],
              [
                98.54037666320801,
                8.105619430541992
              ],
              [
                98.58692741394043,
                8.079290390014648
              ],
              [
                98.60238838195801,
                8.06346321105957
              ],
              [
                98.61036491394043,
                8.034734725952148
              ],
              [
                98.61182975769043,
                7.926092147827148
              ],
              [
                98.60352897644043,
                7.903753280639648
              ],
              [
                98.58822822570801,
                7.904935836791992
              ],
              [
                98.57732200622559,
                7.919622421264648
              ],
              [
                98.57081413269043,
                7.939359664916992
              ],
              [
                98.56755638122559,
                7.96336555480957
              ],
              [
                98.56283760070801,
                7.978094100952148
              ],
              [
                98.56324577331543,
                7.98631477355957
              ],
              [
                98.56804466247559,
                7.993352890014648
              ],
              [
                98.57455635070801,
                7.99412727355957
              ],
              [
                98.58041572570801,
                7.996160507202148
              ],
              [
                98.58302116394043,
                8.006780624389648
              ],
              [
                98.58228874206543,
                8.01536750793457
              ],
              [
                98.57960319519043,
                8.024564743041992
              ],
              [
                98.57439231872559,
                8.031805038452148
              ],
              [
                98.56593132019043,
                8.034734725952148
              ],
              [
                98.55486106872559,
                8.036931991577148
              ],
              [
                98.55111885070801,
                8.042547225952148
              ],
              [
                98.54981803894043,
                8.050115585327148
              ],
              [
                98.53687858581543,
                8.071195602416992
              ],
              [
                98.53101921081543,
                8.088567733764648
              ],
              [
                98.52816963195801,
                8.107084274291992
              ],
              [
                98.52849388122559,
                8.123479843139648
              ],
              [
                98.53297233581543,
                8.119451522827148
              ],
              [
                98.53630638122559,
                8.115140914916992
              ]
            ]
          ],
          [
            [
              [
                98.28907585144043,
                8.18968391418457
              ],
              [
                98.29566764831543,
                8.184965133666992
              ],
              [
                98.30290794372559,
                8.188055038452148
              ],
              [
                98.31153678894043,
                8.18553352355957
              ],
              [
                98.32081413269043,
                8.179105758666992
              ],
              [
                98.33009147644043,
                8.170476913452148
              ],
              [
                98.33570671081543,
                8.156438827514648
              ],
              [
                98.34351921081543,
                8.109197616577148
              ],
              [
                98.34962272644043,
                8.109197616577148
              ],
              [
                98.36012077331543,
                8.118841171264648
              ],
              [
                98.37370872497559,
                8.110906600952148
              ],
              [
                98.38917350769043,
                8.09544563293457
              ],
              [
                98.40553092956543,
                8.08250617980957
              ],
              [
                98.41285514831543,
                8.094305038452148
              ],
              [
                98.42262077331543,
                8.099309921264648
              ],
              [
                98.43214225769043,
                8.09593391418457
              ],
              [
                98.43913841247559,
                8.08250617980957
              ],
              [
                98.43848991394043,
                8.065740585327148
              ],
              [
                98.43189811706543,
                8.04979133605957
              ],
              [
                98.41863059997559,
                8.027288436889648
              ],
              [
                98.41773796081543,
                8.019109725952148
              ],
              [
                98.41993522644043,
                8.001043319702148
              ],
              [
                98.41863059997559,
                7.99315071105957
              ],
              [
                98.41431999206543,
                7.988920211791992
              ],
              [
                98.40821647644043,
                7.985662460327148
              ],
              [
                98.40219306945801,
                7.981023788452148
              ],
              [
                98.39812278747559,
                7.97264289855957
              ],
              [
                98.39747428894043,
                7.955022811889648
              ],
              [
                98.40154075622559,
                7.93577766418457
              ],
              [
                98.40894889831543,
                7.91771125793457
              ],
              [
                98.41863059997559,
                7.903753280639648
              ],
              [
                98.42188835144043,
                7.90843391418457
              ],
              [
                98.42799186706543,
                7.913236618041992
              ],
              [
                98.43165397644043,
                7.917425155639648
              ],
              [
                98.43962669372559,
                7.901922225952148
              ],
              [
                98.43979072570801,
                7.886625289916992
              ],
              [
                98.43181419372559,
                7.874944686889648
              ],
              [
                98.39967155456543,
                7.864568710327148
              ],
              [
                98.39535713195801,
                7.850492477416992
              ],
              [
                98.39812278747559,
                7.815008163452148
              ],
              [
                98.36231803894043,
                7.832426071166992
              ],
              [
                98.34392356872559,
                7.832914352416992
              ],
              [
                98.33611106872559,
                7.81126594543457
              ],
              [
                98.33253288269043,
                7.785955429077148
              ],
              [
                98.32309150695801,
                7.770940780639648
              ],
              [
                98.30909538269043,
                7.767728805541992
              ],
              [
                98.29184150695801,
                7.777494430541992
              ],
              [
                98.28663444519043,
                7.791692733764648
              ],
              [
                98.28142356872559,
                7.85594367980957
              ],
              [
                98.27768135070801,
                7.863431930541992
              ],
              [
                98.27296257019043,
                7.870672225952148
              ],
              [
                98.26905632019043,
                7.87913703918457
              ],
              [
                98.26775169372559,
                7.890081405639648
              ],
              [
                98.27198600769043,
                7.893461227416992
              ],
              [
                98.28004264831543,
                7.896917343139648
              ],
              [
                98.28532981872559,
                7.903753280639648
              ],
              [
                98.28142356872559,
                7.917425155639648
              ],
              [
                98.27572822570801,
                7.921049118041992
              ],
              [
                98.25798606872559,
                7.926420211791992
              ],
              [
                98.25416374206543,
                7.928289413452148
              ],
              [
                98.25863838195801,
                7.938299179077148
              ],
              [
                98.26759147644043,
                7.94627571105957
              ],
              [
                98.27409934997559,
                7.953680038452148
              ],
              [
                98.27149772644043,
                7.962102890014648
              ],
              [
                98.26596260070801,
                7.973783493041992
              ],
              [
                98.27003288269043,
                7.983953475952148
              ],
              [
                98.27760124206543,
                7.993558883666992
              ],
              [
                98.28142356872559,
                8.003080368041992
              ],
              [
                98.28044700622559,
                8.014226913452148
              ],
              [
                98.27613639831543,
                8.033842086791992
              ],
              [
                98.27442741394043,
                8.06932258605957
              ],
              [
                98.27515983581543,
                8.07567024230957
              ],
              [
                98.27760124206543,
                8.083158493041992
              ],
              [
                98.28532981872559,
                8.09886360168457
              ],
              [
                98.28825950622559,
                8.109197616577148
              ],
              [
                98.29021263122559,
                8.13011360168457
              ],
              [
                98.28891181945801,
                8.151800155639648
              ],
              [
                98.28142356872559,
                8.191801071166992
              ],
              [
                98.28598213195801,
                8.19114875793457
              ],
              [
                98.28907585144043,
                8.18968391418457
              ]
            ]
          ],
          [
            [
              [
                98.62143135070801,
                8.10252571105957
              ],
              [
                98.62086296081543,
                8.089994430541992
              ],
              [
                98.58765983581543,
                8.101751327514648
              ],
              [
                98.57960319519043,
                8.106145858764648
              ],
              [
                98.57008171081543,
                8.11888313293457
              ],
              [
                98.57472038269043,
                8.12498664855957
              ],
              [
                98.59669303894043,
                8.130315780639648
              ],
              [
                98.59229850769043,
                8.146795272827148
              ],
              [
                98.60181999206543,
                8.161565780639648
              ],
              [
                98.61589622497559,
                8.176176071166992
              ],
              [
                98.62403678894043,
                8.191801071166992
              ],
              [
                98.63209342956543,
                8.189764022827148
              ],
              [
                98.63575553894043,
                8.18553352355957
              ],
              [
                98.63705635070801,
                8.179349899291992
              ],
              [
                98.63754463195801,
                8.171293258666992
              ],
              [
                98.62143135070801,
                8.10252571105957
              ]
            ]
          ],
          [
            [
              [
                93.52515983581543,
                8.095037460327148
              ],
              [
                93.53761100769043,
                8.057317733764648
              ],
              [
                93.53736686706543,
                8.047796249389648
              ],
              [
                93.53191184997559,
                8.034734725952148
              ],
              [
                93.52800559997559,
                8.032415390014648
              ],
              [
                93.51490592956543,
                8.027654647827148
              ],
              [
                93.51197624206543,
                8.02415657043457
              ],
              [
                93.50977897644043,
                8.01854133605957
              ],
              [
                93.49496650695801,
                7.996282577514648
              ],
              [
                93.48438835144043,
                7.991888046264648
              ],
              [
                93.47926139831543,
                8.00291633605957
              ],
              [
                93.47730827331543,
                8.03099250793457
              ],
              [
                93.48080635070801,
                8.04051399230957
              ],
              [
                93.48853874206543,
                8.044378280639648
              ],
              [
                93.49561882019043,
                8.049383163452148
              ],
              [
                93.49781608581543,
                8.06199836730957
              ],
              [
                93.50522041320801,
                8.06199836730957
              ],
              [
                93.51482200622559,
                8.056219100952148
              ],
              [
                93.51693916320801,
                8.063299179077148
              ],
              [
                93.51148796081543,
                8.074857711791992
              ],
              [
                93.49781608581543,
                8.08250617980957
              ],
              [
                93.49220085144043,
                8.063627243041992
              ],
              [
                93.47974967956543,
                8.06321907043457
              ],
              [
                93.46632194519043,
                8.074407577514648
              ],
              [
                93.45736885070801,
                8.089994430541992
              ],
              [
                93.44662666320801,
                8.154363632202148
              ],
              [
                93.44654655456543,
                8.164495468139648
              ],
              [
                93.45484733581543,
                8.170110702514648
              ],
              [
                93.46510124206543,
                8.183294296264648
              ],
              [
                93.47364616394043,
                8.198186874389648
              ],
              [
                93.47730827331543,
                8.209135055541992
              ],
              [
                93.48585319519043,
                8.220121383666992
              ],
              [
                93.50465202331543,
                8.226995468139648
              ],
              [
                93.52345085144043,
                8.22581672668457
              ],
              [
                93.53166770935059,
                8.213201522827148
              ],
              [
                93.53101921081543,
                8.193754196166992
              ],
              [
                93.52149772644043,
                8.179105758666992
              ],
              [
                93.51051139831543,
                8.166570663452148
              ],
              [
                93.50522041320801,
                8.147039413452148
              ],
              [
                93.50855827331543,
                8.128812789916992
              ],
              [
                93.52515983581543,
                8.095037460327148
              ]
            ]
          ],
          [
            [
              [
                93.17628288269043,
                8.21287727355957
              ],
              [
                93.16732978820801,
                8.204534530639648
              ],
              [
                93.15349388122559,
                8.205511093139648
              ],
              [
                93.12468528747559,
                8.21287727355957
              ],
              [
                93.10255241394043,
                8.221502304077148
              ],
              [
                93.08155632019043,
                8.242376327514648
              ],
              [
                93.06576728820801,
                8.268133163452148
              ],
              [
                93.05958366394043,
                8.291410446166992
              ],
              [
                93.06129264831543,
                8.320745468139648
              ],
              [
                93.06430244445801,
                8.336126327514648
              ],
              [
                93.06983757019043,
                8.346624374389648
              ],
              [
                93.08375358581543,
                8.355901718139648
              ],
              [
                93.09506416320801,
                8.355169296264648
              ],
              [
                93.10141181945801,
                8.345769882202148
              ],
              [
                93.10075950622559,
                8.299261093139648
              ],
              [
                93.10401725769043,
                8.275579452514648
              ],
              [
                93.11410713195801,
                8.256414413452148
              ],
              [
                93.13453483581543,
                8.240179061889648
              ],
              [
                93.16081809997559,
                8.22874641418457
              ],
              [
                93.17302513122559,
                8.221258163452148
              ],
              [
                93.17628288269043,
                8.21287727355957
              ]
            ]
          ],
          [
            [
              [
                93.60971260070801,
                8.438421249389648
              ],
              [
                93.60141181945801,
                8.438177108764648
              ],
              [
                93.60035514831543,
                8.450345993041992
              ],
              [
                93.60710716247559,
                8.490789413452148
              ],
              [
                93.60767936706543,
                8.50706672668457
              ],
              [
                93.59555244445801,
                8.54173469543457
              ],
              [
                93.59498405456543,
                8.558012008666992
              ],
              [
                93.60767936706543,
                8.569158554077148
              ],
              [
                93.60767936706543,
                8.548040390014648
              ],
              [
                93.62175559997559,
                8.520086288452148
              ],
              [
                93.62680244445801,
                8.50584602355957
              ],
              [
                93.62818717956543,
                8.48655891418457
              ],
              [
                93.62517356872559,
                8.47361946105957
              ],
              [
                93.61833763122559,
                8.453924179077148
              ],
              [
                93.60971260070801,
                8.438421249389648
              ]
            ]
          ],
          [
            [
              [
                98.29395866394043,
                8.934637069702148
              ],
              [
                98.27052116394043,
                8.87718391418457
              ],
              [
                98.26156806945801,
                8.878568649291992
              ],
              [
                98.25310325622559,
                8.897855758666992
              ],
              [
                98.25098991394043,
                8.91844367980957
              ],
              [
                98.25570869445801,
                8.939764022827148
              ],
              [
                98.25587272644043,
                8.966375350952148
              ],
              [
                98.25221061706543,
                8.997014999389648
              ],
              [
                98.26091575622559,
                9.01292610168457
              ],
              [
                98.27931022644043,
                9.009344100952148
              ],
              [
                98.28842353820801,
                9.004461288452148
              ],
              [
                98.29908561706543,
                8.997381210327148
              ],
              [
                98.31088447570801,
                8.978178024291992
              ],
              [
                98.30697822570801,
                8.957914352416992
              ],
              [
                98.29395866394043,
                8.934637069702148
              ]
            ]
          ],
          [
            [
              [
                98.29444694519043,
                9.041570663452148
              ],
              [
                98.27418327331543,
                9.035955429077148
              ],
              [
                98.25424385070801,
                9.036809921264648
              ],
              [
                98.24049186706543,
                9.048978805541992
              ],
              [
                98.24000358581543,
                9.062688827514648
              ],
              [
                98.24838447570801,
                9.143377304077148
              ],
              [
                98.24822044372559,
                9.150091171264648
              ],
              [
                98.25082588195801,
                9.15403938293457
              ],
              [
                98.26091575622559,
                9.158147811889648
              ],
              [
                98.27328681945801,
                9.159978866577148
              ],
              [
                98.28223991394043,
                9.15672492980957
              ],
              [
                98.29566764831543,
                9.145170211791992
              ],
              [
                98.30787467956543,
                9.133001327514648
              ],
              [
                98.31739616394043,
                9.117132186889648
              ],
              [
                98.32276725769043,
                9.097967147827148
              ],
              [
                98.32301139831543,
                9.076238632202148
              ],
              [
                98.30201530456543,
                9.05516242980957
              ],
              [
                98.30933952331543,
                9.048978805541992
              ],
              [
                98.29444694519043,
                9.041570663452148
              ]
            ]
          ],
          [
            [
              [
                92.83198356628418,
                9.145025253295898
              ],
              [
                92.7995662689209,
                9.11015510559082
              ],
              [
                92.73121452331543,
                9.13084602355957
              ],
              [
                92.72022819519043,
                9.147123336791992
              ],
              [
                92.71168327331543,
                9.175115585327148
              ],
              [
                92.70850944519043,
                9.201604843139648
              ],
              [
                92.71388053894043,
                9.213445663452148
              ],
              [
                92.72926139831543,
                9.217840194702148
              ],
              [
                92.74513053894043,
                9.229070663452148
              ],
              [
                92.75440788269043,
                9.244451522827148
              ],
              [
                92.75098991394043,
                9.26121711730957
              ],
              [
                92.76303291320801,
                9.26414680480957
              ],
              [
                92.77271842956543,
                9.259222030639648
              ],
              [
                92.7952709197998,
                9.240819931030273
              ],
              [
                92.81137275695801,
                9.231172561645508
              ],
              [
                92.83384895324707,
                9.202360153198242
              ],
              [
                92.83198356628418,
                9.145025253295898
              ]
            ]
          ],
          [
            [
              [
                97.87615013122559,
                9.390203475952148
              ],
              [
                97.87183952331543,
                9.379583358764648
              ],
              [
                97.84001731872559,
                9.40428352355957
              ],
              [
                97.83529853820801,
                9.412054061889648
              ],
              [
                97.83773994445801,
                9.419340133666992
              ],
              [
                97.84359931945801,
                9.424955368041992
              ],
              [
                97.85084342956543,
                9.428373336791992
              ],
              [
                97.85727119445801,
                9.42869758605957
              ],
              [
                97.86842155456543,
                9.42039680480957
              ],
              [
                97.87468528747559,
                9.405706405639648
              ],
              [
                97.87615013122559,
                9.390203475952148
              ]
            ]
          ],
          [
            [
              [
                97.89820671081543,
                9.444974899291992
              ],
              [
                97.89478874206543,
                9.43870735168457
              ],
              [
                97.88697624206543,
                9.43821907043457
              ],
              [
                97.87721061706543,
                9.442083358764648
              ],
              [
                97.86988639831543,
                9.440740585327148
              ],
              [
                97.86996650695801,
                9.425237655639648
              ],
              [
                97.84962272644043,
                9.44212532043457
              ],
              [
                97.85328483581543,
                9.461370468139648
              ],
              [
                97.87183952331543,
                9.473051071166992
              ],
              [
                97.89527702331543,
                9.467351913452148
              ],
              [
                97.89942741394043,
                9.461126327514648
              ],
              [
                97.90015983581543,
                9.453069686889648
              ],
              [
                97.89820671081543,
                9.444974899291992
              ]
            ]
          ],
          [
            [
              [
                99.70346260070801,
                9.521306991577148
              ],
              [
                99.68148994445801,
                9.512884140014648
              ],
              [
                99.66814231872559,
                9.519193649291992
              ],
              [
                99.69874382019043,
                9.54222297668457
              ],
              [
                99.70346260070801,
                9.521306991577148
              ]
            ]
          ],
          [
            [
              [
                100.08595085144043,
                9.574529647827148
              ],
              [
                100.09066963195801,
                9.560941696166992
              ],
              [
                100.08009147644043,
                9.549993515014648
              ],
              [
                100.07179069519043,
                9.521673202514648
              ],
              [
                100.06861686706543,
                9.489812850952148
              ],
              [
                100.06088447570801,
                9.463811874389648
              ],
              [
                100.03199577331543,
                9.45018196105957
              ],
              [
                100.02963447570801,
                9.443548202514648
              ],
              [
                100.02882194519043,
                9.435697555541992
              ],
              [
                100.02589225769043,
                9.429143905639648
              ],
              [
                100.01930046081543,
                9.425725936889648
              ],
              [
                100.01156806945801,
                9.425481796264648
              ],
              [
                100.00359153747559,
                9.426214218139648
              ],
              [
                99.95631217956543,
                9.42161750793457
              ],
              [
                99.94662666320801,
                9.41819953918457
              ],
              [
                99.94076728820801,
                9.43748664855957
              ],
              [
                99.93669700622559,
                9.474554061889648
              ],
              [
                99.92628288269043,
                9.493963241577148
              ],
              [
                99.94117546081543,
                9.511869430541992
              ],
              [
                99.93962669372559,
                9.53026008605957
              ],
              [
                99.93116569519043,
                9.54857063293457
              ],
              [
                99.92628288269043,
                9.565984725952148
              ],
              [
                99.93629264831543,
                9.577703475952148
              ],
              [
                99.95948600769043,
                9.580755233764648
              ],
              [
                99.98471260070801,
                9.579008102416992
              ],
              [
                100.04371452331543,
                9.564153671264648
              ],
              [
                100.06234931945801,
                9.56736946105957
              ],
              [
                100.07016181945801,
                9.58641242980957
              ],
              [
                100.07585716247559,
                9.585027694702148
              ],
              [
                100.08595085144043,
                9.574529647827148
              ]
            ]
          ],
          [
            [
              [
                99.68043327331543,
                9.612211227416992
              ],
              [
                99.67807197570801,
                9.610418319702148
              ],
              [
                99.67677116394043,
                9.614568710327148
              ],
              [
                99.67530632019043,
                9.624456405639648
              ],
              [
                99.67823600769043,
                9.624090194702148
              ],
              [
                99.68018913269043,
                9.62254524230957
              ],
              [
                99.68181419372559,
                9.62083625793457
              ],
              [
                99.68425559997559,
                9.620023727416992
              ],
              [
                99.68043327331543,
                9.612211227416992
              ]
            ]
          ],
          [
            [
              [
                98.41667747497559,
                9.733465194702148
              ],
              [
                98.39812278747559,
                9.706243515014648
              ],
              [
                98.38493919372559,
                9.727933883666992
              ],
              [
                98.38966178894043,
                9.74241828918457
              ],
              [
                98.40211296081543,
                9.75584602355957
              ],
              [
                98.41163444519043,
                9.774564743041992
              ],
              [
                98.41163444519043,
                9.76829719543457
              ],
              [
                98.41781806945801,
                9.74705696105957
              ],
              [
                98.41667747497559,
                9.733465194702148
              ]
            ]
          ],
          [
            [
              [
                99.99789619445801,
                9.797269821166992
              ],
              [
                100.00782585144043,
                9.79637336730957
              ],
              [
                100.02613639831543,
                9.797758102416992
              ],
              [
                100.03541374206543,
                9.795598983764648
              ],
              [
                100.06723213195801,
                9.77562141418457
              ],
              [
                100.07927513122559,
                9.74241828918457
              ],
              [
                100.09010124206543,
                9.66526985168457
              ],
              [
                100.07862663269043,
                9.67381477355957
              ],
              [
                100.05404853820801,
                9.68773078918457
              ],
              [
                99.99919700622559,
                9.710355758666992
              ],
              [
                99.98764228820801,
                9.719915390014648
              ],
              [
                99.99333763122559,
                9.73167610168457
              ],
              [
                99.98991966247559,
                9.74290657043457
              ],
              [
                99.97055244445801,
                9.764593124389648
              ],
              [
                99.97071647644043,
                9.77122688293457
              ],
              [
                99.98357200622559,
                9.791936874389648
              ],
              [
                99.98764228820801,
                9.801824569702148
              ],
              [
                99.99789619445801,
                9.797269821166992
              ]
            ]
          ],
          [
            [
              [
                98.05746650695801,
                9.79686164855957
              ],
              [
                98.03761100769043,
                9.790716171264648
              ],
              [
                98.01832389831543,
                9.79490852355957
              ],
              [
                98.00806999206543,
                9.807439804077148
              ],
              [
                98.01539421081543,
                9.82640266418457
              ],
              [
                98.03028678894043,
                9.833402633666992
              ],
              [
                98.04607200622559,
                9.827947616577148
              ],
              [
                98.05689811706543,
                9.814359664916992
              ],
              [
                98.05746650695801,
                9.79686164855957
              ]
            ]
          ],
          [
            [
              [
                98.25440788269043,
                10.062688827514648
              ],
              [
                98.27515983581543,
                10.05565071105957
              ],
              [
                98.27963447570801,
                10.058660507202148
              ],
              [
                98.28248405456543,
                10.059392929077148
              ],
              [
                98.29566764831543,
                10.05565071105957
              ],
              [
                98.29566764831543,
                10.048894882202148
              ],
              [
                98.28004264831543,
                10.05101203918457
              ],
              [
                98.27393913269043,
                10.048040390014648
              ],
              [
                98.27369499206543,
                10.042181015014648
              ],
              [
                98.27515983581543,
                10.035833358764648
              ],
              [
                98.28101921081543,
                10.028387069702148
              ],
              [
                98.28940010070801,
                10.024320602416992
              ],
              [
                98.29411888122559,
                10.019109725952148
              ],
              [
                98.28825950622559,
                10.007963180541992
              ],
              [
                98.26921653747559,
                10.002592086791992
              ],
              [
                98.25815010070801,
                9.985990524291992
              ],
              [
                98.25123405456543,
                9.968328475952148
              ],
              [
                98.24390983581543,
                9.960111618041992
              ],
              [
                98.22779655456543,
                9.954008102416992
              ],
              [
                98.19353294372559,
                9.931463241577148
              ],
              [
                98.17896842956543,
                9.932806015014648
              ],
              [
                98.17546653747559,
                9.921453475952148
              ],
              [
                98.17091178894043,
                9.912260055541992
              ],
              [
                98.16847038269043,
                9.904607772827148
              ],
              [
                98.17156028747559,
                9.898099899291992
              ],
              [
                98.14576530456543,
                9.856840133666992
              ],
              [
                98.13347434997559,
                9.845609664916992
              ],
              [
                98.13119697570801,
                9.86448860168457
              ],
              [
                98.12061882019043,
                9.86131477355957
              ],
              [
                98.11720085144043,
                9.882024765014648
              ],
              [
                98.11817741394043,
                9.908514022827148
              ],
              [
                98.12037467956543,
                9.922552108764648
              ],
              [
                98.12428092956543,
                9.93138313293457
              ],
              [
                98.12745475769043,
                9.960111618041992
              ],
              [
                98.14063835144043,
                9.963285446166992
              ],
              [
                98.14820671081543,
                9.970365524291992
              ],
              [
                98.15186882019043,
                9.977445602416992
              ],
              [
                98.15447044372559,
                9.980619430541992
              ],
              [
                98.16016960144043,
                9.98411750793457
              ],
              [
                98.16431999206543,
                9.992254257202148
              ],
              [
                98.16781806945801,
                10.001409530639648
              ],
              [
                98.17156028747559,
                10.007963180541992
              ],
              [
                98.17896842956543,
                10.014104843139648
              ],
              [
                98.20573997497559,
                10.028997421264648
              ],
              [
                98.23463249206543,
                10.05418586730957
              ],
              [
                98.25440788269043,
                10.062688827514648
              ]
            ]
          ],
          [
            [
              [
                98.19532585144043,
                10.070501327514648
              ],
              [
                98.18580436706543,
                10.042058944702148
              ],
              [
                98.18580436706543,
                10.121160507202148
              ],
              [
                98.18360710144043,
                10.127019882202148
              ],
              [
                98.17384147644043,
                10.14012336730957
              ],
              [
                98.17156028747559,
                10.148138046264648
              ],
              [
                98.17530632019043,
                10.15941047668457
              ],
              [
                98.18189811706543,
                10.168607711791992
              ],
              [
                98.18523216247559,
                10.176824569702148
              ],
              [
                98.17896842956543,
                10.185453414916992
              ],
              [
                98.17896842956543,
                10.19285774230957
              ],
              [
                98.19605827331543,
                10.193181991577148
              ],
              [
                98.22218132019043,
                10.177923202514648
              ],
              [
                98.24049186706543,
                10.17234992980957
              ],
              [
                98.24089622497559,
                10.167791366577148
              ],
              [
                98.23951530456543,
                10.16649055480957
              ],
              [
                98.23682975769043,
                10.166410446166992
              ],
              [
                98.23365592956543,
                10.16551399230957
              ],
              [
                98.23072624206543,
                10.159574508666992
              ],
              [
                98.22779655456543,
                10.15526008605957
              ],
              [
                98.22771263122559,
                10.150823593139648
              ],
              [
                98.23365592956543,
                10.144475936889648
              ],
              [
                98.21843528747559,
                10.136175155639648
              ],
              [
                98.20777702331543,
                10.12864875793457
              ],
              [
                98.20142936706543,
                10.118070602416992
              ],
              [
                98.19532585144043,
                10.070501327514648
              ]
            ]
          ],
          [
            [
              [
                97.90870475769043,
                10.473455429077148
              ],
              [
                97.91944694519043,
                10.473089218139648
              ],
              [
                97.92506217956543,
                10.474065780639648
              ],
              [
                97.93067741394043,
                10.468168258666992
              ],
              [
                97.93531608581543,
                10.46116828918457
              ],
              [
                97.94353294372559,
                10.443792343139648
              ],
              [
                97.93848991394043,
                10.437810897827148
              ],
              [
                97.93336296081543,
                10.433744430541992
              ],
              [
                97.92677116394043,
                10.432035446166992
              ],
              [
                97.91773796081543,
                10.433050155639648
              ],
              [
                97.92693138122559,
                10.417181015014648
              ],
              [
                97.93189811706543,
                10.412015914916992
              ],
              [
                97.91016960144043,
                10.401922225952148
              ],
              [
                97.89381217956543,
                10.40599250793457
              ],
              [
                97.88941764831543,
                10.419988632202148
              ],
              [
                97.90406608581543,
                10.439275741577148
              ],
              [
                97.89779853820801,
                10.452093124389648
              ],
              [
                97.89340400695801,
                10.470769882202148
              ],
              [
                97.89625358581543,
                10.48753547668457
              ],
              [
                97.91147041320801,
                10.494535446166992
              ],
              [
                97.90260124206543,
                10.479314804077148
              ],
              [
                97.90870475769043,
                10.473455429077148
              ]
            ]
          ],
          [
            [
              [
                103.80486106872559,
                10.463201522827148
              ],
              [
                103.79469108581543,
                10.453557968139648
              ],
              [
                103.77833366394043,
                10.453802108764648
              ],
              [
                103.76384544372559,
                10.45652961730957
              ],
              [
                103.75196647644043,
                10.46458625793457
              ],
              [
                103.74342155456543,
                10.480863571166992
              ],
              [
                103.75172233581543,
                10.48314094543457
              ],
              [
                103.75587272644043,
                10.485990524291992
              ],
              [
                103.76392936706543,
                10.494535446166992
              ],
              [
                103.75733757019043,
                10.506498336791992
              ],
              [
                103.76042747497559,
                10.513822555541992
              ],
              [
                103.77027702331543,
                10.51658821105957
              ],
              [
                103.78443717956543,
                10.515043258666992
              ],
              [
                103.79859733581543,
                10.505437850952148
              ],
              [
                103.80592155456543,
                10.484319686889648
              ],
              [
                103.80486106872559,
                10.463201522827148
              ]
            ]
          ],
          [
            [
              [
                98.20736885070801,
                10.483465194702148
              ],
              [
                98.19272041320801,
                10.48240852355957
              ],
              [
                98.18531608581543,
                10.501165390014648
              ],
              [
                98.18971061706543,
                10.515569686889648
              ],
              [
                98.20199775695801,
                10.524320602416992
              ],
              [
                98.21794700622559,
                10.52855110168457
              ],
              [
                98.23365592956543,
                10.529363632202148
              ],
              [
                98.23243522644043,
                10.526922225952148
              ],
              [
                98.22982978820801,
                10.522405624389648
              ],
              [
                98.22868919372559,
                10.519964218139648
              ],
              [
                98.22185325622559,
                10.498113632202148
              ],
              [
                98.20736885070801,
                10.483465194702148
              ]
            ]
          ],
          [
            [
              [
                103.31755638122559,
                10.574407577514648
              ],
              [
                103.32472038269043,
                10.573881149291992
              ],
              [
                103.33155632019043,
                10.579534530639648
              ],
              [
                103.33415794372559,
                10.583929061889648
              ],
              [
                103.33595085144043,
                10.583440780639648
              ],
              [
                103.33888053894043,
                10.579778671264648
              ],
              [
                103.33888053894043,
                10.572416305541992
              ],
              [
                103.33464622497559,
                10.564603805541992
              ],
              [
                103.33009147644043,
                10.553533554077148
              ],
              [
                103.32349967956543,
                10.54515266418457
              ],
              [
                103.31275749206543,
                10.551664352416992
              ],
              [
                103.29216575622559,
                10.583158493041992
              ],
              [
                103.28516960144043,
                10.599065780639648
              ],
              [
                103.28907585144043,
                10.612737655639648
              ],
              [
                103.30250358581543,
                10.618108749389648
              ],
              [
                103.31381416320801,
                10.619451522827148
              ],
              [
                103.31950950622559,
                10.617338180541992
              ],
              [
                103.32154655456543,
                10.61033821105957
              ],
              [
                103.31186103820801,
                10.596624374389648
              ],
              [
                103.31120872497559,
                10.59202766418457
              ],
              [
                103.31080436706543,
                10.586980819702148
              ],
              [
                103.31251335144043,
                10.57908821105957
              ],
              [
                103.31755638122559,
                10.574407577514648
              ]
            ]
          ],
          [
            [
              [
                103.27735710144043,
                10.74095344543457
              ],
              [
                103.28297233581543,
                10.739408493041992
              ],
              [
                103.28940010070801,
                10.739896774291992
              ],
              [
                103.29493522644043,
                10.738431930541992
              ],
              [
                103.29713249206543,
                10.731023788452148
              ],
              [
                103.30144309997559,
                10.727201461791992
              ],
              [
                103.31007194519043,
                10.725896835327148
              ],
              [
                103.31755638122559,
                10.721097946166992
              ],
              [
                103.31820869445801,
                10.70677375793457
              ],
              [
                103.30502510070801,
                10.702215194702148
              ],
              [
                103.29322624206543,
                10.696599960327148
              ],
              [
                103.28370475769043,
                10.687650680541992
              ],
              [
                103.27735710144043,
                10.672674179077148
              ],
              [
                103.26872825622559,
                10.679632186889648
              ],
              [
                103.26417350769043,
                10.691228866577148
              ],
              [
                103.26173210144043,
                10.702054977416992
              ],
              [
                103.26002311706543,
                10.70677375793457
              ],
              [
                103.26075553894043,
                10.709173202514648
              ],
              [
                103.22885322570801,
                10.721097946166992
              ],
              [
                103.21363639831543,
                10.733343124389648
              ],
              [
                103.20191764831543,
                10.747625350952148
              ],
              [
                103.19849967956543,
                10.762357711791992
              ],
              [
                103.20834541320801,
                10.775701522827148
              ],
              [
                103.22852897644043,
                10.782659530639648
              ],
              [
                103.24513053894043,
                10.777982711791992
              ],
              [
                103.25880241394043,
                10.766790390014648
              ],
              [
                103.27052116394043,
                10.754583358764648
              ],
              [
                103.27271842956543,
                10.751287460327148
              ],
              [
                103.27467155456543,
                10.744329452514648
              ],
              [
                103.27735710144043,
                10.74095344543457
              ]
            ]
          ],
          [
            [
              [
                98.55323600769043,
                10.832830429077148
              ],
              [
                98.54151725769043,
                10.796209335327148
              ],
              [
                98.52711296081543,
                10.786931991577148
              ],
              [
                98.50953483581543,
                10.78660774230957
              ],
              [
                98.49838447570801,
                10.793607711791992
              ],
              [
                98.50416374206543,
                10.806097030639648
              ],
              [
                98.51295280456543,
                10.80955696105957
              ],
              [
                98.52068138122559,
                10.809270858764648
              ],
              [
                98.52638053894043,
                10.810857772827148
              ],
              [
                98.52849388122559,
                10.82005500793457
              ],
              [
                98.52556419372559,
                10.826848983764648
              ],
              [
                98.51832389831543,
                10.829496383666992
              ],
              [
                98.50912666320801,
                10.828313827514648
              ],
              [
                98.50050163269043,
                10.82347297668457
              ],
              [
                98.50050163269043,
                10.83714485168457
              ],
              [
                98.49488639831543,
                10.851263046264648
              ],
              [
                98.49146842956543,
                10.86668586730957
              ],
              [
                98.49089622497559,
                10.880804061889648
              ],
              [
                98.49366569519043,
                10.89109992980957
              ],
              [
                98.51881217956543,
                10.879095077514648
              ],
              [
                98.54224967956543,
                10.860052108764648
              ],
              [
                98.55323600769043,
                10.832830429077148
              ]
            ]
          ],
          [
            [
              [
                92.58211708068848,
                10.790262222290039
              ],
              [
                92.58509254455566,
                10.771268844604492
              ],
              [
                92.58698844909668,
                10.736295700073242
              ],
              [
                92.59805870056152,
                10.70930290222168
              ],
              [
                92.59590721130371,
                10.678365707397461
              ],
              [
                92.57449150085449,
                10.655485153198242
              ],
              [
                92.56123924255371,
                10.642557144165039
              ],
              [
                92.55105781555176,
                10.634603500366211
              ],
              [
                92.53983497619629,
                10.620668411254883
              ],
              [
                92.54176139831543,
                10.59172248840332
              ],
              [
                92.55596351623535,
                10.588674545288086
              ],
              [
                92.5742130279541,
                10.580625534057617
              ],
              [
                92.54667472839355,
                10.547780990600586
              ],
              [
                92.53542518615723,
                10.524862289428711
              ],
              [
                92.51302909851074,
                10.507970809936523
              ],
              [
                92.47955894470215,
                10.516073226928711
              ],
              [
                92.4633731842041,
                10.531103134155273
              ],
              [
                92.44413948059082,
                10.545145034790039
              ],
              [
                92.42178916931152,
                10.546205520629883
              ],
              [
                92.40646553039551,
                10.529268264770508
              ],
              [
                92.38411140441895,
                10.529329299926758
              ],
              [
                92.3780574798584,
                10.541330337524414
              ],
              [
                92.40255928039551,
                10.57520866394043
              ],
              [
                92.41385459899902,
                10.606119155883789
              ],
              [
                92.41700553894043,
                10.629060745239258
              ],
              [
                92.4089183807373,
                10.647054672241211
              ],
              [
                92.39067649841309,
                10.663087844848633
              ],
              [
                92.37948799133301,
                10.672121047973633
              ],
              [
                92.37858772277832,
                10.718072891235352
              ],
              [
                92.37867164611816,
                10.750040054321289
              ],
              [
                92.37568092346191,
                10.775030136108398
              ],
              [
                92.37672233581543,
                10.784021377563477
              ],
              [
                92.38587760925293,
                10.781980514526367
              ],
              [
                92.40726661682129,
                10.789892196655273
              ],
              [
                92.4154224395752,
                10.798864364624023
              ],
              [
                92.42259788513184,
                10.822835922241211
              ],
              [
                92.42896842956543,
                10.85081672668457
              ],
              [
                92.48279762268066,
                10.885622024536133
              ],
              [
                92.5275936126709,
                10.895467758178711
              ],
              [
                92.54887962341309,
                10.874372482299805
              ],
              [
                92.56506156921387,
                10.849309921264648
              ],
              [
                92.56798362731934,
                10.815301895141602
              ],
              [
                92.58211708068848,
                10.790262222290039
              ]
            ]
          ],
          [
            [
              [
                97.90919303894043,
                10.857244491577148
              ],
              [
                97.88355827331543,
                10.844549179077148
              ],
              [
                97.89063835144043,
                10.85472297668457
              ],
              [
                97.89454460144043,
                10.86424446105957
              ],
              [
                97.89454460144043,
                10.873968124389648
              ],
              [
                97.89039421081543,
                10.884954452514648
              ],
              [
                97.89633369445801,
                10.913274765014648
              ],
              [
                97.91195869445801,
                10.924261093139648
              ],
              [
                97.93197822570801,
                10.92405891418457
              ],
              [
                97.95183372497559,
                10.919095993041992
              ],
              [
                97.94125556945801,
                10.891546249389648
              ],
              [
                97.92774772644043,
                10.871976852416992
              ],
              [
                97.90919303894043,
                10.857244491577148
              ]
            ]
          ],
          [
            [
              [
                98.22201728820801,
                10.926664352416992
              ],
              [
                98.22559928894043,
                10.907415390014648
              ],
              [
                98.22681999206543,
                10.888090133666992
              ],
              [
                98.23178291320801,
                10.870267868041992
              ],
              [
                98.24366569519043,
                10.859281539916992
              ],
              [
                98.25733757019043,
                10.849920272827148
              ],
              [
                98.26775169372559,
                10.83714485168457
              ],
              [
                98.27068138122559,
                10.818670272827148
              ],
              [
                98.27076530456543,
                10.798894882202148
              ],
              [
                98.27638053894043,
                10.784490585327148
              ],
              [
                98.29566764831543,
                10.781927108764648
              ],
              [
                98.28687858581543,
                10.768949508666992
              ],
              [
                98.28297233581543,
                10.756536483764648
              ],
              [
                98.28532981872559,
                10.745061874389648
              ],
              [
                98.29566764831543,
                10.734685897827148
              ],
              [
                98.29054069519043,
                10.735258102416992
              ],
              [
                98.28923606872559,
                10.733587265014648
              ],
              [
                98.28931999206543,
                10.730619430541992
              ],
              [
                98.28825950622559,
                10.72728157043457
              ],
              [
                98.27662467956543,
                10.705144882202148
              ],
              [
                98.26783561706543,
                10.69651985168457
              ],
              [
                98.25074577331543,
                10.69310188293457
              ],
              [
                98.23682975769043,
                10.697332382202148
              ],
              [
                98.23219108581543,
                10.708318710327148
              ],
              [
                98.23365592956543,
                10.74095344543457
              ],
              [
                98.23780632019043,
                10.738187789916992
              ],
              [
                98.24049186706543,
                10.734685897827148
              ],
              [
                98.25554466247559,
                10.746404647827148
              ],
              [
                98.25163841247559,
                10.756010055541992
              ],
              [
                98.23365592956543,
                10.768255233764648
              ],
              [
                98.23390007019043,
                10.782865524291992
              ],
              [
                98.24195671081543,
                10.814397811889648
              ],
              [
                98.24049186706543,
                10.830961227416992
              ],
              [
                98.23658561706543,
                10.833646774291992
              ],
              [
                98.22291374206543,
                10.837797164916992
              ],
              [
                98.21998405456543,
                10.840887069702148
              ],
              [
                98.21949577331543,
                10.84984016418457
              ],
              [
                98.21851921081543,
                10.855619430541992
              ],
              [
                98.21632194519043,
                10.85984992980957
              ],
              [
                98.19874382019043,
                10.881658554077148
              ],
              [
                98.17896842956543,
                10.898588180541992
              ],
              [
                98.17677116394043,
                10.89402961730957
              ],
              [
                98.17335319519043,
                10.889310836791992
              ],
              [
                98.17156028747559,
                10.884954452514648
              ],
              [
                98.16529655456543,
                10.919095993041992
              ],
              [
                98.15577507019043,
                10.923978805541992
              ],
              [
                98.14674186706543,
                10.924505233764648
              ],
              [
                98.14015007019043,
                10.91990852355957
              ],
              [
                98.13746452331543,
                10.909124374389648
              ],
              [
                98.13103294372559,
                10.902898788452148
              ],
              [
                98.10027122497559,
                10.882024765014648
              ],
              [
                98.08961296081543,
                10.878118515014648
              ],
              [
                98.07740592956543,
                10.888090133666992
              ],
              [
                98.08619499206543,
                10.903959274291992
              ],
              [
                98.11012077331543,
                10.929349899291992
              ],
              [
                98.11296653747559,
                10.934026718139648
              ],
              [
                98.12631416320801,
                10.942205429077148
              ],
              [
                98.13119697570801,
                10.946355819702148
              ],
              [
                98.13331413269043,
                10.952947616577148
              ],
              [
                98.13673210144043,
                10.970647811889648
              ],
              [
                98.14088249206543,
                10.977445602416992
              ],
              [
                98.15349388122559,
                10.981145858764648
              ],
              [
                98.17188835144043,
                10.978666305541992
              ],
              [
                98.19117546081543,
                10.97117805480957
              ],
              [
                98.20573997497559,
                10.960027694702148
              ],
              [
                98.21558952331543,
                10.944524765014648
              ],
              [
                98.22201728820801,
                10.926664352416992
              ]
            ]
          ],
          [
            [
              [
                98.44027900695801,
                10.96556282043457
              ],
              [
                98.43295478820801,
                10.965032577514648
              ],
              [
                98.42953681945801,
                10.977727890014648
              ],
              [
                98.43287467956543,
                10.993597030639648
              ],
              [
                98.44255638122559,
                11.002996444702148
              ],
              [
                98.45142936706543,
                11.00193977355957
              ],
              [
                98.45289421081543,
                10.986272811889648
              ],
              [
                98.44801139831543,
                10.974309921264648
              ],
              [
                98.44027900695801,
                10.96556282043457
              ]
            ]
          ],
          [
            [
              [
                98.54151725769043,
                10.987981796264648
              ],
              [
                98.54314231872559,
                10.960111618041992
              ],
              [
                98.54151725769043,
                10.953802108764648
              ],
              [
                98.53394889831543,
                10.950834274291992
              ],
              [
                98.53004264831543,
                10.957181930541992
              ],
              [
                98.52849388122559,
                10.966947555541992
              ],
              [
                98.52849388122559,
                10.974309921264648
              ],
              [
                98.51881217956543,
                10.971097946166992
              ],
              [
                98.51205635070801,
                10.965238571166992
              ],
              [
                98.50847434997559,
                10.956853866577148
              ],
              [
                98.50798606872559,
                10.946355819702148
              ],
              [
                98.48585319519043,
                10.955877304077148
              ],
              [
                98.47706413269043,
                10.973699569702148
              ],
              [
                98.47836494445801,
                10.993352890014648
              ],
              [
                98.48682975769043,
                11.008451461791992
              ],
              [
                98.50318717956543,
                11.021146774291992
              ],
              [
                98.50953483581543,
                11.027738571166992
              ],
              [
                98.51417350769043,
                11.035795211791992
              ],
              [
                98.51588249206543,
                11.045354843139648
              ],
              [
                98.51344108581543,
                11.063055038452148
              ],
              [
                98.51417350769043,
                11.069890975952148
              ],
              [
                98.52467155456543,
                11.08665657043457
              ],
              [
                98.53191184997559,
                11.083806991577148
              ],
              [
                98.53712272644043,
                11.068914413452148
              ],
              [
                98.54460716247559,
                11.031194686889648
              ],
              [
                98.54517936706543,
                11.015935897827148
              ],
              [
                98.54151725769043,
                10.987981796264648
              ]
            ]
          ],
          [
            [
              [
                98.27515983581543,
                11.24803352355957
              ],
              [
                98.28101921081543,
                11.24583625793457
              ],
              [
                98.29005241394043,
                11.248113632202148
              ],
              [
                98.29835319519043,
                11.248601913452148
              ],
              [
                98.30201530456543,
                11.24119758605957
              ],
              [
                98.29509544372559,
                11.231145858764648
              ],
              [
                98.27955436706543,
                11.223211288452148
              ],
              [
                98.24732780456543,
                11.214506149291992
              ],
              [
                98.24732780456543,
                11.22752571105957
              ],
              [
                98.24317741394043,
                11.242986679077148
              ],
              [
                98.23219108581543,
                11.253812789916992
              ],
              [
                98.22185325622559,
                11.261907577514648
              ],
              [
                98.21998405456543,
                11.269109725952148
              ],
              [
                98.23170280456543,
                11.27391242980957
              ],
              [
                98.25245475769043,
                11.276067733764648
              ],
              [
                98.28142356872559,
                11.275945663452148
              ],
              [
                98.27467155456543,
                11.256292343139648
              ],
              [
                98.27515983581543,
                11.24803352355957
              ]
            ]
          ],
          [
            [
              [
                102.99366569519043,
                11.417058944702148
              ],
              [
                102.99545478820801,
                11.412542343139648
              ],
              [
                103.00668525695801,
                11.422063827514648
              ],
              [
                103.01637077331543,
                11.42308235168457
              ],
              [
                103.02418327331543,
                11.417181015014648
              ],
              [
                103.03663444519043,
                11.391996383666992
              ],
              [
                103.03728294372559,
                11.381170272827148
              ],
              [
                103.03614616394043,
                11.37083625793457
              ],
              [
                103.03712272644043,
                11.35789680480957
              ],
              [
                103.04176139831543,
                11.34666633605957
              ],
              [
                103.04688835144043,
                11.33812141418457
              ],
              [
                103.04867744445801,
                11.330877304077148
              ],
              [
                103.04330635070801,
                11.32371711730957
              ],
              [
                103.04859733581543,
                11.310125350952148
              ],
              [
                103.04786491394043,
                11.291448593139648
              ],
              [
                103.04330635070801,
                11.27342414855957
              ],
              [
                103.03712272644043,
                11.261663436889648
              ],
              [
                103.02345085144043,
                11.255193710327148
              ],
              [
                103.00758171081543,
                11.255071640014648
              ],
              [
                102.99806022644043,
                11.260198593139648
              ],
              [
                103.00294303894043,
                11.269109725952148
              ],
              [
                102.99195671081543,
                11.28001594543457
              ],
              [
                102.98853874206543,
                11.300931930541992
              ],
              [
                102.98927116394043,
                11.33738899230957
              ],
              [
                102.98170280456543,
                11.38011360168457
              ],
              [
                102.98145866394043,
                11.404691696166992
              ],
              [
                102.98927116394043,
                11.426176071166992
              ],
              [
                102.99089622497559,
                11.421819686889648
              ],
              [
                102.99366569519043,
                11.417058944702148
              ]
            ]
          ],
          [
            [
              [
                92.64600944519043,
                11.359075546264648
              ],
              [
                92.63502311706543,
                11.35789680480957
              ],
              [
                92.61964225769043,
                11.360746383666992
              ],
              [
                92.61085319519043,
                11.366155624389648
              ],
              [
                92.60377311706543,
                11.372503280639648
              ],
              [
                92.59351921081543,
                11.378362655639648
              ],
              [
                92.59897041320801,
                11.401311874389648
              ],
              [
                92.60084342956543,
                11.406316757202148
              ],
              [
                92.60816764831543,
                11.411321640014648
              ],
              [
                92.62387275695801,
                11.412504196166992
              ],
              [
                92.63119697570801,
                11.41624641418457
              ],
              [
                92.63722038269043,
                11.43016242980957
              ],
              [
                92.63526725769043,
                11.44700813293457
              ],
              [
                92.62761497497559,
                11.477361679077148
              ],
              [
                92.63559150695801,
                11.50804328918457
              ],
              [
                92.65414619445801,
                11.508123397827148
              ],
              [
                92.67506217956543,
                11.490423202514648
              ],
              [
                92.68971061706543,
                11.46776008605957
              ],
              [
                92.69630241394043,
                11.454412460327148
              ],
              [
                92.68971061706543,
                11.442533493041992
              ],
              [
                92.67970085144043,
                11.429388046264648
              ],
              [
                92.67652702331543,
                11.412542343139648
              ],
              [
                92.68507194519043,
                11.399358749389648
              ],
              [
                92.69679069519043,
                11.391790390014648
              ],
              [
                92.69988059997559,
                11.384428024291992
              ],
              [
                92.68279075622559,
                11.371526718139648
              ],
              [
                92.67318916320801,
                11.367338180541992
              ],
              [
                92.64600944519043,
                11.359075546264648
              ]
            ]
          ],
          [
            [
              [
                103.03492546081543,
                11.431707382202148
              ],
              [
                103.03028678894043,
                11.426176071166992
              ],
              [
                103.02035713195801,
                11.426946640014648
              ],
              [
                103.01954460144043,
                11.436956405639648
              ],
              [
                103.02345085144043,
                11.460355758666992
              ],
              [
                103.01441764831543,
                11.47654914855957
              ],
              [
                103.00131416320801,
                11.495267868041992
              ],
              [
                102.99586296081543,
                11.513738632202148
              ],
              [
                103.00912666320801,
                11.529241561889648
              ],
              [
                103.02638053894043,
                11.519109725952148
              ],
              [
                103.03028678894043,
                11.515569686889648
              ],
              [
                103.03248405456543,
                11.510404586791992
              ],
              [
                103.03240013122559,
                11.505559921264648
              ],
              [
                103.03126335144043,
                11.502264022827148
              ],
              [
                103.03028678894043,
                11.501897811889648
              ],
              [
                103.03532981872559,
                11.492498397827148
              ],
              [
                103.04656028747559,
                11.47606086730957
              ],
              [
                103.05079460144043,
                11.46776008605957
              ],
              [
                103.05079460144043,
                11.460355758666992
              ],
              [
                103.04615592956543,
                11.453313827514648
              ],
              [
                103.03492546081543,
                11.431707382202148
              ]
            ]
          ],
          [
            [
              [
                92.27320671081543,
                11.531072616577148
              ],
              [
                92.25212669372559,
                11.529241561889648
              ],
              [
                92.23454856872559,
                11.540349960327148
              ],
              [
                92.23023796081543,
                11.577337265014648
              ],
              [
                92.21729850769043,
                11.591253280639648
              ],
              [
                92.21729850769043,
                11.598089218139648
              ],
              [
                92.22868919372559,
                11.597723007202148
              ],
              [
                92.25489616394043,
                11.593816757202148
              ],
              [
                92.26677513122559,
                11.589544296264648
              ],
              [
                92.27808952331543,
                11.583806991577148
              ],
              [
                92.28687858581543,
                11.563177108764648
              ],
              [
                92.28500556945801,
                11.544012069702148
              ],
              [
                92.27320671081543,
                11.531072616577148
              ]
            ]
          ],
          [
            [
              [
                102.56999778747559,
                11.72093391418457
              ],
              [
                102.56413841247559,
                11.707952499389648
              ],
              [
                102.58961296081543,
                11.710027694702148
              ],
              [
                102.60597038269043,
                11.684514999389648
              ],
              [
                102.60816764831543,
                11.648344039916992
              ],
              [
                102.59156608581543,
                11.618597030639648
              ],
              [
                102.59156608581543,
                11.611761093139648
              ],
              [
                102.60572624206543,
                11.611761093139648
              ],
              [
                102.59718132019043,
                11.598539352416992
              ],
              [
                102.59457588195801,
                11.58885383605957
              ],
              [
                102.59831809997559,
                11.563383102416992
              ],
              [
                102.59156608581543,
                11.563383102416992
              ],
              [
                102.58473014831543,
                11.56883430480957
              ],
              [
                102.57699775695801,
                11.585027694702148
              ],
              [
                102.57162666320801,
                11.591253280639648
              ],
              [
                102.56218528747559,
                11.595647811889648
              ],
              [
                102.53004264831543,
                11.604925155639648
              ],
              [
                102.53793525695801,
                11.615789413452148
              ],
              [
                102.54249382019043,
                11.620672225952148
              ],
              [
                102.54420280456543,
                11.626043319702148
              ],
              [
                102.54371452331543,
                11.638494491577148
              ],
              [
                102.54078483581543,
                11.647893905639648
              ],
              [
                102.53093528747559,
                11.670354843139648
              ],
              [
                102.53004264831543,
                11.680082321166992
              ],
              [
                102.54981803894043,
                11.752347946166992
              ],
              [
                102.55518913269043,
                11.759832382202148
              ],
              [
                102.56413841247559,
                11.75511360168457
              ],
              [
                102.56837272644043,
                11.744047164916992
              ],
              [
                102.57081413269043,
                11.732816696166992
              ],
              [
                102.56999778747559,
                11.72093391418457
              ]
            ]
          ],
          [
            [
              [
                98.28354072570801,
                11.509428024291992
              ],
              [
                98.27515983581543,
                11.480779647827148
              ],
              [
                98.26775169372559,
                11.488225936889648
              ],
              [
                98.26588249206543,
                11.483060836791992
              ],
              [
                98.26352119445801,
                11.478826522827148
              ],
              [
                98.26156806945801,
                11.474187850952148
              ],
              [
                98.26091575622559,
                11.46776008605957
              ],
              [
                98.25172233581543,
                11.476507186889648
              ],
              [
                98.23764228820801,
                11.493803024291992
              ],
              [
                98.23365592956543,
                11.501897811889648
              ],
              [
                98.22673606872559,
                11.494291305541992
              ],
              [
                98.22348213195801,
                11.488836288452148
              ],
              [
                98.22364616394043,
                11.482976913452148
              ],
              [
                98.22681999206543,
                11.473943710327148
              ],
              [
                98.21013450622559,
                11.472723007202148
              ],
              [
                98.20199775695801,
                11.466253280639648
              ],
              [
                98.20460319519043,
                11.45848274230957
              ],
              [
                98.21998405456543,
                11.453519821166992
              ],
              [
                98.21029853820801,
                11.448919296264648
              ],
              [
                98.19890403747559,
                11.446477890014648
              ],
              [
                98.18702507019043,
                11.446439743041992
              ],
              [
                98.17652702331543,
                11.449163436889648
              ],
              [
                98.16529655456543,
                11.453519821166992
              ],
              [
                98.16488838195801,
                11.45848274230957
              ],
              [
                98.16529655456543,
                11.473943710327148
              ],
              [
                98.17506217956543,
                11.470891952514648
              ],
              [
                98.18409538269043,
                11.47264289855957
              ],
              [
                98.19223213195801,
                11.478666305541992
              ],
              [
                98.19947624206543,
                11.488225936889648
              ],
              [
                98.19646263122559,
                11.49705696105957
              ],
              [
                98.19264030456543,
                11.518011093139648
              ],
              [
                98.18897819519043,
                11.525823593139648
              ],
              [
                98.18751335144043,
                11.534978866577148
              ],
              [
                98.19646263122559,
                11.542387008666992
              ],
              [
                98.20753288269043,
                11.548406600952148
              ],
              [
                98.21314811706543,
                11.553411483764648
              ],
              [
                98.21095085144043,
                11.561468124389648
              ],
              [
                98.20631217956543,
                11.564764022827148
              ],
              [
                98.20167350769043,
                11.56907844543457
              ],
              [
                98.19947624206543,
                11.580472946166992
              ],
              [
                98.20265007019043,
                11.589178085327148
              ],
              [
                98.21681022644043,
                11.598943710327148
              ],
              [
                98.22291374206543,
                11.617582321166992
              ],
              [
                98.22974967956543,
                11.621000289916992
              ],
              [
                98.23658561706543,
                11.622259140014648
              ],
              [
                98.24049186706543,
                11.624822616577148
              ],
              [
                98.24089622497559,
                11.636175155639648
              ],
              [
                98.23463249206543,
                11.655584335327148
              ],
              [
                98.23365592956543,
                11.666410446166992
              ],
              [
                98.23845481872559,
                11.687078475952148
              ],
              [
                98.26775169372559,
                11.74144172668457
              ],
              [
                98.27247428894043,
                11.786077499389648
              ],
              [
                98.27833366394043,
                11.79979133605957
              ],
              [
                98.29184150695801,
                11.798894882202148
              ],
              [
                98.30665397644043,
                11.777410507202148
              ],
              [
                98.31820869445801,
                11.74998664855957
              ],
              [
                98.32301139831543,
                11.731267929077148
              ],
              [
                98.32008171081543,
                11.72191047668457
              ],
              [
                98.31348991394043,
                11.718694686889648
              ],
              [
                98.30640983581543,
                11.717473983764648
              ],
              [
                98.30201530456543,
                11.714178085327148
              ],
              [
                98.30030632019043,
                11.704778671264648
              ],
              [
                98.30201530456543,
                11.673246383666992
              ],
              [
                98.29005241394043,
                11.631658554077148
              ],
              [
                98.28785514831543,
                11.610906600952148
              ],
              [
                98.29566764831543,
                11.591253280639648
              ],
              [
                98.28256416320801,
                11.566350936889648
              ],
              [
                98.28354072570801,
                11.509428024291992
              ]
            ]
          ],
          [
            [
              [
                97.47690010070801,
                11.788236618041992
              ],
              [
                97.47966575622559,
                11.777982711791992
              ],
              [
                97.46452903747559,
                11.78245735168457
              ],
              [
                97.45924186706543,
                11.786199569702148
              ],
              [
                97.44434928894043,
                11.800237655639648
              ],
              [
                97.46290397644043,
                11.79979133605957
              ],
              [
                97.47690010070801,
                11.788236618041992
              ]
            ]
          ],
          [
            [
              [
                98.54371452331543,
                11.798978805541992
              ],
              [
                98.54900169372559,
                11.791570663452148
              ],
              [
                98.55241966247559,
                11.781644821166992
              ],
              [
                98.55518913269043,
                11.769437789916992
              ],
              [
                98.55640983581543,
                11.758733749389648
              ],
              [
                98.55551338195801,
                11.728094100952148
              ],
              [
                98.54607200622559,
                11.69920539855957
              ],
              [
                98.54900169372559,
                11.621732711791992
              ],
              [
                98.54574775695801,
                11.609037399291992
              ],
              [
                98.53158760070801,
                11.593328475952148
              ],
              [
                98.52849388122559,
                11.580472946166992
              ],
              [
                98.52955436706543,
                11.566801071166992
              ],
              [
                98.53419303894043,
                11.542631149291992
              ],
              [
                98.53532981872559,
                11.529241561889648
              ],
              [
                98.52418327331543,
                11.537015914916992
              ],
              [
                98.50855827331543,
                11.55589485168457
              ],
              [
                98.50050163269043,
                11.563383102416992
              ],
              [
                98.48975944519043,
                11.567205429077148
              ],
              [
                98.47681999206543,
                11.570257186889648
              ],
              [
                98.46518135070801,
                11.574895858764648
              ],
              [
                98.45899772644043,
                11.583806991577148
              ],
              [
                98.44190788269043,
                11.564115524291992
              ],
              [
                98.43238639831543,
                11.566717147827148
              ],
              [
                98.42921257019043,
                11.583158493041992
              ],
              [
                98.43165397644043,
                11.604925155639648
              ],
              [
                98.42384147644043,
                11.599065780639648
              ],
              [
                98.41911888122559,
                11.599554061889648
              ],
              [
                98.41570091247559,
                11.604436874389648
              ],
              [
                98.41163444519043,
                11.611761093139648
              ],
              [
                98.41863059997559,
                11.632268905639648
              ],
              [
                98.41041374206543,
                11.646062850952148
              ],
              [
                98.39771842956543,
                11.655462265014648
              ],
              [
                98.39128684997559,
                11.662992477416992
              ],
              [
                98.37940788269043,
                11.691106796264648
              ],
              [
                98.38209342956543,
                11.704168319702148
              ],
              [
                98.40553092956543,
                11.707952499389648
              ],
              [
                98.39926338195801,
                11.716131210327148
              ],
              [
                98.38136100769043,
                11.731351852416992
              ],
              [
                98.37761497497559,
                11.73802375793457
              ],
              [
                98.37989616394043,
                11.750921249389648
              ],
              [
                98.38559150695801,
                11.755521774291992
              ],
              [
                98.39242744445801,
                11.75731086730957
              ],
              [
                98.39812278747559,
                11.76194953918457
              ],
              [
                98.40260124206543,
                11.76390266418457
              ],
              [
                98.41041374206543,
                11.768621444702148
              ],
              [
                98.41309928894043,
                11.773382186889648
              ],
              [
                98.40170478820801,
                11.775579452514648
              ],
              [
                98.39088249206543,
                11.77537727355957
              ],
              [
                98.38209342956543,
                11.776189804077148
              ],
              [
                98.37533760070801,
                11.780096054077148
              ],
              [
                98.37077903747559,
                11.789251327514648
              ],
              [
                98.39372825622559,
                11.794012069702148
              ],
              [
                98.43824577331543,
                11.787054061889648
              ],
              [
                98.45281028747559,
                11.789251327514648
              ],
              [
                98.44947624206543,
                11.793279647827148
              ],
              [
                98.44760322570801,
                11.796087265014648
              ],
              [
                98.44532585144043,
                11.803617477416992
              ],
              [
                98.45834541320801,
                11.803373336791992
              ],
              [
                98.48682975769043,
                11.796087265014648
              ],
              [
                98.49887275695801,
                11.798040390014648
              ],
              [
                98.52214622497559,
                11.804754257202148
              ],
              [
                98.53532981872559,
                11.803617477416992
              ],
              [
                98.54371452331543,
                11.798978805541992
              ]
            ]
          ],
          [
            [
              [
                98.05241966247559,
                11.749418258666992
              ],
              [
                98.05795478820801,
                11.729070663452148
              ],
              [
                98.08228874206543,
                11.734685897827148
              ],
              [
                98.08073997497559,
                11.72264289855957
              ],
              [
                98.07472038269043,
                11.71336555480957
              ],
              [
                98.06568717956543,
                11.706365585327148
              ],
              [
                98.05543327331543,
                11.701116561889648
              ],
              [
                98.06348991394043,
                11.69725227355957
              ],
              [
                98.06772041320801,
                11.691068649291992
              ],
              [
                98.06755638122559,
                11.682928085327148
              ],
              [
                98.06169700622559,
                11.673246383666992
              ],
              [
                98.07911491394043,
                11.65379524230957
              ],
              [
                98.08529853820801,
                11.644926071166992
              ],
              [
                98.08961296081543,
                11.632268905639648
              ],
              [
                98.06511497497559,
                11.646390914916992
              ],
              [
                98.05738639831543,
                11.653142929077148
              ],
              [
                98.05543327331543,
                11.659574508666992
              ],
              [
                98.04932975769043,
                11.664701461791992
              ],
              [
                98.03435325622559,
                11.686834335327148
              ],
              [
                98.01661491394043,
                11.69749641418457
              ],
              [
                98.01173210144043,
                11.704740524291992
              ],
              [
                98.02442741394043,
                11.707952499389648
              ],
              [
                98.02833366394043,
                11.717191696166992
              ],
              [
                98.02857780456543,
                11.737005233764648
              ],
              [
                98.02247428894043,
                11.755804061889648
              ],
              [
                98.00709342956543,
                11.76194953918457
              ],
              [
                98.01189231872559,
                11.787260055541992
              ],
              [
                97.99976921081543,
                11.84178352355957
              ],
              [
                98.01392936706543,
                11.86497688293457
              ],
              [
                98.01197624206543,
                11.82737922668457
              ],
              [
                98.01392936706543,
                11.816595077514648
              ],
              [
                98.01930046081543,
                11.810491561889648
              ],
              [
                98.04493522644043,
                11.789251327514648
              ],
              [
                98.05225944519043,
                11.776029586791992
              ],
              [
                98.05241966247559,
                11.749418258666992
              ]
            ]
          ],
          [
            [
              [
                97.66667747497559,
                11.863431930541992
              ],
              [
                97.67188835144043,
                11.837713241577148
              ],
              [
                97.66773796081543,
                11.838285446166992
              ],
              [
                97.65089225769043,
                11.844549179077148
              ],
              [
                97.64283561706543,
                11.86766242980957
              ],
              [
                97.64356803894043,
                11.88035774230957
              ],
              [
                97.66440010070801,
                11.905950546264648
              ],
              [
                97.67448997497559,
                11.89744758605957
              ],
              [
                97.67848014831543,
                11.887884140014648
              ],
              [
                97.67628288269043,
                11.877836227416992
              ],
              [
                97.66822624206543,
                11.868108749389648
              ],
              [
                97.66667747497559,
                11.863431930541992
              ]
            ]
          ],
          [
            [
              [
                98.28419303894043,
                11.86546516418457
              ],
              [
                98.27369499206543,
                11.853338241577148
              ],
              [
                98.26148796081543,
                11.853910446166992
              ],
              [
                98.25416374206543,
                11.85814094543457
              ],
              [
                98.25391960144043,
                11.883855819702148
              ],
              [
                98.25652122497559,
                11.902532577514648
              ],
              [
                98.26539421081543,
                11.908514022827148
              ],
              [
                98.28484153747559,
                11.896062850952148
              ],
              [
                98.28907585144043,
                11.882390975952148
              ],
              [
                98.28419303894043,
                11.86546516418457
              ]
            ]
          ],
          [
            [
              [
                98.26156806945801,
                11.926176071166992
              ],
              [
                98.25375556945801,
                11.92308235168457
              ],
              [
                98.24610710144043,
                11.925443649291992
              ],
              [
                98.22706413269043,
                11.953924179077148
              ],
              [
                98.23585319519043,
                11.968328475952148
              ],
              [
                98.25221061706543,
                11.974760055541992
              ],
              [
                98.26091575622559,
                11.971136093139648
              ],
              [
                98.26270866394043,
                11.96165657043457
              ],
              [
                98.26872825622559,
                11.942289352416992
              ],
              [
                98.26775169372559,
                11.933904647827148
              ],
              [
                98.26156806945801,
                11.926176071166992
              ]
            ]
          ],
          [
            [
              [
                93.06641960144043,
                11.899114608764648
              ],
              [
                93.04932975769043,
                11.896146774291992
              ],
              [
                93.03541374206543,
                11.911931991577148
              ],
              [
                93.02654075622559,
                11.93162727355957
              ],
              [
                93.02491569519043,
                11.940130233764648
              ],
              [
                93.01539421081543,
                11.945989608764648
              ],
              [
                93.00131416320801,
                11.94920539855957
              ],
              [
                92.99057197570801,
                11.954412460327148
              ],
              [
                92.98023796081543,
                11.963689804077148
              ],
              [
                92.97445869445801,
                11.972234725952148
              ],
              [
                92.96754264831543,
                11.978582382202148
              ],
              [
                92.95313835144043,
                11.981107711791992
              ],
              [
                92.94703483581543,
                11.989690780639648
              ],
              [
                92.95720481872559,
                12.008695602416992
              ],
              [
                92.97218132019043,
                12.027738571166992
              ],
              [
                92.98072624206543,
                12.036321640014648
              ],
              [
                93.01466178894043,
                12.037176132202148
              ],
              [
                93.02540397644043,
                12.031560897827148
              ],
              [
                93.01856803894043,
                12.015813827514648
              ],
              [
                93.04037666320801,
                11.969060897827148
              ],
              [
                93.04249382019043,
                11.96116828918457
              ],
              [
                93.04867744445801,
                11.952787399291992
              ],
              [
                93.06641960144043,
                11.899114608764648
              ]
            ]
          ],
          [
            [
              [
                98.51986885070801,
                12.007024765014648
              ],
              [
                98.54151725769043,
                11.995306015014648
              ],
              [
                98.55958366394043,
                12.000799179077148
              ],
              [
                98.57472038269043,
                11.992986679077148
              ],
              [
                98.60352897644043,
                11.967435836791992
              ],
              [
                98.64234733581543,
                11.95750617980957
              ],
              [
                98.65919303894043,
                11.948675155639648
              ],
              [
                98.65821647644043,
                11.933904647827148
              ],
              [
                98.65821647644043,
                11.940130233764648
              ],
              [
                98.63136100769043,
                11.93211555480957
              ],
              [
                98.57260322570801,
                11.93162727355957
              ],
              [
                98.55201530456543,
                11.92332649230957
              ],
              [
                98.53565788269043,
                11.908880233764648
              ],
              [
                98.51588249206543,
                11.895902633666992
              ],
              [
                98.49577903747559,
                11.888494491577148
              ],
              [
                98.47804069519043,
                11.890935897827148
              ],
              [
                98.46339225769043,
                11.920804977416992
              ],
              [
                98.45973014831543,
                11.933660507202148
              ],
              [
                98.45899772644043,
                11.947576522827148
              ],
              [
                98.46168327331543,
                11.955511093139648
              ],
              [
                98.47120475769043,
                11.970281600952148
              ],
              [
                98.47315788269043,
                11.977972030639648
              ],
              [
                98.47096061706543,
                11.988103866577148
              ],
              [
                98.46583366394043,
                11.99266242980957
              ],
              [
                98.45915794372559,
                11.996160507202148
              ],
              [
                98.44825553894043,
                12.007719039916992
              ],
              [
                98.44369697570801,
                12.010686874389648
              ],
              [
                98.44027900695801,
                12.01536750793457
              ],
              [
                98.43913841247559,
                12.025785446166992
              ],
              [
                98.43913841247559,
                12.056791305541992
              ],
              [
                98.43116569519043,
                12.08763313293457
              ],
              [
                98.43092155456543,
                12.100652694702148
              ],
              [
                98.43913841247559,
                12.112005233764648
              ],
              [
                98.44556999206543,
                12.101385116577148
              ],
              [
                98.47315788269043,
                12.077299118041992
              ],
              [
                98.49366569519043,
                12.04930305480957
              ],
              [
                98.50953483581543,
                12.016790390014648
              ],
              [
                98.51986885070801,
                12.007024765014648
              ]
            ]
          ],
          [
            [
              [
                102.26628684997559,
                12.152410507202148
              ],
              [
                102.29322624206543,
                12.145414352416992
              ],
              [
                102.31088447570801,
                12.146184921264648
              ],
              [
                102.34278678894043,
                12.123601913452148
              ],
              [
                102.35523796081543,
                12.11131477355957
              ],
              [
                102.36622428894043,
                12.097806930541992
              ],
              [
                102.37810325622559,
                12.071844100952148
              ],
              [
                102.38656806945801,
                12.05833625793457
              ],
              [
                102.39967155456543,
                12.04930305480957
              ],
              [
                102.39967155456543,
                12.043157577514648
              ],
              [
                102.40650749206543,
                12.036321640014648
              ],
              [
                102.41700553894043,
                12.017766952514648
              ],
              [
                102.43214225769043,
                12.000394821166992
              ],
              [
                102.44312858581543,
                11.983709335327148
              ],
              [
                102.44117546081543,
                11.967435836791992
              ],
              [
                102.42750358581543,
                11.961370468139648
              ],
              [
                102.41098213195801,
                11.971502304077148
              ],
              [
                102.37916374206543,
                12.002836227416992
              ],
              [
                102.37598991394043,
                11.991155624389648
              ],
              [
                102.37794303894043,
                11.979642868041992
              ],
              [
                102.37615013122559,
                11.970891952514648
              ],
              [
                102.36215400695801,
                11.967435836791992
              ],
              [
                102.34913444519043,
                11.968900680541992
              ],
              [
                102.31088447570801,
                11.981107711791992
              ],
              [
                102.31088447570801,
                11.97484016418457
              ],
              [
                102.31381416320801,
                11.971380233764648
              ],
              [
                102.31837272644043,
                11.96116828918457
              ],
              [
                102.31226921081543,
                11.966131210327148
              ],
              [
                102.30640983581543,
                11.969793319702148
              ],
              [
                102.29948997497559,
                11.972478866577148
              ],
              [
                102.29037666320801,
                11.97484016418457
              ],
              [
                102.29037666320801,
                11.981107711791992
              ],
              [
                102.29411888122559,
                11.994695663452148
              ],
              [
                102.29420280456543,
                12.056791305541992
              ],
              [
                102.28468132019043,
                12.066839218139648
              ],
              [
                102.25636100769043,
                12.131902694702148
              ],
              [
                102.27003288269043,
                12.131902694702148
              ],
              [
                102.26596260070801,
                12.13890266418457
              ],
              [
                102.26173210144043,
                12.144437789916992
              ],
              [
                102.25636100769043,
                12.148992538452148
              ],
              [
                102.24952507019043,
                12.153020858764648
              ],
              [
                102.26628684997559,
                12.152410507202148
              ]
            ]
          ],
          [
            [
              [
                93.10328483581543,
                12.10203742980957
              ],
              [
                93.09425163269043,
                12.090970993041992
              ],
              [
                93.08546257019043,
                12.095853805541992
              ],
              [
                93.07423210144043,
                12.11033821105957
              ],
              [
                93.06430244445801,
                12.127141952514648
              ],
              [
                93.05958366394043,
                12.138738632202148
              ],
              [
                93.05933952331543,
                12.15355110168457
              ],
              [
                93.06153678894043,
                12.172307968139648
              ],
              [
                93.06625556945801,
                12.189847946166992
              ],
              [
                93.07325553894043,
                12.200834274291992
              ],
              [
                93.08204460144043,
                12.204778671264648
              ],
              [
                93.09107780456543,
                12.204252243041992
              ],
              [
                93.09848213195801,
                12.199407577514648
              ],
              [
                93.10328483581543,
                12.190496444702148
              ],
              [
                93.10377311706543,
                12.187932968139648
              ],
              [
                93.10385322570801,
                12.18528938293457
              ],
              [
                93.10328483581543,
                12.180082321166992
              ],
              [
                93.09620475769043,
                12.158758163452148
              ],
              [
                93.09498405456543,
                12.151762008666992
              ],
              [
                93.10230827331543,
                12.119535446166992
              ],
              [
                93.10328483581543,
                12.10203742980957
              ]
            ]
          ],
          [
            [
              [
                93.87281608581543,
                12.268865585327148
              ],
              [
                93.85377311706543,
                12.260564804077148
              ],
              [
                93.85190010070801,
                12.271551132202148
              ],
              [
                93.86060905456543,
                12.281194686889648
              ],
              [
                93.87281608581543,
                12.268865585327148
              ]
            ]
          ],
          [
            [
              [
                98.09815788269043,
                12.199285507202148
              ],
              [
                98.09644889831543,
                12.187162399291992
              ],
              [
                98.10580635070801,
                12.192205429077148
              ],
              [
                98.11947822570801,
                12.197576522827148
              ],
              [
                98.13184928894043,
                12.198553085327148
              ],
              [
                98.13746452331543,
                12.190580368041992
              ],
              [
                98.14015007019043,
                12.148382186889648
              ],
              [
                98.13746452331543,
                12.138738632202148
              ],
              [
                98.12965202331543,
                12.153715133666992
              ],
              [
                98.11671257019043,
                12.165472030639648
              ],
              [
                98.10035514831543,
                12.169012069702148
              ],
              [
                98.08228874206543,
                12.15916633605957
              ],
              [
                98.07667350769043,
                12.161931991577148
              ],
              [
                98.07472038269043,
                12.163396835327148
              ],
              [
                98.07309150695801,
                12.164945602416992
              ],
              [
                98.05933952331543,
                12.18797492980957
              ],
              [
                98.03940010070801,
                12.207342147827148
              ],
              [
                98.03435325622559,
                12.221258163452148
              ],
              [
                98.03712272644043,
                12.239408493041992
              ],
              [
                98.04615592956543,
                12.262029647827148
              ],
              [
                98.05909538269043,
                12.281400680541992
              ],
              [
                98.07252311706543,
                12.28953742980957
              ],
              [
                98.09181022644043,
                12.288640975952148
              ],
              [
                98.10824775695801,
                12.28465461730957
              ],
              [
                98.11947822570801,
                12.275579452514648
              ],
              [
                98.12379264831543,
                12.259466171264648
              ],
              [
                98.12330436706543,
                12.249662399291992
              ],
              [
                98.11988639831543,
                12.230131149291992
              ],
              [
                98.11695671081543,
                12.221258163452148
              ],
              [
                98.11150169372559,
                12.213933944702148
              ],
              [
                98.10426139831543,
                12.207342147827148
              ],
              [
                98.09815788269043,
                12.199285507202148
              ]
            ]
          ],
          [
            [
              [
                98.09644889831543,
                12.365301132202148
              ],
              [
                98.08773994445801,
                12.360052108764648
              ],
              [
                98.08155632019043,
                12.36058235168457
              ],
              [
                98.07472038269043,
                12.36351203918457
              ],
              [
                98.06527900695801,
                12.365301132202148
              ],
              [
                98.06446647644043,
                12.359807968139648
              ],
              [
                98.04802513122559,
                12.330511093139648
              ],
              [
                98.03956413269043,
                12.32249641418457
              ],
              [
                98.02947044372559,
                12.315984725952148
              ],
              [
                98.01889228820801,
                12.311674118041992
              ],
              [
                98.01051139831543,
                12.31004524230957
              ],
              [
                98.00831413269043,
                12.304388046264648
              ],
              [
                98.00025749206543,
                12.26902961730957
              ],
              [
                97.99098014831543,
                12.286527633666992
              ],
              [
                97.98658561706543,
                12.28953742980957
              ],
              [
                97.98243522644043,
                12.30638313293457
              ],
              [
                97.96949577331543,
                12.308050155639648
              ],
              [
                97.95509147644043,
                12.305486679077148
              ],
              [
                97.94556999206543,
                12.31004524230957
              ],
              [
                97.94841575622559,
                12.323797225952148
              ],
              [
                97.96095085144043,
                12.334379196166992
              ],
              [
                97.97104072570801,
                12.344877243041992
              ],
              [
                97.96607780456543,
                12.358465194702148
              ],
              [
                97.95297431945801,
                12.348943710327148
              ],
              [
                97.94898796081543,
                12.344305038452148
              ],
              [
                97.94556999206543,
                12.337957382202148
              ],
              [
                97.93816184997559,
                12.337957382202148
              ],
              [
                97.93995475769043,
                12.366277694702148
              ],
              [
                97.95460319519043,
                12.377752304077148
              ],
              [
                97.97575950622559,
                12.383855819702148
              ],
              [
                98.00700950622559,
                12.40159797668457
              ],
              [
                98.01783561706543,
                12.402654647827148
              ],
              [
                98.02345085144043,
                12.398748397827148
              ],
              [
                98.01759147644043,
                12.38914680480957
              ],
              [
                98.00782585144043,
                12.38011360168457
              ],
              [
                98.00359153747559,
                12.373723983764648
              ],
              [
                98.00538444519043,
                12.367338180541992
              ],
              [
                98.01392936706543,
                12.358465194702148
              ],
              [
                98.02711296081543,
                12.361028671264648
              ],
              [
                98.03248405456543,
                12.360540390014648
              ],
              [
                98.04176139831543,
                12.358465194702148
              ],
              [
                98.04135322570801,
                12.36912727355957
              ],
              [
                98.04224967956543,
                12.380277633666992
              ],
              [
                98.04558372497559,
                12.389066696166992
              ],
              [
                98.06365013122559,
                12.397771835327148
              ],
              [
                98.06934928894043,
                12.409368515014648
              ],
              [
                98.07252311706543,
                12.421209335327148
              ],
              [
                98.07594108581543,
                12.427396774291992
              ],
              [
                98.09058952331543,
                12.422307968139648
              ],
              [
                98.10124778747559,
                12.40477180480957
              ],
              [
                98.10450553894043,
                12.38304328918457
              ],
              [
                98.09644889831543,
                12.365301132202148
              ]
            ]
          ],
          [
            [
              [
                98.50855827331543,
                12.410306930541992
              ],
              [
                98.49561882019043,
                12.405828475952148
              ],
              [
                98.48210716247559,
                12.410589218139648
              ],
              [
                98.47429466247559,
                12.424993515014648
              ],
              [
                98.48853874206543,
                12.493314743041992
              ],
              [
                98.49984931945801,
                12.513090133666992
              ],
              [
                98.51417350769043,
                12.49559211730957
              ],
              [
                98.51685905456543,
                12.479436874389648
              ],
              [
                98.51417350769043,
                12.423650741577148
              ],
              [
                98.50855827331543,
                12.410306930541992
              ]
            ]
          ],
          [
            [
              [
                98.28288841247559,
                12.503850936889648
              ],
              [
                98.26051139831543,
                12.495267868041992
              ],
              [
                98.23682975769043,
                12.50609016418457
              ],
              [
                98.23023796081543,
                12.516996383666992
              ],
              [
                98.22974967956543,
                12.527410507202148
              ],
              [
                98.23365592956543,
                12.553655624389648
              ],
              [
                98.23682975769043,
                12.55687141418457
              ],
              [
                98.24390983581543,
                12.557806015014648
              ],
              [
                98.25082588195801,
                12.560209274291992
              ],
              [
                98.25416374206543,
                12.56761360168457
              ],
              [
                98.25684928894043,
                12.57420539855957
              ],
              [
                98.26246452331543,
                12.568792343139648
              ],
              [
                98.26734733581543,
                12.560247421264648
              ],
              [
                98.26775169372559,
                12.557073593139648
              ],
              [
                98.28988838195801,
                12.526311874389648
              ],
              [
                98.28288841247559,
                12.503850936889648
              ]
            ]
          ],
          [
            [
              [
                97.86182975769043,
                12.55980110168457
              ],
              [
                97.84994697570801,
                12.537260055541992
              ],
              [
                97.84962272644043,
                12.541814804077148
              ],
              [
                97.84782981872559,
                12.54442024230957
              ],
              [
                97.84522819519043,
                12.546781539916992
              ],
              [
                97.84254264831543,
                12.550237655639648
              ],
              [
                97.84083366394043,
                12.55687141418457
              ],
              [
                97.83904075622559,
                12.558012008666992
              ],
              [
                97.83546257019043,
                12.558050155639648
              ],
              [
                97.82943916320801,
                12.557073593139648
              ],
              [
                97.82943916320801,
                12.564519882202148
              ],
              [
                97.83399772644043,
                12.570745468139648
              ],
              [
                97.83106803894043,
                12.57420539855957
              ],
              [
                97.82569694519043,
                12.57859992980957
              ],
              [
                97.82276725769043,
                12.587469100952148
              ],
              [
                97.82699775695801,
                12.590726852416992
              ],
              [
                97.83627510070801,
                12.595403671264648
              ],
              [
                97.84571647644043,
                12.597967147827148
              ],
              [
                97.84994697570801,
                12.594633102416992
              ],
              [
                97.85401725769043,
                12.578191757202148
              ],
              [
                97.86052513122559,
                12.570013046264648
              ],
              [
                97.86182975769043,
                12.55980110168457
              ]
            ]
          ],
          [
            [
              [
                98.40121650695801,
                12.571683883666992
              ],
              [
                98.42546653747559,
                12.529729843139648
              ],
              [
                98.42921257019043,
                12.555486679077148
              ],
              [
                98.43816184997559,
                12.58738899230957
              ],
              [
                98.45094108581543,
                12.60399055480957
              ],
              [
                98.46632194519043,
                12.58372688293457
              ],
              [
                98.47071647644043,
                12.555974960327148
              ],
              [
                98.47022819519043,
                12.517522811889648
              ],
              [
                98.46534538269043,
                12.480657577514648
              ],
              [
                98.45582389831543,
                12.45775032043457
              ],
              [
                98.39128684997559,
                12.361516952514648
              ],
              [
                98.34994697570801,
                12.32591438293457
              ],
              [
                98.30201530456543,
                12.337957382202148
              ],
              [
                98.31129264831543,
                12.359769821166992
              ],
              [
                98.31560325622559,
                12.365301132202148
              ],
              [
                98.31902122497559,
                12.386381149291992
              ],
              [
                98.33302116394043,
                12.427396774291992
              ],
              [
                98.33611106872559,
                12.45091438293457
              ],
              [
                98.33424186706543,
                12.460027694702148
              ],
              [
                98.32553291320801,
                12.474065780639648
              ],
              [
                98.32113838195801,
                12.48704719543457
              ],
              [
                98.31657981872559,
                12.490423202514648
              ],
              [
                98.31560325622559,
                12.49559211730957
              ],
              [
                98.31950950622559,
                12.50145149230957
              ],
              [
                98.32740592956543,
                12.506742477416992
              ],
              [
                98.33383369445801,
                12.512357711791992
              ],
              [
                98.33302116394043,
                12.519231796264648
              ],
              [
                98.31413841247559,
                12.553289413452148
              ],
              [
                98.30274772644043,
                12.598577499389648
              ],
              [
                98.30201530456543,
                12.646306991577148
              ],
              [
                98.31560325622559,
                12.687444686889648
              ],
              [
                98.33302116394043,
                12.671209335327148
              ],
              [
                98.38746452331543,
                12.657659530639648
              ],
              [
                98.40553092956543,
                12.638982772827148
              ],
              [
                98.40553092956543,
                12.630033493041992
              ],
              [
                98.39812278747559,
                12.587469100952148
              ],
              [
                98.40121650695801,
                12.571683883666992
              ]
            ]
          ],
          [
            [
              [
                97.86353874206543,
                12.76683235168457
              ],
              [
                97.85255241394043,
                12.766263961791992
              ],
              [
                97.83692741394043,
                12.77244758605957
              ],
              [
                97.83529853820801,
                12.792791366577148
              ],
              [
                97.84181022644043,
                12.805814743041992
              ],
              [
                97.85279655456543,
                12.806547164916992
              ],
              [
                97.86459541320801,
                12.790227890014648
              ],
              [
                97.86801338195801,
                12.774808883666992
              ],
              [
                97.86353874206543,
                12.76683235168457
              ]
            ]
          ],
          [
            [
              [
                92.69467353820801,
                12.803777694702148
              ],
              [
                92.68279075622559,
                12.797307968139648
              ],
              [
                92.67025947570801,
                12.86766242980957
              ],
              [
                92.67286491394043,
                12.878606796264648
              ],
              [
                92.67774772644043,
                12.89036750793457
              ],
              [
                92.68490791320801,
                12.94505500793457
              ],
              [
                92.68279075622559,
                12.961736679077148
              ],
              [
                92.69508171081543,
                12.973455429077148
              ],
              [
                92.70240592956543,
                12.983060836791992
              ],
              [
                92.70834541320801,
                12.988676071166992
              ],
              [
                92.71697044372559,
                12.988470077514648
              ],
              [
                92.72250556945801,
                12.985784530639648
              ],
              [
                92.72706413269043,
                12.982000350952148
              ],
              [
                92.73072624206543,
                12.977483749389648
              ],
              [
                92.73308372497559,
                12.972478866577148
              ],
              [
                92.73747825622559,
                12.961736679077148
              ],
              [
                92.73219108581543,
                12.945707321166992
              ],
              [
                92.72999382019043,
                12.895208358764648
              ],
              [
                92.72437858581543,
                12.872381210327148
              ],
              [
                92.71762275695801,
                12.862211227416992
              ],
              [
                92.70150947570801,
                12.844427108764648
              ],
              [
                92.69711494445801,
                12.838201522827148
              ],
              [
                92.69508171081543,
                12.825101852416992
              ],
              [
                92.69654655456543,
                12.813299179077148
              ],
              [
                92.69467353820801,
                12.803777694702148
              ]
            ]
          ],
          [
            [
              [
                98.29566764831543,
                13.084661483764648
              ],
              [
                98.30348014831543,
                13.08299446105957
              ],
              [
                98.31039619445801,
                13.088041305541992
              ],
              [
                98.31853294372559,
                13.091375350952148
              ],
              [
                98.32984733581543,
                13.084661483764648
              ],
              [
                98.33643913269043,
                13.073881149291992
              ],
              [
                98.33424186706543,
                13.06712532043457
              ],
              [
                98.32301139831543,
                13.057317733764648
              ],
              [
                98.31657981872559,
                13.04881477355957
              ],
              [
                98.31104850769043,
                13.044828414916992
              ],
              [
                98.30632591247559,
                13.040105819702148
              ],
              [
                98.30201530456543,
                13.029447555541992
              ],
              [
                98.30055046081543,
                13.019964218139648
              ],
              [
                98.30201530456543,
                12.988470077514648
              ],
              [
                98.31332588195801,
                12.945951461791992
              ],
              [
                98.31430244445801,
                12.92552375793457
              ],
              [
                98.30201530456543,
                12.91331672668457
              ],
              [
                98.30128288269043,
                12.933538436889648
              ],
              [
                98.28785514831543,
                12.957342147827148
              ],
              [
                98.28825950622559,
                12.974798202514648
              ],
              [
                98.28109931945801,
                12.99412727355957
              ],
              [
                98.26775169372559,
                13.057317733764648
              ],
              [
                98.24513053894043,
                13.118719100952148
              ],
              [
                98.24049186706543,
                13.139310836791992
              ],
              [
                98.23902702331543,
                13.158758163452148
              ],
              [
                98.24203681945801,
                13.203924179077148
              ],
              [
                98.24732780456543,
                13.215032577514648
              ],
              [
                98.26148796081543,
                13.21434211730957
              ],
              [
                98.26881217956543,
                13.198919296264648
              ],
              [
                98.28891181945801,
                13.098699569702148
              ],
              [
                98.29566764831543,
                13.084661483764648
              ]
            ]
          ],
          [
            [
              [
                94.29078483581543,
                13.422918319702148
              ],
              [
                94.27491569519043,
                13.420316696166992
              ],
              [
                94.26189231872559,
                13.429265975952148
              ],
              [
                94.28093528747559,
                13.443548202514648
              ],
              [
                94.29078483581543,
                13.422918319702148
              ]
            ]
          ],
          [
            [
              [
                93.01628684997559,
                13.56736946105957
              ],
              [
                93.02279853820801,
                13.566106796264648
              ],
              [
                93.03158760070801,
                13.56907844543457
              ],
              [
                93.04249382019043,
                13.571233749389648
              ],
              [
                93.04997825622559,
                13.56639289855957
              ],
              [
                93.06641960144043,
                13.53709602355957
              ],
              [
                93.05502510070801,
                13.503080368041992
              ],
              [
                93.05372428894043,
                13.47142219543457
              ],
              [
                93.05958366394043,
                13.406805038452148
              ],
              [
                93.06413841247559,
                13.408636093139648
              ],
              [
                93.07545280456543,
                13.41111946105957
              ],
              [
                93.08009147644043,
                13.413030624389648
              ],
              [
                93.07838249206543,
                13.397123336791992
              ],
              [
                93.05787467956543,
                13.382879257202148
              ],
              [
                93.05274772644043,
                13.36888313293457
              ],
              [
                93.04688835144043,
                13.35740852355957
              ],
              [
                93.03346061706543,
                13.348577499389648
              ],
              [
                93.01734733581543,
                13.340482711791992
              ],
              [
                93.00424385070801,
                13.33104133605957
              ],
              [
                93.00367546081543,
                13.34861946105957
              ],
              [
                92.99513053894043,
                13.357366561889648
              ],
              [
                92.98438835144043,
                13.35643196105957
              ],
              [
                92.97706413269043,
                13.345365524291992
              ],
              [
                92.97934150695801,
                13.329778671264648
              ],
              [
                92.99049186706543,
                13.317815780639648
              ],
              [
                93.00456809997559,
                13.311834335327148
              ],
              [
                93.02556419372559,
                13.31614875793457
              ],
              [
                93.03565788269043,
                13.306951522827148
              ],
              [
                93.05274772644043,
                13.283880233764648
              ],
              [
                93.07569694519043,
                13.269109725952148
              ],
              [
                93.07943916320801,
                13.259832382202148
              ],
              [
                93.05689811706543,
                13.224798202514648
              ],
              [
                93.05258369445801,
                13.196966171264648
              ],
              [
                93.05274772644043,
                13.13304328918457
              ],
              [
                93.04810905456543,
                13.103704452514648
              ],
              [
                93.03679466247559,
                13.062162399291992
              ],
              [
                93.01954460144043,
                13.033636093139648
              ],
              [
                92.99806022644043,
                13.04368782043457
              ],
              [
                92.99057197570801,
                13.04368782043457
              ],
              [
                92.98682975769043,
                13.03367805480957
              ],
              [
                92.97934150695801,
                13.02952766418457
              ],
              [
                92.97087669372559,
                13.03074836730957
              ],
              [
                92.96404075622559,
                13.03685188293457
              ],
              [
                92.96143913269043,
                13.048162460327148
              ],
              [
                92.96656608581543,
                13.072172164916992
              ],
              [
                92.96404075622559,
                13.084661483764648
              ],
              [
                92.95655632019043,
                13.084661483764648
              ],
              [
                92.95655632019043,
                13.064153671264648
              ],
              [
                92.93702507019043,
                13.067083358764648
              ],
              [
                92.92888450622559,
                13.050199508666992
              ],
              [
                92.92839622497559,
                13.027494430541992
              ],
              [
                92.93263053894043,
                13.013006210327148
              ],
              [
                92.95069694519043,
                12.99363899230957
              ],
              [
                92.95622825622559,
                12.98167610168457
              ],
              [
                92.95265007019043,
                12.970769882202148
              ],
              [
                92.94288444519043,
                12.954290390014648
              ],
              [
                92.93604850769043,
                12.954290390014648
              ],
              [
                92.93474388122559,
                12.973051071166992
              ],
              [
                92.92741966247559,
                12.981023788452148
              ],
              [
                92.91651725769043,
                12.98265266418457
              ],
              [
                92.90528678894043,
                12.982244491577148
              ],
              [
                92.90260124206543,
                12.974027633666992
              ],
              [
                92.88070869445801,
                12.93040657043457
              ],
              [
                92.87907981872559,
                12.921941757202148
              ],
              [
                92.87631416320801,
                12.916654586791992
              ],
              [
                92.87680244445801,
                12.911527633666992
              ],
              [
                92.88453483581543,
                12.903470993041992
              ],
              [
                92.89633369445801,
                12.899724960327148
              ],
              [
                92.90553092956543,
                12.906072616577148
              ],
              [
                92.91554069519043,
                12.919584274291992
              ],
              [
                92.92448997497559,
                12.914373397827148
              ],
              [
                92.92823600769043,
                12.905340194702148
              ],
              [
                92.92986106872559,
                12.896673202514648
              ],
              [
                92.93263053894043,
                12.892889022827148
              ],
              [
                92.94068717956543,
                12.889310836791992
              ],
              [
                92.96404075622559,
                12.864934921264648
              ],
              [
                92.96070671081543,
                12.84715461730957
              ],
              [
                92.96583366394043,
                12.825628280639648
              ],
              [
                92.96803092956543,
                12.803167343139648
              ],
              [
                92.95655632019043,
                12.783025741577148
              ],
              [
                92.97315788269043,
                12.764348983764648
              ],
              [
                92.98438835144043,
                12.74510383605957
              ],
              [
                92.99049186706543,
                12.724309921264648
              ],
              [
                92.99057197570801,
                12.701116561889648
              ],
              [
                92.97681999206543,
                12.654935836791992
              ],
              [
                92.97291374206543,
                12.628118515014648
              ],
              [
                92.98902702331543,
                12.592107772827148
              ],
              [
                92.99154853820801,
                12.567083358764648
              ],
              [
                92.99057197570801,
                12.519231796264648
              ],
              [
                92.98170280456543,
                12.506048202514648
              ],
              [
                92.96485710144043,
                12.491033554077148
              ],
              [
                92.95590400695801,
                12.477445602416992
              ],
              [
                92.97022819519043,
                12.468328475952148
              ],
              [
                92.96241569519043,
                12.454412460327148
              ],
              [
                92.94972038269043,
                12.446966171264648
              ],
              [
                92.93865013122559,
                12.438138961791992
              ],
              [
                92.93604850769043,
                12.41990852355957
              ],
              [
                92.92921257019043,
                12.41990852355957
              ],
              [
                92.92384147644043,
                12.430974960327148
              ],
              [
                92.91586494445801,
                12.440862655639648
              ],
              [
                92.90601921081543,
                12.44896125793457
              ],
              [
                92.89503288269043,
                12.454656600952148
              ],
              [
                92.89714622497559,
                12.44993782043457
              ],
              [
                92.90186882019043,
                12.433538436889648
              ],
              [
                92.87330436706543,
                12.43138313293457
              ],
              [
                92.84669303894043,
                12.433538436889648
              ],
              [
                92.84669303894043,
                12.427396774291992
              ],
              [
                92.85352897644043,
                12.416814804077148
              ],
              [
                92.86361885070801,
                12.38548469543457
              ],
              [
                92.87110710144043,
                12.37889289855957
              ],
              [
                92.88184928894043,
                12.375921249389648
              ],
              [
                92.89405632019043,
                12.368108749389648
              ],
              [
                92.90251731872559,
                12.357122421264648
              ],
              [
                92.90186882019043,
                12.344793319702148
              ],
              [
                92.91505241394043,
                12.33836555480957
              ],
              [
                92.91277122497559,
                12.333646774291992
              ],
              [
                92.90316963195801,
                12.32908821105957
              ],
              [
                92.89503288269043,
                12.323675155639648
              ],
              [
                92.88640403747559,
                12.315740585327148
              ],
              [
                92.88111686706543,
                12.314603805541992
              ],
              [
                92.87924385070801,
                12.31297492980957
              ],
              [
                92.88070869445801,
                12.303861618041992
              ],
              [
                92.88575553894043,
                12.295560836791992
              ],
              [
                92.89340400695801,
                12.290349960327148
              ],
              [
                92.90015983581543,
                12.28318977355957
              ],
              [
                92.90186882019043,
                12.26902961730957
              ],
              [
                92.89625358581543,
                12.26170539855957
              ],
              [
                92.88640403747559,
                12.253362655639648
              ],
              [
                92.87989616394043,
                12.243597030639648
              ],
              [
                92.88453483581543,
                12.231840133666992
              ],
              [
                92.88868522644043,
                12.225004196166992
              ],
              [
                92.89259147644043,
                12.214544296264648
              ],
              [
                92.89421653747559,
                12.205022811889648
              ],
              [
                92.89161491394043,
                12.200834274291992
              ],
              [
                92.87257194519043,
                12.201482772827148
              ],
              [
                92.87452507019043,
                12.183744430541992
              ],
              [
                92.86402702331543,
                12.171537399291992
              ],
              [
                92.84294700622559,
                12.156194686889648
              ],
              [
                92.82740592956543,
                12.14012336730957
              ],
              [
                92.83366966247559,
                12.125677108764648
              ],
              [
                92.83366966247559,
                12.118230819702148
              ],
              [
                92.82594108581543,
                12.115667343139648
              ],
              [
                92.80640983581543,
                12.104558944702148
              ],
              [
                92.80893135070801,
                12.095769882202148
              ],
              [
                92.79932975769043,
                12.089544296264648
              ],
              [
                92.78394889831543,
                12.085882186889648
              ],
              [
                92.76881217956543,
                12.08470344543457
              ],
              [
                92.75749778747559,
                12.077459335327148
              ],
              [
                92.76726341247559,
                12.061223983764648
              ],
              [
                92.79265403747559,
                12.036321640014648
              ],
              [
                92.78101921081543,
                12.037786483764648
              ],
              [
                92.77125358581543,
                12.036077499389648
              ],
              [
                92.76368522644043,
                12.030950546264648
              ],
              [
                92.75855827331543,
                12.022039413452148
              ],
              [
                92.76539421081543,
                12.022039413452148
              ],
              [
                92.74561882019043,
                11.996648788452148
              ],
              [
                92.74057197570801,
                11.98362922668457
              ],
              [
                92.73747825622559,
                11.96116828918457
              ],
              [
                92.73747825622559,
                11.87864875793457
              ],
              [
                92.74488639831543,
                11.87864875793457
              ],
              [
                92.74903678894043,
                11.912260055541992
              ],
              [
                92.75375556945801,
                11.931585311889648
              ],
              [
                92.76197624206543,
                11.940130233764648
              ],
              [
                92.77638053894043,
                11.939275741577148
              ],
              [
                92.78793525695801,
                11.934514999389648
              ],
              [
                92.79591178894043,
                11.922185897827148
              ],
              [
                92.79948997497559,
                11.899114608764648
              ],
              [
                92.79688835144043,
                11.865140914916992
              ],
              [
                92.76002311706543,
                11.708684921264648
              ],
              [
                92.75473213195801,
                11.701116561889648
              ],
              [
                92.73454856872559,
                11.699285507202148
              ],
              [
                92.72291374206543,
                11.693792343139648
              ],
              [
                92.68995475769043,
                11.660062789916992
              ],
              [
                92.68393135070801,
                11.64988899230957
              ],
              [
                92.68263053894043,
                11.63694953918457
              ],
              [
                92.68279075622559,
                11.615179061889648
              ],
              [
                92.68702507019043,
                11.61155891418457
              ],
              [
                92.69679069519043,
                11.611234664916992
              ],
              [
                92.70639228820801,
                11.61448860168457
              ],
              [
                92.71070671081543,
                11.621732711791992
              ],
              [
                92.71070671081543,
                11.659574508666992
              ],
              [
                92.71534538269043,
                11.657621383666992
              ],
              [
                92.72673606872559,
                11.654691696166992
              ],
              [
                92.73121452331543,
                11.652738571166992
              ],
              [
                92.73023796081543,
                11.671453475952148
              ],
              [
                92.73601341247559,
                11.682439804077148
              ],
              [
                92.74610710144043,
                11.683744430541992
              ],
              [
                92.75855827331543,
                11.673246383666992
              ],
              [
                92.76148796081543,
                11.663640975952148
              ],
              [
                92.76563835144043,
                11.629583358764648
              ],
              [
                92.76539421081543,
                11.618597030639648
              ],
              [
                92.76051139831543,
                11.61033821105957
              ],
              [
                92.74757194519043,
                11.597845077514648
              ],
              [
                92.74488639831543,
                11.587591171264648
              ],
              [
                92.74488639831543,
                11.55711555480957
              ],
              [
                92.73512077331543,
                11.523870468139648
              ],
              [
                92.72673606872559,
                11.506170272827148
              ],
              [
                92.71697044372559,
                11.494451522827148
              ],
              [
                92.71314811706543,
                11.50731086730957
              ],
              [
                92.70704460144043,
                11.511053085327148
              ],
              [
                92.69898796081543,
                11.511785507202148
              ],
              [
                92.68971061706543,
                11.515569686889648
              ],
              [
                92.65894889831543,
                11.546293258666992
              ],
              [
                92.65479850769043,
                11.55589485168457
              ],
              [
                92.65561103820801,
                11.565984725952148
              ],
              [
                92.65463447570801,
                11.573797225952148
              ],
              [
                92.64527702331543,
                11.576971054077148
              ],
              [
                92.63355827331543,
                11.582586288452148
              ],
              [
                92.62566184997559,
                11.595403671264648
              ],
              [
                92.62159538269043,
                11.60936164855957
              ],
              [
                92.62135124206543,
                11.618597030639648
              ],
              [
                92.62794303894043,
                11.625150680541992
              ],
              [
                92.63738059997559,
                11.627141952514648
              ],
              [
                92.64568138122559,
                11.629827499389648
              ],
              [
                92.64869499206543,
                11.638494491577148
              ],
              [
                92.64283561706543,
                11.64525032043457
              ],
              [
                92.63111686706543,
                11.64744758605957
              ],
              [
                92.61964225769043,
                11.651311874389648
              ],
              [
                92.61451530456543,
                11.662992477416992
              ],
              [
                92.61345481872559,
                11.674222946166992
              ],
              [
                92.60816764831543,
                11.693265914916992
              ],
              [
                92.60710716247559,
                11.704534530639648
              ],
              [
                92.60377311706543,
                11.718900680541992
              ],
              [
                92.59596061706543,
                11.720159530639648
              ],
              [
                92.58676338195801,
                11.716009140014648
              ],
              [
                92.57984733581543,
                11.714178085327148
              ],
              [
                92.56324577331543,
                11.72557258605957
              ],
              [
                92.56031608581543,
                11.741361618041992
              ],
              [
                92.56666374206543,
                11.786199569702148
              ],
              [
                92.56666374206543,
                11.82713508605957
              ],
              [
                92.56324577331543,
                11.833929061889648
              ],
              [
                92.55494499206543,
                11.837835311889648
              ],
              [
                92.54566764831543,
                11.84080696105957
              ],
              [
                92.53435325622559,
                11.846868515014648
              ],
              [
                92.53093528747559,
                11.845891952514648
              ],
              [
                92.52808952331543,
                11.845891952514648
              ],
              [
                92.52515983581543,
                11.85130500793457
              ],
              [
                92.52491569519043,
                11.857488632202148
              ],
              [
                92.52735710144043,
                11.862005233764648
              ],
              [
                92.53053092956543,
                11.864652633666992
              ],
              [
                92.53199577331543,
                11.86497688293457
              ],
              [
                92.53972434997559,
                11.894437789916992
              ],
              [
                92.56300163269043,
                11.93016242980957
              ],
              [
                92.57056999206543,
                11.93260383605957
              ],
              [
                92.57716178894043,
                11.927396774291992
              ],
              [
                92.59213447570801,
                11.90574836730957
              ],
              [
                92.59473991394043,
                11.898748397827148
              ],
              [
                92.60027122497559,
                11.89549446105957
              ],
              [
                92.61451530456543,
                11.899114608764648
              ],
              [
                92.60767936706543,
                11.88279914855957
              ],
              [
                92.61085319519043,
                11.870512008666992
              ],
              [
                92.61768913269043,
                11.866399765014648
              ],
              [
                92.62135124206543,
                11.874944686889648
              ],
              [
                92.62452507019043,
                11.93016242980957
              ],
              [
                92.62940788269043,
                11.943754196166992
              ],
              [
                92.62729072570801,
                11.958929061889648
              ],
              [
                92.62306022644043,
                11.974271774291992
              ],
              [
                92.62135124206543,
                11.987943649291992
              ],
              [
                92.62501335144043,
                12.003118515014648
              ],
              [
                92.63738059997559,
                12.025297164916992
              ],
              [
                92.64185905456543,
                12.036321640014648
              ],
              [
                92.64015007019043,
                12.136137008666992
              ],
              [
                92.64527702331543,
                12.156072616577148
              ],
              [
                92.66822624206543,
                12.200994491577148
              ],
              [
                92.68181419372559,
                12.219633102416992
              ],
              [
                92.68971061706543,
                12.207670211791992
              ],
              [
                92.69711494445801,
                12.207670211791992
              ],
              [
                92.70387077331543,
                12.225164413452148
              ],
              [
                92.71306419372559,
                12.232572555541992
              ],
              [
                92.72096061706543,
                12.22654914855957
              ],
              [
                92.72437858581543,
                12.204252243041992
              ],
              [
                92.71908760070801,
                12.184514999389648
              ],
              [
                92.71949577331543,
                12.17625617980957
              ],
              [
                92.72779655456543,
                12.17283821105957
              ],
              [
                92.73373603820801,
                12.174016952514648
              ],
              [
                92.73634147644043,
                12.176580429077148
              ],
              [
                92.73780632019043,
                12.179143905639648
              ],
              [
                92.74106025695801,
                12.180326461791992
              ],
              [
                92.76099967956543,
                12.179876327514648
              ],
              [
                92.76539421081543,
                12.180326461791992
              ],
              [
                92.78402900695801,
                12.189359664916992
              ],
              [
                92.78883171081543,
                12.19554328918457
              ],
              [
                92.79265403747559,
                12.207670211791992
              ],
              [
                92.78240013122559,
                12.248601913452148
              ],
              [
                92.77556419372559,
                12.250638961791992
              ],
              [
                92.76775169372559,
                12.255437850952148
              ],
              [
                92.76124382019043,
                12.261175155639648
              ],
              [
                92.75855827331543,
                12.265935897827148
              ],
              [
                92.75880241394043,
                12.276556015014648
              ],
              [
                92.76042747497559,
                12.27684211730957
              ],
              [
                92.76449775695801,
                12.274320602416992
              ],
              [
                92.78101921081543,
                12.279241561889648
              ],
              [
                92.78940010070801,
                12.279485702514648
              ],
              [
                92.79420280456543,
                12.28318977355957
              ],
              [
                92.79265403747559,
                12.29637336730957
              ],
              [
                92.78695869445801,
                12.306303024291992
              ],
              [
                92.77849388122559,
                12.310125350952148
              ],
              [
                92.75473213195801,
                12.31004524230957
              ],
              [
                92.73365592956543,
                12.318059921264648
              ],
              [
                92.72234153747559,
                12.337797164916992
              ],
              [
                92.71778678894043,
                12.362493515014648
              ],
              [
                92.72169303894043,
                12.599431991577148
              ],
              [
                92.72681999206543,
                12.612981796264648
              ],
              [
                92.74480247497559,
                12.633489608764648
              ],
              [
                92.75017356872559,
                12.64427375793457
              ],
              [
                92.75473213195801,
                12.649564743041992
              ],
              [
                92.76002311706543,
                12.65110969543457
              ],
              [
                92.77523994445801,
                12.651762008666992
              ],
              [
                92.77898216247559,
                12.652654647827148
              ],
              [
                92.78321647644043,
                12.664983749389648
              ],
              [
                92.77735710144043,
                12.669340133666992
              ],
              [
                92.76628684997559,
                12.671537399291992
              ],
              [
                92.75473213195801,
                12.677190780639648
              ],
              [
                92.74773216247559,
                12.692693710327148
              ],
              [
                92.74488639831543,
                12.762517929077148
              ],
              [
                92.73747825622559,
                12.807195663452148
              ],
              [
                92.74089622497559,
                12.819646835327148
              ],
              [
                92.74887275695801,
                12.82811164855957
              ],
              [
                92.75815010070801,
                12.83568000793457
              ],
              [
                92.76539421081543,
                12.845121383666992
              ],
              [
                92.78565788269043,
                12.840032577514648
              ],
              [
                92.80030632019043,
                12.857816696166992
              ],
              [
                92.80933952331543,
                12.88450813293457
              ],
              [
                92.81324577331543,
                12.90648078918457
              ],
              [
                92.81324577331543,
                12.958074569702148
              ],
              [
                92.82813835144043,
                12.985174179077148
              ],
              [
                92.83473014831543,
                13.002019882202148
              ],
              [
                92.83025169372559,
                13.00950813293457
              ],
              [
                92.80795478820801,
                13.020086288452148
              ],
              [
                92.80925559997559,
                13.044744491577148
              ],
              [
                92.82960319519043,
                13.103460311889648
              ],
              [
                92.84840202331543,
                13.13670539855957
              ],
              [
                92.85304069519043,
                13.142728805541992
              ],
              [
                92.85417747497559,
                13.146062850952148
              ],
              [
                92.85108757019043,
                13.152044296264648
              ],
              [
                92.83765983581543,
                13.167058944702148
              ],
              [
                92.83366966247559,
                13.174016952514648
              ],
              [
                92.84473991394043,
                13.18699836730957
              ],
              [
                92.84205436706543,
                13.20775032043457
              ],
              [
                92.84278678894043,
                13.226995468139648
              ],
              [
                92.86402702331543,
                13.235502243041992
              ],
              [
                92.86394309997559,
                13.244695663452148
              ],
              [
                92.84986686706543,
                13.289007186889648
              ],
              [
                92.85417747497559,
                13.304388046264648
              ],
              [
                92.85417747497559,
                13.310613632202148
              ],
              [
                92.84115791320801,
                13.324895858764648
              ],
              [
                92.84742546081543,
                13.344915390014648
              ],
              [
                92.88689231872559,
                13.393461227416992
              ],
              [
                92.89137077331543,
                13.400945663452148
              ],
              [
                92.89503288269043,
                13.413030624389648
              ],
              [
                92.89568138122559,
                13.42283821105957
              ],
              [
                92.89454460144043,
                13.44725227355957
              ],
              [
                92.89503288269043,
                13.45457649230957
              ],
              [
                92.90186882019043,
                13.46824836730957
              ],
              [
                92.90333366394043,
                13.46776008605957
              ],
              [
                92.91554069519043,
                13.475736618041992
              ],
              [
                92.93800163269043,
                13.501371383666992
              ],
              [
                92.94288444519043,
                13.509222030639648
              ],
              [
                92.94548606872559,
                13.519720077514648
              ],
              [
                92.94548606872559,
                13.536931991577148
              ],
              [
                92.94972038269043,
                13.544622421264648
              ],
              [
                92.95850944519043,
                13.550237655639648
              ],
              [
                92.97722434997559,
                13.553777694702148
              ],
              [
                92.98438835144043,
                13.55760383605957
              ],
              [
                92.99171257019043,
                13.55003547668457
              ],
              [
                92.99732780456543,
                13.546697616577148
              ],
              [
                93.00318717956543,
                13.547063827514648
              ],
              [
                93.01173210144043,
                13.55076789855957
              ],
              [
                93.00611686706543,
                13.55662727355957
              ],
              [
                93.00456809997559,
                13.562200546264648
              ],
              [
                93.00652122497559,
                13.568792343139648
              ],
              [
                93.01173210144043,
                13.57811164855957
              ],
              [
                93.01628684997559,
                13.56736946105957
              ]
            ]
          ],
          [
            [
              [
                93.04281806945801,
                13.662054061889648
              ],
              [
                93.05274772644043,
                13.640203475952148
              ],
              [
                93.01954460144043,
                13.64940071105957
              ],
              [
                93.00050163269043,
                13.65770149230957
              ],
              [
                92.99057197570801,
                13.66746711730957
              ],
              [
                93.01954460144043,
                13.680120468139648
              ],
              [
                93.03321647644043,
                13.680242538452148
              ],
              [
                93.03907585144043,
                13.66746711730957
              ],
              [
                93.04281806945801,
                13.662054061889648
              ]
            ]
          ],
          [
            [
              [
                97.92506217956543,
                13.783597946166992
              ],
              [
                97.91773796081543,
                13.783597946166992
              ],
              [
                97.91505241394043,
                13.800115585327148
              ],
              [
                97.91431999206543,
                13.828435897827148
              ],
              [
                97.91871452331543,
                13.85325813293457
              ],
              [
                97.93189811706543,
                13.859281539916992
              ],
              [
                97.93816184997559,
                13.85179328918457
              ],
              [
                97.93238639831543,
                13.840398788452148
              ],
              [
                97.92848014831543,
                13.821111679077148
              ],
              [
                97.92506217956543,
                13.783597946166992
              ]
            ]
          ],
          [
            [
              [
                93.39478874206543,
                14.076360702514648
              ],
              [
                93.37484931945801,
                14.06468391418457
              ],
              [
                93.38331413269043,
                14.138372421264648
              ],
              [
                93.38599967956543,
                14.15086555480957
              ],
              [
                93.39031028747559,
                14.153753280639648
              ],
              [
                93.39600944519043,
                14.140447616577148
              ],
              [
                93.40015983581543,
                14.095647811889648
              ],
              [
                93.39478874206543,
                14.076360702514648
              ]
            ]
          ],
          [
            [
              [
                93.70443916320801,
                14.871000289916992
              ],
              [
                93.69044303894043,
                14.858098983764648
              ],
              [
                93.67579460144043,
                14.859197616577148
              ],
              [
                93.68669700622559,
                14.87205696105957
              ],
              [
                93.69361686706543,
                14.888860702514648
              ],
              [
                93.70387077331543,
                14.904447555541992
              ],
              [
                93.72437858581543,
                14.91380500793457
              ],
              [
                93.72437858581543,
                14.907621383666992
              ],
              [
                93.71615791320801,
                14.890081405639648
              ],
              [
                93.70443916320801,
                14.871000289916992
              ]
            ]
          ],
          [
            [
              [
                99.98591804504395,
                20.387025833129883
              ],
              [
                99.99671745300293,
                20.383512496948242
              ],
              [
                100.00844764709473,
                20.383588790893555
              ],
              [
                100.02291679382324,
                20.380773544311523
              ],
              [
                100.03614616394043,
                20.373125076293945
              ],
              [
                100.04265785217285,
                20.364778518676758
              ],
              [
                100.04762077331543,
                20.35524559020996
              ],
              [
                100.05547523498535,
                20.344186782836914
              ],
              [
                100.09929466247559,
                20.31780433654785
              ],
              [
                100.09728050231934,
                20.283235549926758
              ],
              [
                100.10296440124512,
                20.26359748840332
              ],
              [
                100.11660957336426,
                20.248018264770508
              ],
              [
                100.13464164733887,
                20.239103317260742
              ],
              [
                100.15252113342285,
                20.239152908325195
              ],
              [
                100.16771507263184,
                20.25362205505371
              ],
              [
                100.1670970916748,
                20.292612075805664
              ],
              [
                100.1763973236084,
                20.300622940063477
              ],
              [
                100.17949867248535,
                20.3024845123291
              ],
              [
                100.20171928405762,
                20.310312271118164
              ],
              [
                100.20719718933105,
                20.311140060424805
              ],
              [
                100.20916175842285,
                20.31300163269043
              ],
              [
                100.2206859588623,
                20.3489933013916
              ],
              [
                100.2403736114502,
                20.37281608581543
              ],
              [
                100.27024269104004,
                20.39183235168457
              ],
              [
                100.30652046203613,
                20.399686813354492
              ],
              [
                100.34434700012207,
                20.389970779418945
              ],
              [
                100.3643970489502,
                20.368967056274414
              ],
              [
                100.42160224914551,
                20.25018882751465
              ],
              [
                100.44733619689941,
                20.218046188354492
              ],
              [
                100.4521427154541,
                20.210241317749023
              ],
              [
                100.45731163024902,
                20.19639015197754
              ],
              [
                100.46103096008301,
                20.190706253051758
              ],
              [
                100.46878242492676,
                20.185720443725586
              ],
              [
                100.48562812805176,
                20.178770065307617
              ],
              [
                100.48893547058105,
                20.1733455657959
              ],
              [
                100.49637794494629,
                20.16486930847168
              ],
              [
                100.5128116607666,
                20.155282974243164
              ],
              [
                100.52924537658691,
                20.149728775024414
              ],
              [
                100.53668403625488,
                20.153474807739258
              ],
              [
                100.54195594787598,
                20.166730880737305
              ],
              [
                100.5465030670166,
                20.167917251586914
              ],
              [
                100.54867362976074,
                20.158021926879883
              ],
              [
                100.55058479309082,
                20.10652732849121
              ],
              [
                100.5433521270752,
                20.066579818725586
              ],
              [
                100.5185489654541,
                19.995500564575195
              ],
              [
                100.5185489654541,
                19.995424270629883
              ],
              [
                100.4926586151123,
                19.93165397644043
              ],
              [
                100.48795509338379,
                19.8969783782959
              ],
              [
                100.48397636413574,
                19.880701065063477
              ],
              [
                100.4742603302002,
                19.865354537963867
              ],
              [
                100.46563148498535,
                19.859773635864258
              ],
              [
                100.44625282287598,
                19.85212516784668
              ],
              [
                100.43844795227051,
                19.84721565246582
              ],
              [
                100.43142127990723,
                19.838274002075195
              ],
              [
                100.4205150604248,
                19.81044578552246
              ],
              [
                100.40765953063965,
                19.79425621032715
              ],
              [
                100.38351631164551,
                19.76386070251465
              ],
              [
                100.37917518615723,
                19.745668411254883
              ],
              [
                100.38382530212402,
                19.73200035095215
              ],
              [
                100.39005088806152,
                19.72438621520996
              ],
              [
                100.40046501159668,
                19.711641311645508
              ],
              [
                100.40723609924316,
                19.69993782043457
              ],
              [
                100.41049003601074,
                19.68425178527832
              ],
              [
                100.41291999816895,
                19.651567459106445
              ],
              [
                100.41886329650879,
                19.63435935974121
              ],
              [
                100.42708015441895,
                19.621801376342773
              ],
              [
                100.4474925994873,
                19.5977725982666
              ],
              [
                100.45555305480957,
                19.584672927856445
              ],
              [
                100.45896339416504,
                19.56805992126465
              ],
              [
                100.45896339416504,
                19.55183219909668
              ],
              [
                100.46196174621582,
                19.5371036529541
              ],
              [
                100.4742603302002,
                19.52498435974121
              ],
              [
                100.49183082580566,
                19.51447105407715
              ],
              [
                100.5206127166748,
                19.50261116027832
              ],
              [
                100.54929542541504,
                19.49454689025879
              ],
              [
                100.5666561126709,
                19.495634078979492
              ],
              [
                100.57475852966309,
                19.50834846496582
              ],
              [
                100.58598518371582,
                19.525968551635742
              ],
              [
                100.60701560974121,
                19.540929794311523
              ],
              [
                100.63326835632324,
                19.54216957092285
              ],
              [
                100.71476173400879,
                19.512453079223633
              ],
              [
                100.7292308807373,
                19.50465202331543
              ],
              [
                100.73817253112793,
                19.495038986206055
              ],
              [
                100.74550819396973,
                19.485013961791992
              ],
              [
                100.75300407409668,
                19.482431411743164
              ],
              [
                100.76261329650879,
                19.4954776763916
              ],
              [
                100.80845069885254,
                19.536535263061523
              ],
              [
                100.8490161895752,
                19.582529067993164
              ],
              [
                100.8612117767334,
                19.60260581970215
              ],
              [
                100.86503791809082,
                19.607152938842773
              ],
              [
                100.87459754943848,
                19.612913131713867
              ],
              [
                100.87981605529785,
                19.613584518432617
              ],
              [
                100.88565635681152,
                19.61244773864746
              ],
              [
                100.97428321838379,
                19.613481521606445
              ],
              [
                101.00255012512207,
                19.610612869262695
              ],
              [
                101.02430534362793,
                19.602861404418945
              ],
              [
                101.06822776794434,
                19.57712745666504
              ],
              [
                101.09582328796387,
                19.56728172302246
              ],
              [
                101.12465858459473,
                19.56511116027832
              ],
              [
                101.15266990661621,
                19.568368911743164
              ],
              [
                101.17685508728027,
                19.574750900268555
              ],
              [
                101.18832588195801,
                19.58074378967285
              ],
              [
                101.19731712341309,
                19.586870193481445
              ],
              [
                101.20796394348145,
                19.589555740356445
              ],
              [
                101.22501564025879,
                19.585214614868164
              ],
              [
                101.23824501037598,
                19.578187942504883
              ],
              [
                101.24620246887207,
                19.570280075073242
              ],
              [
                101.25106239318848,
                19.5603084564209
              ],
              [
                101.25488471984863,
                19.547155380249023
              ],
              [
                101.2569522857666,
                19.522790908813477
              ],
              [
                101.25173377990723,
                19.494443893432617
              ],
              [
                101.23824501037598,
                19.47230339050293
              ],
              [
                101.21529960632324,
                19.466360092163086
              ],
              [
                101.19287300109863,
                19.452795028686523
              ],
              [
                101.17778205871582,
                19.41721534729004
              ],
              [
                101.1723575592041,
                19.37639045715332
              ],
              [
                101.17845344543457,
                19.34662437438965
              ],
              [
                101.18501853942871,
                19.34200096130371
              ],
              [
                101.20196723937988,
                19.338666915893555
              ],
              [
                101.20775413513184,
                19.334688186645508
              ],
              [
                101.21127128601074,
                19.32636833190918
              ],
              [
                101.21090888977051,
                19.32063102722168
              ],
              [
                101.20925331115723,
                19.31559181213379
              ],
              [
                101.20951271057129,
                19.309419631958008
              ],
              [
                101.22987174987793,
                19.225805282592773
              ],
              [
                101.22677421569824,
                19.16715431213379
              ],
              [
                101.22915077209473,
                19.143587112426758
              ],
              [
                101.2357120513916,
                19.128110885620117
              ],
              [
                101.2474422454834,
                19.115785598754883
              ],
              [
                101.29116249084473,
                19.07899284362793
              ],
              [
                101.3178768157959,
                19.05013084411621
              ],
              [
                101.32640647888184,
                19.02054786682129
              ],
              [
                101.28392601013184,
                18.981477737426758
              ],
              [
                101.27700233459473,
                18.96706199645996
              ],
              [
                101.26728630065918,
                18.9344539642334
              ],
              [
                101.25726127624512,
                18.919492721557617
              ],
              [
                101.23292350769043,
                18.892724990844727
              ],
              [
                101.22491264343262,
                18.874765396118164
              ],
              [
                101.22331047058105,
                18.855493545532227
              ],
              [
                101.2286319732666,
                18.795625686645508
              ],
              [
                101.2239818572998,
                18.778547286987305
              ],
              [
                101.20920372009277,
                18.74632453918457
              ],
              [
                101.20584297180176,
                18.730073928833008
              ],
              [
                101.21127128601074,
                18.7119083404541
              ],
              [
                101.23478126525879,
                18.689481735229492
              ],
              [
                101.2401065826416,
                18.673643112182617
              ],
              [
                101.23473167419434,
                18.658449172973633
              ],
              [
                101.22191429138184,
                18.64204216003418
              ],
              [
                101.19411277770996,
                18.61680030822754
              ],
              [
                101.18532752990723,
                18.61253547668457
              ],
              [
                101.16775703430176,
                18.606359481811523
              ],
              [
                101.16088676452637,
                18.59979820251465
              ],
              [
                101.15814781188965,
                18.58997917175293
              ],
              [
                101.15912818908691,
                18.567705154418945
              ],
              [
                101.15535545349121,
                18.556726455688477
              ],
              [
                101.14207649230957,
                18.54429817199707
              ],
              [
                101.07789421081543,
                18.51042366027832
              ],
              [
                101.07380867004395,
                18.505773544311523
              ],
              [
                101.07195091247559,
                18.495668411254883
              ],
              [
                101.0647144317627,
                18.47641944885254
              ],
              [
                101.03561973571777,
                18.447843551635742
              ],
              [
                101.03029823303223,
                18.427793502807617
              ],
              [
                101.03701591491699,
                18.41045570373535
              ],
              [
                101.0510196685791,
                18.39246940612793
              ],
              [
                101.0740909576416,
                18.371614456176758
              ],
              [
                101.08228492736816,
                18.36420249938965
              ],
              [
                101.14553642272949,
                18.33624839782715
              ],
              [
                101.15540885925293,
                18.32288932800293
              ],
              [
                101.15241050720215,
                18.316377639770508
              ],
              [
                101.13540840148926,
                18.29839515686035
              ],
              [
                101.13013648986816,
                18.29115867614746
              ],
              [
                101.12796592712402,
                18.280954360961914
              ],
              [
                101.12838172912598,
                18.245737075805664
              ],
              [
                101.13173866271973,
                18.238862991333008
              ],
              [
                101.13964653015137,
                18.21870994567871
              ],
              [
                101.14553642272949,
                18.21299934387207
              ],
              [
                101.15277290344238,
                18.209070205688477
              ],
              [
                101.1592845916748,
                18.204057693481445
              ],
              [
                101.16279792785645,
                18.19529914855957
              ],
              [
                101.16052436828613,
                18.179513931274414
              ],
              [
                101.14563941955566,
                18.141942977905273
              ],
              [
                101.14161109924316,
                18.123960494995117
              ],
              [
                101.14496803283691,
                18.104738235473633
              ],
              [
                101.16207313537598,
                18.067453384399414
              ],
              [
                101.16517448425293,
                18.053422927856445
              ],
              [
                101.15752601623535,
                18.04045295715332
              ],
              [
                101.12543678283691,
                18.021329879760742
              ],
              [
                101.1123104095459,
                18.01130485534668
              ],
              [
                101.09489250183105,
                17.9843807220459
              ],
              [
                101.08197593688965,
                17.958337783813477
              ],
              [
                101.06616401672363,
                17.933996200561523
              ],
              [
                101.03980827331543,
                17.91203498840332
              ],
              [
                101.0082836151123,
                17.895238876342773
              ],
              [
                101.00084495544434,
                17.884801864624023
              ],
              [
                100.99712181091309,
                17.864595413208008
              ],
              [
                101.00027656555176,
                17.830488204956055
              ],
              [
                100.99479866027832,
                17.817724227905273
              ],
              [
                100.97428321838379,
                17.80925178527832
              ],
              [
                100.9670467376709,
                17.803823471069336
              ],
              [
                100.96518516540527,
                17.797624588012695
              ],
              [
                100.96771812438965,
                17.7910099029541
              ],
              [
                100.97428321838379,
                17.783979415893555
              ],
              [
                100.97521018981934,
                17.78191566467285
              ],
              [
                100.97552299499512,
                17.779794692993164
              ],
              [
                100.97521018981934,
                17.777624130249023
              ],
              [
                100.97428321838379,
                17.7755069732666
              ],
              [
                100.96487617492676,
                17.770597457885742
              ],
              [
                100.95857048034668,
                17.76413917541504
              ],
              [
                100.95639991760254,
                17.755922317504883
              ],
              [
                100.95872688293457,
                17.745790481567383
              ],
              [
                100.96069145202637,
                17.725587844848633
              ],
              [
                100.95587730407715,
                17.70753288269043
              ],
              [
                100.95381736755371,
                17.699800491333008
              ],
              [
                100.93293952941895,
                17.654531478881836
              ],
              [
                100.89945411682129,
                17.61696434020996
              ],
              [
                100.88565635681152,
                17.59588050842285
              ],
              [
                100.88601875305176,
                17.573762893676758
              ],
              [
                100.90193367004395,
                17.561925888061523
              ],
              [
                100.9377384185791,
                17.55548667907715
              ],
              [
                100.98151588439941,
                17.5476131439209
              ],
              [
                101.00084495544434,
                17.538209915161133
              ],
              [
                101.01903343200684,
                17.52663230895996
              ],
              [
                101.03546714782715,
                17.51262855529785
              ],
              [
                101.04931449890137,
                17.495729446411133
              ],
              [
                101.06616401672363,
                17.492216110229492
              ],
              [
                101.09603309631348,
                17.47526741027832
              ],
              [
                101.12465858459473,
                17.46394920349121
              ],
              [
                101.12889671325684,
                17.461156845092773
              ],
              [
                101.1323070526123,
                17.4616756439209
              ],
              [
                101.14181709289551,
                17.467153549194336
              ],
              [
                101.14719200134277,
                17.472475051879883
              ],
              [
                101.16424369812012,
                17.495729446411133
              ],
              [
                101.16672325134277,
                17.5106143951416
              ],
              [
                101.17695808410645,
                17.516401290893555
              ],
              [
                101.1902904510498,
                17.51872444152832
              ],
              [
                101.20217323303223,
                17.523168563842773
              ],
              [
                101.20853233337402,
                17.531282424926758
              ],
              [
                101.2286319732666,
                17.568490982055664
              ],
              [
                101.24703025817871,
                17.5921573638916
              ],
              [
                101.3573055267334,
                17.679025650024414
              ],
              [
                101.36986351013184,
                17.68316078186035
              ],
              [
                101.37746238708496,
                17.682641983032227
              ],
              [
                101.38376426696777,
                17.68491554260254
              ],
              [
                101.4015941619873,
                17.706674575805664
              ],
              [
                101.4030933380127,
                17.709463119506836
              ],
              [
                101.40402412414551,
                17.71556282043457
              ],
              [
                101.39875221252441,
                17.717164993286133
              ],
              [
                101.38836479187012,
                17.717782974243164
              ],
              [
                101.38190650939941,
                17.720727920532227
              ],
              [
                101.38800239562988,
                17.729307174682617
              ],
              [
                101.40185356140137,
                17.73375129699707
              ],
              [
                101.41699409484863,
                17.73235511779785
              ],
              [
                101.43203163146973,
                17.73359489440918
              ],
              [
                101.44526100158691,
                17.745790481567383
              ],
              [
                101.44980812072754,
                17.74925422668457
              ],
              [
                101.45347785949707,
                17.751012802124023
              ],
              [
                101.4560604095459,
                17.750185012817383
              ],
              [
                101.45735359191895,
                17.745790481567383
              ],
              [
                101.45910835266113,
                17.73948860168457
              ],
              [
                101.46830940246582,
                17.720369338989258
              ],
              [
                101.47042655944824,
                17.72258949279785
              ],
              [
                101.47419929504395,
                17.730600357055664
              ],
              [
                101.47900581359863,
                17.73798942565918
              ],
              [
                101.48298454284668,
                17.745790481567383
              ],
              [
                101.50272560119629,
                17.765378952026367
              ],
              [
                101.53652000427246,
                17.779123306274414
              ],
              [
                101.55626106262207,
                17.792146682739258
              ],
              [
                101.5340404510498,
                17.809560775756836
              ],
              [
                101.54550743103027,
                17.81367301940918
              ],
              [
                101.56401252746582,
                17.820310592651367
              ],
              [
                101.57052421569824,
                17.828889846801758
              ],
              [
                101.57507133483887,
                17.839792251586914
              ],
              [
                101.57755088806152,
                17.85291862487793
              ],
              [
                101.57755088806152,
                17.86810874938965
              ],
              [
                101.60039329528809,
                17.8543643951416
              ],
              [
                101.61114311218262,
                17.86552619934082
              ],
              [
                101.61987495422363,
                17.884645462036133
              ],
              [
                101.63620567321777,
                17.894826889038086
              ],
              [
                101.72906684875488,
                17.91219139099121
              ],
              [
                101.73258018493652,
                17.932035446166992
              ],
              [
                101.75692176818848,
                17.997819900512695
              ],
              [
                101.76575660705566,
                18.04032325744629
              ],
              [
                101.77392387390137,
                18.058565139770508
              ],
              [
                101.79040718078613,
                18.073575973510742
              ],
              [
                101.79665946960449,
                18.073575973510742
              ],
              [
                101.80606651306152,
                18.062387466430664
              ],
              [
                101.84518623352051,
                18.0521297454834
              ],
              [
                101.88378715515137,
                18.030839920043945
              ],
              [
                101.9043025970459,
                18.037118911743164
              ],
              [
                102.05552864074707,
                18.192346572875977
              ],
              [
                102.07126808166504,
                18.2085018157959
              ],
              [
                102.07850456237793,
                18.21380043029785
              ],
              [
                102.10738563537598,
                18.212377548217773
              ],
              [
                102.15353965759277,
                18.21010398864746
              ],
              [
                102.17193412780762,
                18.200284957885742
              ],
              [
                102.17839241027832,
                18.185972213745117
              ],
              [
                102.18211555480957,
                18.16922950744629
              ],
              [
                102.19157218933105,
                18.152070999145508
              ],
              [
                102.22180366516113,
                18.131608963012695
              ],
              [
                102.22557640075684,
                18.128198623657227
              ],
              [
                102.23311805725098,
                18.12416648864746
              ],
              [
                102.25658226013184,
                18.094038009643555
              ],
              [
                102.30670738220215,
                18.05145835876465
              ],
              [
                102.33652305603027,
                18.037038803100586
              ],
              [
                102.36639213562012,
                18.03879737854004
              ],
              [
                102.38515281677246,
                18.016061782836914
              ],
              [
                102.41222953796387,
                17.994199752807617
              ],
              [
                102.44550895690918,
                17.977766036987305
              ],
              [
                102.48204612731934,
                17.97115135192871
              ],
              [
                102.56751823425293,
                17.970842361450195
              ],
              [
                102.59960746765137,
                17.95518684387207
              ],
              [
                102.6123218536377,
                17.915292739868164
              ],
              [
                102.59557914733887,
                17.85007667541504
              ],
              [
                102.59526634216309,
                17.8408260345459
              ],
              [
                102.60942649841309,
                17.836999893188477
              ],
              [
                102.66079521179199,
                17.812868118286133
              ],
              [
                102.68291282653809,
                17.81007957458496
              ],
              [
                102.68291282653809,
                17.817365646362305
              ],
              [
                102.67334938049316,
                17.8317813873291
              ],
              [
                102.66761589050293,
                17.85007667541504
              ],
              [
                102.6729907989502,
                17.86536979675293
              ],
              [
                102.68673515319824,
                17.873537063598633
              ],
              [
                102.7221851348877,
                17.881803512573242
              ],
              [
                102.73737907409668,
                17.89043617248535
              ],
              [
                102.77406883239746,
                17.922731399536133
              ],
              [
                102.83189582824707,
                17.9531192779541
              ],
              [
                102.83804512023926,
                17.963762283325195
              ],
              [
                102.85272026062012,
                17.97203254699707
              ],
              [
                102.9386043548584,
                18.008928298950195
              ],
              [
                102.95493507385254,
                18.01213264465332
              ],
              [
                102.9729175567627,
                18.007741928100586
              ],
              [
                103.00382041931152,
                17.988569259643555
              ],
              [
                103.02046012878418,
                17.984228134155273
              ],
              [
                103.03792762756348,
                17.990686416625977
              ],
              [
                103.04940223693848,
                18.005002975463867
              ],
              [
                103.05829048156738,
                18.019262313842773
              ],
              [
                103.06821250915527,
                18.025774002075195
              ],
              [
                103.07306861877441,
                18.0355167388916
              ],
              [
                103.06479835510254,
                18.094038009643555
              ],
              [
                103.06635093688965,
                18.11225700378418
              ],
              [
                103.07131004333496,
                18.12556266784668
              ],
              [
                103.07994270324707,
                18.13478660583496
              ],
              [
                103.08770179748535,
                18.1386661529541
              ],
              [
                103.09213447570801,
                18.14088249206543
              ],
              [
                103.0927562713623,
                18.14119529724121
              ],
              [
                103.09058570861816,
                18.13685417175293
              ],
              [
                103.09008598327637,
                18.136167526245117
              ],
              [
                103.08940315246582,
                18.135225296020508
              ],
              [
                103.08908653259277,
                18.13478660583496
              ],
              [
                103.11006736755371,
                18.141813278198242
              ],
              [
                103.12665748596191,
                18.151865005493164
              ],
              [
                103.13859367370605,
                18.166723251342773
              ],
              [
                103.14510536193848,
                18.188013076782227
              ],
              [
                103.15089225769043,
                18.221498489379883
              ],
              [
                103.15730094909668,
                18.237028121948242
              ],
              [
                103.16820335388184,
                18.249765396118164
              ],
              [
                103.17673301696777,
                18.254858016967773
              ],
              [
                103.18520545959473,
                18.257749557495117
              ],
              [
                103.21491813659668,
                18.262296676635742
              ],
              [
                103.23672676086426,
                18.26999855041504
              ],
              [
                103.27351951599121,
                18.276071548461914
              ],
              [
                103.28633689880371,
                18.280332565307617
              ],
              [
                103.29538154602051,
                18.28777503967285
              ],
              [
                103.29630088806152,
                18.295167922973633
              ],
              [
                103.29651832580566,
                18.29689598083496
              ],
              [
                103.29041862487793,
                18.305139541625977
              ],
              [
                103.2486629486084,
                18.33262825012207
              ],
              [
                103.24019050598145,
                18.335988998413086
              ],
              [
                103.2380199432373,
                18.341569900512695
              ],
              [
                103.23533058166504,
                18.345266342163086
              ],
              [
                103.23367881774902,
                18.349267959594727
              ],
              [
                103.23398780822754,
                18.35577964782715
              ],
              [
                103.24406623840332,
                18.380067825317383
              ],
              [
                103.26075553894043,
                18.400197982788086
              ],
              [
                103.28256416320801,
                18.415571212768555
              ],
              [
                103.30685234069824,
                18.42567253112793
              ],
              [
                103.38664054870605,
                18.44146156311035
              ],
              [
                103.39676856994629,
                18.441408157348633
              ],
              [
                103.45154762268066,
                18.425310134887695
              ],
              [
                103.46994209289551,
                18.421979904174805
              ],
              [
                103.47480201721191,
                18.42215919494629
              ],
              [
                103.48911476135254,
                18.4244327545166
              ],
              [
                103.49774360656738,
                18.423734664916992
              ],
              [
                103.52316856384277,
                18.417688369750977
              ],
              [
                103.54880332946777,
                18.415414810180664
              ],
              [
                103.60714530944824,
                18.40040397644043
              ],
              [
                103.6213550567627,
                18.390764236450195
              ],
              [
                103.62993431091309,
                18.383222579956055
              ],
              [
                103.63861656188965,
                18.37795066833496
              ],
              [
                103.6955623626709,
                18.35322380065918
              ],
              [
                103.7091007232666,
                18.34971046447754
              ],
              [
                103.76718711853027,
                18.3466854095459
              ],
              [
                103.78460121154785,
                18.343896865844727
              ],
              [
                103.8013973236084,
                18.3382625579834
              ],
              [
                103.81725883483887,
                18.330354690551758
              ],
              [
                103.83209037780762,
                18.32066535949707
              ],
              [
                103.84221839904785,
                18.309118270874023
              ],
              [
                103.84898948669434,
                18.296354293823242
              ],
              [
                103.85777473449707,
                18.286481857299805
              ],
              [
                103.87394905090332,
                18.283227920532227
              ],
              [
                103.88128852844238,
                18.284414291381836
              ],
              [
                103.88593864440918,
                18.28700065612793
              ],
              [
                103.88950538635254,
                18.29115867614746
              ],
              [
                103.89369010925293,
                18.297258377075195
              ],
              [
                103.91002082824707,
                18.315317153930664
              ],
              [
                103.92929649353027,
                18.327592849731445
              ],
              [
                103.95125770568848,
                18.332990646362305
              ],
              [
                103.97544288635254,
                18.33066749572754
              ],
              [
                104.00004005432129,
                18.318445205688477
              ],
              [
                104.01864433288574,
                18.299116134643555
              ],
              [
                104.06840705871582,
                18.215402603149414
              ],
              [
                104.11093711853027,
                18.114553451538086
              ],
              [
                104.12235832214355,
                18.09528160095215
              ],
              [
                104.13569068908691,
                18.07967185974121
              ],
              [
                104.1981143951416,
                18.02556800842285
              ],
              [
                104.20332908630371,
                18.018644332885742
              ],
              [
                104.21087837219238,
                18.00861930847168
              ],
              [
                104.25511360168457,
                17.914979934692383
              ],
              [
                104.26431465148926,
                17.884645462036133
              ],
              [
                104.27030754089355,
                17.87400245666504
              ],
              [
                104.27826499938965,
                17.864648818969727
              ],
              [
                104.28198432922363,
                17.86149024963379
              ],
              [
                104.28756904602051,
                17.856740951538086
              ],
              [
                104.35262870788574,
                17.819326400756836
              ],
              [
                104.36776924133301,
                17.800569534301758
              ],
              [
                104.39029884338379,
                17.75716209411621
              ],
              [
                104.40487480163574,
                17.739953994750977
              ],
              [
                104.40890312194824,
                17.733701705932617
              ],
              [
                104.41164207458496,
                17.72739601135254
              ],
              [
                104.41784477233887,
                17.70760154724121
              ],
              [
                104.42228889465332,
                17.699800491333008
              ],
              [
                104.45200157165527,
                17.665952682495117
              ],
              [
                104.48119926452637,
                17.640424728393555
              ],
              [
                104.63638496398926,
                17.56244468688965
              ],
              [
                104.65509223937988,
                17.556089401245117
              ],
              [
                104.7026309967041,
                17.52730369567871
              ],
              [
                104.71451759338379,
                17.5152645111084
              ],
              [
                104.7342586517334,
                17.486894607543945
              ],
              [
                104.74965858459473,
                17.458162307739258
              ],
              [
                104.75678825378418,
                17.4499454498291
              ],
              [
                104.7646427154541,
                17.444414138793945
              ],
              [
                104.78164482116699,
                17.435270309448242
              ],
              [
                104.78893089294434,
                17.428964614868164
              ],
              [
                104.79270362854004,
                17.423486709594727
              ],
              [
                104.8164234161377,
                17.372793197631836
              ],
              [
                104.8193187713623,
                17.36106300354004
              ],
              [
                104.81999015808105,
                17.34891700744629
              ],
              [
                104.8164234161377,
                17.300081253051758
              ],
              [
                104.81833457946777,
                17.2402400970459
              ],
              [
                104.8144588470459,
                17.19404411315918
              ],
              [
                104.80991172790527,
                17.171667098999023
              ],
              [
                104.74531745910645,
                17.02480125427246
              ],
              [
                104.74035835266113,
                17.002580642700195
              ],
              [
                104.74633979797363,
                16.943532943725586
              ],
              [
                104.74965858459473,
                16.910802841186523
              ],
              [
                104.75301551818848,
                16.899850845336914
              ],
              [
                104.76288795471191,
                16.87907600402832
              ],
              [
                104.76640129089355,
                16.8681697845459
              ],
              [
                104.7670726776123,
                16.856130599975586
              ],
              [
                104.76521110534668,
                16.84465980529785
              ],
              [
                104.75844383239746,
                16.82192039489746
              ],
              [
                104.75790977478027,
                16.81889533996582
              ],
              [
                104.75632286071777,
                16.80988121032715
              ],
              [
                104.75678825378418,
                16.798460006713867
              ],
              [
                104.7783374786377,
                16.715829849243164
              ],
              [
                104.77900886535645,
                16.70487403869629
              ],
              [
                104.77756309509277,
                16.694021224975586
              ],
              [
                104.76371574401855,
                16.656763076782227
              ],
              [
                104.75301551818848,
                16.61480140686035
              ],
              [
                104.7484188079834,
                16.571908950805664
              ],
              [
                104.74950218200684,
                16.549325942993164
              ],
              [
                104.75451469421387,
                16.52891731262207
              ],
              [
                104.76516151428223,
                16.5113468170166
              ],
              [
                104.7827320098877,
                16.49708366394043
              ],
              [
                104.8388500213623,
                16.467729568481445
              ],
              [
                104.85549354553223,
                16.45408821105957
              ],
              [
                104.86892890930176,
                16.43842887878418
              ],
              [
                104.87946891784668,
                16.421842575073242
              ],
              [
                104.88773918151855,
                16.40390968322754
              ],
              [
                104.89703941345215,
                16.372751235961914
              ],
              [
                104.90158653259277,
                16.36246681213379
              ],
              [
                104.90804481506348,
                16.35337257385254
              ],
              [
                104.91729545593262,
                16.34556770324707
              ],
              [
                104.94406700134277,
                16.330839157104492
              ],
              [
                104.95207405090332,
                16.324430465698242
              ],
              [
                104.97150611877441,
                16.304330825805664
              ],
              [
                104.97930717468262,
                16.298646926879883
              ],
              [
                104.98802757263184,
                16.29396629333496
              ],
              [
                105.00742149353027,
                16.28355598449707
              ],
              [
                105.01548194885254,
                16.276735305786133
              ],
              [
                105.0263843536377,
                16.257665634155273
              ],
              [
                105.02974510192871,
                16.236013412475586
              ],
              [
                105.02886772155762,
                16.191469192504883
              ],
              [
                105.0325870513916,
                16.16526985168457
              ],
              [
                105.04245567321777,
                16.141447067260742
              ],
              [
                105.05811500549316,
                16.121187210083008
              ],
              [
                105.07930183410645,
                16.10542869567871
              ],
              [
                105.10698127746582,
                16.095853805541992
              ],
              [
                105.23722648620605,
                16.050806045532227
              ],
              [
                105.24740409851074,
                16.049150466918945
              ],
              [
                105.28854179382324,
                16.047395706176758
              ],
              [
                105.40491676330566,
                16.018815994262695
              ],
              [
                105.41447639465332,
                16.015199661254883
              ],
              [
                105.42207145690918,
                16.009878158569336
              ],
              [
                105.42323112487793,
                16.005041122436523
              ],
              [
                105.4239330291748,
                16.002126693725586
              ],
              [
                105.41814613342285,
                15.99473762512207
              ],
              [
                105.40739631652832,
                15.988897323608398
              ],
              [
                105.38651847839355,
                15.980783462524414
              ],
              [
                105.36248970031738,
                15.954790115356445
              ],
              [
                105.36062812805176,
                15.919393539428711
              ],
              [
                105.3725643157959,
                15.882131576538086
              ],
              [
                105.41204643249512,
                15.799760818481445
              ],
              [
                105.42300224304199,
                15.783895492553711
              ],
              [
                105.4356632232666,
                15.771650314331055
              ],
              [
                105.44796180725098,
                15.76487922668457
              ],
              [
                105.46238136291504,
                15.762811660766602
              ],
              [
                105.5034122467041,
                15.766172409057617
              ],
              [
                105.52542686462402,
                15.763483047485352
              ],
              [
                105.56852149963379,
                15.74937629699707
              ],
              [
                105.61291313171387,
                15.721471786499023
              ],
              [
                105.64092063903809,
                15.681989669799805
              ],
              [
                105.65099906921387,
                15.634603500366211
              ],
              [
                105.64087104797363,
                15.583314895629883
              ],
              [
                105.61627388000488,
                15.521276473999023
              ],
              [
                105.61203575134277,
                15.499467849731445
              ],
              [
                105.61038017272949,
                15.457170486450195
              ],
              [
                105.60428428649902,
                15.439214706420898
              ],
              [
                105.59224510192871,
                15.427545547485352
              ],
              [
                105.58836555480957,
                15.423788070678711
              ],
              [
                105.55281257629395,
                15.402032852172852
              ],
              [
                105.50620079040527,
                15.387590408325195
              ],
              [
                105.48625373840332,
                15.374902725219727
              ],
              [
                105.47746849060059,
                15.352811813354492
              ],
              [
                105.48330879211426,
                15.334516525268555
              ],
              [
                105.4990177154541,
                15.324674606323242
              ],
              [
                105.51938056945801,
                15.32105827331543
              ],
              [
                105.53854942321777,
                15.32151985168457
              ],
              [
                105.55803108215332,
                15.325139999389648
              ],
              [
                105.56149482727051,
                15.320901870727539
              ],
              [
                105.5648021697998,
                15.299455642700195
              ],
              [
                105.56397438049316,
                15.272531509399414
              ],
              [
                105.56025505065918,
                15.270929336547852
              ],
              [
                105.53157615661621,
                15.252893447875977
              ],
              [
                105.50392723083496,
                15.231061935424805
              ],
              [
                105.46310234069824,
                15.189435958862305
              ],
              [
                105.45442008972168,
                15.175535202026367
              ],
              [
                105.44770240783691,
                15.155305862426758
              ],
              [
                105.44377708435059,
                15.133806228637695
              ],
              [
                105.4436206817627,
                15.111352920532227
              ],
              [
                105.45194053649902,
                15.094766616821289
              ],
              [
                105.47385215759277,
                15.090631484985352
              ],
              [
                105.4982967376709,
                15.066137313842773
              ],
              [
                105.50356483459473,
                15.064897537231445
              ],
              [
                105.51653480529785,
                15.067144393920898
              ],
              [
                105.52087593078613,
                15.066137313842773
              ],
              [
                105.52314949035645,
                15.061174392700195
              ],
              [
                105.52284049987793,
                15.050039291381836
              ],
              [
                105.5242862701416,
                15.045957565307617
              ],
              [
                105.55353736877441,
                15.005338668823242
              ],
              [
                105.5661449432373,
                14.995935440063477
              ],
              [
                105.56635093688965,
                14.995935440063477
              ],
              [
                105.56645774841309,
                14.995935440063477
              ],
              [
                105.59306907653809,
                14.990793228149414
              ],
              [
                105.58356285095215,
                14.977590560913086
              ],
              [
                105.54392433166504,
                14.953096389770508
              ],
              [
                105.53415870666504,
                14.934026718139648
              ],
              [
                105.5506420135498,
                14.90229606628418
              ],
              [
                105.54304695129395,
                14.880102157592773
              ],
              [
                105.53762245178223,
                14.878034591674805
              ],
              [
                105.52190971374512,
                14.878705978393555
              ],
              [
                105.51777839660645,
                14.87767219543457
              ],
              [
                105.5158634185791,
                14.871679306030273
              ],
              [
                105.5169506072998,
                14.856538772583008
              ],
              [
                105.52408027648926,
                14.842531204223633
              ],
              [
                105.52439308166504,
                14.837236404418945
              ],
              [
                105.52005195617676,
                14.833463668823242
              ],
              [
                105.50620079040527,
                14.830415725708008
              ],
              [
                105.50155067443848,
                14.827341079711914
              ],
              [
                105.49384880065918,
                14.808996200561523
              ],
              [
                105.48914909362793,
                14.786333084106445
              ],
              [
                105.49069786071777,
                14.763803482055664
              ],
              [
                105.50155067443848,
                14.745950698852539
              ],
              [
                105.50511741638184,
                14.736364364624023
              ],
              [
                105.49736595153809,
                14.690423965454102
              ],
              [
                105.49576377868652,
                14.659883499145508
              ],
              [
                105.51012992858887,
                14.59358024597168
              ],
              [
                105.50754356384277,
                14.564046859741211
              ],
              [
                105.49545097351074,
                14.537126541137695
              ],
              [
                105.46367073059082,
                14.495965957641602
              ],
              [
                105.44036674499512,
                14.475347518920898
              ],
              [
                105.4338550567627,
                14.467931747436523
              ],
              [
                105.42889213562012,
                14.458162307739258
              ],
              [
                105.42031669616699,
                14.435220718383789
              ],
              [
                105.41597557067871,
                14.428163528442383
              ],
              [
                105.40569114685059,
                14.42304801940918
              ],
              [
                105.37923240661621,
                14.418245315551758
              ],
              [
                105.3676586151123,
                14.414548873901367
              ],
              [
                105.35964775085449,
                14.408269882202148
              ],
              [
                105.3408374786377,
                14.390104293823242
              ],
              [
                105.3351001739502,
                14.385713577270508
              ],
              [
                105.32223320007324,
                14.386384963989258
              ],
              [
                105.30466270446777,
                14.398191452026367
              ],
              [
                105.29474067687988,
                14.399072647094727
              ],
              [
                105.2877140045166,
                14.393281936645508
              ],
              [
                105.27572441101074,
                14.372095108032227
              ],
              [
                105.26859474182129,
                14.364370346069336
              ],
              [
                105.25045585632324,
                14.357187271118164
              ],
              [
                105.19820976257324,
                14.345224380493164
              ],
              [
                105.1843090057373,
                14.345743179321289
              ],
              [
                105.18425559997559,
                14.314168930053711
              ],
              [
                105.18797874450684,
                14.291017532348633
              ],
              [
                105.19743537902832,
                14.270292282104492
              ],
              [
                105.25691413879395,
                14.182443618774414
              ],
              [
                105.27531242370605,
                14.164823532104492
              ],
              [
                105.28218269348145,
                14.161256790161133
              ],
              [
                105.29660224914551,
                14.156839370727539
              ],
              [
                105.3039379119873,
                14.152395248413086
              ],
              [
                105.32946968078613,
                14.117563247680664
              ],
              [
                105.33778953552246,
                14.109994888305664
              ],
              [
                105.34786415100098,
                14.10606575012207
              ],
              [
                105.36409187316895,
                14.10405158996582
              ],
              [
                105.3924617767334,
                14.103738784790039
              ],
              [
                105.42217445373535,
                14.107873916625977
              ],
              [
                105.4500789642334,
                14.117151260375977
              ],
              [
                105.47385215759277,
                14.132524490356445
              ],
              [
                105.49049186706543,
                14.13691520690918
              ],
              [
                105.50527000427246,
                14.145055770874023
              ],
              [
                105.53317832946777,
                14.164331436157227
              ],
              [
                105.54123878479004,
                14.159189224243164
              ],
              [
                105.54893684387207,
                14.153116226196289
              ],
              [
                105.55555152893066,
                14.146089553833008
              ],
              [
                105.56139183044434,
                14.138158798217773
              ],
              [
                105.5765323638916,
                14.144021987915039
              ],
              [
                105.59456825256348,
                14.136346817016602
              ],
              [
                105.60986518859863,
                14.12074089050293
              ],
              [
                105.61725425720215,
                14.102991104125977
              ],
              [
                105.63291358947754,
                14.114023208618164
              ],
              [
                105.64314460754395,
                14.113454818725586
              ],
              [
                105.65327262878418,
                14.107046127319336
              ],
              [
                105.66934394836426,
                14.100408554077148
              ],
              [
                105.68365669250488,
                14.098855972290039
              ],
              [
                105.70515632629395,
                14.102010726928711
              ],
              [
                105.71600914001465,
                14.101545333862305
              ],
              [
                105.74401664733887,
                14.086946487426758
              ],
              [
                105.75889778137207,
                14.062475204467773
              ],
              [
                105.77016639709473,
                14.034700393676758
              ],
              [
                105.7871150970459,
                14.010152816772461
              ],
              [
                105.8730525970459,
                13.936853408813477
              ],
              [
                105.89558219909668,
                13.924798965454102
              ],
              [
                105.8996639251709,
                13.922613143920898
              ],
              [
                105.92457389831543,
                13.917112350463867
              ],
              [
                105.94917106628418,
                13.919591903686523
              ],
              [
                105.97397804260254,
                13.929281234741211
              ],
              [
                105.99743843078613,
                13.928300857543945
              ],
              [
                106.04921913146973,
                13.915456771850586
              ],
              [
                106.06916618347168,
                13.916543960571289
              ],
              [
                106.08384132385254,
                13.93400764465332
              ],
              [
                106.08197975158691,
                13.980958938598633
              ],
              [
                106.09407234191895,
                13.996175765991211
              ],
              [
                106.10849189758301,
                14.01036262512207
              ],
              [
                106.12642097473145,
                14.022012710571289
              ],
              [
                106.14208030700684,
                14.035009384155273
              ],
              [
                106.14946937561035,
                14.053564071655273
              ],
              [
                106.14455986022949,
                14.072397232055664
              ],
              [
                106.13128089904785,
                14.086996078491211
              ],
              [
                106.11525917053223,
                14.100305557250977
              ],
              [
                106.10172080993652,
                14.11515998840332
              ],
              [
                106.07619285583496,
                14.17451286315918
              ],
              [
                106.06058692932129,
                14.191850662231445
              ],
              [
                106.02627372741699,
                14.213037490844727
              ],
              [
                106.01247596740723,
                14.225774765014648
              ],
              [
                106.00405311584473,
                14.245927810668945
              ],
              [
                106.00797843933105,
                14.270757675170898
              ],
              [
                106.00451850891113,
                14.289983749389648
              ],
              [
                105.99340629577637,
                14.305952072143555
              ],
              [
                105.97397804260254,
                14.321298599243164
              ],
              [
                105.96917152404785,
                14.332021713256836
              ],
              [
                105.96782875061035,
                14.343362808227539
              ],
              [
                105.96942710876465,
                14.354864120483398
              ],
              [
                105.97397804260254,
                14.365842819213867
              ],
              [
                105.99413108825684,
                14.362405776977539
              ],
              [
                106.03816032409668,
                14.347654342651367
              ],
              [
                106.05541801452637,
                14.348428726196289
              ],
              [
                106.05810737609863,
                14.353105545043945
              ],
              [
                106.06058692932129,
                14.368841171264648
              ],
              [
                106.06353187561035,
                14.372922897338867
              ],
              [
                106.06864738464355,
                14.373441696166992
              ],
              [
                106.07944679260254,
                14.372716903686523
              ],
              [
                106.09500312805176,
                14.373647689819336
              ],
              [
                106.11903190612793,
                14.369512557983398
              ],
              [
                106.15411949157715,
                14.367547988891602
              ],
              [
                106.17324256896973,
                14.369668960571289
              ],
              [
                106.18915748596191,
                14.37889289855957
              ],
              [
                106.20393562316895,
                14.399896621704102
              ],
              [
                106.21065330505371,
                14.421396255493164
              ],
              [
                106.22078132629395,
                14.473485946655273
              ],
              [
                106.2300853729248,
                14.490461349487305
              ],
              [
                106.23597526550293,
                14.48436164855957
              ],
              [
                106.2967472076416,
                14.447881698608398
              ],
              [
                106.30646324157715,
                14.445478439331055
              ],
              [
                106.32015800476074,
                14.444494247436523
              ],
              [
                106.33343696594238,
                14.448110580444336
              ],
              [
                106.33999824523926,
                14.44898796081543
              ],
              [
                106.39379692077637,
                14.456174850463867
              ],
              [
                106.41922187805176,
                14.466459274291992
              ],
              [
                106.42950248718262,
                14.485963821411133
              ],
              [
                106.43348503112793,
                14.486639022827148
              ],
              [
                106.44082069396973,
                14.492631912231445
              ],
              [
                106.44516181945801,
                14.499479293823242
              ],
              [
                106.4335880279541,
                14.505704879760742
              ],
              [
                106.43265724182129,
                14.512422561645508
              ],
              [
                106.4343090057373,
                14.51960563659668
              ],
              [
                106.43647956848145,
                14.52381706237793
              ],
              [
                106.4457836151123,
                14.529088973999023
              ],
              [
                106.45668601989746,
                14.527902603149414
              ],
              [
                106.46944999694824,
                14.524698257446289
              ],
              [
                106.48484992980957,
                14.52381706237793
              ],
              [
                106.48484992980957,
                14.530019760131836
              ],
              [
                106.47751045227051,
                14.532602310180664
              ],
              [
                106.47316932678223,
                14.537485122680664
              ],
              [
                106.47094917297363,
                14.544645309448242
              ],
              [
                106.4705867767334,
                14.554254531860352
              ],
              [
                106.47224235534668,
                14.56407356262207
              ],
              [
                106.47714805603027,
                14.566888809204102
              ],
              [
                106.48376274108887,
                14.567483901977539
              ],
              [
                106.49105262756348,
                14.57099723815918
              ],
              [
                106.51249504089355,
                14.590353012084961
              ],
              [
                106.5184383392334,
                14.585004806518555
              ],
              [
                106.53099632263184,
                14.565961837768555
              ],
              [
                106.53497505187988,
                14.553247451782227
              ],
              [
                106.54024696350098,
                14.521673202514648
              ],
              [
                106.54376029968262,
                14.512113571166992
              ],
              [
                106.55244255065918,
                14.50694465637207
              ],
              [
                106.57538795471191,
                14.502012252807617
              ],
              [
                106.58566856384277,
                14.495965957641602
              ],
              [
                106.60536003112793,
                14.466638565063477
              ],
              [
                106.62204933166504,
                14.45759391784668
              ],
              [
                106.62008857727051,
                14.45421028137207
              ],
              [
                106.61812400817871,
                14.44914436340332
              ],
              [
                106.60582542419434,
                14.407442092895508
              ],
              [
                106.60448265075684,
                14.395532608032227
              ],
              [
                106.60448265075684,
                14.385686874389648
              ],
              [
                106.6125431060791,
                14.363645553588867
              ],
              [
                106.61672782897949,
                14.346853256225586
              ],
              [
                106.6218433380127,
                14.332769393920898
              ],
              [
                106.62447929382324,
                14.315820693969727
              ],
              [
                106.62479209899902,
                14.297708511352539
              ],
              [
                106.61982917785645,
                14.275175094604492
              ],
              [
                106.60944175720215,
                14.247270584106445
              ],
              [
                106.60711860656738,
                14.23481559753418
              ],
              [
                106.60138130187988,
                14.219701766967773
              ],
              [
                106.59951972961426,
                14.212930679321289
              ],
              [
                106.58773994445801,
                14.136941909790039
              ],
              [
                106.58742713928223,
                14.124383926391602
              ],
              [
                106.58897972106934,
                14.112264633178711
              ],
              [
                106.59528160095215,
                14.099039077758789
              ],
              [
                106.6021556854248,
                14.089658737182617
              ],
              [
                106.61037254333496,
                14.080900192260742
              ],
              [
                106.61729621887207,
                14.071802139282227
              ],
              [
                106.62928581237793,
                14.027284622192383
              ],
              [
                106.64484214782715,
                13.889360427856445
              ],
              [
                106.66189384460449,
                13.838949203491211
              ],
              [
                106.66452980041504,
                13.82636833190918
              ],
              [
                106.65786170959473,
                13.816469192504883
              ],
              [
                106.65910148620605,
                13.792699813842773
              ],
              [
                106.6572437286377,
                13.786420822143555
              ],
              [
                106.56195259094238,
                13.612737655639648
              ],
              [
                106.55570030212402,
                13.585683822631836
              ],
              [
                106.55420112609863,
                13.562040328979492
              ],
              [
                106.5576114654541,
                13.555192947387695
              ],
              [
                106.56189918518066,
                13.549123764038086
              ],
              [
                106.56505393981934,
                13.541318893432617
              ],
              [
                106.58122825622559,
                13.515634536743164
              ],
              [
                106.58965110778809,
                13.477731704711914
              ],
              [
                106.59998512268066,
                13.46253776550293
              ],
              [
                106.6023120880127,
                13.45210075378418
              ],
              [
                106.6027774810791,
                13.44145393371582
              ],
              [
                106.60060691833496,
                13.404092788696289
              ],
              [
                106.60138130187988,
                13.394376754760742
              ],
              [
                106.60582542419434,
                13.386445999145508
              ],
              [
                106.61223411560059,
                13.378694534301758
              ],
              [
                106.6138858795166,
                13.37590217590332
              ],
              [
                106.61502265930176,
                13.372568130493164
              ],
              [
                106.61610984802246,
                13.368410110473633
              ],
              [
                106.61672782897949,
                13.36396598815918
              ],
              [
                106.61610984802246,
                13.35215950012207
              ],
              [
                106.60897636413574,
                13.335569381713867
              ],
              [
                106.54474449157715,
                13.363008499145508
              ],
              [
                106.53141212463379,
                13.36546516418457
              ],
              [
                106.51900672912598,
                13.369417190551758
              ],
              [
                106.50128364562988,
                13.377840042114258
              ],
              [
                106.43890953063965,
                13.420679092407227
              ],
              [
                106.41844749450684,
                13.42463493347168
              ],
              [
                106.36160087585449,
                13.422178268432617
              ],
              [
                106.36444282531738,
                13.312314987182617
              ],
              [
                106.35974311828613,
                13.29350471496582
              ],
              [
                106.35948371887207,
                13.289422988891602
              ],
              [
                106.36475563049316,
                13.268442153930664
              ],
              [
                106.37870597839355,
                13.230356216430664
              ],
              [
                106.38862800598145,
                13.217592239379883
              ],
              [
                106.41937828063965,
                13.200899124145508
              ],
              [
                106.42883491516113,
                13.193357467651367
              ],
              [
                106.43410301208496,
                13.186662673950195
              ],
              [
                106.43596458435059,
                13.18348503112793
              ],
              [
                106.43766975402832,
                13.180025100708008
              ],
              [
                106.43875694274902,
                13.176382064819336
              ],
              [
                106.43968391418457,
                13.172117233276367
              ],
              [
                106.43984031677246,
                13.166742324829102
              ],
              [
                106.43860054016113,
                13.162996292114258
              ],
              [
                106.43642997741699,
                13.16020393371582
              ],
              [
                106.43332862854004,
                13.158811569213867
              ],
              [
                106.42929649353027,
                13.158113479614258
              ],
              [
                106.37204170227051,
                13.159250259399414
              ],
              [
                106.36707878112793,
                13.157106399536133
              ],
              [
                106.3618106842041,
                13.152917861938477
              ],
              [
                106.35374641418457,
                13.143178939819336
              ],
              [
                106.35013008117676,
                13.137208938598633
              ],
              [
                106.34826850891113,
                13.132120132446289
              ],
              [
                106.34795951843262,
                13.128168106079102
              ],
              [
                106.34889030456543,
                13.101373672485352
              ],
              [
                106.35064506530762,
                13.095014572143555
              ],
              [
                106.35291862487793,
                13.090726852416992
              ],
              [
                106.35788154602051,
                13.086359024047852
              ],
              [
                106.38816261291504,
                13.044683456420898
              ],
              [
                106.3911075592041,
                13.041425704956055
              ],
              [
                106.39359092712402,
                13.039411544799805
              ],
              [
                106.3963794708252,
                13.03770637512207
              ],
              [
                106.40893745422363,
                13.031610488891602
              ],
              [
                106.41193580627441,
                13.029413223266602
              ],
              [
                106.41451835632324,
                13.026285171508789
              ],
              [
                106.42165184020996,
                13.015665054321289
              ],
              [
                106.42821311950684,
                13.009027481079102
              ],
              [
                106.43704795837402,
                13.003728866577148
              ],
              [
                106.44759178161621,
                12.999025344848633
              ],
              [
                106.45069313049316,
                12.998098373413086
              ],
              [
                106.45425987243652,
                12.997503280639648
              ],
              [
                106.47136116027832,
                12.99744987487793
              ],
              [
                106.47554969787598,
                12.997011184692383
              ],
              [
                106.48345375061035,
                12.995149612426758
              ],
              [
                106.48665809631348,
                12.993780136108398
              ],
              [
                106.48996543884277,
                12.991586685180664
              ],
              [
                106.50236701965332,
                12.977453231811523
              ],
              [
                106.5616397857666,
                12.942106246948242
              ],
              [
                106.59843635559082,
                12.927431106567383
              ],
              [
                106.60572242736816,
                12.923036575317383
              ],
              [
                106.60928916931152,
                12.919702529907227
              ],
              [
                106.61176872253418,
                12.916215896606445
              ],
              [
                106.61378288269043,
                12.908903121948242
              ],
              [
                106.61487007141113,
                12.897043228149414
              ],
              [
                106.61967277526855,
                12.85960578918457
              ],
              [
                106.6178150177002,
                12.847589492797852
              ],
              [
                106.61564445495605,
                12.845212936401367
              ],
              [
                106.61285209655762,
                12.843118667602539
              ],
              [
                106.60990715026855,
                12.841413497924805
              ],
              [
                106.60355186462402,
                12.83903694152832
              ],
              [
                106.59812355041504,
                12.834619522094727
              ],
              [
                106.5913028717041,
                12.827383041381836
              ],
              [
                106.57874488830566,
                12.809141159057617
              ],
              [
                106.5720272064209,
                12.801443099975586
              ],
              [
                106.5669116973877,
                12.796636581420898
              ],
              [
                106.53807640075684,
                12.784311294555664
              ],
              [
                106.51694297790527,
                12.778341293334961
              ],
              [
                106.49833869934082,
                12.767698287963867
              ],
              [
                106.47430992126465,
                12.761960983276367
              ],
              [
                106.43425941467285,
                12.737726211547852
              ],
              [
                106.41937828063965,
                12.723333358764648
              ],
              [
                106.3968448638916,
                12.686925888061523
              ],
              [
                106.3711109161377,
                12.591737747192383
              ],
              [
                106.3669261932373,
                12.566339492797852
              ],
              [
                106.36956214904785,
                12.551019668579102
              ],
              [
                106.36924934387207,
                12.52900505065918
              ],
              [
                106.37002372741699,
                12.525411605834961
              ],
              [
                106.3711109161377,
                12.522001266479492
              ],
              [
                106.37467765808105,
                12.516988754272461
              ],
              [
                106.37963676452637,
                12.513578414916992
              ],
              [
                106.40852546691895,
                12.500116348266602
              ],
              [
                106.45580863952637,
                12.470479965209961
              ],
              [
                106.46898460388184,
                12.464666366577148
              ],
              [
                106.48945045471191,
                12.45283317565918
              ],
              [
                106.49725151062012,
                12.447122573852539
              ],
              [
                106.5015926361084,
                12.444589614868164
              ],
              [
                106.50763893127441,
                12.441850662231445
              ],
              [
                106.52210807800293,
                12.43733024597168
              ],
              [
                106.52520942687988,
                12.435754776000977
              ],
              [
                106.52815437316895,
                12.433969497680664
              ],
              [
                106.55264854431152,
                12.412214279174805
              ],
              [
                106.55621528625488,
                12.407617568969727
              ],
              [
                106.56086540222168,
                12.400381088256836
              ],
              [
                106.57192420959473,
                12.37596321105957
              ],
              [
                106.58494758605957,
                12.332014083862305
              ],
              [
                106.58897972106934,
                12.322710037231445
              ],
              [
                106.59223365783691,
                12.318941116333008
              ],
              [
                106.59673118591309,
                12.314882278442383
              ],
              [
                106.6120777130127,
                12.305917739868164
              ],
              [
                106.6280460357666,
                12.300256729125977
              ],
              [
                106.65321159362793,
                12.296564102172852
              ],
              [
                106.69481086730957,
                12.285272598266602
              ],
              [
                106.7082462310791,
                12.279535293579102
              ],
              [
                106.7197208404541,
                12.272275924682617
              ],
              [
                106.72922706604004,
                12.267728805541992
              ],
              [
                106.73295021057129,
                12.26545524597168
              ],
              [
                106.73646354675293,
                12.262224197387695
              ],
              [
                106.74679756164551,
                12.250986099243164
              ],
              [
                106.75361824035645,
                12.245428085327148
              ],
              [
                106.7613697052002,
                12.237394332885742
              ],
              [
                106.76896858215332,
                12.225690841674805
              ],
              [
                106.77361869812012,
                12.215250015258789
              ],
              [
                106.78788185119629,
                12.193365097045898
              ],
              [
                106.78865623474121,
                12.184297561645508
              ],
              [
                106.78431510925293,
                12.117609024047852
              ],
              [
                106.78927803039551,
                12.073709487915039
              ],
              [
                106.79051780700684,
                12.067636489868164
              ],
              [
                106.79056358337402,
                12.067411422729492
              ],
              [
                106.77196311950684,
                12.065828323364258
              ],
              [
                106.74922752380371,
                12.052339553833008
              ],
              [
                106.7327938079834,
                12.028879165649414
              ],
              [
                106.72111320495605,
                11.996374130249023
              ],
              [
                106.70158195495605,
                11.970796585083008
              ],
              [
                106.68049812316895,
                11.965059280395508
              ],
              [
                106.63062858581543,
                11.976171493530273
              ],
              [
                106.63858604431152,
                11.96113395690918
              ],
              [
                106.55244255065918,
                11.972810745239258
              ],
              [
                106.50453758239746,
                11.973379135131836
              ],
              [
                106.4737377166748,
                11.952089309692383
              ],
              [
                106.46050834655762,
                11.952917098999023
              ],
              [
                106.45513725280762,
                11.959737777709961
              ],
              [
                106.45105171203613,
                11.968469619750977
              ],
              [
                106.44206047058105,
                11.974878311157227
              ],
              [
                106.42914390563965,
                11.976842880249023
              ],
              [
                106.4174633026123,
                11.975858688354492
              ],
              [
                106.39400291442871,
                11.969812393188477
              ],
              [
                106.39539909362793,
                11.96580696105957
              ],
              [
                106.40350914001465,
                11.942892074584961
              ],
              [
                106.4331226348877,
                11.888372421264648
              ],
              [
                106.43875312805176,
                11.86372184753418
              ],
              [
                106.43617057800293,
                11.861188888549805
              ],
              [
                106.4213924407959,
                11.837575912475586
              ],
              [
                106.42025566101074,
                11.830961227416992
              ],
              [
                106.41963386535645,
                11.812044143676758
              ],
              [
                106.41829109191895,
                11.803415298461914
              ],
              [
                106.41136741638184,
                11.789152145385742
              ],
              [
                106.40315055847168,
                11.775873184204102
              ],
              [
                106.39777565002441,
                11.762125015258789
              ],
              [
                106.39885902404785,
                11.746313095092773
              ],
              [
                106.42609214782715,
                11.700475692749023
              ],
              [
                106.4345874786377,
                11.678430557250977
              ],
              [
                106.43503379821777,
                11.677274703979492
              ],
              [
                106.42583656311035,
                11.662080764770508
              ],
              [
                106.41281318664551,
                11.661771774291992
              ],
              [
                106.40009880065918,
                11.668539047241211
              ],
              [
                106.37808799743652,
                11.683835983276367
              ],
              [
                106.36418342590332,
                11.688539505004883
              ],
              [
                106.35431480407715,
                11.690141677856445
              ],
              [
                106.34366798400879,
                11.689054489135742
              ],
              [
                106.28734397888184,
                11.674585342407227
              ],
              [
                106.27411460876465,
                11.676809310913086
              ],
              [
                106.2651195526123,
                11.683992385864258
              ],
              [
                106.25075721740723,
                11.706056594848633
              ],
              [
                106.24321174621582,
                11.714582443237305
              ],
              [
                106.2236270904541,
                11.724969863891602
              ],
              [
                106.15463829040527,
                11.746313095092773
              ],
              [
                106.11319160461426,
                11.747087478637695
              ],
              [
                106.06120491027832,
                11.762903213500977
              ],
              [
                106.01542091369629,
                11.770498275756836
              ],
              [
                105.99211311340332,
                11.746313095092773
              ],
              [
                105.99128913879395,
                11.732465744018555
              ],
              [
                105.98875617980957,
                11.718976974487305
              ],
              [
                105.98307228088379,
                11.70667839050293
              ],
              [
                105.95527076721191,
                11.677995681762695
              ],
              [
                105.9461727142334,
                11.657068252563477
              ],
              [
                105.93408393859863,
                11.642858505249023
              ],
              [
                105.90550422668457,
                11.644304275512695
              ],
              [
                105.85791206359863,
                11.661565780639648
              ],
              [
                105.84085655212402,
                11.658151626586914
              ],
              [
                105.82098579406738,
                11.641473770141602
              ],
              [
                105.81801795959473,
                11.638982772827148
              ],
              [
                105.80489158630371,
                11.62492561340332
              ],
              [
                105.79342079162598,
                11.607305526733398
              ],
              [
                105.7904224395752,
                11.587408065795898
              ],
              [
                105.79318046569824,
                11.582883834838867
              ],
              [
                105.78654670715332,
                11.578725814819336
              ],
              [
                105.78344535827637,
                11.577150344848633
              ],
              [
                105.77988243103027,
                11.575780868530273
              ],
              [
                105.77631568908691,
                11.575006484985352
              ],
              [
                105.76825523376465,
                11.574308395385742
              ],
              [
                105.75104331970215,
                11.574357986450195
              ],
              [
                105.74696159362793,
                11.573686599731445
              ],
              [
                105.74313926696777,
                11.572137832641602
              ],
              [
                105.73238945007324,
                11.565961837768555
              ],
              [
                105.70603370666504,
                11.56074333190918
              ],
              [
                105.69998741149902,
                11.558053970336914
              ],
              [
                105.69595909118652,
                11.553869247436523
              ],
              [
                105.69125556945801,
                11.547540664672852
              ],
              [
                105.67823219299316,
                11.515317916870117
              ],
              [
                105.66474723815918,
                11.452608108520508
              ],
              [
                105.65823554992676,
                11.431215286254883
              ],
              [
                105.65312004089355,
                11.418478012084961
              ],
              [
                105.65203285217285,
                11.413671493530273
              ],
              [
                105.65110206604004,
                11.407625198364258
              ],
              [
                105.65094947814941,
                11.327863693237305
              ],
              [
                105.65787315368652,
                11.277040481567383
              ],
              [
                105.66024971008301,
                11.269983291625977
              ],
              [
                105.6608715057373,
                11.266885757446289
              ],
              [
                105.66350364685059,
                11.260217666625977
              ],
              [
                105.66211128234863,
                11.255697250366211
              ],
              [
                105.64629554748535,
                11.257661819458008
              ],
              [
                105.63994026184082,
                11.253835678100586
              ],
              [
                105.63761711120605,
                11.250967025756836
              ],
              [
                105.63311958312988,
                11.24290657043457
              ],
              [
                105.6256275177002,
                11.236318588256836
              ],
              [
                105.6236629486084,
                11.233758926391602
              ],
              [
                105.62211418151855,
                11.23078727722168
              ],
              [
                105.61684226989746,
                11.204896926879883
              ],
              [
                105.6141529083252,
                11.196657180786133
              ],
              [
                105.60965919494629,
                11.187044143676758
              ],
              [
                105.6095027923584,
                11.178518295288086
              ],
              [
                105.61022758483887,
                11.165548324584961
              ],
              [
                105.6183910369873,
                11.123739242553711
              ],
              [
                105.62128639221191,
                11.115964889526367
              ],
              [
                105.6236629486084,
                11.113637924194336
              ],
              [
                105.6256275177002,
                11.111001968383789
              ],
              [
                105.62676429748535,
                11.107515335083008
              ],
              [
                105.62614250183105,
                11.102865219116211
              ],
              [
                105.62283515930176,
                11.095422744750977
              ],
              [
                105.62025260925293,
                11.091054916381836
              ],
              [
                105.61787605285645,
                11.087644577026367
              ],
              [
                105.60702323913574,
                11.075708389282227
              ],
              [
                105.60516166687012,
                11.072996139526367
              ],
              [
                105.60190773010254,
                11.066404342651367
              ],
              [
                105.5997371673584,
                11.059247970581055
              ],
              [
                105.59586143493652,
                11.026357650756836
              ],
              [
                105.59322547912598,
                11.019613265991211
              ],
              [
                105.5887279510498,
                11.011785507202148
              ],
              [
                105.58919334411621,
                11.00883674621582
              ],
              [
                105.59167671203613,
                11.005426406860352
              ],
              [
                105.59988975524902,
                10.998735427856445
              ],
              [
                105.60965919494629,
                10.987730026245117
              ],
              [
                105.61715126037598,
                10.971036911010742
              ],
              [
                105.61723899841309,
                10.97083854675293
              ],
              [
                105.52360343933105,
                10.951295852661133
              ],
              [
                105.47385215759277,
                10.940912246704102
              ],
              [
                105.46579170227051,
                10.941839218139648
              ],
              [
                105.44336128234863,
                10.952978134155273
              ],
              [
                105.4150447845459,
                10.960729598999023
              ],
              [
                105.41049766540527,
                10.963003158569336
              ],
              [
                105.39788627624512,
                10.954580307006836
              ],
              [
                105.35727119445801,
                10.907968521118164
              ],
              [
                105.32750511169434,
                10.84827995300293
              ],
              [
                105.31789207458496,
                10.838850021362305
              ],
              [
                105.30301094055176,
                10.844018936157227
              ],
              [
                105.26869773864746,
                10.873655319213867
              ],
              [
                105.25329780578613,
                10.883523941040039
              ],
              [
                105.20914649963379,
                10.89164924621582
              ],
              [
                105.11175346374512,
                10.909566879272461
              ],
              [
                105.09754371643066,
                10.914350509643555
              ],
              [
                105.08607292175293,
                10.929513931274414
              ],
              [
                105.0837459564209,
                10.942617416381836
              ],
              [
                105.07790565490723,
                10.946905136108398
              ],
              [
                105.05578804016113,
                10.935457229614258
              ],
              [
                105.04276847839355,
                10.926362991333008
              ],
              [
                105.03854942321777,
                10.922582626342773
              ],
              [
                105.02907371520996,
                10.914091110229492
              ],
              [
                105.01785850524902,
                10.899595260620117
              ],
              [
                105.01140022277832,
                10.883832931518555
              ],
              [
                105.01481056213379,
                10.849210739135742
              ],
              [
                105.03046989440918,
                10.811643600463867
              ],
              [
                105.06622886657715,
                10.746427536010742
              ],
              [
                105.06674385070801,
                10.713949203491211
              ],
              [
                105.04245567321777,
                10.690820693969727
              ],
              [
                104.94432258605957,
                10.641626358032227
              ],
              [
                104.93135261535645,
                10.630697250366211
              ],
              [
                104.91972541809082,
                10.618009567260742
              ],
              [
                104.87853813171387,
                10.555971145629883
              ],
              [
                104.85440635681152,
                10.53132438659668
              ],
              [
                104.81879997253418,
                10.517190933227539
              ],
              [
                104.77384376525879,
                10.515329360961914
              ],
              [
                104.72442436218262,
                10.521337509155273
              ],
              [
                104.70063591003418,
                10.524232864379883
              ],
              [
                104.62553215026855,
                10.533365249633789
              ],
              [
                104.5825366973877,
                10.531530380249023
              ],
              [
                104.56682777404785,
                10.528066635131836
              ],
              [
                104.55401039123535,
                10.518327713012695
              ],
              [
                104.5442943572998,
                10.503778457641602
              ],
              [
                104.53597450256348,
                10.487993240356445
              ],
              [
                104.49427223205566,
                10.427736282348633
              ],
              [
                104.48373222351074,
                10.418046951293945
              ],
              [
                104.46957206726074,
                10.415773391723633
              ],
              [
                104.45134544372559,
                10.41966438293457
              ],
              [
                104.45134544372559,
                10.419828414916992
              ],
              [
                104.44923210144043,
                10.425603866577148
              ],
              [
                104.43238639831543,
                10.44627571105957
              ],
              [
                104.4241886138916,
                10.451051712036133
              ],
              [
                104.42204856872559,
                10.452299118041992
              ],
              [
                104.40756416320801,
                10.446111679077148
              ],
              [
                104.37232780456543,
                10.482084274291992
              ],
              [
                104.36313056945801,
                10.487737655639648
              ],
              [
                104.33253288269043,
                10.487737655639648
              ],
              [
                104.31560325622559,
                10.481107711791992
              ],
              [
                104.30616569519043,
                10.478582382202148
              ],
              [
                104.29770088195801,
                10.480863571166992
              ],
              [
                104.28980827331543,
                10.497503280639648
              ],
              [
                104.28630638122559,
                10.540472030639648
              ],
              [
                104.27418327331543,
                10.549139022827148
              ],
              [
                104.26856803894043,
                10.552068710327148
              ],
              [
                104.25660514831543,
                10.565824508666992
              ],
              [
                104.24984931945801,
                10.570257186889648
              ],
              [
                104.24268913269043,
                10.569036483764648
              ],
              [
                104.23658561706543,
                10.564641952514648
              ],
              [
                104.23031806945801,
                10.563138961791992
              ],
              [
                104.22266960144043,
                10.570257186889648
              ],
              [
                104.20704460144043,
                10.549993515014648
              ],
              [
                104.18116569519043,
                10.54954719543457
              ],
              [
                104.13014030456543,
                10.562810897827148
              ],
              [
                104.11313056945801,
                10.560941696166992
              ],
              [
                104.08904075622559,
                10.554632186889648
              ],
              [
                104.07179069519043,
                10.555974960327148
              ],
              [
                103.97608757019043,
                10.58250617980957
              ],
              [
                103.95924186706543,
                10.583929061889648
              ],
              [
                103.94556999206543,
                10.58812141418457
              ],
              [
                103.91798210144043,
                10.611234664916992
              ],
              [
                103.91687965393066,
                10.615972518920898
              ],
              [
                103.91627311706543,
                10.618597030639648
              ],
              [
                103.89430046081543,
                10.658391952514648
              ],
              [
                103.89128684997559,
                10.659124374389648
              ],
              [
                103.87696647644043,
                10.658391952514648
              ],
              [
                103.87338447570801,
                10.660062789916992
              ],
              [
                103.87370872497559,
                10.66404914855957
              ],
              [
                103.87468528747559,
                10.668767929077148
              ],
              [
                103.87379264831543,
                10.672674179077148
              ],
              [
                103.87086296081543,
                10.678655624389648
              ],
              [
                103.86915397644043,
                10.693548202514648
              ],
              [
                103.86638450622559,
                10.699369430541992
              ],
              [
                103.85890007019043,
                10.679594039916992
              ],
              [
                103.85971260070801,
                10.658109664916992
              ],
              [
                103.86638450622559,
                10.621160507202148
              ],
              [
                103.86280632019043,
                10.603826522827148
              ],
              [
                103.85426139831543,
                10.586492538452148
              ],
              [
                103.83228874206543,
                10.555974960327148
              ],
              [
                103.82056999206543,
                10.544012069702148
              ],
              [
                103.80787467956543,
                10.537908554077148
              ],
              [
                103.79102897644043,
                10.535795211791992
              ],
              [
                103.76710319519043,
                10.535467147827148
              ],
              [
                103.75416374206543,
                10.537748336791992
              ],
              [
                103.74822044372559,
                10.543119430541992
              ],
              [
                103.74390983581543,
                10.549871444702148
              ],
              [
                103.73609733581543,
                10.555974960327148
              ],
              [
                103.72608757019043,
                10.558660507202148
              ],
              [
                103.70932197570801,
                10.559232711791992
              ],
              [
                103.70191764831543,
                10.562810897827148
              ],
              [
                103.70191764831543,
                10.555974960327148
              ],
              [
                103.72315788269043,
                10.54466438293457
              ],
              [
                103.74195671081543,
                10.526273727416992
              ],
              [
                103.74708366394043,
                10.508977890014648
              ],
              [
                103.72608757019043,
                10.501371383666992
              ],
              [
                103.69320869445801,
                10.50340461730957
              ],
              [
                103.65577507019043,
                10.495183944702148
              ],
              [
                103.63738059997559,
                10.494535446166992
              ],
              [
                103.62387275695801,
                10.500921249389648
              ],
              [
                103.61720085144043,
                10.515043258666992
              ],
              [
                103.61540794372559,
                10.529119491577148
              ],
              [
                103.61622428894043,
                10.535467147827148
              ],
              [
                103.61313056945801,
                10.538274765014648
              ],
              [
                103.61060905456543,
                10.551458358764648
              ],
              [
                103.60629463195801,
                10.555974960327148
              ],
              [
                103.59840202331543,
                10.55662727355957
              ],
              [
                103.59400749206543,
                10.553655624389648
              ],
              [
                103.59066963195801,
                10.550115585327148
              ],
              [
                103.58578681945801,
                10.549139022827148
              ],
              [
                103.57943916320801,
                10.550848007202148
              ],
              [
                103.57008171081543,
                10.555082321166992
              ],
              [
                103.56153678894043,
                10.562322616577148
              ],
              [
                103.55356025695801,
                10.585515975952148
              ],
              [
                103.54379463195801,
                10.59617805480957
              ],
              [
                103.52369499206543,
                10.611234664916992
              ],
              [
                103.50709342956543,
                10.60423469543457
              ],
              [
                103.50196647644043,
                10.617132186889648
              ],
              [
                103.50684928894043,
                10.635442733764648
              ],
              [
                103.52003288269043,
                10.644720077514648
              ],
              [
                103.52808952331543,
                10.652166366577148
              ],
              [
                103.53834342956543,
                10.669500350952148
              ],
              [
                103.54713249206543,
                10.68895149230957
              ],
              [
                103.55103874206543,
                10.703069686889648
              ],
              [
                103.56739616394043,
                10.726507186889648
              ],
              [
                103.60597038269043,
                10.73753547668457
              ],
              [
                103.68417549133301,
                10.740789413452148
              ],
              [
                103.68490791320801,
                10.74083137512207
              ],
              [
                103.68873405456543,
                10.74095344543457
              ],
              [
                103.68873405456543,
                10.742986679077148
              ],
              [
                103.68873405456543,
                10.747747421264648
              ],
              [
                103.67563056945801,
                10.751775741577148
              ],
              [
                103.67221260070801,
                10.757879257202148
              ],
              [
                103.67807197570801,
                10.801214218139648
              ],
              [
                103.68140983581543,
                10.809232711791992
              ],
              [
                103.68971061706543,
                10.81614875793457
              ],
              [
                103.70142936706543,
                10.822210311889648
              ],
              [
                103.71339225769043,
                10.83055305480957
              ],
              [
                103.72242546081543,
                10.844549179077148
              ],
              [
                103.72437858581543,
                10.856023788452148
              ],
              [
                103.72242546081543,
                10.894842147827148
              ],
              [
                103.70736885070801,
                10.930120468139648
              ],
              [
                103.67856025695801,
                10.98021125793457
              ],
              [
                103.65951728820801,
                11.02977180480957
              ],
              [
                103.67457389831543,
                11.063665390014648
              ],
              [
                103.65544700622559,
                11.078435897827148
              ],
              [
                103.64584541320801,
                11.08226203918457
              ],
              [
                103.61622428894043,
                11.08543586730957
              ],
              [
                103.60401725769043,
                11.090642929077148
              ],
              [
                103.59522819519043,
                11.098295211791992
              ],
              [
                103.58350944519043,
                11.134099960327148
              ],
              [
                103.56186103820801,
                11.152250289916992
              ],
              [
                103.53297233581543,
                11.162748336791992
              ],
              [
                103.50269889831543,
                11.166082382202148
              ],
              [
                103.50489616394043,
                11.16258430480957
              ],
              [
                103.50522041320801,
                11.161771774291992
              ],
              [
                103.50611686706543,
                11.16136360168457
              ],
              [
                103.51002311706543,
                11.159246444702148
              ],
              [
                103.49643135070801,
                11.138822555541992
              ],
              [
                103.48902702331543,
                11.138822555541992
              ],
              [
                103.48438835144043,
                11.145658493041992
              ],
              [
                103.48121452331543,
                11.148382186889648
              ],
              [
                103.46851921081543,
                11.151800155639648
              ],
              [
                103.46851921081543,
                11.145658493041992
              ],
              [
                103.47445869445801,
                11.133695602416992
              ],
              [
                103.46827507019043,
                11.118963241577148
              ],
              [
                103.44801139831543,
                11.090398788452148
              ],
              [
                103.46827507019043,
                11.099309921264648
              ],
              [
                103.47022819519043,
                11.089056015014648
              ],
              [
                103.46273994445801,
                11.070867538452148
              ],
              [
                103.43726921081543,
                11.025091171264648
              ],
              [
                103.43083763122559,
                11.006498336791992
              ],
              [
                103.42807197570801,
                10.984281539916992
              ],
              [
                103.41700553894043,
                10.958074569702148
              ],
              [
                103.41456413269043,
                10.946355819702148
              ],
              [
                103.41529655456543,
                10.93675422668457
              ],
              [
                103.42017936706543,
                10.920965194702148
              ],
              [
                103.42123603820801,
                10.909124374389648
              ],
              [
                103.41570091247559,
                10.894109725952148
              ],
              [
                103.40211296081543,
                10.884344100952148
              ],
              [
                103.38599967956543,
                10.880926132202148
              ],
              [
                103.37289619445801,
                10.884954452514648
              ],
              [
                103.36866569519043,
                10.880193710327148
              ],
              [
                103.36402702331543,
                10.87693977355957
              ],
              [
                103.35230827331543,
                10.871892929077148
              ],
              [
                103.34408760070801,
                10.895452499389648
              ],
              [
                103.32309150695801,
                10.909574508666992
              ],
              [
                103.29810905456543,
                10.919988632202148
              ],
              [
                103.27735710144043,
                10.932683944702148
              ],
              [
                103.23634147644043,
                10.908147811889648
              ],
              [
                103.21900749206543,
                10.892484664916992
              ],
              [
                103.22266960144043,
                10.878118515014648
              ],
              [
                103.20875358581543,
                10.878568649291992
              ],
              [
                103.19679069519043,
                10.876531600952148
              ],
              [
                103.18751335144043,
                10.87181282043457
              ],
              [
                103.18116569519043,
                10.864446640014648
              ],
              [
                103.16179466247559,
                10.87401008605957
              ],
              [
                103.13868522644043,
                10.876409530639648
              ],
              [
                103.12672233581543,
                10.881292343139648
              ],
              [
                103.14015007019043,
                10.898588180541992
              ],
              [
                103.10938835144043,
                10.922307968139648
              ],
              [
                103.10190010070801,
                10.925931930541992
              ],
              [
                103.09555244445801,
                10.933988571166992
              ],
              [
                103.10027122497559,
                10.95115852355957
              ],
              [
                103.10841178894043,
                10.96702766418457
              ],
              [
                103.11280632019043,
                10.970891952514648
              ],
              [
                103.11060905456543,
                11.001897811889648
              ],
              [
                103.10084342956543,
                11.053129196166992
              ],
              [
                103.09848213195801,
                11.080472946166992
              ],
              [
                103.10181999206543,
                11.089910507202148
              ],
              [
                103.10873603820801,
                11.100408554077148
              ],
              [
                103.11598014831543,
                11.113836288452148
              ],
              [
                103.11898994445801,
                11.131986618041992
              ],
              [
                103.11768913269043,
                11.149114608764648
              ],
              [
                103.11361885070801,
                11.161077499389648
              ],
              [
                103.09848213195801,
                11.186590194702148
              ],
              [
                103.09620475769043,
                11.194242477416992
              ],
              [
                103.09506416320801,
                11.20262336730957
              ],
              [
                103.09327507019043,
                11.210844039916992
              ],
              [
                103.08863639831543,
                11.217679977416992
              ],
              [
                103.08204460144043,
                11.219388961791992
              ],
              [
                103.06226921081543,
                11.21971321105957
              ],
              [
                103.05763053894043,
                11.220769882202148
              ],
              [
                103.05958366394043,
                11.231840133666992
              ],
              [
                103.07105827331543,
                11.238592147827148
              ],
              [
                103.07927513122559,
                11.245183944702148
              ],
              [
                103.07130241394043,
                11.255521774291992
              ],
              [
                103.07130241394043,
                11.261663436889648
              ],
              [
                103.07887077331543,
                11.273504257202148
              ],
              [
                103.10564231872559,
                11.29905891418457
              ],
              [
                103.13404655456543,
                11.31614875793457
              ],
              [
                103.14698600769043,
                11.302679061889648
              ],
              [
                103.15316963195801,
                11.302679061889648
              ],
              [
                103.15211296081543,
                11.31810188293457
              ],
              [
                103.14242744445801,
                11.343572616577148
              ],
              [
                103.14015007019043,
                11.35789680480957
              ],
              [
                103.12574577331543,
                11.35228157043457
              ],
              [
                103.11915397644043,
                11.34886360168457
              ],
              [
                103.11280632019043,
                11.343656539916992
              ],
              [
                103.10027122497559,
                11.356023788452148
              ],
              [
                103.09652900695801,
                11.36717414855957
              ],
              [
                103.09596061706543,
                11.38035774230957
              ],
              [
                103.09229850769043,
                11.398870468139648
              ],
              [
                103.08578681945801,
                11.41380500793457
              ],
              [
                103.07097434997559,
                11.434514999389648
              ],
              [
                103.06446647644043,
                11.44725227355957
              ],
              [
                103.07276725769043,
                11.44481086730957
              ],
              [
                103.07569694519043,
                11.44432258605957
              ],
              [
                103.07667350769043,
                11.441839218139648
              ],
              [
                103.07878684997559,
                11.433012008666992
              ],
              [
                103.08497428894043,
                11.433012008666992
              ],
              [
                103.09132194519043,
                11.443998336791992
              ],
              [
                103.10157585144043,
                11.452581405639648
              ],
              [
                103.11451530456543,
                11.45823860168457
              ],
              [
                103.12989616394043,
                11.460355758666992
              ],
              [
                103.14332389831543,
                11.45482063293457
              ],
              [
                103.15919303894043,
                11.431097030639648
              ],
              [
                103.17432975769043,
                11.426176071166992
              ],
              [
                103.14275169372559,
                11.485052108764648
              ],
              [
                103.13331413269043,
                11.494451522827148
              ],
              [
                103.13786888122559,
                11.505277633666992
              ],
              [
                103.14015007019043,
                11.508733749389648
              ],
              [
                103.13331413269043,
                11.508733749389648
              ],
              [
                103.13103294372559,
                11.505071640014648
              ],
              [
                103.12647819519043,
                11.494451522827148
              ],
              [
                103.13062858581543,
                11.486516952514648
              ],
              [
                103.12867546081543,
                11.477483749389648
              ],
              [
                103.12208366394043,
                11.470159530639648
              ],
              [
                103.11280632019043,
                11.46776008605957
              ],
              [
                103.10287666320801,
                11.47264289855957
              ],
              [
                103.09107780456543,
                11.490545272827148
              ],
              [
                103.06446647644043,
                11.503606796264648
              ],
              [
                103.05730247497559,
                11.525213241577148
              ],
              [
                103.05632591247559,
                11.55027961730957
              ],
              [
                103.05763053894043,
                11.570219039916992
              ],
              [
                103.05079460144043,
                11.563383102416992
              ],
              [
                103.05404853820801,
                11.583806991577148
              ],
              [
                103.05763053894043,
                11.591253280639648
              ],
              [
                103.04835319519043,
                11.591619491577148
              ],
              [
                103.04330635070801,
                11.594305038452148
              ],
              [
                103.03712272644043,
                11.604925155639648
              ],
              [
                103.03744697570801,
                11.570257186889648
              ],
              [
                103.03565788269043,
                11.554632186889648
              ],
              [
                103.03028678894043,
                11.542875289916992
              ],
              [
                103.02345085144043,
                11.542875289916992
              ],
              [
                103.01270866394043,
                11.54637336730957
              ],
              [
                102.99854850769043,
                11.543157577514648
              ],
              [
                102.98463249206543,
                11.536321640014648
              ],
              [
                102.97511100769043,
                11.529241561889648
              ],
              [
                102.95460319519043,
                11.55711555480957
              ],
              [
                102.97511100769043,
                11.570219039916992
              ],
              [
                102.98023796081543,
                11.563787460327148
              ],
              [
                102.99545478820801,
                11.549711227416992
              ],
              [
                103.00294303894043,
                11.549711227416992
              ],
              [
                102.99936103820801,
                11.55955696105957
              ],
              [
                102.98845481872559,
                11.572698593139648
              ],
              [
                102.98243522644043,
                11.583806991577148
              ],
              [
                102.98243522644043,
                11.624822616577148
              ],
              [
                102.99382591247559,
                11.63572883605957
              ],
              [
                103.00782585144043,
                11.631170272827148
              ],
              [
                103.02442741394043,
                11.623479843139648
              ],
              [
                103.04330635070801,
                11.624822616577148
              ],
              [
                103.04330635070801,
                11.632268905639648
              ],
              [
                103.03101921081543,
                11.631170272827148
              ],
              [
                103.02100944519043,
                11.633977890014648
              ],
              [
                103.01352119445801,
                11.63939094543457
              ],
              [
                103.00912666320801,
                11.645902633666992
              ],
              [
                103.00912666320801,
                11.652738571166992
              ],
              [
                103.01677513122559,
                11.652738571166992
              ],
              [
                103.01677513122559,
                11.659574508666992
              ],
              [
                103.00619697570801,
                11.65501594543457
              ],
              [
                103.00294303894043,
                11.652738571166992
              ],
              [
                102.99545478820801,
                11.652738571166992
              ],
              [
                102.99431419372559,
                11.660100936889648
              ],
              [
                102.98927116394043,
                11.673246383666992
              ],
              [
                102.98243522644043,
                11.673246383666992
              ],
              [
                102.98243522644043,
                11.652738571166992
              ],
              [
                102.97511100769043,
                11.659574508666992
              ],
              [
                102.97511100769043,
                11.638494491577148
              ],
              [
                102.96876335144043,
                11.638494491577148
              ],
              [
                102.97038841247559,
                11.666204452514648
              ],
              [
                102.97584342956543,
                11.687322616577148
              ],
              [
                102.98634147644043,
                11.70286750793457
              ],
              [
                103.00294303894043,
                11.714178085327148
              ],
              [
                103.01286888122559,
                11.718572616577148
              ],
              [
                103.02165794372559,
                11.720525741577148
              ],
              [
                103.03028678894043,
                11.71849250793457
              ],
              [
                103.04029655456543,
                11.711088180541992
              ],
              [
                103.05258369445801,
                11.705511093139648
              ],
              [
                103.06666374206543,
                11.708196640014648
              ],
              [
                103.07878684997559,
                11.716459274291992
              ],
              [
                103.08497428894043,
                11.727849960327148
              ],
              [
                103.07878684997559,
                11.727849960327148
              ],
              [
                103.06983757019043,
                11.715154647827148
              ],
              [
                103.05600166320801,
                11.716131210327148
              ],
              [
                103.04135322570801,
                11.724676132202148
              ],
              [
                103.03028678894043,
                11.734685897827148
              ],
              [
                103.02345085144043,
                11.734685897827148
              ],
              [
                102.98243522644043,
                11.714178085327148
              ],
              [
                102.97681999206543,
                11.720365524291992
              ],
              [
                102.96973991394043,
                11.732854843139648
              ],
              [
                102.96388053894043,
                11.747137069702148
              ],
              [
                102.96143913269043,
                11.75853157043457
              ],
              [
                102.95606803894043,
                11.766912460327148
              ],
              [
                102.93263053894043,
                11.779119491577148
              ],
              [
                102.89926338195801,
                11.830266952514648
              ],
              [
                102.89307975769043,
                11.830266952514648
              ],
              [
                102.90788841247559,
                11.797552108764648
              ],
              [
                102.95680046081543,
                11.74681282043457
              ],
              [
                102.96876335144043,
                11.714178085327148
              ],
              [
                102.96656608581543,
                11.697454452514648
              ],
              [
                102.95484733581543,
                11.667875289916992
              ],
              [
                102.95460319519043,
                11.652738571166992
              ],
              [
                102.96501731872559,
                11.609930038452148
              ],
              [
                102.96371650695801,
                11.592351913452148
              ],
              [
                102.95460319519043,
                11.570219039916992
              ],
              [
                102.95265007019043,
                11.582952499389648
              ],
              [
                102.94312858581543,
                11.600980758666992
              ],
              [
                102.94093132019043,
                11.615179061889648
              ],
              [
                102.93726921081543,
                11.621732711791992
              ],
              [
                102.91969108581543,
                11.638372421264648
              ],
              [
                102.91358757019043,
                11.645902633666992
              ],
              [
                102.90601921081543,
                11.666204452514648
              ],
              [
                102.90870475769043,
                11.717962265014648
              ],
              [
                102.90675163269043,
                11.74144172668457
              ],
              [
                102.89332389831543,
                11.769681930541992
              ],
              [
                102.82545280456543,
                11.85814094543457
              ],
              [
                102.78346061706543,
                11.892278671264648
              ],
              [
                102.77702903747559,
                11.902532577514648
              ],
              [
                102.77702903747559,
                11.967435836791992
              ],
              [
                102.76693916320801,
                12.011785507202148
              ],
              [
                102.74968528747559,
                12.04026985168457
              ],
              [
                102.63184928894043,
                12.152044296264648
              ],
              [
                102.63014030456543,
                12.16136360168457
              ],
              [
                102.65357780456543,
                12.15916633605957
              ],
              [
                102.64137077331543,
                12.175481796264648
              ],
              [
                102.60450553894043,
                12.203924179077148
              ],
              [
                102.60572624206543,
                12.214422225952148
              ],
              [
                102.60572624206543,
                12.221258163452148
              ],
              [
                102.58936882019043,
                12.212224960327148
              ],
              [
                102.57390403747559,
                12.20872688293457
              ],
              [
                102.56186103820801,
                12.202093124389648
              ],
              [
                102.55730247497559,
                12.183744430541992
              ],
              [
                102.57162666320801,
                12.090970993041992
              ],
              [
                102.58399772644043,
                12.067327499389648
              ],
              [
                102.58595085144043,
                12.060247421264648
              ],
              [
                102.58236885070801,
                12.049261093139648
              ],
              [
                102.57398796081543,
                12.049261093139648
              ],
              [
                102.56348991394043,
                12.053861618041992
              ],
              [
                102.55388450622559,
                12.056791305541992
              ],
              [
                102.55014228820801,
                12.061185836791992
              ],
              [
                102.55103874206543,
                12.08275032043457
              ],
              [
                102.55046653747559,
                12.090970993041992
              ],
              [
                102.53223991394043,
                12.113592147827148
              ],
              [
                102.50424385070801,
                12.133367538452148
              ],
              [
                102.47364616394043,
                12.148992538452148
              ],
              [
                102.36622428894043,
                12.18602180480957
              ],
              [
                102.35035514831543,
                12.195707321166992
              ],
              [
                102.33619499206543,
                12.197576522827148
              ],
              [
                102.32447624206543,
                12.180326461791992
              ],
              [
                102.31837272644043,
                12.180326461791992
              ],
              [
                102.29591178894043,
                12.190008163452148
              ],
              [
                102.29037666320801,
                12.193998336791992
              ],
              [
                102.28647041320801,
                12.202543258666992
              ],
              [
                102.28712272644043,
                12.21019172668457
              ],
              [
                102.28940010070801,
                12.216619491577148
              ],
              [
                102.29037666320801,
                12.221258163452148
              ],
              [
                102.28346061706543,
                12.241361618041992
              ],
              [
                102.26539421081543,
                12.27147102355957
              ],
              [
                102.26319694519043,
                12.28953742980957
              ],
              [
                102.29005241394043,
                12.282903671264648
              ],
              [
                102.31519889831543,
                12.29124641418457
              ],
              [
                102.33627510070801,
                12.307439804077148
              ],
              [
                102.35190010070801,
                12.323675155639648
              ],
              [
                102.35987663269043,
                12.347074508666992
              ],
              [
                102.35552787780762,
                12.358301162719727
              ],
              [
                102.35206413269043,
                12.367254257202148
              ],
              [
                102.33725166320801,
                12.376127243041992
              ],
              [
                102.32447624206543,
                12.365301132202148
              ],
              [
                102.33253288269043,
                12.361883163452148
              ],
              [
                102.33839225769043,
                12.35716438293457
              ],
              [
                102.34245872497559,
                12.35130500793457
              ],
              [
                102.34506416320801,
                12.344793319702148
              ],
              [
                102.33073997497559,
                12.327825546264648
              ],
              [
                102.31023216247559,
                12.316228866577148
              ],
              [
                102.29167747497559,
                12.318059921264648
              ],
              [
                102.28354072570801,
                12.341375350952148
              ],
              [
                102.28614616394043,
                12.385686874389648
              ],
              [
                102.29224967956543,
                12.406888961791992
              ],
              [
                102.30404853820801,
                12.427396774291992
              ],
              [
                102.29786491394043,
                12.427396774291992
              ],
              [
                102.29151725769043,
                12.419584274291992
              ],
              [
                102.27670478820801,
                12.39256477355957
              ],
              [
                102.27003288269043,
                12.39256477355957
              ],
              [
                102.26588249206543,
                12.40477180480957
              ],
              [
                102.26352119445801,
                12.417303085327148
              ],
              [
                102.26441764831543,
                12.42943000793457
              ],
              [
                102.27003288269043,
                12.440374374389648
              ],
              [
                102.25847434997559,
                12.43187141418457
              ],
              [
                102.24244499206543,
                12.42625617980957
              ],
              [
                102.22828483581543,
                12.42772102355957
              ],
              [
                102.22218132019043,
                12.440374374389648
              ],
              [
                102.20573997497559,
                12.43577766418457
              ],
              [
                102.20102119445801,
                12.433538436889648
              ],
              [
                102.21062278747559,
                12.427679061889648
              ],
              [
                102.21436882019043,
                12.419622421264648
              ],
              [
                102.21339225769043,
                12.409978866577148
              ],
              [
                102.20850944519043,
                12.39940071105957
              ],
              [
                102.21461296081543,
                12.39940071105957
              ],
              [
                102.23585319519043,
                12.413724899291992
              ],
              [
                102.24252510070801,
                12.402776718139648
              ],
              [
                102.24708366394043,
                12.393011093139648
              ],
              [
                102.24781608581543,
                12.383207321166992
              ],
              [
                102.24268913269043,
                12.372137069702148
              ],
              [
                102.26303291320801,
                12.357000350952148
              ],
              [
                102.27345085144043,
                12.32615852355957
              ],
              [
                102.26482200622559,
                12.306219100952148
              ],
              [
                102.22828483581543,
                12.323675155639648
              ],
              [
                102.16684150695801,
                12.38572883605957
              ],
              [
                102.13689231872559,
                12.401762008666992
              ],
              [
                102.12436103820801,
                12.410551071166992
              ],
              [
                102.12598991394043,
                12.41990852355957
              ],
              [
                102.10987663269043,
                12.44090461730957
              ],
              [
                102.08717155456543,
                12.464750289916992
              ],
              [
                102.07195091247559,
                12.48851203918457
              ],
              [
                102.07813835144043,
                12.50926399230957
              ],
              [
                102.08180046081543,
                12.501127243041992
              ],
              [
                102.08595085144043,
                12.498357772827148
              ],
              [
                102.09148216247559,
                12.497625350952148
              ],
              [
                102.09864616394043,
                12.49559211730957
              ],
              [
                102.08546257019043,
                12.504339218139648
              ],
              [
                102.09213447570801,
                12.51268196105957
              ],
              [
                102.10564231872559,
                12.522893905639648
              ],
              [
                102.11231803894043,
                12.537260055541992
              ],
              [
                102.10474967956543,
                12.537260055541992
              ],
              [
                102.09945869445801,
                12.527410507202148
              ],
              [
                102.09294700622559,
                12.523382186889648
              ],
              [
                102.08546257019043,
                12.524358749389648
              ],
              [
                102.07813835144043,
                12.529729843139648
              ],
              [
                102.08822822570801,
                12.538724899291992
              ],
              [
                102.09327507019043,
                12.541448593139648
              ],
              [
                102.09864616394043,
                12.543401718139648
              ],
              [
                102.04786491394043,
                12.542303085327148
              ],
              [
                102.04330635070801,
                12.55052375793457
              ],
              [
                102.06446647644043,
                12.570745468139648
              ],
              [
                102.02223014831543,
                12.568548202514648
              ],
              [
                102.00929069519043,
                12.564519882202148
              ],
              [
                102.00929069519043,
                12.557073593139648
              ],
              [
                102.02247428894043,
                12.547758102416992
              ],
              [
                102.03150749206543,
                12.534124374389648
              ],
              [
                102.04322624206543,
                12.523504257202148
              ],
              [
                102.06446647644043,
                12.52293586730957
              ],
              [
                102.05958366394043,
                12.51048469543457
              ],
              [
                102.05746650695801,
                12.497220993041992
              ],
              [
                102.05697822570801,
                12.468328475952148
              ],
              [
                102.02247428894043,
                12.51951789855957
              ],
              [
                102.00896263122559,
                12.534086227416992
              ],
              [
                101.99220085144043,
                12.53978157043457
              ],
              [
                101.97348213195801,
                12.541448593139648
              ],
              [
                101.96078681945801,
                12.537260055541992
              ],
              [
                101.96078681945801,
                12.580633163452148
              ],
              [
                101.95883369445801,
                12.591253280639648
              ],
              [
                101.95435905456543,
                12.60130500793457
              ],
              [
                101.94988059997559,
                12.606351852416992
              ],
              [
                101.94776725769043,
                12.601751327514648
              ],
              [
                101.94597434997559,
                12.59568977355957
              ],
              [
                101.93702507019043,
                12.589178085327148
              ],
              [
                101.93425559997559,
                12.58372688293457
              ],
              [
                101.94727897644043,
                12.540716171264648
              ],
              [
                101.94776725769043,
                12.529729843139648
              ],
              [
                101.91407585144043,
                12.555120468139648
              ],
              [
                101.89958763122559,
                12.569730758666992
              ],
              [
                101.89259147644043,
                12.58372688293457
              ],
              [
                101.91309928894043,
                12.577581405639648
              ],
              [
                101.90943717956543,
                12.59422492980957
              ],
              [
                101.90260124206543,
                12.59788703918457
              ],
              [
                101.89430046081543,
                12.596502304077148
              ],
              [
                101.88575553894043,
                12.598051071166992
              ],
              [
                101.87761497497559,
                12.605535507202148
              ],
              [
                101.87354850769043,
                12.61302375793457
              ],
              [
                101.87045478820801,
                12.62156867980957
              ],
              [
                101.86524772644043,
                12.632146835327148
              ],
              [
                101.84880638122559,
                12.65452766418457
              ],
              [
                101.83025169372559,
                12.672796249389648
              ],
              [
                101.80836296081543,
                12.687932968139648
              ],
              [
                101.78909111022949,
                12.697847366333008
              ],
              [
                101.78272819519043,
                12.701116561889648
              ],
              [
                101.76612663269043,
                12.705877304077148
              ],
              [
                101.70443916320801,
                12.707914352416992
              ],
              [
                101.68637275695801,
                12.70213508605957
              ],
              [
                101.67595481872559,
                12.688627243041992
              ],
              [
                101.66847038269043,
                12.672796249389648
              ],
              [
                101.65984153747559,
                12.660100936889648
              ],
              [
                101.64234733581543,
                12.65135383605957
              ],
              [
                101.62208366394043,
                12.64964485168457
              ],
              [
                101.58106803894043,
                12.652654647827148
              ],
              [
                101.57349967956543,
                12.649808883666992
              ],
              [
                101.57203483581543,
                12.64329719543457
              ],
              [
                101.57260322570801,
                12.636419296264648
              ],
              [
                101.57105827331543,
                12.632146835327148
              ],
              [
                101.56641960144043,
                12.631292343139648
              ],
              [
                101.55543327331543,
                12.632390975952148
              ],
              [
                101.53907585144043,
                12.631742477416992
              ],
              [
                101.50904655456543,
                12.638982772827148
              ],
              [
                101.46510124206543,
                12.63231086730957
              ],
              [
                101.44288444519043,
                12.624822616577148
              ],
              [
                101.43327903747559,
                12.615423202514648
              ],
              [
                101.42888450622559,
                12.596868515014648
              ],
              [
                101.41814231872559,
                12.595647811889648
              ],
              [
                101.39291572570801,
                12.611722946166992
              ],
              [
                101.32349967956543,
                12.642156600952148
              ],
              [
                101.24887275695801,
                12.660100936889648
              ],
              [
                101.08773994445801,
                12.680608749389648
              ],
              [
                101.06666374206543,
                12.67625617980957
              ],
              [
                101.03207588195801,
                12.65696907043457
              ],
              [
                100.98861885070801,
                12.649358749389648
              ],
              [
                100.97804069519043,
                12.639593124389648
              ],
              [
                100.97771263122559,
                12.639226913452148
              ],
              [
                100.97445869445801,
                12.622220993041992
              ],
              [
                100.97445869445801,
                12.598051071166992
              ],
              [
                100.92611885070801,
                12.61912727355957
              ],
              [
                100.92611885070801,
                12.625394821166992
              ],
              [
                100.94076728820801,
                12.636381149291992
              ],
              [
                100.93458366394043,
                12.652898788452148
              ],
              [
                100.91765403747559,
                12.66258430480957
              ],
              [
                100.89958763122559,
                12.652654647827148
              ],
              [
                100.88868522644043,
                12.658758163452148
              ],
              [
                100.87989616394043,
                12.658147811889648
              ],
              [
                100.87061882019043,
                12.654729843139648
              ],
              [
                100.85792350769043,
                12.652654647827148
              ],
              [
                100.86264228820801,
                12.65599250793457
              ],
              [
                100.86687278747559,
                12.660306930541992
              ],
              [
                100.86988639831543,
                12.66600227355957
              ],
              [
                100.87143135070801,
                12.673772811889648
              ],
              [
                100.85108757019043,
                12.673772811889648
              ],
              [
                100.85450553894043,
                12.67967414855957
              ],
              [
                100.86134147644043,
                12.695135116577148
              ],
              [
                100.86459541320801,
                12.701116561889648
              ],
              [
                100.85629463195801,
                12.70140266418457
              ],
              [
                100.83741569519043,
                12.707914352416992
              ],
              [
                100.85482978820801,
                12.752264022827148
              ],
              [
                100.86793327331543,
                12.771146774291992
              ],
              [
                100.88591575622559,
                12.762517929077148
              ],
              [
                100.89210319519043,
                12.762517929077148
              ],
              [
                100.89918327331543,
                12.773504257202148
              ],
              [
                100.90788841247559,
                12.782537460327148
              ],
              [
                100.91570091247559,
                12.793645858764648
              ],
              [
                100.91993522644043,
                12.810941696166992
              ],
              [
                100.91847038269043,
                12.826322555541992
              ],
              [
                100.91325950622559,
                12.840398788452148
              ],
              [
                100.90609931945801,
                12.853216171264648
              ],
              [
                100.86866569519043,
                12.90623664855957
              ],
              [
                100.86459541320801,
                12.919584274291992
              ],
              [
                100.86817741394043,
                12.929021835327148
              ],
              [
                100.87550163269043,
                12.934759140014648
              ],
              [
                100.88404655456543,
                12.940008163452148
              ],
              [
                100.89210319519043,
                12.948064804077148
              ],
              [
                100.89454460144043,
                12.955511093139648
              ],
              [
                100.89674186706543,
                12.97386360168457
              ],
              [
                100.89958763122559,
                12.982244491577148
              ],
              [
                100.90821647644043,
                12.977445602416992
              ],
              [
                100.91879463195801,
                12.98240852355957
              ],
              [
                100.92839622497559,
                12.992498397827148
              ],
              [
                100.93360710144043,
                13.002752304077148
              ],
              [
                100.93311882019043,
                13.026433944702148
              ],
              [
                100.92310905456543,
                13.042791366577148
              ],
              [
                100.91139030456543,
                13.057035446166992
              ],
              [
                100.90577507019043,
                13.074407577514648
              ],
              [
                100.90154075622559,
                13.080633163452148
              ],
              [
                100.89210319519043,
                13.08348274230957
              ],
              [
                100.88282585144043,
                13.087835311889648
              ],
              [
                100.87826728820801,
                13.098333358764648
              ],
              [
                100.89958763122559,
                13.125638961791992
              ],
              [
                100.91578483581543,
                13.154851913452148
              ],
              [
                100.93702507019043,
                13.183988571166992
              ],
              [
                100.94516181945801,
                13.20091438293457
              ],
              [
                100.94450950622559,
                13.220037460327148
              ],
              [
                100.93360710144043,
                13.256010055541992
              ],
              [
                100.92896842956543,
                13.26561164855957
              ],
              [
                100.91537666320801,
                13.287054061889648
              ],
              [
                100.91244697570801,
                13.293851852416992
              ],
              [
                100.91472434997559,
                13.304388046264648
              ],
              [
                100.91928291320801,
                13.31077766418457
              ],
              [
                100.92400169372559,
                13.315618515014648
              ],
              [
                100.93238639831543,
                13.33812141418457
              ],
              [
                100.94711494445801,
                13.344427108764648
              ],
              [
                100.96534538269043,
                13.348539352416992
              ],
              [
                100.98129463195801,
                13.359037399291992
              ],
              [
                100.98536491394043,
                13.37303352355957
              ],
              [
                100.98715400695801,
                13.396146774291992
              ],
              [
                100.98512077331543,
                13.41771125793457
              ],
              [
                100.97087669372559,
                13.437200546264648
              ],
              [
                100.97836494445801,
                13.458890914916992
              ],
              [
                100.98067283630371,
                13.462923049926758
              ],
              [
                100.99577903747559,
                13.489324569702148
              ],
              [
                100.99577903747559,
                13.496160507202148
              ],
              [
                100.98390007019043,
                13.487981796264648
              ],
              [
                100.97389030456543,
                13.478826522827148
              ],
              [
                100.96339225769043,
                13.471380233764648
              ],
              [
                100.95069694519043,
                13.46824836730957
              ],
              [
                100.88892936706543,
                13.46824836730957
              ],
              [
                100.86402702331543,
                13.471502304077148
              ],
              [
                100.84097099304199,
                13.478193283081055
              ],
              [
                100.81397819519043,
                13.486028671264648
              ],
              [
                100.77133369445801,
                13.491155624389648
              ],
              [
                100.74976921081543,
                13.499906539916992
              ],
              [
                100.67986106872559,
                13.509222030639648
              ],
              [
                100.64967155456543,
                13.52025032043457
              ],
              [
                100.61020088195801,
                13.547513961791992
              ],
              [
                100.59205436706543,
                13.554510116577148
              ],
              [
                100.58961296081543,
                13.561956405639648
              ],
              [
                100.59156608581543,
                13.57151985168457
              ],
              [
                100.59669303894043,
                13.582670211791992
              ],
              [
                100.59889030456543,
                13.596502304077148
              ],
              [
                100.59782981872559,
                13.612249374389648
              ],
              [
                100.58692741394043,
                13.59202766418457
              ],
              [
                100.58318138122559,
                13.575994491577148
              ],
              [
                100.58424186706543,
                13.53367805480957
              ],
              [
                100.57585716247559,
                13.519598007202148
              ],
              [
                100.55592155456543,
                13.510892868041992
              ],
              [
                100.46697807312012,
                13.495664596557617
              ],
              [
                100.42994499206543,
                13.489324569702148
              ],
              [
                100.40078163146973,
                13.490636825561523
              ],
              [
                100.38111686706543,
                13.491521835327148
              ],
              [
                100.35645866394043,
                13.489690780639648
              ],
              [
                100.33717155456543,
                13.481878280639648
              ],
              [
                100.28988838195801,
                13.505033493041992
              ],
              [
                100.27507591247559,
                13.516668319702148
              ],
              [
                100.26498603820801,
                13.49754524230957
              ],
              [
                100.25326728820801,
                13.485784530639648
              ],
              [
                100.23715400695801,
                13.477361679077148
              ],
              [
                100.15040397644043,
                13.444036483764648
              ],
              [
                100.11305046081543,
                13.436590194702148
              ],
              [
                100.08896064758301,
                13.425970077514648
              ],
              [
                100.06934928894043,
                13.417387008666992
              ],
              [
                100.05307197570801,
                13.413030624389648
              ],
              [
                100.03883171081543,
                13.402738571166992
              ],
              [
                100.03126335144043,
                13.382024765014648
              ],
              [
                100.02165794372559,
                13.366605758666992
              ],
              [
                100.00131416320801,
                13.372014999389648
              ],
              [
                100.01563835144043,
                13.365873336791992
              ],
              [
                100.01392936706543,
                13.34837532043457
              ],
              [
                100.00619697570801,
                13.332830429077148
              ],
              [
                99.99366569519043,
                13.321722030639648
              ],
              [
                99.97738838195801,
                13.31736946105957
              ],
              [
                99.96273994445801,
                13.309881210327148
              ],
              [
                99.96070671081543,
                13.292425155639648
              ],
              [
                99.96086692810059,
                13.291570663452148
              ],
              [
                99.96713447570801,
                13.25901985168457
              ],
              [
                99.99854850769043,
                13.218084335327148
              ],
              [
                100.05648994445801,
                13.170316696166992
              ],
              [
                100.05982780456543,
                13.165678024291992
              ],
              [
                100.06674385070801,
                13.160100936889648
              ],
              [
                100.07398796081543,
                13.152776718139648
              ],
              [
                100.07699775695801,
                13.142728805541992
              ],
              [
                100.07781028747559,
                13.13377571105957
              ],
              [
                100.08773994445801,
                13.09617805480957
              ],
              [
                100.10434150695801,
                13.057317733764648
              ],
              [
                100.10190010070801,
                13.039861679077148
              ],
              [
                100.09303092956543,
                13.023992538452148
              ],
              [
                100.06007194519043,
                12.980291366577148
              ],
              [
                100.05299186706543,
                12.966131210327148
              ],
              [
                100.04298210144043,
                12.93382453918457
              ],
              [
                100.02931022644043,
                12.86180305480957
              ],
              [
                100.02393913269043,
                12.847074508666992
              ],
              [
                99.98764228820801,
                12.790472030639648
              ],
              [
                99.97429466247559,
                12.75120735168457
              ],
              [
                99.96501731872559,
                12.710149765014648
              ],
              [
                99.96046257019043,
                12.667913436889648
              ],
              [
                99.96078681945801,
                12.636175155639648
              ],
              [
                99.96095085144043,
                12.625394821166992
              ],
              [
                99.97804069519043,
                12.56077766418457
              ],
              [
                99.98080635070801,
                12.540349960327148
              ],
              [
                99.97706413269043,
                12.476873397827148
              ],
              [
                99.98080635070801,
                12.454656600952148
              ],
              [
                100.01099967956543,
                12.383245468139648
              ],
              [
                100.01222038269043,
                12.368719100952148
              ],
              [
                100.00367546081543,
                12.353948593139648
              ],
              [
                99.98170280456543,
                12.279935836791992
              ],
              [
                99.98275947570801,
                12.270452499389648
              ],
              [
                99.99171257019043,
                12.259466171264648
              ],
              [
                100.00172233581543,
                12.250310897827148
              ],
              [
                100.00929069519043,
                12.241117477416992
              ],
              [
                100.01392936706543,
                12.23069953918457
              ],
              [
                100.01710319519043,
                12.210111618041992
              ],
              [
                100.01970481872559,
                12.202215194702148
              ],
              [
                100.02003288269043,
                12.192693710327148
              ],
              [
                100.01563835144043,
                12.180326461791992
              ],
              [
                100.01042747497559,
                12.174955368041992
              ],
              [
                99.99431419372559,
                12.16258430480957
              ],
              [
                99.98764228820801,
                12.153020858764648
              ],
              [
                99.98145866394043,
                12.11717414855957
              ],
              [
                99.97738838195801,
                12.108304977416992
              ],
              [
                99.95533561706543,
                12.07249641418457
              ],
              [
                99.85531806945801,
                11.968412399291992
              ],
              [
                99.83122825622559,
                11.924711227416992
              ],
              [
                99.82325553894043,
                11.87864875793457
              ],
              [
                99.83692741394043,
                11.843450546264648
              ],
              [
                99.83375358581543,
                11.837713241577148
              ],
              [
                99.81959342956543,
                11.836370468139648
              ],
              [
                99.81251335144043,
                11.832098007202148
              ],
              [
                99.80982780456543,
                11.824613571166992
              ],
              [
                99.80958366394043,
                11.81346321105957
              ],
              [
                99.81706809997559,
                11.775579452514648
              ],
              [
                99.81495475769043,
                11.769681930541992
              ],
              [
                99.81178092956543,
                11.762273788452148
              ],
              [
                99.81104850769043,
                11.753080368041992
              ],
              [
                99.81706809997559,
                11.74144172668457
              ],
              [
                99.78044700622559,
                11.737249374389648
              ],
              [
                99.75180244445801,
                11.709867477416992
              ],
              [
                99.67058372497559,
                11.57786750793457
              ],
              [
                99.66554069519043,
                11.566801071166992
              ],
              [
                99.66130638122559,
                11.55101203918457
              ],
              [
                99.64185905456543,
                11.523260116577148
              ],
              [
                99.63754463195801,
                11.505315780639648
              ],
              [
                99.63607978820801,
                11.481840133666992
              ],
              [
                99.63200950622559,
                11.460638046264648
              ],
              [
                99.62574577331543,
                11.440496444702148
              ],
              [
                99.59994697570801,
                11.384222030639648
              ],
              [
                99.59734153747559,
                11.374944686889648
              ],
              [
                99.59294700622559,
                11.364202499389648
              ],
              [
                99.57374382019043,
                11.344060897827148
              ],
              [
                99.56934928894043,
                11.33397102355957
              ],
              [
                99.56625556945801,
                11.276311874389648
              ],
              [
                99.56934928894043,
                11.255521774291992
              ],
              [
                99.58619499206543,
                11.21385383605957
              ],
              [
                99.58619499206543,
                11.195135116577148
              ],
              [
                99.56934928894043,
                11.179143905639648
              ],
              [
                99.56202507019043,
                11.198919296264648
              ],
              [
                99.54615592956543,
                11.198431015014648
              ],
              [
                99.52857780456543,
                11.186834335327148
              ],
              [
                99.51531028747559,
                11.172918319702148
              ],
              [
                99.50815010070801,
                11.162176132202148
              ],
              [
                99.50131416320801,
                11.148748397827148
              ],
              [
                99.49635124206543,
                11.132879257202148
              ],
              [
                99.49415397644043,
                11.114568710327148
              ],
              [
                99.49757194519043,
                11.093084335327148
              ],
              [
                99.51205635070801,
                11.056951522827148
              ],
              [
                99.51531028747559,
                11.039213180541992
              ],
              [
                99.51246452331543,
                11.019231796264648
              ],
              [
                99.50342750549316,
                10.997053146362305
              ],
              [
                99.49870872497559,
                10.985296249389648
              ],
              [
                99.49415397644043,
                10.967473983764648
              ],
              [
                99.49610710144043,
                10.944242477416992
              ],
              [
                99.51156806945801,
                10.902410507202148
              ],
              [
                99.51531028747559,
                10.881536483764648
              ],
              [
                99.51156806945801,
                10.866361618041992
              ],
              [
                99.50326728820801,
                10.866849899291992
              ],
              [
                99.49586296081543,
                10.873846054077148
              ],
              [
                99.49415397644043,
                10.878118515014648
              ],
              [
                99.47535514831543,
                10.878850936889648
              ],
              [
                99.46119499206543,
                10.87742805480957
              ],
              [
                99.45167350769043,
                10.875310897827148
              ],
              [
                99.44320869445801,
                10.87034797668457
              ],
              [
                99.43971061706543,
                10.861028671264648
              ],
              [
                99.43971061706543,
                10.82005500793457
              ],
              [
                99.43507194519043,
                10.801824569702148
              ],
              [
                99.37501335144043,
                10.711980819702148
              ],
              [
                99.37135124206543,
                10.703069686889648
              ],
              [
                99.37370872497559,
                10.692571640014648
              ],
              [
                99.37672233581543,
                10.685491561889648
              ],
              [
                99.37436103820801,
                10.68138313293457
              ],
              [
                99.36109733581543,
                10.680120468139648
              ],
              [
                99.34351921081543,
                10.675359725952148
              ],
              [
                99.32716178894043,
                10.663274765014648
              ],
              [
                99.31316184997559,
                10.647367477416992
              ],
              [
                99.30241966247559,
                10.631048202514648
              ],
              [
                99.29615592956543,
                10.610906600952148
              ],
              [
                99.28825950622559,
                10.562932968139648
              ],
              [
                99.27816963195801,
                10.546049118041992
              ],
              [
                99.26726341247559,
                10.541692733764648
              ],
              [
                99.25473213195801,
                10.539945602416992
              ],
              [
                99.24464225769043,
                10.53514289855957
              ],
              [
                99.24040794372559,
                10.521879196166992
              ],
              [
                99.24268913269043,
                10.514471054077148
              ],
              [
                99.24903678894043,
                10.50999641418457
              ],
              [
                99.25798606872559,
                10.508001327514648
              ],
              [
                99.26832389831543,
                10.508207321166992
              ],
              [
                99.26099967956543,
                10.494817733764648
              ],
              [
                99.25172233581543,
                10.483953475952148
              ],
              [
                99.24382591247559,
                10.472356796264648
              ],
              [
                99.24040794372559,
                10.456975936889648
              ],
              [
                99.24675559997559,
                10.443914413452148
              ],
              [
                99.27768135070801,
                10.42357063293457
              ],
              [
                99.28874778747559,
                10.412015914916992
              ],
              [
                99.29054069519043,
                10.399236679077148
              ],
              [
                99.28931999206543,
                10.38084602355957
              ],
              [
                99.28500556945801,
                10.36448860168457
              ],
              [
                99.27816963195801,
                10.357366561889648
              ],
              [
                99.26384544372559,
                10.357328414916992
              ],
              [
                99.25636100769043,
                10.356145858764648
              ],
              [
                99.23414421081543,
                10.343694686889648
              ],
              [
                99.23072624206543,
                10.356512069702148
              ],
              [
                99.22340202331543,
                10.365385055541992
              ],
              [
                99.21306419372559,
                10.37205696105957
              ],
              [
                99.20004463195801,
                10.378484725952148
              ],
              [
                99.18474388122559,
                10.371282577514648
              ],
              [
                99.17164421081543,
                10.370267868041992
              ],
              [
                99.16065788269043,
                10.367986679077148
              ],
              [
                99.15162467956543,
                10.357366561889648
              ],
              [
                99.15138053894043,
                10.346342086791992
              ],
              [
                99.15846061706543,
                10.30272102355957
              ],
              [
                99.16895866394043,
                10.287748336791992
              ],
              [
                99.20631217956543,
                10.254339218139648
              ],
              [
                99.22462272644043,
                10.232366561889648
              ],
              [
                99.23609733581543,
                10.229314804077148
              ],
              [
                99.25465202331543,
                10.234441757202148
              ],
              [
                99.24171257019043,
                10.214506149291992
              ],
              [
                99.20134544372559,
                10.210638046264648
              ],
              [
                99.19255638122559,
                10.19627571105957
              ],
              [
                99.18678092956543,
                10.172430038452148
              ],
              [
                99.15992546081543,
                10.128324508666992
              ],
              [
                99.15162467956543,
                10.103460311889648
              ],
              [
                99.15349388122559,
                10.075834274291992
              ],
              [
                99.16309928894043,
                10.057683944702148
              ],
              [
                99.17400169372559,
                10.042913436889648
              ],
              [
                99.17888450622559,
                10.025297164916992
              ],
              [
                99.17579460144043,
                10.013494491577148
              ],
              [
                99.16163444519043,
                10.003324508666992
              ],
              [
                99.15846061706543,
                9.990545272827148
              ],
              [
                99.16529655456543,
                9.946477890014648
              ],
              [
                99.16529655456543,
                9.867620468139648
              ],
              [
                99.16676139831543,
                9.864690780639648
              ],
              [
                99.16993522644043,
                9.86180305480957
              ],
              [
                99.17237663269043,
                9.85740852355957
              ],
              [
                99.17213249206543,
                9.850248336791992
              ],
              [
                99.16830635070801,
                9.84446907043457
              ],
              [
                99.15577507019043,
                9.834783554077148
              ],
              [
                99.15162467956543,
                9.829168319702148
              ],
              [
                99.14820671081543,
                9.819242477416992
              ],
              [
                99.14616966247559,
                9.809720993041992
              ],
              [
                99.14494895935059,
                9.791234970092773
              ],
              [
                99.14478874206543,
                9.788236618041992
              ],
              [
                99.14796257019043,
                9.767400741577148
              ],
              [
                99.16195869445801,
                9.727117538452148
              ],
              [
                99.16724967956543,
                9.688138961791992
              ],
              [
                99.17286491394043,
                9.665227890014648
              ],
              [
                99.18140983581543,
                9.643255233764648
              ],
              [
                99.21208763122559,
                9.597723007202148
              ],
              [
                99.21778678894043,
                9.582181930541992
              ],
              [
                99.21998405456543,
                9.559148788452148
              ],
              [
                99.22315788269043,
                9.542631149291992
              ],
              [
                99.26531028747559,
                9.466009140014648
              ],
              [
                99.32357978820801,
                9.391546249389648
              ],
              [
                99.31568717956543,
                9.389593124389648
              ],
              [
                99.31072044372559,
                9.389837265014648
              ],
              [
                99.30600166320801,
                9.39085578918457
              ],
              [
                99.29900169372559,
                9.391546249389648
              ],
              [
                99.29078483581543,
                9.390081405639648
              ],
              [
                99.29005241394043,
                9.386419296264648
              ],
              [
                99.29127311706543,
                9.381780624389648
              ],
              [
                99.28874778747559,
                9.377264022827148
              ],
              [
                99.26384544372559,
                9.36375617980957
              ],
              [
                99.25465202331543,
                9.356840133666992
              ],
              [
                99.23552513122559,
                9.336332321166992
              ],
              [
                99.23023796081543,
                9.319768905639648
              ],
              [
                99.23414421081543,
                9.278264999389648
              ],
              [
                99.25505638122559,
                9.232488632202148
              ],
              [
                99.30177116394043,
                9.222600936889648
              ],
              [
                99.35075950622559,
                9.219182968139648
              ],
              [
                99.37818717956543,
                9.192937850952148
              ],
              [
                99.41098213195801,
                9.196355819702148
              ],
              [
                99.44386100769043,
                9.195989608764648
              ],
              [
                99.47478294372559,
                9.200994491577148
              ],
              [
                99.50172233581543,
                9.220281600952148
              ],
              [
                99.50929069519043,
                9.235502243041992
              ],
              [
                99.51441764831543,
                9.253240585327148
              ],
              [
                99.52149772644043,
                9.269926071166992
              ],
              [
                99.53581809997559,
                9.281682968139648
              ],
              [
                99.54818916320801,
                9.283147811889648
              ],
              [
                99.59351921081543,
                9.274847030639648
              ],
              [
                99.61012077331543,
                9.277982711791992
              ],
              [
                99.62354850769043,
                9.284818649291992
              ],
              [
                99.63380241394043,
                9.291654586791992
              ],
              [
                99.64128684997559,
                9.294744491577148
              ],
              [
                99.67237663269043,
                9.302190780639648
              ],
              [
                99.68913841247559,
                9.313909530639648
              ],
              [
                99.68946647644043,
                9.315862655639648
              ],
              [
                99.72730827331543,
                9.31370735168457
              ],
              [
                99.73373603820801,
                9.312162399291992
              ],
              [
                99.73951530456543,
                9.320501327514648
              ],
              [
                99.75277900695801,
                9.319768905639648
              ],
              [
                99.77182197570801,
                9.312284469604492
              ],
              [
                99.78158760070801,
                9.308416366577148
              ],
              [
                99.78687858581543,
                9.312810897827148
              ],
              [
                99.79770088195801,
                9.31834602355957
              ],
              [
                99.80339622497559,
                9.322660446166992
              ],
              [
                99.81544303894043,
                9.311185836791992
              ],
              [
                99.85352897644043,
                9.29466438293457
              ],
              [
                99.85450553894043,
                9.285100936889648
              ],
              [
                99.85304069519043,
                9.273992538452148
              ],
              [
                99.85963249206543,
                9.257757186889648
              ],
              [
                99.87777900695801,
                9.226469039916992
              ],
              [
                99.88599967956543,
                9.233304977416992
              ],
              [
                99.88648796081543,
                9.157903671264648
              ],
              [
                99.89145088195801,
                9.138334274291992
              ],
              [
                99.89958763122559,
                9.125310897827148
              ],
              [
                99.90870475769043,
                9.114080429077148
              ],
              [
                99.91627311706543,
                9.101995468139648
              ],
              [
                99.91944694519043,
                9.086492538452148
              ],
              [
                99.91944694519043,
                9.038396835327148
              ],
              [
                99.92164421081543,
                9.028226852416992
              ],
              [
                99.93132591247559,
                9.011869430541992
              ],
              [
                99.93311882019043,
                9.000555038452148
              ],
              [
                99.93116569519043,
                8.999822616577148
              ],
              [
                99.92652702331543,
                8.994535446166992
              ],
              [
                99.92188835144043,
                8.987127304077148
              ],
              [
                99.91944694519043,
                8.980047225952148
              ],
              [
                99.91944694519043,
                8.95579719543457
              ],
              [
                99.93116569519043,
                8.878973007202148
              ],
              [
                99.92628288269043,
                8.863348007202148
              ],
              [
                99.93922233581543,
                8.832464218139648
              ],
              [
                99.95924186706543,
                8.637639999389648
              ],
              [
                99.96713447570801,
                8.605657577514648
              ],
              [
                99.98414421081543,
                8.579412460327148
              ],
              [
                100.04078483581543,
                8.545560836791992
              ],
              [
                100.04965400695801,
                8.530950546264648
              ],
              [
                100.05372428894043,
                8.51365852355957
              ],
              [
                100.07594108581543,
                8.470403671264648
              ],
              [
                100.09213447570801,
                8.446439743041992
              ],
              [
                100.09848213195801,
                8.426458358764648
              ],
              [
                100.10434150695801,
                8.417669296264648
              ],
              [
                100.11198997497559,
                8.413152694702148
              ],
              [
                100.13404655456543,
                8.403753280639648
              ],
              [
                100.13852119445801,
                8.400945663452148
              ],
              [
                100.14421653747559,
                8.388822555541992
              ],
              [
                100.15756416320801,
                8.38572883605957
              ],
              [
                100.17351341247559,
                8.389348983764648
              ],
              [
                100.18629264831543,
                8.39720344543457
              ],
              [
                100.17709541320801,
                8.426214218139648
              ],
              [
                100.17506217956543,
                8.466459274291992
              ],
              [
                100.16480827331543,
                8.501371383666992
              ],
              [
                100.13111686706543,
                8.514554977416992
              ],
              [
                100.15064811706543,
                8.52293586730957
              ],
              [
                100.18083763122559,
                8.50120735168457
              ],
              [
                100.20834541320801,
                8.469671249389648
              ],
              [
                100.22047233581543,
                8.44871711730957
              ],
              [
                100.27149772644043,
                8.317083358764648
              ],
              [
                100.30290794372559,
                8.118558883666992
              ],
              [
                100.34245872497559,
                7.938787460327148
              ],
              [
                100.36736106872559,
                7.825590133666992
              ],
              [
                100.44019889831543,
                7.476995468139648
              ],
              [
                100.5006275177002,
                7.333993911743164
              ],
              [
                100.55440330505371,
                7.249834060668945
              ],
              [
                100.56720542907715,
                7.229494094848633
              ],
              [
                100.5746021270752,
                7.20915412902832
              ],
              [
                100.57398796081543,
                7.194974899291992
              ],
              [
                100.54813957214355,
                7.197050094604492
              ],
              [
                100.53553581237793,
                7.210046768188477
              ],
              [
                100.49963188171387,
                7.242326736450195
              ],
              [
                100.48023796081543,
                7.25389289855957
              ],
              [
                100.47242546081543,
                7.258855819702148
              ],
              [
                100.44433784484863,
                7.257818222045898
              ],
              [
                100.42555046081543,
                7.26756477355957
              ],
              [
                100.43897819519043,
                7.294134140014648
              ],
              [
                100.42907524108887,
                7.326387405395508
              ],
              [
                100.42231941223145,
                7.369974136352539
              ],
              [
                100.40812110900879,
                7.378690719604492
              ],
              [
                100.41000556945801,
                7.458318710327148
              ],
              [
                100.40601921081543,
                7.527654647827148
              ],
              [
                100.3895092010498,
                7.566183090209961
              ],
              [
                100.35892677307129,
                7.578611373901367
              ],
              [
                100.32556343078613,
                7.574480056762695
              ],
              [
                100.30299186706543,
                7.540678024291992
              ],
              [
                100.29574775695801,
                7.523588180541992
              ],
              [
                100.28956413269043,
                7.518217086791992
              ],
              [
                100.27882194519043,
                7.52391242980957
              ],
              [
                100.27263450622559,
                7.531072616577148
              ],
              [
                100.26970481872559,
                7.537504196166992
              ],
              [
                100.26881217956543,
                7.545476913452148
              ],
              [
                100.26881217956543,
                7.557439804077148
              ],
              [
                100.27556419372559,
                7.576971054077148
              ],
              [
                100.30958366394043,
                7.597723007202148
              ],
              [
                100.32349967956543,
                7.616399765014648
              ],
              [
                100.32699775695801,
                7.655218124389648
              ],
              [
                100.32056999206543,
                7.707952499389648
              ],
              [
                100.30697822570801,
                7.757879257202148
              ],
              [
                100.28874778747559,
                7.78831672668457
              ],
              [
                100.26970481872559,
                7.79539680480957
              ],
              [
                100.25050163269043,
                7.79197883605957
              ],
              [
                100.23097038269043,
                7.784818649291992
              ],
              [
                100.21062278747559,
                7.780912399291992
              ],
              [
                100.20085716247559,
                7.77232551574707
              ],
              [
                100.15642356872559,
                7.73338508605957
              ],
              [
                100.14478874206543,
                7.719427108764648
              ],
              [
                100.14291572570801,
                7.700017929077148
              ],
              [
                100.15463447570801,
                7.615789413452148
              ],
              [
                100.17262077331543,
                7.568021774291992
              ],
              [
                100.17921257019043,
                7.531194686889648
              ],
              [
                100.18539619445801,
                7.514226913452148
              ],
              [
                100.19654655456543,
                7.507146835327148
              ],
              [
                100.19923210144043,
                7.503812789916992
              ],
              [
                100.22047233581543,
                7.486028671264648
              ],
              [
                100.22511100769043,
                7.47947883605957
              ],
              [
                100.22779655456543,
                7.47459602355957
              ],
              [
                100.26051139831543,
                7.393621444702148
              ],
              [
                100.27882194519043,
                7.362211227416992
              ],
              [
                100.30299186706543,
                7.342679977416992
              ],
              [
                100.32488059997559,
                7.339788436889648
              ],
              [
                100.34978294372559,
                7.339300155639648
              ],
              [
                100.37013053894043,
                7.332708358764648
              ],
              [
                100.37867546081543,
                7.311346054077148
              ],
              [
                100.37875556945801,
                7.30980110168457
              ],
              [
                100.37940788269043,
                7.287664413452148
              ],
              [
                100.38119697570801,
                7.275701522827148
              ],
              [
                100.38493919372559,
                7.266302108764648
              ],
              [
                100.39381217956543,
                7.25853157043457
              ],
              [
                100.40795707702637,
                7.258302688598633
              ],
              [
                100.41765785217285,
                7.253488540649414
              ],
              [
                100.4268741607666,
                7.245309829711914
              ],
              [
                100.41065788269043,
                7.237005233764648
              ],
              [
                100.40186882019043,
                7.233549118041992
              ],
              [
                100.39519309997559,
                7.228666305541992
              ],
              [
                100.39234733581543,
                7.222562789916992
              ],
              [
                100.39552116394043,
                7.211332321166992
              ],
              [
                100.40260124206543,
                7.203191757202148
              ],
              [
                100.41086006164551,
                7.198637008666992
              ],
              [
                100.42443656921387,
                7.171205520629883
              ],
              [
                100.43655967712402,
                7.160135269165039
              ],
              [
                100.45062446594238,
                7.155317306518555
              ],
              [
                100.46614646911621,
                7.15723991394043
              ],
              [
                100.47778511047363,
                7.146162033081055
              ],
              [
                100.48603248596191,
                7.139902114868164
              ],
              [
                100.49480247497559,
                7.136625289916992
              ],
              [
                100.51998710632324,
                7.135553359985352
              ],
              [
                100.53162956237793,
                7.137475967407227
              ],
              [
                100.55587196350098,
                7.144697189331055
              ],
              [
                100.58082389831543,
                7.167631149291992
              ],
              [
                100.58863639831543,
                7.179594039916992
              ],
              [
                100.58570289611816,
                7.207170486450195
              ],
              [
                100.58542060852051,
                7.224401473999023
              ],
              [
                100.61109733581543,
                7.19261360168457
              ],
              [
                100.76515007019043,
                6.98314094543457
              ],
              [
                100.78443717956543,
                6.967107772827148
              ],
              [
                100.81123924255371,
                6.957429885864258
              ],
              [
                100.82734870910645,
                6.951700210571289
              ],
              [
                100.84994697570801,
                6.962064743041992
              ],
              [
                100.86647605895996,
                6.947088241577148
              ],
              [
                100.8963680267334,
                6.919633865356445
              ],
              [
                100.94811058044434,
                6.880731582641602
              ],
              [
                100.9975757598877,
                6.85667610168457
              ],
              [
                101.02670478820801,
                6.856351852416992
              ],
              [
                101.06804466247559,
                6.857732772827148
              ],
              [
                101.19141960144043,
                6.861883163452148
              ],
              [
                101.23152732849121,
                6.88032341003418
              ],
              [
                101.2442684173584,
                6.902029037475586
              ],
              [
                101.27773094177246,
                6.896257400512695
              ],
              [
                101.29156303405762,
                6.884794235229492
              ],
              [
                101.31007194519043,
                6.88035774230957
              ],
              [
                101.31715202331543,
                6.875921249389648
              ],
              [
                101.31918525695801,
                6.877996444702148
              ],
              [
                101.35133171081543,
                6.875921249389648
              ],
              [
                101.34358406066895,
                6.896142959594727
              ],
              [
                101.32829856872559,
                6.917875289916992
              ],
              [
                101.26254463195801,
                6.944768905639648
              ],
              [
                101.2917308807373,
                6.954572677612305
              ],
              [
                101.32081413269043,
                6.949285507202148
              ],
              [
                101.34669303894043,
                6.928617477416992
              ],
              [
                101.38521003723145,
                6.905221939086914
              ],
              [
                101.41944694519043,
                6.894475936889648
              ],
              [
                101.43686103820801,
                6.890203475952148
              ],
              [
                101.45191764831543,
                6.88841438293457
              ],
              [
                101.47120475769043,
                6.88401985168457
              ],
              [
                101.48805046081543,
                6.878324508666992
              ],
              [
                101.49537467956543,
                6.872503280639648
              ],
              [
                101.52296257019043,
                6.86082649230957
              ],
              [
                101.55738639831543,
                6.84178352355957
              ],
              [
                101.56625556945801,
                6.832220077514648
              ],
              [
                101.66830635070801,
                6.658636093139648
              ],
              [
                101.72348213195801,
                6.574407577514648
              ],
              [
                101.77165794372559,
                6.50071907043457
              ],
              [
                101.80836296081543,
                6.464544296264648
              ],
              [
                101.90870475769043,
                6.401922225952148
              ],
              [
                102.02003288269043,
                6.29564094543457
              ],
              [
                102.07276725769043,
                6.257757186889648
              ],
              [
                102.07309150695801,
                6.257513046264648
              ],
              [
                102.0666561126709,
                6.204748153686523
              ],
              [
                102.07126808166504,
                6.126657485961914
              ],
              [
                102.06000328063965,
                6.094797134399414
              ],
              [
                102.0334415435791,
                6.068391799926758
              ],
              [
                101.95939064025879,
                6.011598587036133
              ],
              [
                101.93474006652832,
                5.981729507446289
              ],
              [
                101.91975212097168,
                5.94025993347168
              ],
              [
                101.91928672790527,
                5.897573471069336
              ],
              [
                101.91293144226074,
                5.859308242797852
              ],
              [
                101.88032341003418,
                5.83104133605957
              ],
              [
                101.86921501159668,
                5.823858261108398
              ],
              [
                101.8642520904541,
                5.815408706665039
              ],
              [
                101.86084175109863,
                5.806493759155273
              ],
              [
                101.85474586486816,
                5.797658920288086
              ],
              [
                101.82549476623535,
                5.779829025268555
              ],
              [
                101.82022666931152,
                5.773733139038086
              ],
              [
                101.81226539611816,
                5.752546310424805
              ],
              [
                101.80048561096191,
                5.739908218383789
              ],
              [
                101.78415489196777,
                5.738100051879883
              ],
              [
                101.76286506652832,
                5.749547958374023
              ],
              [
                101.75418281555176,
                5.760271072387695
              ],
              [
                101.74787712097168,
                5.772390365600586
              ],
              [
                101.74002265930176,
                5.78236198425293
              ],
              [
                101.72679328918457,
                5.786470413208008
              ],
              [
                101.71475410461426,
                5.782903671264648
              ],
              [
                101.69756889343262,
                5.76713752746582
              ],
              [
                101.69661521911621,
                5.766263961791992
              ],
              [
                101.68669319152832,
                5.761201858520508
              ],
              [
                101.66591835021973,
                5.765592575073242
              ],
              [
                101.65036582946777,
                5.782648086547852
              ],
              [
                101.63077735900879,
                5.828405380249023
              ],
              [
                101.63129615783691,
                5.837373733520508
              ],
              [
                101.63439750671387,
                5.847345352172852
              ],
              [
                101.63408470153809,
                5.855588912963867
              ],
              [
                101.62457847595215,
                5.859411239624023
              ],
              [
                101.6128978729248,
                5.861349105834961
              ],
              [
                101.60514640808105,
                5.86610221862793
              ],
              [
                101.59977149963379,
                5.874063491821289
              ],
              [
                101.59512138366699,
                5.885354995727539
              ],
              [
                101.57930946350098,
                5.906335830688477
              ],
              [
                101.55791664123535,
                5.911348342895508
              ],
              [
                101.5346622467041,
                5.906023025512695
              ],
              [
                101.50020408630371,
                5.892694473266602
              ],
              [
                101.39265251159668,
                5.851091384887695
              ],
              [
                101.35756492614746,
                5.828405380249023
              ],
              [
                101.3189640045166,
                5.810087203979492
              ],
              [
                101.27968788146973,
                5.803033828735352
              ],
              [
                101.24899482727051,
                5.786989212036133
              ],
              [
                101.23664283752441,
                5.741666793823242
              ],
              [
                101.23359489440918,
                5.719419479370117
              ],
              [
                101.22501564025879,
                5.699213027954102
              ],
              [
                101.21230506896973,
                5.681516647338867
              ],
              [
                101.19685173034668,
                5.666814804077148
              ],
              [
                101.14998054504395,
                5.638650894165039
              ],
              [
                101.12217903137207,
                5.629892349243164
              ],
              [
                101.10543632507324,
                5.637643814086914
              ],
              [
                101.09396553039551,
                5.662652969360352
              ],
              [
                101.07877159118652,
                5.687768936157227
              ],
              [
                101.05980491638184,
                5.709577560424805
              ],
              [
                101.03732872009277,
                5.724588394165039
              ],
              [
                101.02740669250488,
                5.726552963256836
              ],
              [
                101.00838661193848,
                5.725671768188477
              ],
              [
                100.99862098693848,
                5.729547500610352
              ],
              [
                100.99174690246582,
                5.737482070922852
              ],
              [
                100.98001670837402,
                5.760995864868164
              ],
              [
                100.9724292755127,
                5.772851943969727
              ],
              [
                100.96720314025879,
                5.78101921081543
              ],
              [
                100.96528816223145,
                5.792413711547852
              ],
              [
                100.96771812438965,
                5.804117202758789
              ],
              [
                100.97428321838379,
                5.815305709838867
              ],
              [
                101.01531410217285,
                5.898351669311523
              ],
              [
                101.03185081481934,
                5.908918380737305
              ],
              [
                101.05293464660645,
                5.913103103637695
              ],
              [
                101.07112312316895,
                5.91984748840332
              ],
              [
                101.07877159118652,
                5.938165664672852
              ],
              [
                101.08042335510254,
                5.957029342651367
              ],
              [
                101.08745384216309,
                5.989686965942383
              ],
              [
                101.08900260925293,
                6.046609878540039
              ],
              [
                101.09427452087402,
                6.085756301879883
              ],
              [
                101.0871410369873,
                6.105596542358398
              ],
              [
                101.06854057312012,
                6.119550704956055
              ],
              [
                101.05251884460449,
                6.134561538696289
              ],
              [
                101.0534496307373,
                6.157609939575195
              ],
              [
                101.06688499450684,
                6.17432975769043
              ],
              [
                101.08001136779785,
                6.180349349975586
              ],
              [
                101.08915901184082,
                6.188848495483398
              ],
              [
                101.09101676940918,
                6.213163375854492
              ],
              [
                101.08828163146973,
                6.233522415161133
              ],
              [
                101.08166694641113,
                6.246469497680664
              ],
              [
                101.0689525604248,
                6.250860214233398
              ],
              [
                101.0230655670166,
                6.240991592407227
              ],
              [
                101.0064754486084,
                6.246366500854492
              ],
              [
                100.97428321838379,
                6.272615432739258
              ],
              [
                100.95516014099121,
                6.268636703491211
              ],
              [
                100.92891120910645,
                6.240629196166992
              ],
              [
                100.91010093688965,
                6.235795974731445
              ],
              [
                100.86844825744629,
                6.246156692504883
              ],
              [
                100.85511589050293,
                6.247915267944336
              ],
              [
                100.84281730651855,
                6.243936538696289
              ],
              [
                100.83733940124512,
                6.237192153930664
              ],
              [
                100.83299827575684,
                6.236677169799805
              ],
              [
                100.82457542419434,
                6.251482009887695
              ],
              [
                100.82214546203613,
                6.259878158569336
              ],
              [
                100.8215274810791,
                6.288766860961914
              ],
              [
                100.82338523864746,
                6.297677993774414
              ],
              [
                100.82373237609863,
                6.298604965209961
              ],
              [
                100.8268985748291,
                6.307058334350586
              ],
              [
                100.82901954650879,
                6.316255569458008
              ],
              [
                100.82710838317871,
                6.324552536010742
              ],
              [
                100.8151683807373,
                6.34483528137207
              ],
              [
                100.81072425842285,
                6.355764389038086
              ],
              [
                100.80845069885254,
                6.36726188659668
              ],
              [
                100.80560874938965,
                6.414804458618164
              ],
              [
                100.79630851745605,
                6.433950424194336
              ],
              [
                100.77326011657715,
                6.447309494018555
              ],
              [
                100.76189231872559,
                6.44896125793457
              ],
              [
                100.75160789489746,
                6.448808670043945
              ],
              [
                100.74230766296387,
                6.450124740600586
              ],
              [
                100.7338809967041,
                6.456377029418945
              ],
              [
                100.7311954498291,
                6.464723587036133
              ],
              [
                100.73150444030762,
                6.487020492553711
              ],
              [
                100.72995567321777,
                6.493196487426758
              ],
              [
                100.71285057067871,
                6.493043899536133
              ],
              [
                100.64840888977051,
                6.447153091430664
              ],
              [
                100.63068580627441,
                6.44477653503418
              ],
              [
                100.61264991760254,
                6.449167251586914
              ],
              [
                100.57843971252441,
                6.464258193969727
              ],
              [
                100.51740837097168,
                6.481904983520508
              ],
              [
                100.49917030334473,
                6.490304946899414
              ],
              [
                100.46723365783691,
                6.513223648071289
              ],
              [
                100.45234870910645,
                6.516866683959961
              ],
              [
                100.42651176452637,
                6.513895034790039
              ],
              [
                100.40966606140137,
                6.515264511108398
              ],
              [
                100.38739204406738,
                6.522085189819336
              ],
              [
                100.37766075134277,
                6.526754379272461
              ],
              [
                100.34879112243652,
                6.540609359741211
              ],
              [
                100.3292064666748,
                6.557767868041992
              ],
              [
                100.3178882598877,
                6.57670783996582
              ],
              [
                100.28078269958496,
                6.688920974731445
              ],
              [
                100.27396202087402,
                6.696260452270508
              ],
              [
                100.26331901550293,
                6.700006484985352
              ],
              [
                100.25174140930176,
                6.701089859008789
              ],
              [
                100.24264717102051,
                6.700265884399414
              ],
              [
                100.22750663757324,
                6.690832138061523
              ],
              [
                100.22750663757324,
                6.688871383666992
              ],
              [
                100.21236610412598,
                6.689180374145508
              ],
              [
                100.20378684997559,
                6.693883895874023
              ],
              [
                100.1992015838623,
                6.69941520690918
              ],
              [
                100.19665336608887,
                6.702486038208008
              ],
              [
                100.18755912780762,
                6.707963943481445
              ],
              [
                100.17329597473145,
                6.70341682434082
              ],
              [
                100.16683769226074,
                6.695123672485352
              ],
              [
                100.1640453338623,
                6.68372917175293
              ],
              [
                100.16275596618652,
                6.66111946105957
              ],
              [
                100.15608787536621,
                6.620580673217773
              ],
              [
                100.15717506408691,
                6.603525161743164
              ],
              [
                100.16518211364746,
                6.580324172973633
              ],
              [
                100.16720008850098,
                6.566137313842773
              ],
              [
                100.16120338439941,
                6.557458877563477
              ],
              [
                100.15241813659668,
                6.549989700317383
              ],
              [
                100.14570045471191,
                6.539525985717773
              ],
              [
                100.14482307434082,
                6.530584335327148
              ],
              [
                100.1480770111084,
                6.513223648071289
              ],
              [
                100.14849281311035,
                6.504487991333008
              ],
              [
                100.14435768127441,
                6.479581832885742
              ],
              [
                100.13557243347168,
                6.457719802856445
              ],
              [
                100.12729072570801,
                6.442289352416992
              ],
              [
                100.11996650695801,
                6.46312141418457
              ],
              [
                100.10816764831543,
                6.479558944702148
              ],
              [
                100.09010124206543,
                6.48484992980957
              ],
              [
                100.10230827331543,
                6.51707649230957
              ],
              [
                100.10352897644043,
                6.53318977355957
              ],
              [
                100.09351921081543,
                6.540105819702148
              ],
              [
                100.08057975769043,
                6.536809921264648
              ],
              [
                100.07292747497559,
                6.528509140014648
              ],
              [
                100.06332588195801,
                6.50657844543457
              ],
              [
                100.02995872497559,
                6.53465461730957
              ],
              [
                100.00131416320801,
                6.567449569702148
              ],
              [
                99.99789619445801,
                6.576116561889648
              ],
              [
                99.99513053894043,
                6.587713241577148
              ],
              [
                99.99122428894043,
                6.597845077514648
              ],
              [
                99.98414421081543,
                6.602201461791992
              ],
              [
                99.97144889831543,
                6.595609664916992
              ],
              [
                99.96412467956543,
                6.59373664855957
              ],
              [
                99.96095085144043,
                6.598455429077148
              ],
              [
                99.96314811706543,
                6.60569953918457
              ],
              [
                99.97218132019043,
                6.617864608764648
              ],
              [
                99.97397041320801,
                6.622709274291992
              ],
              [
                99.97152900695801,
                6.632757186889648
              ],
              [
                99.96290397644043,
                6.649564743041992
              ],
              [
                99.96095085144043,
                6.660551071166992
              ],
              [
                99.95655632019043,
                6.664007186889648
              ],
              [
                99.94703483581543,
                6.663396835327148
              ],
              [
                99.93734931945801,
                6.664739608764648
              ],
              [
                99.93311882019043,
                6.674222946166992
              ],
              [
                99.92848014831543,
                6.69261360168457
              ],
              [
                99.91749382019043,
                6.705266952514648
              ],
              [
                99.89145088195801,
                6.725042343139648
              ],
              [
                99.86752510070801,
                6.762601852416992
              ],
              [
                99.85173606872559,
                6.776433944702148
              ],
              [
                99.83375358581543,
                6.770086288452148
              ],
              [
                99.82488059997559,
                6.769598007202148
              ],
              [
                99.81764030456543,
                6.782621383666992
              ],
              [
                99.80958366394043,
                6.808294296264648
              ],
              [
                99.80250358581543,
                6.817533493041992
              ],
              [
                99.79721260070801,
                6.821683883666992
              ],
              [
                99.71070671081543,
                6.854154586791992
              ],
              [
                99.68580436706543,
                6.877347946166992
              ],
              [
                99.68604850769043,
                6.91746711730957
              ],
              [
                99.69044303894043,
                6.935491561889648
              ],
              [
                99.69581413269043,
                6.937688827514648
              ],
              [
                99.71021842956543,
                6.93797492980957
              ],
              [
                99.71388053894043,
                6.942205429077148
              ],
              [
                99.71290397644043,
                6.95164680480957
              ],
              [
                99.70720481872559,
                6.961004257202148
              ],
              [
                99.69630241394043,
                6.965276718139648
              ],
              [
                99.68092155456543,
                6.97361946105957
              ],
              [
                99.68214225769043,
                6.99266242980957
              ],
              [
                99.68620872497559,
                7.013372421264648
              ],
              [
                99.67921257019043,
                7.026762008666992
              ],
              [
                99.69548606872559,
                7.059881210327148
              ],
              [
                99.70573997497559,
                7.07542610168457
              ],
              [
                99.71681022644043,
                7.081975936889648
              ],
              [
                99.71998405456543,
                7.088529586791992
              ],
              [
                99.74806022644043,
                7.126043319702148
              ],
              [
                99.7456111907959,
                7.129663467407227
              ],
              [
                99.74057197570801,
                7.137113571166992
              ],
              [
                99.72340202331543,
                7.13182258605957
              ],
              [
                99.70484733581543,
                7.121244430541992
              ],
              [
                99.69288444519043,
                7.116117477416992
              ],
              [
                99.67758369445801,
                7.12327766418457
              ],
              [
                99.67188835144043,
                7.135404586791992
              ],
              [
                99.67237663269043,
                7.170721054077148
              ],
              [
                99.63754463195801,
                7.15086555480957
              ],
              [
                99.62110710144043,
                7.137029647827148
              ],
              [
                99.61410713195801,
                7.136663436889648
              ],
              [
                99.61085319519043,
                7.15086555480957
              ],
              [
                99.60352897644043,
                7.15086555480957
              ],
              [
                99.58399772644043,
                7.156438827514648
              ],
              [
                99.55787467956543,
                7.197454452514648
              ],
              [
                99.54005241394043,
                7.24412727355957
              ],
              [
                99.54542350769043,
                7.266302108764648
              ],
              [
                99.56674385070801,
                7.278020858764648
              ],
              [
                99.58521842956543,
                7.306707382202148
              ],
              [
                99.59840202331543,
                7.342718124389648
              ],
              [
                99.60352897644043,
                7.376165390014648
              ],
              [
                99.59734153747559,
                7.376165390014648
              ],
              [
                99.56902122497559,
                7.322210311889648
              ],
              [
                99.54957389831543,
                7.301824569702148
              ],
              [
                99.52467155456543,
                7.311346054077148
              ],
              [
                99.52052116394043,
                7.326971054077148
              ],
              [
                99.52540397644043,
                7.370023727416992
              ],
              [
                99.52149772644043,
                7.383611679077148
              ],
              [
                99.50815010070801,
                7.384954452514648
              ],
              [
                99.49781608581543,
                7.370794296264648
              ],
              [
                99.49098014831543,
                7.351018905639648
              ],
              [
                99.48805046081543,
                7.33519172668457
              ],
              [
                99.49220085144043,
                7.299871444702148
              ],
              [
                99.48829460144043,
                7.285711288452148
              ],
              [
                99.47071647644043,
                7.279973983764648
              ],
              [
                99.46021842956543,
                7.282865524291992
              ],
              [
                99.44516181945801,
                7.289701461791992
              ],
              [
                99.43181419372559,
                7.297796249389648
              ],
              [
                99.42603874206543,
                7.304510116577148
              ],
              [
                99.42066764831543,
                7.307439804077148
              ],
              [
                99.39234733581543,
                7.312200546264648
              ],
              [
                99.37818717956543,
                7.320951461791992
              ],
              [
                99.36589622497559,
                7.336370468139648
              ],
              [
                99.33659934997559,
                7.383611679077148
              ],
              [
                99.34587669372559,
                7.400053024291992
              ],
              [
                99.34742546081543,
                7.423490524291992
              ],
              [
                99.34400749206543,
                7.46898078918457
              ],
              [
                99.34181022644043,
                7.475736618041992
              ],
              [
                99.33188056945801,
                7.49193000793457
              ],
              [
                99.32984733581543,
                7.50340461730957
              ],
              [
                99.32520866394043,
                7.50486946105957
              ],
              [
                99.30339622497559,
                7.50462532043457
              ],
              [
                99.29558372497559,
                7.507146835327148
              ],
              [
                99.30885124206543,
                7.52830696105957
              ],
              [
                99.30738639831543,
                7.55027961730957
              ],
              [
                99.30006217956543,
                7.575384140014648
              ],
              [
                99.29273796081543,
                7.620672225952148
              ],
              [
                99.28590202331543,
                7.621770858764648
              ],
              [
                99.27702903747559,
                7.617498397827148
              ],
              [
                99.26832389831543,
                7.616399765014648
              ],
              [
                99.25953483581543,
                7.62083625793457
              ],
              [
                99.24976921081543,
                7.627752304077148
              ],
              [
                99.24675559997559,
                7.634099960327148
              ],
              [
                99.25806999206543,
                7.636869430541992
              ],
              [
                99.26222038269043,
                7.643255233764648
              ],
              [
                99.25677299499512,
                7.655065536499023
              ],
              [
                99.25570869445801,
                7.657377243041992
              ],
              [
                99.24366569519043,
                7.671453475952148
              ],
              [
                99.23048210144043,
                7.677801132202148
              ],
              [
                99.21436882019043,
                7.679998397827148
              ],
              [
                99.20622825622559,
                7.685941696166992
              ],
              [
                99.19255638122559,
                7.705144882202148
              ],
              [
                99.17262077331543,
                7.71971321105957
              ],
              [
                99.15308952331543,
                7.730657577514648
              ],
              [
                99.13754463195801,
                7.744329452514648
              ],
              [
                99.13054466247559,
                7.767240524291992
              ],
              [
                99.12428092956543,
                7.767240524291992
              ],
              [
                99.12191963195801,
                7.733060836791992
              ],
              [
                99.11215400695801,
                7.705511093139648
              ],
              [
                99.09148216247559,
                7.691839218139648
              ],
              [
                99.05600166320801,
                7.698919296264648
              ],
              [
                99.03321647644043,
                7.722806930541992
              ],
              [
                99.02768135070801,
                7.788885116577148
              ],
              [
                99.01441764831543,
                7.815008163452148
              ],
              [
                99.05600166320801,
                7.847356796264648
              ],
              [
                99.06226921081543,
                7.85936164855957
              ],
              [
                99.06413841247559,
                7.878118515014648
              ],
              [
                99.07032585144043,
                7.907903671264648
              ],
              [
                99.06959342956543,
                7.924871444702148
              ],
              [
                99.05030632019043,
                7.905462265014648
              ],
              [
                99.04070091247559,
                7.90184211730957
              ],
              [
                99.02808952331543,
                7.903753280639648
              ],
              [
                99.02296257019043,
                7.909574508666992
              ],
              [
                99.00758171081543,
                7.935125350952148
              ],
              [
                99.00025749206543,
                7.942571640014648
              ],
              [
                98.98414421081543,
                7.94725227355957
              ],
              [
                98.96778678894043,
                7.956205368041992
              ],
              [
                98.96046257019043,
                7.976385116577148
              ],
              [
                98.96159934997559,
                7.986478805541992
              ],
              [
                98.96339225769043,
                7.992620468139648
              ],
              [
                98.96388053894043,
                7.99827766418457
              ],
              [
                98.96046257019043,
                8.006780624389648
              ],
              [
                98.95346260070801,
                8.015447616577148
              ],
              [
                98.93734931945801,
                8.024320602416992
              ],
              [
                98.92945671081543,
                8.03099250793457
              ],
              [
                98.92367744445801,
                8.041410446166992
              ],
              [
                98.92213249206543,
                8.048528671264648
              ],
              [
                98.91798210144043,
                8.051336288452148
              ],
              [
                98.90528678894043,
                8.048406600952148
              ],
              [
                98.89893913269043,
                8.04271125793457
              ],
              [
                98.89161491394043,
                8.02488899230957
              ],
              [
                98.88819694519043,
                8.021062850952148
              ],
              [
                98.87281608581543,
                8.016790390014648
              ],
              [
                98.85792350769043,
                8.008451461791992
              ],
              [
                98.84359931945801,
                8.002874374389648
              ],
              [
                98.82943916320801,
                8.006780624389648
              ],
              [
                98.82455635070801,
                8.014348983764648
              ],
              [
                98.81772041320801,
                8.036565780639648
              ],
              [
                98.81275749206543,
                8.044988632202148
              ],
              [
                98.80030632019043,
                8.052434921264648
              ],
              [
                98.79469108581543,
                8.048490524291992
              ],
              [
                98.79200553894043,
                8.040227890014648
              ],
              [
                98.78858757019043,
                8.034734725952148
              ],
              [
                98.77556419372559,
                8.02342414855957
              ],
              [
                98.77027702331543,
                8.02366828918457
              ],
              [
                98.76807975769043,
                8.038152694702148
              ],
              [
                98.76539421081543,
                8.04710578918457
              ],
              [
                98.75245475769043,
                8.060125350952148
              ],
              [
                98.74740791320801,
                8.068265914916992
              ],
              [
                98.74513053894043,
                8.087553024291992
              ],
              [
                98.74740791320801,
                8.136541366577148
              ],
              [
                98.74390983581543,
                8.14988899230957
              ],
              [
                98.74740791320801,
                8.181951522827148
              ],
              [
                98.74740791320801,
                8.19920539855957
              ],
              [
                98.74415397644043,
                8.214910507202148
              ],
              [
                98.72706413269043,
                8.253850936889648
              ],
              [
                98.71273994445801,
                8.225896835327148
              ],
              [
                98.70655632019043,
                8.225896835327148
              ],
              [
                98.70313835144043,
                8.298528671264648
              ],
              [
                98.69630241394043,
                8.308500289916992
              ],
              [
                98.67725944519043,
                8.303167343139648
              ],
              [
                98.64820671081543,
                8.284856796264648
              ],
              [
                98.63754463195801,
                8.287992477416992
              ],
              [
                98.63087272644043,
                8.287992477416992
              ],
              [
                98.63087272644043,
                8.281156539916992
              ],
              [
                98.62403678894043,
                8.281156539916992
              ],
              [
                98.62208366394043,
                8.292875289916992
              ],
              [
                98.62623405456543,
                8.346097946166992
              ],
              [
                98.63160514831543,
                8.354436874389648
              ],
              [
                98.64796257019043,
                8.366521835327148
              ],
              [
                98.64921760559082,
                8.368722915649414
              ],
              [
                98.65544700622559,
                8.37962532043457
              ],
              [
                98.64210319519043,
                8.385931015014648
              ],
              [
                98.62061882019043,
                8.390203475952148
              ],
              [
                98.60352897644043,
                8.39720344543457
              ],
              [
                98.59889030456543,
                8.374906539916992
              ],
              [
                98.58513450622559,
                8.368963241577148
              ],
              [
                98.56755638122559,
                8.367864608764648
              ],
              [
                98.55201530456543,
                8.360013961791992
              ],
              [
                98.54176139831543,
                8.349027633666992
              ],
              [
                98.52605247497559,
                8.336332321166992
              ],
              [
                98.51042747497559,
                8.331121444702148
              ],
              [
                98.50050163269043,
                8.343206405639648
              ],
              [
                98.49366569519043,
                8.343206405639648
              ],
              [
                98.49195671081543,
                8.33128547668457
              ],
              [
                98.48666572570801,
                8.324895858764648
              ],
              [
                98.47982978820801,
                8.325750350952148
              ],
              [
                98.47315788269043,
                8.335760116577148
              ],
              [
                98.46632194519043,
                8.335760116577148
              ],
              [
                98.46632194519043,
                8.32274055480957
              ],
              [
                98.44565010070801,
                8.325101852416992
              ],
              [
                98.42823600769043,
                8.316961288452148
              ],
              [
                98.42221260070801,
                8.306341171264648
              ],
              [
                98.45313835144043,
                8.294012069702148
              ],
              [
                98.45680046081543,
                8.277532577514648
              ],
              [
                98.45655632019043,
                8.25828742980957
              ],
              [
                98.46265983581543,
                8.243314743041992
              ],
              [
                98.46290397644043,
                8.216131210327148
              ],
              [
                98.44613838195801,
                8.175115585327148
              ],
              [
                98.42497825622559,
                8.14842414855957
              ],
              [
                98.41163444519043,
                8.164495468139648
              ],
              [
                98.40553092956543,
                8.164495468139648
              ],
              [
                98.40479850769043,
                8.155218124389648
              ],
              [
                98.40202903747559,
                8.148992538452148
              ],
              [
                98.39128684997559,
                8.136541366577148
              ],
              [
                98.37525749206543,
                8.150823593139648
              ],
              [
                98.35694694519043,
                8.185003280639648
              ],
              [
                98.33122825622559,
                8.19505500793457
              ],
              [
                98.32813835144043,
                8.202337265014648
              ],
              [
                98.32398796081543,
                8.209623336791992
              ],
              [
                98.31251335144043,
                8.21287727355957
              ],
              [
                98.30152702331543,
                8.21360969543457
              ],
              [
                98.29330635070801,
                8.215887069702148
              ],
              [
                98.28687858581543,
                8.219915390014648
              ],
              [
                98.28142356872559,
                8.225896835327148
              ],
              [
                98.27760124206543,
                8.24070930480957
              ],
              [
                98.27760124206543,
                8.283514022827148
              ],
              [
                98.27149772644043,
                8.297918319702148
              ],
              [
                98.26238059997559,
                8.312810897827148
              ],
              [
                98.24203681945801,
                8.40648078918457
              ],
              [
                98.19947624206543,
                8.534368515014648
              ],
              [
                98.19801139831543,
                8.556058883666992
              ],
              [
                98.20297431945801,
                8.573881149291992
              ],
              [
                98.20973014831543,
                8.581487655639648
              ],
              [
                98.21314811706543,
                8.572576522827148
              ],
              [
                98.21566963195801,
                8.553373336791992
              ],
              [
                98.22315788269043,
                8.540433883666992
              ],
              [
                98.24732780456543,
                8.514554977416992
              ],
              [
                98.25310325622559,
                8.53465461730957
              ],
              [
                98.24431419372559,
                8.54686164855957
              ],
              [
                98.23015403747559,
                8.556585311889648
              ],
              [
                98.21998405456543,
                8.569158554077148
              ],
              [
                98.21949577331543,
                8.575628280639648
              ],
              [
                98.22218132019043,
                8.580633163452148
              ],
              [
                98.22527122497559,
                8.584905624389648
              ],
              [
                98.22681999206543,
                8.589017868041992
              ],
              [
                98.22624778747559,
                8.605375289916992
              ],
              [
                98.22681999206543,
                8.61009407043457
              ],
              [
                98.23805046081543,
                8.641057968139648
              ],
              [
                98.24049186706543,
                8.651067733764648
              ],
              [
                98.23853874206543,
                8.673040390014648
              ],
              [
                98.22282981872559,
                8.71238899230957
              ],
              [
                98.21998405456543,
                8.726224899291992
              ],
              [
                98.22413444519043,
                8.73533821105957
              ],
              [
                98.23121452331543,
                8.740873336791992
              ],
              [
                98.23959541320801,
                8.74583625793457
              ],
              [
                98.24732780456543,
                8.753484725952148
              ],
              [
                98.25074577331543,
                8.759954452514648
              ],
              [
                98.25277900695801,
                8.766424179077148
              ],
              [
                98.25652122497559,
                8.828557968139648
              ],
              [
                98.26156806945801,
                8.850652694702148
              ],
              [
                98.28354072570801,
                8.884954452514648
              ],
              [
                98.29273796081543,
                8.924383163452148
              ],
              [
                98.31218528747559,
                8.951360702514648
              ],
              [
                98.32488059997559,
                8.975248336791992
              ],
              [
                98.33302116394043,
                8.980047225952148
              ],
              [
                98.33676338195801,
                8.977605819702148
              ],
              [
                98.35157585144043,
                8.973783493041992
              ],
              [
                98.36402702331543,
                8.973943710327148
              ],
              [
                98.36060905456543,
                8.983465194702148
              ],
              [
                98.35808372497559,
                8.996000289916992
              ],
              [
                98.36784934997559,
                9.00999641418457
              ],
              [
                98.39128684997559,
                9.035306930541992
              ],
              [
                98.36134147644043,
                9.023015975952148
              ],
              [
                98.34245872497559,
                9.018217086791992
              ],
              [
                98.33269309997559,
                9.026067733764648
              ],
              [
                98.32984733581543,
                9.052068710327148
              ],
              [
                98.34205436706543,
                9.062894821166992
              ],
              [
                98.36598014831543,
                9.063909530639648
              ],
              [
                98.38200950622559,
                9.071928024291992
              ],
              [
                98.37077903747559,
                9.103582382202148
              ],
              [
                98.34148216247559,
                9.14183235168457
              ],
              [
                98.32838249206543,
                9.164373397827148
              ],
              [
                98.32301139831543,
                9.18919563293457
              ],
              [
                98.32227897644043,
                9.209379196166992
              ],
              [
                98.32691764831543,
                9.203680038452148
              ],
              [
                98.33969306945801,
                9.199773788452148
              ],
              [
                98.34782981872559,
                9.202787399291992
              ],
              [
                98.35580635070801,
                9.209905624389648
              ],
              [
                98.37077903747559,
                9.226469039916992
              ],
              [
                98.35230827331543,
                9.235906600952148
              ],
              [
                98.35190010070801,
                9.251371383666992
              ],
              [
                98.36109733581543,
                9.268217086791992
              ],
              [
                98.36402702331543,
                9.281682968139648
              ],
              [
                98.37598991394043,
                9.298162460327148
              ],
              [
                98.38331413269043,
                9.316556930541992
              ],
              [
                98.38961601257324,
                9.34492301940918
              ],
              [
                98.39714622497559,
                9.378812789916992
              ],
              [
                98.40504264831543,
                9.396879196166992
              ],
              [
                98.42546653747559,
                9.432523727416992
              ],
              [
                98.44320869445801,
                9.520818710327148
              ],
              [
                98.45720481872559,
                9.548528671264648
              ],
              [
                98.48682975769043,
                9.52806282043457
              ],
              [
                98.51986885070801,
                9.553777694702148
              ],
              [
                98.53109931945801,
                9.566106796264648
              ],
              [
                98.52849388122559,
                9.575872421264648
              ],
              [
                98.52084541320801,
                9.577581405639648
              ],
              [
                98.50172233581543,
                9.575017929077148
              ],
              [
                98.49366569519043,
                9.575872421264648
              ],
              [
                98.48959541320801,
                9.580389022827148
              ],
              [
                98.48585319519043,
                9.593656539916992
              ],
              [
                98.48341178894043,
                9.596380233764648
              ],
              [
                98.46339225769043,
                9.604436874389648
              ],
              [
                98.47169303894043,
                9.621160507202148
              ],
              [
                98.49024772644043,
                9.634954452514648
              ],
              [
                98.50050163269043,
                9.63450813293457
              ],
              [
                98.50269889831543,
                9.638372421264648
              ],
              [
                98.51197624206543,
                9.650213241577148
              ],
              [
                98.51417350769043,
                9.654729843139648
              ],
              [
                98.51148796081543,
                9.662054061889648
              ],
              [
                98.49366569519043,
                9.685735702514648
              ],
              [
                98.51002311706543,
                9.686590194702148
              ],
              [
                98.51319694519043,
                9.694890975952148
              ],
              [
                98.50660514831543,
                9.705633163452148
              ],
              [
                98.49366569519043,
                9.713689804077148
              ],
              [
                98.50050163269043,
                9.719915390014648
              ],
              [
                98.51563835144043,
                9.71019172668457
              ],
              [
                98.53142356872559,
                9.703924179077148
              ],
              [
                98.54395866394043,
                9.706487655639648
              ],
              [
                98.54900169372559,
                9.72361946105957
              ],
              [
                98.55323600769043,
                9.72459602355957
              ],
              [
                98.56129264831543,
                9.733060836791992
              ],
              [
                98.56576728820801,
                9.742620468139648
              ],
              [
                98.55925559997559,
                9.747220993041992
              ],
              [
                98.53874778747559,
                9.747465133666992
              ],
              [
                98.52979850769043,
                9.749578475952148
              ],
              [
                98.52100944519043,
                9.75462532043457
              ],
              [
                98.51645088195801,
                9.74778938293457
              ],
              [
                98.51531028747559,
                9.744817733764648
              ],
              [
                98.51417350769043,
                9.740385055541992
              ],
              [
                98.50798606872559,
                9.740385055541992
              ],
              [
                98.50912666320801,
                9.74852180480957
              ],
              [
                98.50880241394043,
                9.770818710327148
              ],
              [
                98.50798606872559,
                9.774564743041992
              ],
              [
                98.51637077331543,
                9.78294563293457
              ],
              [
                98.52418327331543,
                9.784978866577148
              ],
              [
                98.53223991394043,
                9.785306930541992
              ],
              [
                98.54151725769043,
                9.788236618041992
              ],
              [
                98.55543327331543,
                9.798040390014648
              ],
              [
                98.56617546081543,
                9.810003280639648
              ],
              [
                98.57496452331543,
                9.824651718139648
              ],
              [
                98.58302116394043,
                9.842840194702148
              ],
              [
                98.57496452331543,
                9.835599899291992
              ],
              [
                98.55844306945801,
                9.815008163452148
              ],
              [
                98.54900169372559,
                9.809270858764648
              ],
              [
                98.54005241394043,
                9.810979843139648
              ],
              [
                98.53468132019043,
                9.818021774291992
              ],
              [
                98.53028678894043,
                9.825590133666992
              ],
              [
                98.51270866394043,
                9.836858749389648
              ],
              [
                98.52076530456543,
                9.854436874389648
              ],
              [
                98.53687858581543,
                9.872953414916992
              ],
              [
                98.54900169372559,
                9.883733749389648
              ],
              [
                98.55356025695801,
                9.87669563293457
              ],
              [
                98.55990791320801,
                9.87303352355957
              ],
              [
                98.56739616394043,
                9.873235702514648
              ],
              [
                98.57618522644043,
                9.877592086791992
              ],
              [
                98.57048606872559,
                9.884222030639648
              ],
              [
                98.58546257019043,
                9.894964218139648
              ],
              [
                98.58985710144043,
                9.905462265014648
              ],
              [
                98.58643913269043,
                9.909330368041992
              ],
              [
                98.57887077331543,
                9.911321640014648
              ],
              [
                98.57162666320801,
                9.915472030639648
              ],
              [
                98.57357978820801,
                9.92088508605957
              ],
              [
                98.58383369445801,
                9.930326461791992
              ],
              [
                98.59197044372559,
                9.942693710327148
              ],
              [
                98.59986686706543,
                9.948148727416992
              ],
              [
                98.62208366394043,
                9.947820663452148
              ],
              [
                98.63087272644043,
                9.952703475952148
              ],
              [
                98.63315010070801,
                9.962957382202148
              ],
              [
                98.62354850769043,
                9.967191696166992
              ],
              [
                98.61256217956543,
                9.965970993041992
              ],
              [
                98.61036491394043,
                9.960111618041992
              ],
              [
                98.59962272644043,
                9.97386360168457
              ],
              [
                98.59978294372559,
                9.98045539855957
              ],
              [
                98.60352897644043,
                9.993597030639648
              ],
              [
                98.64796257019043,
                10.06932258605957
              ],
              [
                98.66228294372559,
                10.085271835327148
              ],
              [
                98.68962669372559,
                10.162054061889648
              ],
              [
                98.71290397644043,
                10.205511093139648
              ],
              [
                98.72047233581543,
                10.227933883666992
              ],
              [
                98.72535514831543,
                10.251615524291992
              ],
              [
                98.72706413269043,
                10.272039413452148
              ],
              [
                98.73080635070801,
                10.29173469543457
              ],
              [
                98.74626731872559,
                10.329008102416992
              ],
              [
                98.74740791320801,
                10.350530624389648
              ],
              [
                98.73991966247559,
                10.347356796264648
              ],
              [
                98.73503684997559,
                10.343084335327148
              ],
              [
                98.73121452331543,
                10.337347030639648
              ],
              [
                98.71892356872559,
                10.312566757202148
              ],
              [
                98.70281028747559,
                10.262762069702148
              ],
              [
                98.69605827331543,
                10.223699569702148
              ],
              [
                98.68702507019043,
                10.208402633666992
              ],
              [
                98.66505241394043,
                10.185453414916992
              ],
              [
                98.64421653747559,
                10.15501594543457
              ],
              [
                98.58985710144043,
                10.042058944702148
              ],
              [
                98.56056022644043,
                10.002141952514648
              ],
              [
                98.54314231872559,
                9.987455368041992
              ],
              [
                98.53532981872559,
                9.997381210327148
              ],
              [
                98.53346061706543,
                10.006742477416992
              ],
              [
                98.52442741394043,
                10.021062850952148
              ],
              [
                98.52100944519043,
                10.028997421264648
              ],
              [
                98.52003288269043,
                10.038885116577148
              ],
              [
                98.52149772644043,
                10.059392929077148
              ],
              [
                98.52100944519043,
                10.06932258605957
              ],
              [
                98.51482200622559,
                10.101507186889648
              ],
              [
                98.51392936706543,
                10.146917343139648
              ],
              [
                98.49366569519043,
                10.17918586730957
              ],
              [
                98.49049186706543,
                10.190618515014648
              ],
              [
                98.48959541320801,
                10.197904586791992
              ],
              [
                98.49073600769043,
                10.20433235168457
              ],
              [
                98.50758171081543,
                10.244939804077148
              ],
              [
                98.51222038269043,
                10.261419296264648
              ],
              [
                98.51710319519043,
                10.307439804077148
              ],
              [
                98.52849388122559,
                10.34324836730957
              ],
              [
                98.52849388122559,
                10.364202499389648
              ],
              [
                98.51222038269043,
                10.422796249389648
              ],
              [
                98.49415397644043,
                10.452459335327148
              ],
              [
                98.49342155456543,
                10.472723007202148
              ],
              [
                98.50050163269043,
                10.515043258666992
              ],
              [
                98.49545478820801,
                10.55687141418457
              ],
              [
                98.46339225769043,
                10.630033493041992
              ],
              [
                98.45899772644043,
                10.672674179077148
              ],
              [
                98.45932197570801,
                10.715398788452148
              ],
              [
                98.46355247497559,
                10.729436874389648
              ],
              [
                98.47657585144043,
                10.734685897827148
              ],
              [
                98.49830436706543,
                10.731595993041992
              ],
              [
                98.51099967956543,
                10.72288703918457
              ],
              [
                98.52849388122559,
                10.69310188293457
              ],
              [
                98.53874778747559,
                10.704412460327148
              ],
              [
                98.53834342956543,
                10.718694686889648
              ],
              [
                98.53101921081543,
                10.73216438293457
              ],
              [
                98.52100944519043,
                10.74095344543457
              ],
              [
                98.53256416320801,
                10.746770858764648
              ],
              [
                98.54371452331543,
                10.745061874389648
              ],
              [
                98.55421257019043,
                10.737981796264648
              ],
              [
                98.56324577331543,
                10.72728157043457
              ],
              [
                98.56999778747559,
                10.743108749389648
              ],
              [
                98.57740592956543,
                10.770414352416992
              ],
              [
                98.58302116394043,
                10.781927108764648
              ],
              [
                98.59986686706543,
                10.805486679077148
              ],
              [
                98.60271263122559,
                10.819486618041992
              ],
              [
                98.59669303894043,
                10.83714485168457
              ],
              [
                98.60694694519043,
                10.836370468139648
              ],
              [
                98.61598014831543,
                10.838445663452148
              ],
              [
                98.62403678894043,
                10.843206405639648
              ],
              [
                98.63087272644043,
                10.85081672668457
              ],
              [
                98.62013053894043,
                10.854558944702148
              ],
              [
                98.59547233581543,
                10.856840133666992
              ],
              [
                98.58643913269043,
                10.861028671264648
              ],
              [
                98.58180046081543,
                10.867254257202148
              ],
              [
                98.57887077331543,
                10.875188827514648
              ],
              [
                98.58155632019043,
                10.882024765014648
              ],
              [
                98.61378288269043,
                10.890287399291992
              ],
              [
                98.62501335144043,
                10.902006149291992
              ],
              [
                98.63404655456543,
                10.913724899291992
              ],
              [
                98.64796257019043,
                10.919095993041992
              ],
              [
                98.65284538269043,
                10.917181015014648
              ],
              [
                98.66383171081543,
                10.908269882202148
              ],
              [
                98.67310905456543,
                10.905462265014648
              ],
              [
                98.67506217956543,
                10.908514022827148
              ],
              [
                98.68922233581543,
                10.913396835327148
              ],
              [
                98.70362663269043,
                10.916166305541992
              ],
              [
                98.70655632019043,
                10.91282844543457
              ],
              [
                98.71241569519043,
                10.924383163452148
              ],
              [
                98.71681022644043,
                10.942205429077148
              ],
              [
                98.71762275695801,
                10.96068000793457
              ],
              [
                98.71273994445801,
                10.974309921264648
              ],
              [
                98.72022819519043,
                10.980535507202148
              ],
              [
                98.71388053894043,
                10.98997688293457
              ],
              [
                98.69654655456543,
                11.002592086791992
              ],
              [
                98.69288444519043,
                11.008451461791992
              ],
              [
                98.69532585144043,
                11.020086288452148
              ],
              [
                98.70094108581543,
                11.024969100952148
              ],
              [
                98.70834541320801,
                11.027654647827148
              ],
              [
                98.71648216247559,
                11.032377243041992
              ],
              [
                98.72242546081543,
                11.044866561889648
              ],
              [
                98.71827507019043,
                11.05882453918457
              ],
              [
                98.71062278747559,
                11.076078414916992
              ],
              [
                98.70655632019043,
                11.097845077514648
              ],
              [
                98.68881416320801,
                11.092473983764648
              ],
              [
                98.67628288269043,
                11.10057258605957
              ],
              [
                98.65821647644043,
                11.131986618041992
              ],
              [
                98.70265007019043,
                11.143621444702148
              ],
              [
                98.72413444519043,
                11.156194686889648
              ],
              [
                98.73316764831543,
                11.17601203918457
              ],
              [
                98.73316764831543,
                11.207098007202148
              ],
              [
                98.74561882019043,
                11.236028671264648
              ],
              [
                98.75098991394043,
                11.25706672668457
              ],
              [
                98.75709342956543,
                11.263372421264648
              ],
              [
                98.75929069519043,
                11.268949508666992
              ],
              [
                98.74643135070801,
                11.28587532043457
              ],
              [
                98.72657585144043,
                11.333440780639648
              ],
              [
                98.72193717956543,
                11.35008430480957
              ],
              [
                98.72136497497559,
                11.367254257202148
              ],
              [
                98.72706413269043,
                11.385198593139648
              ],
              [
                98.70265007019043,
                11.379056930541992
              ],
              [
                98.69801139831543,
                11.388006210327148
              ],
              [
                98.70655632019043,
                11.42308235168457
              ],
              [
                98.71534538269043,
                11.443181991577148
              ],
              [
                98.73568916320801,
                11.450139999389648
              ],
              [
                98.77491569519043,
                11.453519821166992
              ],
              [
                98.76563835144043,
                11.467435836791992
              ],
              [
                98.76344108581543,
                11.506254196166992
              ],
              [
                98.75440788269043,
                11.522405624389648
              ],
              [
                98.74529075622559,
                11.524847030639648
              ],
              [
                98.72885322570801,
                11.517644882202148
              ],
              [
                98.72022819519043,
                11.522405624389648
              ],
              [
                98.71794700622559,
                11.531888961791992
              ],
              [
                98.72575950622559,
                11.548406600952148
              ],
              [
                98.72022819519043,
                11.55711555480957
              ],
              [
                98.73357200622559,
                11.573431015014648
              ],
              [
                98.73634147644043,
                11.588773727416992
              ],
              [
                98.73316764831543,
                11.624822616577148
              ],
              [
                98.73560905456543,
                11.642034530639648
              ],
              [
                98.74154853820801,
                11.66502571105957
              ],
              [
                98.75221061706543,
                11.681707382202148
              ],
              [
                98.76807975769043,
                11.680082321166992
              ],
              [
                98.78028678894043,
                11.68651008605957
              ],
              [
                98.78793525695801,
                11.68333625793457
              ],
              [
                98.79517936706543,
                11.676824569702148
              ],
              [
                98.80592155456543,
                11.673246383666992
              ],
              [
                98.81715202331543,
                11.677396774291992
              ],
              [
                98.81869697570801,
                11.687200546264648
              ],
              [
                98.81812858581543,
                11.698675155639648
              ],
              [
                98.82260322570801,
                11.707952499389648
              ],
              [
                98.83546257019043,
                11.710111618041992
              ],
              [
                98.85434150695801,
                11.707098007202148
              ],
              [
                98.87289619445801,
                11.70091438293457
              ],
              [
                98.88477897644043,
                11.693670272827148
              ],
              [
                98.89161491394043,
                11.693670272827148
              ],
              [
                98.87672233581543,
                11.72264289855957
              ],
              [
                98.80494499206543,
                11.736516952514648
              ],
              [
                98.78297233581543,
                11.75511360168457
              ],
              [
                98.79029655456543,
                11.779691696166992
              ],
              [
                98.81202507019043,
                11.802640914916992
              ],
              [
                98.82569694519043,
                11.825872421264648
              ],
              [
                98.80893135070801,
                11.85130500793457
              ],
              [
                98.81609153747559,
                11.833806991577148
              ],
              [
                98.81023216247559,
                11.82200813293457
              ],
              [
                98.80055046081543,
                11.813787460327148
              ],
              [
                98.79127311706543,
                11.80247688293457
              ],
              [
                98.76807975769043,
                11.76194953918457
              ],
              [
                98.76148796081543,
                11.760892868041992
              ],
              [
                98.74415397644043,
                11.762517929077148
              ],
              [
                98.74073600769043,
                11.75853157043457
              ],
              [
                98.73796653747559,
                11.756498336791992
              ],
              [
                98.72584342956543,
                11.744329452514648
              ],
              [
                98.72364616394043,
                11.74144172668457
              ],
              [
                98.71217155456543,
                11.736516952514648
              ],
              [
                98.70899772644043,
                11.724515914916992
              ],
              [
                98.70826530456543,
                11.70994758605957
              ],
              [
                98.70313835144043,
                11.697454452514648
              ],
              [
                98.69264030456543,
                11.68675422668457
              ],
              [
                98.68433952331543,
                11.682806015014648
              ],
              [
                98.67416572570801,
                11.685247421264648
              ],
              [
                98.64763450622559,
                11.700506210327148
              ],
              [
                98.61687278747559,
                11.723699569702148
              ],
              [
                98.61036491394043,
                11.731267929077148
              ],
              [
                98.60873603820801,
                11.741399765014648
              ],
              [
                98.60328483581543,
                11.753606796264648
              ],
              [
                98.60352897644043,
                11.76194953918457
              ],
              [
                98.60597038269043,
                11.769193649291992
              ],
              [
                98.61784934997559,
                11.789251327514648
              ],
              [
                98.62330436706543,
                11.793279647827148
              ],
              [
                98.62891960144043,
                11.791936874389648
              ],
              [
                98.63209342956543,
                11.792875289916992
              ],
              [
                98.63087272644043,
                11.803617477416992
              ],
              [
                98.60352897644043,
                11.803617477416992
              ],
              [
                98.61931419372559,
                11.825872421264648
              ],
              [
                98.62403678894043,
                11.830266952514648
              ],
              [
                98.63136100769043,
                11.832098007202148
              ],
              [
                98.64088249206543,
                11.83226203918457
              ],
              [
                98.64869499206543,
                11.831487655639648
              ],
              [
                98.65138053894043,
                11.830266952514648
              ],
              [
                98.66032981872559,
                11.84520149230957
              ],
              [
                98.66798210144043,
                11.863592147827148
              ],
              [
                98.68092155456543,
                11.877347946166992
              ],
              [
                98.70655632019043,
                11.87864875793457
              ],
              [
                98.69410514831543,
                11.892889022827148
              ],
              [
                98.67310905456543,
                11.89207649230957
              ],
              [
                98.63087272644043,
                11.87864875793457
              ],
              [
                98.54900169372559,
                11.87864875793457
              ],
              [
                98.55811882019043,
                11.899114608764648
              ],
              [
                98.57813835144043,
                11.906682968139648
              ],
              [
                98.62745475769043,
                11.905950546264648
              ],
              [
                98.64503288269043,
                11.910223007202148
              ],
              [
                98.66407585144043,
                11.920354843139648
              ],
              [
                98.67921257019043,
                11.932806015014648
              ],
              [
                98.69093132019043,
                11.95433235168457
              ],
              [
                98.70289421081543,
                11.959051132202148
              ],
              [
                98.71485710144043,
                11.96116828918457
              ],
              [
                98.72022819519043,
                11.964300155639648
              ],
              [
                98.72144889831543,
                11.99778938293457
              ],
              [
                98.72022819519043,
                12.008367538452148
              ],
              [
                98.71314811706543,
                12.025213241577148
              ],
              [
                98.70533561706543,
                12.03685188293457
              ],
              [
                98.70313835144043,
                12.04808235168457
              ],
              [
                98.71273994445801,
                12.063627243041992
              ],
              [
                98.66505241394043,
                12.060247421264648
              ],
              [
                98.65846061706543,
                12.06712532043457
              ],
              [
                98.64503288269043,
                12.078069686889648
              ],
              [
                98.63380241394043,
                12.09031867980957
              ],
              [
                98.63429069519043,
                12.101140975952148
              ],
              [
                98.64096260070801,
                12.113676071166992
              ],
              [
                98.63624382019043,
                12.12254524230957
              ],
              [
                98.62965202331543,
                12.131986618041992
              ],
              [
                98.63087272644043,
                12.146184921264648
              ],
              [
                98.63786888122559,
                12.151067733764648
              ],
              [
                98.65072822570801,
                12.155096054077148
              ],
              [
                98.67310905456543,
                12.15916633605957
              ],
              [
                98.67310905456543,
                12.166654586791992
              ],
              [
                98.65821647644043,
                12.166654586791992
              ],
              [
                98.66765403747559,
                12.177679061889648
              ],
              [
                98.69581413269043,
                12.19310188293457
              ],
              [
                98.70973014831543,
                12.204252243041992
              ],
              [
                98.71371650695801,
                12.215764999389648
              ],
              [
                98.71021842956543,
                12.22801399230957
              ],
              [
                98.70329856872559,
                12.23777961730957
              ],
              [
                98.69630241394043,
                12.241765975952148
              ],
              [
                98.66293525695801,
                12.23680305480957
              ],
              [
                98.64088249206543,
                12.224554061889648
              ],
              [
                98.62143135070801,
                12.20897102355957
              ],
              [
                98.59669303894043,
                12.193998336791992
              ],
              [
                98.58855247497559,
                12.197698593139648
              ],
              [
                98.57081413269043,
                12.203519821166992
              ],
              [
                98.56324577331543,
                12.207670211791992
              ],
              [
                98.54713249206543,
                12.223455429077148
              ],
              [
                98.53907585144043,
                12.241765975952148
              ],
              [
                98.54021263122559,
                12.26097297668457
              ],
              [
                98.55201530456543,
                12.279607772827148
              ],
              [
                98.56837272644043,
                12.290922164916992
              ],
              [
                98.58765983581543,
                12.297063827514648
              ],
              [
                98.67677116394043,
                12.315252304077148
              ],
              [
                98.69776725769043,
                12.327947616577148
              ],
              [
                98.70655632019043,
                12.34788703918457
              ],
              [
                98.69996452331543,
                12.363958358764648
              ],
              [
                98.68425559997559,
                12.373235702514648
              ],
              [
                98.65138053894043,
                12.38572883605957
              ],
              [
                98.62680244445801,
                12.409574508666992
              ],
              [
                98.62086296081543,
                12.413724899291992
              ],
              [
                98.60743522644043,
                12.418279647827148
              ],
              [
                98.60515403747559,
                12.42894172668457
              ],
              [
                98.61036491394043,
                12.45091438293457
              ],
              [
                98.61134147644043,
                12.473051071166992
              ],
              [
                98.61622428894043,
                12.485746383666992
              ],
              [
                98.62843132019043,
                12.492132186889648
              ],
              [
                98.65138053894043,
                12.49559211730957
              ],
              [
                98.68922233581543,
                12.49559211730957
              ],
              [
                98.70142936706543,
                12.498723983764648
              ],
              [
                98.70875358581543,
                12.505559921264648
              ],
              [
                98.70973014831543,
                12.512395858764648
              ],
              [
                98.70313835144043,
                12.515531539916992
              ],
              [
                98.69483757019043,
                12.517034530639648
              ],
              [
                98.68148994445801,
                12.525579452514648
              ],
              [
                98.67310905456543,
                12.529729843139648
              ],
              [
                98.66195869445801,
                12.531316757202148
              ],
              [
                98.65072822570801,
                12.530950546264648
              ],
              [
                98.63998603820801,
                12.531888961791992
              ],
              [
                98.63087272644043,
                12.537260055541992
              ],
              [
                98.62306022644043,
                12.558172225952148
              ],
              [
                98.63119697570801,
                12.57933235168457
              ],
              [
                98.64438056945801,
                12.600652694702148
              ],
              [
                98.65138053894043,
                12.622259140014648
              ],
              [
                98.65463447570801,
                12.62571907043457
              ],
              [
                98.66187858581543,
                12.62547492980957
              ],
              [
                98.66944694519043,
                12.624456405639648
              ],
              [
                98.67310905456543,
                12.625394821166992
              ],
              [
                98.67221260070801,
                12.631742477416992
              ],
              [
                98.66505241394043,
                12.646429061889648
              ],
              [
                98.66765403747559,
                12.67479133605957
              ],
              [
                98.67310905456543,
                12.687444686889648
              ],
              [
                98.68034934997559,
                12.69700813293457
              ],
              [
                98.68669700622559,
                12.702825546264648
              ],
              [
                98.69117546081543,
                12.71043586730957
              ],
              [
                98.69288444519043,
                12.725286483764648
              ],
              [
                98.68930244445801,
                12.728094100952148
              ],
              [
                98.66163444519043,
                12.721586227416992
              ],
              [
                98.64845085144043,
                12.723333358764648
              ],
              [
                98.64177513122559,
                12.728094100952148
              ],
              [
                98.64088249206543,
                12.734685897827148
              ],
              [
                98.64454460144043,
                12.742010116577148
              ],
              [
                98.65235710144043,
                12.745428085327148
              ],
              [
                98.66309928894043,
                12.74510383605957
              ],
              [
                98.67302513122559,
                12.74681282043457
              ],
              [
                98.67872428894043,
                12.756292343139648
              ],
              [
                98.67017936706543,
                12.760931015014648
              ],
              [
                98.62769889831543,
                12.756254196166992
              ],
              [
                98.61784934997559,
                12.766263961791992
              ],
              [
                98.61744499206543,
                12.777410507202148
              ],
              [
                98.61898994445801,
                12.775091171264648
              ],
              [
                98.62403678894043,
                12.776189804077148
              ],
              [
                98.63453483581543,
                12.781194686889648
              ],
              [
                98.64177513122559,
                12.782415390014648
              ],
              [
                98.64698600769043,
                12.785795211791992
              ],
              [
                98.65138053894043,
                12.797307968139648
              ],
              [
                98.63429069519043,
                12.878606796264648
              ],
              [
                98.62476921081543,
                12.884222030639648
              ],
              [
                98.60124778747559,
                12.911039352416992
              ],
              [
                98.58985710144043,
                12.919584274291992
              ],
              [
                98.60011100769043,
                12.94163703918457
              ],
              [
                98.60678291320801,
                12.950628280639648
              ],
              [
                98.61402702331543,
                12.954290390014648
              ],
              [
                98.61036491394043,
                12.959623336791992
              ],
              [
                98.59669303894043,
                12.995916366577148
              ],
              [
                98.58619499206543,
                13.016508102416992
              ],
              [
                98.58383369445801,
                13.02659797668457
              ],
              [
                98.58041572570801,
                13.065374374389648
              ],
              [
                98.58204460144043,
                13.077054977416992
              ],
              [
                98.58985710144043,
                13.084661483764648
              ],
              [
                98.58334541320801,
                13.113958358764648
              ],
              [
                98.57846260070801,
                13.18675422668457
              ],
              [
                98.56593132019043,
                13.201360702514648
              ],
              [
                98.55307197570801,
                13.208074569702148
              ],
              [
                98.50050163269043,
                13.249174118041992
              ],
              [
                98.49513053894043,
                13.285467147827148
              ],
              [
                98.48991966247559,
                13.29783821105957
              ],
              [
                98.47999382019043,
                13.283880233764648
              ],
              [
                98.47527122497559,
                13.292913436889648
              ],
              [
                98.47282981872559,
                13.302923202514648
              ],
              [
                98.47242546081543,
                13.313627243041992
              ],
              [
                98.47315788269043,
                13.324895858764648
              ],
              [
                98.46046257019043,
                13.355779647827148
              ],
              [
                98.46013450622559,
                13.369329452514648
              ],
              [
                98.47315788269043,
                13.379461288452148
              ],
              [
                98.47169303894043,
                13.386419296264648
              ],
              [
                98.47120475769043,
                13.394193649291992
              ],
              [
                98.47315788269043,
                13.413030624389648
              ],
              [
                98.46420478820801,
                13.40770149230957
              ],
              [
                98.45899772644043,
                13.399969100952148
              ],
              [
                98.45281028747559,
                13.379461288452148
              ],
              [
                98.45378684997559,
                13.396390914916992
              ],
              [
                98.45094108581543,
                13.41136360168457
              ],
              [
                98.44532585144043,
                13.42430305480957
              ],
              [
                98.43913841247559,
                13.434759140014648
              ],
              [
                98.43441963195801,
                13.43846321105957
              ],
              [
                98.42823600769043,
                13.441801071166992
              ],
              [
                98.42237663269043,
                13.446599960327148
              ],
              [
                98.41863059997559,
                13.45457649230957
              ],
              [
                98.41944694519043,
                13.462224960327148
              ],
              [
                98.42921257019043,
                13.47117805480957
              ],
              [
                98.43165397644043,
                13.47874641418457
              ],
              [
                98.42644309997559,
                13.490056991577148
              ],
              [
                98.40333366394043,
                13.52244758605957
              ],
              [
                98.39405632019043,
                13.542791366577148
              ],
              [
                98.38396263122559,
                13.551908493041992
              ],
              [
                98.37061882019043,
                13.559514999389648
              ],
              [
                98.35719108581543,
                13.563871383666992
              ],
              [
                98.36109733581543,
                13.57615852355957
              ],
              [
                98.35661888122559,
                13.584867477416992
              ],
              [
                98.33611106872559,
                13.598577499389648
              ],
              [
                98.33643913269043,
                13.619817733764648
              ],
              [
                98.29884147644043,
                13.671049118041992
              ],
              [
                98.28825950622559,
                13.694768905639648
              ],
              [
                98.29566764831543,
                13.68797492980957
              ],
              [
                98.30201530456543,
                13.700994491577148
              ],
              [
                98.27670478820801,
                13.707181930541992
              ],
              [
                98.25733757019043,
                13.706365585327148
              ],
              [
                98.24480247497559,
                13.714056015014648
              ],
              [
                98.24049186706543,
                13.746038436889648
              ],
              [
                98.25196647644043,
                13.782537460327148
              ],
              [
                98.25416374206543,
                13.797796249389648
              ],
              [
                98.25196647644043,
                13.811674118041992
              ],
              [
                98.24838447570801,
                13.824529647827148
              ],
              [
                98.24781608581543,
                13.837591171264648
              ],
              [
                98.25416374206543,
                13.85179328918457
              ],
              [
                98.24806022644043,
                13.86277961730957
              ],
              [
                98.23365592956543,
                13.917303085327148
              ],
              [
                98.23365592956543,
                13.96165657043457
              ],
              [
                98.23121452331543,
                13.972478866577148
              ],
              [
                98.22779655456543,
                13.981267929077148
              ],
              [
                98.22722434997559,
                13.988958358764648
              ],
              [
                98.23365592956543,
                13.996488571166992
              ],
              [
                98.23365592956543,
                14.002630233764648
              ],
              [
                98.22242546081543,
                14.013090133666992
              ],
              [
                98.20866966247559,
                14.029607772827148
              ],
              [
                98.19703483581543,
                14.048162460327148
              ],
              [
                98.19215202331543,
                14.06468391418457
              ],
              [
                98.18580436706543,
                14.06468391418457
              ],
              [
                98.18458366394043,
                14.052556991577148
              ],
              [
                98.18002510070801,
                14.031644821166992
              ],
              [
                98.17896842956543,
                14.019720077514648
              ],
              [
                98.18214225769043,
                14.014310836791992
              ],
              [
                98.19630241394043,
                13.997869491577148
              ],
              [
                98.19947624206543,
                13.992742538452148
              ],
              [
                98.19825553894043,
                13.964910507202148
              ],
              [
                98.19337272644043,
                13.951810836791992
              ],
              [
                98.18238639831543,
                13.937810897827148
              ],
              [
                98.18018913269043,
                13.92503547668457
              ],
              [
                98.19516181945801,
                13.88694953918457
              ],
              [
                98.19947624206543,
                13.869207382202148
              ],
              [
                98.19727897644043,
                13.85032844543457
              ],
              [
                98.18800163269043,
                13.815130233764648
              ],
              [
                98.17945671081543,
                13.73240852355957
              ],
              [
                98.19353294372559,
                13.68626594543457
              ],
              [
                98.19605827331543,
                13.668363571166992
              ],
              [
                98.19337272644043,
                13.651556015014648
              ],
              [
                98.18580436706543,
                13.632757186889648
              ],
              [
                98.18238639831543,
                13.627103805541992
              ],
              [
                98.17888450622559,
                13.622625350952148
              ],
              [
                98.17530632019043,
                13.616605758666992
              ],
              [
                98.17156028747559,
                13.606023788452148
              ],
              [
                98.16895866394043,
                13.59398078918457
              ],
              [
                98.16847038269043,
                13.584295272827148
              ],
              [
                98.17156028747559,
                13.563871383666992
              ],
              [
                98.18344306945801,
                13.551702499389648
              ],
              [
                98.18686103820801,
                13.543851852416992
              ],
              [
                98.17896842956543,
                13.53709602355957
              ],
              [
                98.17107200622559,
                13.53782844543457
              ],
              [
                98.16383171081543,
                13.543523788452148
              ],
              [
                98.15105247497559,
                13.55760383605957
              ],
              [
                98.14967155456543,
                13.550115585327148
              ],
              [
                98.14584541320801,
                13.542913436889648
              ],
              [
                98.14430046081543,
                13.53709602355957
              ],
              [
                98.14210319519043,
                13.54808235168457
              ],
              [
                98.14275169372559,
                13.561712265014648
              ],
              [
                98.14137077331543,
                13.57322883605957
              ],
              [
                98.13429069519043,
                13.57811164855957
              ],
              [
                98.12973213195801,
                13.582342147827148
              ],
              [
                98.13477897644043,
                13.591741561889648
              ],
              [
                98.14372825622559,
                13.601263046264648
              ],
              [
                98.15105247497559,
                13.606023788452148
              ],
              [
                98.14698600769043,
                13.611150741577148
              ],
              [
                98.14137077331543,
                13.621160507202148
              ],
              [
                98.13746452331543,
                13.626531600952148
              ],
              [
                98.15186882019043,
                13.63035774230957
              ],
              [
                98.15846061706543,
                13.64232063293457
              ],
              [
                98.15805244445801,
                13.65818977355957
              ],
              [
                98.15105247497559,
                13.673734664916992
              ],
              [
                98.16765403747559,
                13.673162460327148
              ],
              [
                98.16879463195801,
                13.680814743041992
              ],
              [
                98.16041374206543,
                13.690252304077148
              ],
              [
                98.14763450622559,
                13.694768905639648
              ],
              [
                98.12379264831543,
                13.693510055541992
              ],
              [
                98.11638450622559,
                13.69505500793457
              ],
              [
                98.10328483581543,
                13.700994491577148
              ],
              [
                98.10670280456543,
                13.70701789855957
              ],
              [
                98.11345481872559,
                13.722806930541992
              ],
              [
                98.11695671081543,
                13.728948593139648
              ],
              [
                98.09205436706543,
                13.739690780639648
              ],
              [
                98.08277702331543,
                13.769964218139648
              ],
              [
                98.08888053894043,
                13.795110702514648
              ],
              [
                98.11012077331543,
                13.790349960327148
              ],
              [
                98.10401725769043,
                13.83470344543457
              ],
              [
                98.10328483581543,
                13.876371383666992
              ],
              [
                98.10914421081543,
                13.892484664916992
              ],
              [
                98.11085319519043,
                13.902166366577148
              ],
              [
                98.10670280456543,
                13.906438827514648
              ],
              [
                98.10124778747559,
                13.908025741577148
              ],
              [
                98.09303092956543,
                13.912176132202148
              ],
              [
                98.08546257019043,
                13.917913436889648
              ],
              [
                98.08228874206543,
                13.924467086791992
              ],
              [
                98.07927513122559,
                13.948064804077148
              ],
              [
                98.06560325622559,
                13.989324569702148
              ],
              [
                98.06169700622559,
                14.010076522827148
              ],
              [
                98.06625556945801,
                14.03270149230957
              ],
              [
                98.08839225769043,
                14.06346321105957
              ],
              [
                98.09644889831543,
                14.07835578918457
              ],
              [
                98.09742546081543,
                14.092191696166992
              ],
              [
                98.10767936706543,
                14.110013961791992
              ],
              [
                98.11012077331543,
                14.12303352355957
              ],
              [
                98.10857200622559,
                14.132635116577148
              ],
              [
                98.09644889831543,
                14.167791366577148
              ],
              [
                98.11012077331543,
                14.167791366577148
              ],
              [
                98.10645866394043,
                14.181219100952148
              ],
              [
                98.10108757019043,
                14.191839218139648
              ],
              [
                98.09522819519043,
                14.193792343139648
              ],
              [
                98.08961296081543,
                14.18138313293457
              ],
              [
                98.04176139831543,
                14.242864608764648
              ],
              [
                98.01482200622559,
                14.299505233764648
              ],
              [
                97.99350166320801,
                14.330511093139648
              ],
              [
                97.98601341247559,
                14.352605819702148
              ],
              [
                97.98129463195801,
                14.37645149230957
              ],
              [
                97.97974967956543,
                14.397405624389648
              ],
              [
                97.98259544372559,
                14.419256210327148
              ],
              [
                97.99594306945801,
                14.44969367980957
              ],
              [
                98.00025749206543,
                14.46873664855957
              ],
              [
                97.99146842956543,
                14.460027694702148
              ],
              [
                97.98422431945801,
                14.449651718139648
              ],
              [
                97.97641181945801,
                14.443754196166992
              ],
              [
                97.96607780456543,
                14.448308944702148
              ],
              [
                97.96208763122559,
                14.45775032043457
              ],
              [
                97.95183372497559,
                14.50291633605957
              ],
              [
                97.92140007019043,
                14.557683944702148
              ],
              [
                97.91358757019043,
                14.586736679077148
              ],
              [
                97.92506217956543,
                14.61277961730957
              ],
              [
                97.90007591247559,
                14.630315780639648
              ],
              [
                97.88551139831543,
                14.655950546264648
              ],
              [
                97.88551139831543,
                14.68406867980957
              ],
              [
                97.90406608581543,
                14.70897102355957
              ],
              [
                97.94312858581543,
                14.72020149230957
              ],
              [
                97.96851921081543,
                14.69651985168457
              ],
              [
                97.99244499206543,
                14.663724899291992
              ],
              [
                98.02760124206543,
                14.647527694702148
              ],
              [
                97.99244499206543,
                14.69310188293457
              ],
              [
                97.98219108581543,
                14.715276718139648
              ],
              [
                98.00025749206543,
                14.722074508666992
              ],
              [
                97.98536491394043,
                14.728178024291992
              ],
              [
                97.97104072570801,
                14.735906600952148
              ],
              [
                97.96461296081543,
                14.74705696105957
              ],
              [
                97.97291374206543,
                14.763616561889648
              ],
              [
                97.96566963195801,
                14.76951789855957
              ],
              [
                97.95883369445801,
                14.778509140014648
              ],
              [
                97.95387077331543,
                14.787748336791992
              ],
              [
                97.95183372497559,
                14.794340133666992
              ],
              [
                97.94988059997559,
                14.798894882202148
              ],
              [
                97.94532585144043,
                14.795316696166992
              ],
              [
                97.93816184997559,
                14.784734725952148
              ],
              [
                97.93995475769043,
                14.782415390014648
              ],
              [
                97.94337272644043,
                14.776678085327148
              ],
              [
                97.94605827331543,
                14.769681930541992
              ],
              [
                97.94556999206543,
                14.763616561889648
              ],
              [
                97.93116569519043,
                14.75218391418457
              ],
              [
                97.91716575622559,
                14.758611679077148
              ],
              [
                97.90675163269043,
                14.775945663452148
              ],
              [
                97.90406608581543,
                14.797758102416992
              ],
              [
                97.89723014831543,
                14.797758102416992
              ],
              [
                97.89454460144043,
                14.779691696166992
              ],
              [
                97.90219306945801,
                14.737699508666992
              ],
              [
                97.89381217956543,
                14.72947883605957
              ],
              [
                97.88835716247559,
                14.726957321166992
              ],
              [
                97.88306999206543,
                14.721502304077148
              ],
              [
                97.87550163269043,
                14.716741561889648
              ],
              [
                97.86305046081543,
                14.71580696105957
              ],
              [
                97.85621452331543,
                14.71849250793457
              ],
              [
                97.85035514831543,
                14.72361946105957
              ],
              [
                97.84596061706543,
                14.729925155639648
              ],
              [
                97.84254264831543,
                14.73631477355957
              ],
              [
                97.81511497497559,
                14.85081672668457
              ],
              [
                97.79492378234863,
                14.880155563354492
              ],
              [
                97.79706001281738,
                14.88191032409668
              ],
              [
                97.82083320617676,
                14.898187637329102
              ],
              [
                97.83447456359863,
                14.913637161254883
              ],
              [
                97.85493659973145,
                14.944902420043945
              ],
              [
                97.8715763092041,
                14.978570938110352
              ],
              [
                97.87964057922363,
                15.000947952270508
              ],
              [
                97.88625526428223,
                15.027532577514648
              ],
              [
                97.89204216003418,
                15.064146041870117
              ],
              [
                97.89596748352051,
                15.072183609008789
              ],
              [
                97.90227317810059,
                15.078435897827148
              ],
              [
                97.9220142364502,
                15.080839157104492
              ],
              [
                97.93441581726074,
                15.081071853637695
              ],
              [
                97.96862602233887,
                15.084714889526367
              ],
              [
                97.9867115020752,
                15.088743209838867
              ],
              [
                98.01275825500488,
                15.09809684753418
              ],
              [
                98.02081871032715,
                15.099130630493164
              ],
              [
                98.0285701751709,
                15.096494674682617
              ],
              [
                98.03714942932129,
                15.087350845336914
              ],
              [
                98.07528495788574,
                15.024820327758789
              ],
              [
                98.08706855773926,
                15.01081657409668
              ],
              [
                98.09719657897949,
                15.001386642456055
              ],
              [
                98.10070991516113,
                14.999059677124023
              ],
              [
                98.10680961608887,
                14.996374130249023
              ],
              [
                98.1189022064209,
                14.99311637878418
              ],
              [
                98.13719367980957,
                14.99177360534668
              ],
              [
                98.19122505187988,
                14.99321174621582
              ],
              [
                98.19135093688965,
                15.001153945922852
              ],
              [
                98.19569206237793,
                15.010686874389648
              ],
              [
                98.20116996765137,
                15.019292831420898
              ],
              [
                98.20437431335449,
                15.029577255249023
              ],
              [
                98.19899940490723,
                15.051382064819336
              ],
              [
                98.19880104064941,
                15.051584243774414
              ],
              [
                98.1680965423584,
                15.082700729370117
              ],
              [
                98.1680736541748,
                15.082773208618164
              ],
              [
                98.16044807434082,
                15.106367111206055
              ],
              [
                98.16499519348145,
                15.125795364379883
              ],
              [
                98.18577003479004,
                15.160783767700195
              ],
              [
                98.19072914123535,
                15.179178237915039
              ],
              [
                98.18468284606934,
                15.193155288696289
              ],
              [
                98.17791557312012,
                15.20878791809082
              ],
              [
                98.17790794372559,
                15.208921432495117
              ],
              [
                98.17719078063965,
                15.220598220825195
              ],
              [
                98.20769309997559,
                15.219217300415039
              ],
              [
                98.21543312072754,
                15.218866348266602
              ],
              [
                98.23289680480957,
                15.226797103881836
              ],
              [
                98.24767875671387,
                15.240930557250977
              ],
              [
                98.28302574157715,
                15.289972305297852
              ],
              [
                98.29511833190918,
                15.292608261108398
              ],
              [
                98.3178539276123,
                15.288991928100586
              ],
              [
                98.33604621887207,
                15.282171249389648
              ],
              [
                98.37025260925293,
                15.261911392211914
              ],
              [
                98.38524055480957,
                15.256254196166992
              ],
              [
                98.39226722717285,
                15.258245468139648
              ],
              [
                98.39475059509277,
                15.264909744262695
              ],
              [
                98.39475059509277,
                15.28007698059082
              ],
              [
                98.39206123352051,
                15.285837173461914
              ],
              [
                98.38606834411621,
                15.290388107299805
              ],
              [
                98.37996864318848,
                15.293848037719727
              ],
              [
                98.37748908996582,
                15.296457290649414
              ],
              [
                98.37883186340332,
                15.301626205444336
              ],
              [
                98.3812084197998,
                15.306638717651367
              ],
              [
                98.38369178771973,
                15.310281753540039
              ],
              [
                98.38482856750488,
                15.311368942260742
              ],
              [
                98.39361381530762,
                15.316274642944336
              ],
              [
                98.39909172058105,
                15.321779251098633
              ],
              [
                98.40033149719238,
                15.330667495727539
              ],
              [
                98.39619636535645,
                15.347620010375977
              ],
              [
                98.39692115783691,
                15.355730056762695
              ],
              [
                98.40342903137207,
                15.360097885131836
              ],
              [
                98.43939781188965,
                15.367589950561523
              ],
              [
                98.45541572570801,
                15.373636245727539
              ],
              [
                98.47453880310059,
                15.383481979370117
              ],
              [
                98.4950008392334,
                15.374799728393555
              ],
              [
                98.51546669006348,
                15.363458633422852
              ],
              [
                98.53024482727051,
                15.347723007202148
              ],
              [
                98.5335521697998,
                15.325963973999023
              ],
              [
                98.55990791320801,
                15.355318069458008
              ],
              [
                98.56900215148926,
                15.402135848999023
              ],
              [
                98.56714057922363,
                15.452547073364258
              ],
              [
                98.54368019104004,
                15.601503372192383
              ],
              [
                98.54574775695801,
                15.658632278442383
              ],
              [
                98.54405784606934,
                15.675100326538086
              ],
              [
                98.54026985168457,
                15.71196174621582
              ],
              [
                98.54306221008301,
                15.735372543334961
              ],
              [
                98.57437705993652,
                15.83598518371582
              ],
              [
                98.57665061950684,
                15.854177474975586
              ],
              [
                98.56931114196777,
                15.896139144897461
              ],
              [
                98.56859016418457,
                15.920167922973633
              ],
              [
                98.5806827545166,
                15.959131240844727
              ],
              [
                98.58378028869629,
                15.976961135864258
              ],
              [
                98.57695960998535,
                15.996908187866211
              ],
              [
                98.55008888244629,
                16.034215927124023
              ],
              [
                98.54698753356934,
                16.04749870300293
              ],
              [
                98.55587577819824,
                16.055509567260742
              ],
              [
                98.56765937805176,
                16.053956985473633
              ],
              [
                98.57995796203613,
                16.04878807067871
              ],
              [
                98.59008598327637,
                16.045793533325195
              ],
              [
                98.60310935974121,
                16.04584312438965
              ],
              [
                98.61158180236816,
                16.04693031311035
              ],
              [
                98.61912727355957,
                16.05101203918457
              ],
              [
                98.63018608093262,
                16.06000328063965
              ],
              [
                98.64414024353027,
                16.079641342163086
              ],
              [
                98.65033912658691,
                16.099637985229492
              ],
              [
                98.65871238708496,
                16.11627769470215
              ],
              [
                98.67959022521973,
                16.126150131225586
              ],
              [
                98.6971607208252,
                16.12687110900879
              ],
              [
                98.75844764709473,
                16.119173049926758
              ],
              [
                98.77033424377441,
                16.11385154724121
              ],
              [
                98.7760181427002,
                16.106874465942383
              ],
              [
                98.78304481506348,
                16.10243034362793
              ],
              [
                98.7984447479248,
                16.10444450378418
              ],
              [
                98.80722999572754,
                16.110544204711914
              ],
              [
                98.8307933807373,
                16.13560676574707
              ],
              [
                98.83544731140137,
                16.14454460144043
              ],
              [
                98.8347225189209,
                16.167749404907227
              ],
              [
                98.8366870880127,
                16.18903923034668
              ],
              [
                98.84309196472168,
                16.20872688293457
              ],
              [
                98.85560035705566,
                16.22696876525879
              ],
              [
                98.88371086120605,
                16.258752822875977
              ],
              [
                98.88867378234863,
                16.274564743041992
              ],
              [
                98.8934268951416,
                16.319883346557617
              ],
              [
                98.90334892272949,
                16.363447189331055
              ],
              [
                98.90252113342285,
                16.38163948059082
              ],
              [
                98.88526344299316,
                16.40618324279785
              ],
              [
                98.86211204528809,
                16.420652389526367
              ],
              [
                98.84340476989746,
                16.438379287719727
              ],
              [
                98.83957862854004,
                16.47243309020996
              ],
              [
                98.81870079040527,
                16.455636978149414
              ],
              [
                98.81043434143066,
                16.439619064331055
              ],
              [
                98.80206108093262,
                16.398279190063477
              ],
              [
                98.78862571716309,
                16.37455940246582
              ],
              [
                98.72826957702637,
                16.328256607055664
              ],
              [
                98.69840049743652,
                16.28495216369629
              ],
              [
                98.6823787689209,
                16.27347755432129
              ],
              [
                98.66325950622559,
                16.286657333374023
              ],
              [
                98.65695381164551,
                16.3016414642334
              ],
              [
                98.64238166809082,
                16.373628616333008
              ],
              [
                98.62946510314941,
                16.40266990661621
              ],
              [
                98.62822151184082,
                16.413572311401367
              ],
              [
                98.63825035095215,
                16.434450149536133
              ],
              [
                98.63979911804199,
                16.44499397277832
              ],
              [
                98.63163566589355,
                16.463132858276367
              ],
              [
                98.57044792175293,
                16.541574478149414
              ],
              [
                98.56424903869629,
                16.55196189880371
              ],
              [
                98.56403923034668,
                16.562711715698242
              ],
              [
                98.56734657287598,
                16.573305130004883
              ],
              [
                98.56776237487793,
                16.582502365112305
              ],
              [
                98.56579780578613,
                16.5915470123291
              ],
              [
                98.56155967712402,
                16.601728439331055
              ],
              [
                98.54709053039551,
                16.6201229095459
              ],
              [
                98.51226234436035,
                16.643274307250977
              ],
              [
                98.49841117858887,
                16.662397384643555
              ],
              [
                98.49138450622559,
                16.689733505249023
              ],
              [
                98.48631858825684,
                16.700998306274414
              ],
              [
                98.4566593170166,
                16.72321891784668
              ],
              [
                98.4546947479248,
                16.740995407104492
              ],
              [
                98.46254920959473,
                16.760114669799805
              ],
              [
                98.47453880310059,
                16.77665138244629
              ],
              [
                98.48921394348145,
                16.780733108520508
              ],
              [
                98.50544166564941,
                16.7906551361084
              ],
              [
                98.51753044128418,
                16.803007125854492
              ],
              [
                98.52052879333496,
                16.814119338989258
              ],
              [
                98.51319313049316,
                16.822179794311523
              ],
              [
                98.50337409973145,
                16.82600212097168
              ],
              [
                98.49438285827637,
                16.8311710357666
              ],
              [
                98.49004173278809,
                16.843210220336914
              ],
              [
                98.49252128601074,
                16.857423782348633
              ],
              [
                98.50058174133301,
                16.86223030090332
              ],
              [
                98.51194953918457,
                16.859281539916992
              ],
              [
                98.52456092834473,
                16.850446701049805
              ],
              [
                98.51598167419434,
                16.87897300720215
              ],
              [
                98.50946998596191,
                16.892667770385742
              ],
              [
                98.50006675720215,
                16.8989200592041
              ],
              [
                98.48446083068848,
                16.905893325805664
              ],
              [
                98.48073768615723,
                16.92057228088379
              ],
              [
                98.48042869567871,
                16.9372615814209
              ],
              [
                98.47453880310059,
                16.950441360473633
              ],
              [
                98.46368598937988,
                16.9636173248291
              ],
              [
                98.44673728942871,
                16.996328353881836
              ],
              [
                98.43619346618652,
                17.011571884155273
              ],
              [
                98.41790199279785,
                17.02903938293457
              ],
              [
                98.39991569519043,
                17.040151596069336
              ],
              [
                98.37976264953613,
                17.0457820892334
              ],
              [
                98.3306713104248,
                17.0468692779541
              ],
              [
                98.31330680847168,
                17.052034378051758
              ],
              [
                98.2996654510498,
                17.064748764038086
              ],
              [
                98.28623008728027,
                17.087434768676758
              ],
              [
                98.2901554107666,
                17.090845108032227
              ],
              [
                98.29532432556152,
                17.099836349487305
              ],
              [
                98.29439353942871,
                17.107587814331055
              ],
              [
                98.26834678649902,
                17.107744216918945
              ],
              [
                98.26618003845215,
                17.11637306213379
              ],
              [
                98.27083015441895,
                17.12779426574707
              ],
              [
                98.27899360656738,
                17.136579513549805
              ],
              [
                98.25625801086426,
                17.1516170501709
              ],
              [
                98.22101402282715,
                17.200761795043945
              ],
              [
                98.2017879486084,
                17.215696334838867
              ],
              [
                98.18618202209473,
                17.22422218322754
              ],
              [
                98.10060691833496,
                17.302614212036133
              ],
              [
                98.09264945983887,
                17.312227249145508
              ],
              [
                98.09047889709473,
                17.32525062561035
              ],
              [
                98.09409523010254,
                17.34633445739746
              ],
              [
                98.09471702575684,
                17.358633041381836
              ],
              [
                98.08872032165527,
                17.372793197631836
              ],
              [
                98.07683753967285,
                17.38002586364746
              ],
              [
                98.0622615814209,
                17.38483238220215
              ],
              [
                98.0487232208252,
                17.391550064086914
              ],
              [
                98.03549385070801,
                17.405038833618164
              ],
              [
                98.0285701751709,
                17.41878318786621
              ],
              [
                98.01823616027832,
                17.447412490844727
              ],
              [
                97.99611854553223,
                17.48079490661621
              ],
              [
                97.99167442321777,
                17.495729446411133
              ],
              [
                97.98278617858887,
                17.50544548034668
              ],
              [
                97.97224235534668,
                17.51169776916504
              ],
              [
                97.94857597351074,
                17.52239418029785
              ],
              [
                97.93379402160645,
                17.531801223754883
              ],
              [
                97.90799522399902,
                17.55486488342285
              ],
              [
                97.76894569396973,
                17.679182052612305
              ],
              [
                97.75933647155762,
                17.69148063659668
              ],
              [
                97.75313377380371,
                17.705381393432617
              ],
              [
                97.75179100036621,
                17.71809196472168
              ],
              [
                97.75158500671387,
                17.72956657409668
              ],
              [
                97.74962043762207,
                17.739850997924805
              ],
              [
                97.74104118347168,
                17.750185012817383
              ],
              [
                97.71685600280762,
                17.7697696685791
              ],
              [
                97.71117210388184,
                17.781293869018555
              ],
              [
                97.70652198791504,
                17.794729232788086
              ],
              [
                97.69649696350098,
                17.806562423706055
              ],
              [
                97.68399238586426,
                17.816537857055664
              ],
              [
                97.67613792419434,
                17.83033561706543
              ],
              [
                97.6990795135498,
                17.83333396911621
              ],
              [
                97.6855411529541,
                17.880720138549805
              ],
              [
                97.69184684753418,
                17.895601272583008
              ],
              [
                97.72006034851074,
                17.94319725036621
              ],
              [
                97.7475528717041,
                17.960920333862305
              ],
              [
                97.7508602142334,
                17.963659286499023
              ],
              [
                97.75406455993652,
                17.96903419494629
              ],
              [
                97.75179100036621,
                17.980764389038086
              ],
              [
                97.74724388122559,
                17.992494583129883
              ],
              [
                97.74403953552246,
                17.997819900512695
              ],
              [
                97.73980140686035,
                18.0029354095459
              ],
              [
                97.72522926330566,
                18.03675651550293
              ],
              [
                97.72212791442871,
                18.048925399780273
              ],
              [
                97.72006034851074,
                18.05306053161621
              ],
              [
                97.70641899108887,
                18.05928611755371
              ],
              [
                97.70218086242676,
                18.061845779418945
              ],
              [
                97.6977367401123,
                18.06073570251465
              ],
              [
                97.69422340393066,
                18.06151008605957
              ],
              [
                97.69277763366699,
                18.070112228393555
              ],
              [
                97.6937084197998,
                18.075124740600586
              ],
              [
                97.69804573059082,
                18.08466148376465
              ],
              [
                97.6990795135498,
                18.090654373168945
              ],
              [
                97.69680595397949,
                18.10158348083496
              ],
              [
                97.6875057220459,
                18.11982536315918
              ],
              [
                97.68533515930176,
                18.131608963012695
              ],
              [
                97.68533515930176,
                18.140161514282227
              ],
              [
                97.68430137634277,
                18.14610481262207
              ],
              [
                97.68037223815918,
                18.152639389038086
              ],
              [
                97.62900733947754,
                18.220853805541992
              ],
              [
                97.61794853210449,
                18.24167823791504
              ],
              [
                97.62074089050293,
                18.25108528137207
              ],
              [
                97.6357250213623,
                18.257596969604492
              ],
              [
                97.64327049255371,
                18.273019790649414
              ],
              [
                97.64378547668457,
                18.29131507873535
              ],
              [
                97.63758659362793,
                18.306325912475586
              ],
              [
                97.62466621398926,
                18.313405990600586
              ],
              [
                97.57381629943848,
                18.333093643188477
              ],
              [
                97.56244850158691,
                18.33051109313965
              ],
              [
                97.56058692932129,
                18.328264236450195
              ],
              [
                97.5419864654541,
                18.280229568481445
              ],
              [
                97.53764533996582,
                18.272581100463867
              ],
              [
                97.52834129333496,
                18.265321731567383
              ],
              [
                97.50808525085449,
                18.276559829711914
              ],
              [
                97.48648262023926,
                18.292142868041992
              ],
              [
                97.4665355682373,
                18.31144142150879
              ],
              [
                97.45258522033691,
                18.3336124420166
              ],
              [
                97.44679832458496,
                18.358312606811523
              ],
              [
                97.44648551940918,
                18.381181716918945
              ],
              [
                97.44307518005371,
                18.403348922729492
              ],
              [
                97.41765022277832,
                18.44114875793457
              ],
              [
                97.39460182189941,
                18.487089157104492
              ],
              [
                97.39047050476074,
                18.50181770324707
              ],
              [
                97.37909889221191,
                18.520784378051758
              ],
              [
                97.35760307312012,
                18.53990364074707
              ],
              [
                97.35140037536621,
                18.55116844177246
              ],
              [
                97.37290000915527,
                18.548616409301758
              ],
              [
                97.3801326751709,
                18.547758102416992
              ],
              [
                97.38891792297363,
                18.5422306060791
              ],
              [
                97.40938377380371,
                18.511354446411133
              ],
              [
                97.41217231750488,
                18.503034591674805
              ],
              [
                97.41661643981934,
                18.496030807495117
              ],
              [
                97.42746925354004,
                18.489519119262695
              ],
              [
                97.4381160736084,
                18.488122940063477
              ],
              [
                97.46281623840332,
                18.492464065551758
              ],
              [
                97.50953102111816,
                18.49127769470215
              ],
              [
                97.54839134216309,
                18.50908088684082
              ],
              [
                97.61794853210449,
                18.553159713745117
              ],
              [
                97.63738059997559,
                18.559282302856445
              ],
              [
                97.69029426574707,
                18.557886123657227
              ],
              [
                97.73793983459473,
                18.570497512817383
              ],
              [
                97.74279975891113,
                18.569257736206055
              ],
              [
                97.74569129943848,
                18.57106590270996
              ],
              [
                97.75179100036621,
                18.582487106323242
              ],
              [
                97.7597484588623,
                18.622793197631836
              ],
              [
                97.75261878967285,
                18.663434982299805
              ],
              [
                97.74124717712402,
                18.703149795532227
              ],
              [
                97.73628807067871,
                18.740591049194336
              ],
              [
                97.73577308654785,
                18.76265525817871
              ],
              [
                97.7326717376709,
                18.780508041381836
              ],
              [
                97.72037315368652,
                18.81764030456543
              ],
              [
                97.71944236755371,
                18.82588005065918
              ],
              [
                97.72336769104004,
                18.85197639465332
              ],
              [
                97.71912956237793,
                18.86463737487793
              ],
              [
                97.70858955383301,
                18.875207901000977
              ],
              [
                97.68440437316895,
                18.892492294311523
              ],
              [
                97.66187477111816,
                18.913782119750977
              ],
              [
                97.6578426361084,
                18.925722122192383
              ],
              [
                97.6680736541748,
                18.935434341430664
              ],
              [
                97.68905448913574,
                18.949750900268555
              ],
              [
                97.70331764221191,
                18.964372634887695
              ],
              [
                97.71045112609863,
                18.979902267456055
              ],
              [
                97.71696281433105,
                19.01832389831543
              ],
              [
                97.72781181335449,
                19.037084579467773
              ],
              [
                97.78992652893066,
                19.082582473754883
              ],
              [
                97.80408668518066,
                19.097959518432617
              ],
              [
                97.81080436706543,
                19.112218856811523
              ],
              [
                97.81514549255371,
                19.190561294555664
              ],
              [
                97.81256294250488,
                19.208467483520508
              ],
              [
                97.80522346496582,
                19.227354049682617
              ],
              [
                97.79633522033691,
                19.236684799194336
              ],
              [
                97.7696704864502,
                19.25727653503418
              ],
              [
                97.76408958435059,
                19.26639747619629
              ],
              [
                97.76801872253418,
                19.27712059020996
              ],
              [
                97.77731895446777,
                19.27861976623535
              ],
              [
                97.78868675231934,
                19.277738571166992
              ],
              [
                97.79829978942871,
                19.281408309936523
              ],
              [
                97.80615425109863,
                19.301095962524414
              ],
              [
                97.79706001281738,
                19.318384170532227
              ],
              [
                97.78310585021973,
                19.33709144592285
              ],
              [
                97.77669715881348,
                19.361093521118164
              ],
              [
                97.77514839172363,
                19.371068954467773
              ],
              [
                97.7677059173584,
                19.39036750793457
              ],
              [
                97.76708793640137,
                19.39752769470215
              ],
              [
                97.80036735534668,
                19.440778732299805
              ],
              [
                97.83354377746582,
                19.46870994567871
              ],
              [
                97.84212303161621,
                19.479379653930664
              ],
              [
                97.8487377166748,
                19.49397850036621
              ],
              [
                97.84811592102051,
                19.49955940246582
              ],
              [
                97.84429359436035,
                19.5045223236084
              ],
              [
                97.84098625183105,
                19.51715660095215
              ],
              [
                97.83891868591309,
                19.5371036529541
              ],
              [
                97.8398494720459,
                19.55531883239746
              ],
              [
                97.84863090515137,
                19.567644119262695
              ],
              [
                97.8691234588623,
                19.57048988342285
              ],
              [
                97.88583946228027,
                19.572813034057617
              ],
              [
                97.94805717468262,
                19.6024227142334
              ],
              [
                97.95612144470215,
                19.609373092651367
              ],
              [
                97.97069358825684,
                19.62593650817871
              ],
              [
                97.97947883605957,
                19.633325576782227
              ],
              [
                97.99043083190918,
                19.63655662536621
              ],
              [
                98.00014686584473,
                19.63629722595215
              ],
              [
                98.00831413269043,
                19.63911247253418
              ],
              [
                98.01358222961426,
                19.65174674987793
              ],
              [
                98.01389503479004,
                19.66944694519043
              ],
              [
                98.00562477111816,
                19.70564842224121
              ],
              [
                98.00459098815918,
                19.723913192749023
              ],
              [
                98.01792335510254,
                19.78938865661621
              ],
              [
                98.02453804016113,
                19.802980422973633
              ],
              [
                98.04562187194824,
                19.80763053894043
              ],
              [
                98.06060981750488,
                19.793909072875977
              ],
              [
                98.07290840148926,
                19.77729606628418
              ],
              [
                98.0859317779541,
                19.773160934448242
              ],
              [
                98.11135673522949,
                19.77713966369629
              ],
              [
                98.13223457336426,
                19.76605796813965
              ],
              [
                98.17202186584473,
                19.7315616607666
              ],
              [
                98.20592308044434,
                19.721487045288086
              ],
              [
                98.2132625579834,
                19.717763900756836
              ],
              [
                98.2179126739502,
                19.707971572875977
              ],
              [
                98.21667289733887,
                19.687456130981445
              ],
              [
                98.21915245056152,
                19.676992416381836
              ],
              [
                98.23755073547363,
                19.66469383239746
              ],
              [
                98.26276588439941,
                19.669862747192383
              ],
              [
                98.30731391906738,
                19.68998908996582
              ],
              [
                98.34762001037598,
                19.69063377380371
              ],
              [
                98.39443778991699,
                19.68634605407715
              ],
              [
                98.43960380554199,
                19.687742233276367
              ],
              [
                98.47453880310059,
                19.705312728881836
              ],
              [
                98.4778003692627,
                19.705629348754883
              ],
              [
                98.48880195617676,
                19.70670509338379
              ],
              [
                98.49758338928223,
                19.700712203979492
              ],
              [
                98.50512886047363,
                19.69151496887207
              ],
              [
                98.51546669006348,
                19.683374404907227
              ],
              [
                98.53262138366699,
                19.67585563659668
              ],
              [
                98.53655052185059,
                19.677095413208008
              ],
              [
                98.53799629211426,
                19.683889389038086
              ],
              [
                98.54833030700684,
                19.692651748657227
              ],
              [
                98.56827735900879,
                19.699987411499023
              ],
              [
                98.59070777893066,
                19.7040958404541
              ],
              [
                98.59835243225098,
                19.709081649780273
              ],
              [
                98.61540794372559,
                19.729780197143555
              ],
              [
                98.62377738952637,
                19.737504959106445
              ],
              [
                98.64134788513184,
                19.74494743347168
              ],
              [
                98.73012733459473,
                19.757295608520508
              ],
              [
                98.7492504119873,
                19.763498306274414
              ],
              [
                98.80785179138184,
                19.806543350219727
              ],
              [
                98.83792686462402,
                19.79344367980957
              ],
              [
                98.85187721252441,
                19.784040451049805
              ],
              [
                98.86448860168457,
                19.77321434020996
              ],
              [
                98.88371086120605,
                19.74546241760254
              ],
              [
                98.89931678771973,
                19.74861717224121
              ],
              [
                98.93507957458496,
                19.773473739624023
              ],
              [
                98.97383689880371,
                19.78807258605957
              ],
              [
                98.98768424987793,
                19.799360275268555
              ],
              [
                99.00091361999512,
                19.821016311645508
              ],
              [
                99.00876808166504,
                19.845922470092773
              ],
              [
                99.00763130187988,
                19.86488914489746
              ],
              [
                99.00267219543457,
                19.883596420288086
              ],
              [
                98.99936485290527,
                19.90772819519043
              ],
              [
                99.00142860412598,
                19.917882919311523
              ],
              [
                99.00618553161621,
                19.924936294555664
              ],
              [
                99.01093864440918,
                19.930208206176758
              ],
              [
                99.01352119445801,
                19.934961318969727
              ],
              [
                99.0128002166748,
                19.944238662719727
              ],
              [
                99.00701332092285,
                19.962453842163086
              ],
              [
                99.00587272644043,
                19.972349166870117
              ],
              [
                99.0168285369873,
                20.04100227355957
              ],
              [
                99.03646659851074,
                20.075159072875977
              ],
              [
                99.0734691619873,
                20.101228713989258
              ],
              [
                99.11749458312988,
                20.1177921295166
              ],
              [
                99.15842247009277,
                20.123552322387695
              ],
              [
                99.1777515411377,
                20.121797561645508
              ],
              [
                99.2189884185791,
                20.11045265197754
              ],
              [
                99.2364559173584,
                20.10272789001465
              ],
              [
                99.27531623840332,
                20.072187423706055
              ],
              [
                99.29567527770996,
                20.062498092651367
              ],
              [
                99.32120323181152,
                20.06627082824707
              ],
              [
                99.44140434265137,
                20.10161781311035
              ],
              [
                99.47447776794434,
                20.128076553344727
              ],
              [
                99.48749732971191,
                20.141252517700195
              ],
              [
                99.49928092956543,
                20.146886825561523
              ],
              [
                99.50873374938965,
                20.152807235717773
              ],
              [
                99.51033973693848,
                20.153810501098633
              ],
              [
                99.52057075500488,
                20.170969009399414
              ],
              [
                99.52584266662598,
                20.196184158325195
              ],
              [
                99.51891899108887,
                20.21217918395996
              ],
              [
                99.48625755310059,
                20.245485305786133
              ],
              [
                99.4749927520752,
                20.30372428894043
              ],
              [
                99.4664134979248,
                20.322172164916992
              ],
              [
                99.42962074279785,
                20.35868263244629
              ],
              [
                99.42062950134277,
                20.37555503845215
              ],
              [
                99.43995475769043,
                20.382169723510742
              ],
              [
                99.45411491394043,
                20.377103805541992
              ],
              [
                99.50289726257324,
                20.3452205657959
              ],
              [
                99.57969093322754,
                20.32124137878418
              ],
              [
                99.58930015563965,
                20.320775985717773
              ],
              [
                99.60759544372559,
                20.323152542114258
              ],
              [
                99.61803245544434,
                20.322378158569336
              ],
              [
                99.62702369689941,
                20.318761825561523
              ],
              [
                99.6422176361084,
                20.308839797973633
              ],
              [
                99.65193367004395,
                20.306825637817383
              ],
              [
                99.6712589263916,
                20.31013298034668
              ],
              [
                99.70841407775879,
                20.325014114379883
              ],
              [
                99.72908592224121,
                20.328527450561523
              ],
              [
                99.76960182189941,
                20.32842445373535
              ],
              [
                99.78717231750488,
                20.33408546447754
              ],
              [
                99.80401802062988,
                20.3489933013916
              ],
              [
                99.81300926208496,
                20.365270614624023
              ],
              [
                99.82634162902832,
                20.401391983032227
              ],
              [
                99.83770942687988,
                20.416845321655273
              ],
              [
                99.85569190979004,
                20.428056716918945
              ],
              [
                99.8779125213623,
                20.435136795043945
              ],
              [
                99.93248558044434,
                20.442731857299805
              ],
              [
                99.93713569641113,
                20.445009231567383
              ],
              [
                99.94204521179199,
                20.44402503967285
              ],
              [
                99.95237922668457,
                20.4362735748291
              ],
              [
                99.95878791809082,
                20.427488327026367
              ],
              [
                99.96111488342285,
                20.41782569885254
              ],
              [
                99.96473121643066,
                20.408628463745117
              ],
              [
                99.97434425354004,
                20.40082359313965
              ],
              [
                99.98591804504395,
                20.387025833129883
              ]
            ]
          ]
        ]
      }
    }
  ]
}
