{"type":"FeatureCollection","features":[{"id":"6","type":"Feature","properties":{"NAME_FULL":"Federated States of Belesia","NAME_SHORT":"Belesia","CODE":"FSB","DEMONYM":"Belesians","LANGUAGE":"Belesian","STATUS":"NOTIONAL","REGION":"Indo-Pacific","DATASET":"DATE"},"geometry":{"type":"MultiPolygon","coordinates":[[[[122.12468505223403,7.69801573376184],[122.1164932250979,7.7224397578559305],[122.0852813720704,7.736110202331998],[122.10331726074276,7.7624602236706854],[122.11177062988278,7.748710147388675],[122.12432098388742,7.7568402209286775],[122.1022872924807,7.776649943811089],[122.1047210693364,7.788060180160123],[122.11974334716865,7.776869765741486],[122.16017150878929,7.85852002277853],[122.22638702392611,7.908339969022748],[122.22416687011741,7.958330146132855],[122.34528350830101,8.038330069767593],[122.46193695068393,8.07221984024531],[122.51027679443402,8.064999572002135],[122.58361053466865,8.083060256190276],[122.62819671630905,8.112640372436053],[122.66139221191419,8.162219992753526],[122.68583679199241,8.120829573783766],[122.71971893310582,8.111940375488441],[122.91333007812501,8.147219649443917],[122.99582672119199,8.21417044741976],[122.99472045898496,8.249999991455388],[122.96666717529308,8.260829916983264],[122.93639373779332,8.307220450389682],[122.98278045654307,8.327500334710763],[122.97985839843774,8.41388987626155],[123.00842285156295,8.42831992233061],[123.03076171875057,8.490329733678404],[123.06372833252011,8.515469542311418],[123.18269348144587,8.533089628966207],[123.26937866210993,8.51196955757312],[123.29947662353574,8.519439688486953],[123.33051300048885,8.562919607883282],[123.35021972656294,8.63502978390745],[123.4144363403326,8.633110037510624],[123.42019653320347,8.663319578805199],[123.39775848388695,8.67529963555815],[123.40219879150433,8.703769674901674],[123.39427185058648,8.68377970757237],[123.37850952148483,8.704629889133953],[123.3793029785161,8.726750364884444],[123.4361495971684,8.715769758814623],[123.45169830322313,8.68299006523913],[123.50193023681672,8.700469961769414],[123.5080032348635,8.681929579399737],[123.4880523681646,8.643059721644999],[123.51277923584028,8.621390333846243],[123.53437805175827,8.63164042539046],[123.53589630126996,8.619389525131773],[123.56436920166082,8.6171998889038],[123.56591033935581,8.572070112941457],[123.57776641845746,8.632499685948632],[123.60150146484372,8.643289557154725],[123.59767913818393,8.661210051219387],[123.57948303222702,8.657489767714466],[123.58747863769528,8.668930044804242],[123.61769866943393,8.666099539435729],[123.63146209716844,8.633079519932515],[123.68668365478558,8.641469946560743],[123.73969268798885,8.590029707652073],[123.73435974121139,8.611590376579313],[123.7566833496098,8.599160185550112],[123.74337768554732,8.579700461140447],[123.77317047119188,8.554710379374862],[123.78024291992199,8.50555991249819],[123.81712341308594,8.476490012010359],[123.83688354492234,8.430430403590885],[123.84523773193403,8.354009619660848],[123.86370086669979,8.324239722225878],[123.8481216430664,8.312379828437134],[123.84732055664085,8.270350447675412],[123.86612701416047,8.159429541706228],[123.78778076171886,8.101110449960695],[123.7599487304693,8.050270072198355],[123.69345092773482,8.048520079828773],[123.64675903320337,8.01966952443491],[123.64489746093807,8.012660018215538],[123.63400268554723,8.020640364888285],[123.63445281982445,8.006939879670451],[123.64111328125057,8.003890029209632],[123.6496124267584,8.019590369466872],[123.66369628906295,7.996799937510741],[123.64530944824277,8.002840033788377],[123.64639282226631,7.992780200270773],[123.63472747802788,8.000559798499879],[123.60193634033224,7.992229930190761],[123.64389038085996,7.992499820022046],[123.64508819580135,7.975910178465798],[123.63455200195332,7.987880221637235],[123.62777709960959,7.971399775790362],[123.674942016602,7.952149859730206],[123.69555664062509,7.980559817591161],[123.74835968017614,7.999340049049977],[123.84813690185594,8.112099639099133],[123.89909362793024,8.114549628415771],[123.95989227294923,8.170800200570564],[124.01750183105513,8.197779646958146],[124.16610717773503,8.186670294855526],[124.22944641113337,8.21749972445557],[124.26389312744186,8.278690329565375],[124.24639129638715,8.33277987572173],[124.28278350830122,8.395830145747135],[124.28360748291071,8.46222018322661],[124.31166839599675,8.53610991552309],[124.38527679443413,8.593609801033283],[124.4649963378912,8.624440184307764],[124.47944641113313,8.6188897997909],[124.47042083740247,8.590279570323206],[124.56944274902365,8.53888987615356],[124.57776641845737,8.519169798655772],[124.65389251709028,8.510000220111447],[124.64167022705077,8.488889685461206],[124.66166687011786,8.507220259481615],[124.66665649414061,8.483610144450177],[124.70166778564497,8.472780218922791],[124.74500274658257,8.49639033395384],[124.7414474487309,8.555000296366753],[124.75277709960939,8.546389570971385],[124.74196624755928,8.557800284157116],[124.77111053466805,8.594440451361688],[124.76194763183636,8.64167021816751],[124.74201202392624,8.650979986835715],[124.74028015136719,8.69332980216881],[124.75805664062557,8.717780104271723],[124.77749633789108,8.718059530846544],[124.76361083984399,8.761389723375435],[124.78861236572311,8.81861018231138],[124.78888702392645,8.885560026614908],[124.77166748046919,8.965559950253848],[124.80194091796895,8.998060217256114],[124.86746215820334,9.008509626732188],[124.89833068847669,8.995559683200526],[125.02409362792967,8.919099798620802],[125.07034301757845,8.83426951457365],[125.09194183349666,8.827500334281304],[125.16718292236386,8.85171984720061],[125.1874084472662,8.927700033599038],[125.17149353027368,9.010310163840089],[125.18750000000057,9.079170217798989],[125.20889282226628,9.094169607434957],[125.23750305175848,9.030559530583474],[125.27929687499999,8.992090216040285],[125.33133697509832,8.990630140663214],[125.3261489868165,8.973890295401365],[125.33182525634811,8.968952169795033],[125.3404235839847,8.989970198036815],[125.4274978637695,8.975560179127823],[125.51930236816429,9.010620107992677],[125.53401947021518,9.03061961206509],[125.51972198486328,9.015830030778753],[125.51139068603585,9.028059950202218],[125.53500366210946,9.072219839386575],[125.51915740966842,9.141949644321567],[125.53021240234375,9.19410037059669],[125.50472259521551,9.244720449596093],[125.4911117553711,9.335829725339174],[125.46138763427801,9.384169569050153],[125.39086151123081,9.656080236251404],[125.40083312988337,9.767219533648715],[125.43860626220759,9.791390409179114],[125.43527984619163,9.822779645604708],[125.44750213623112,9.820560445471896],[125.45889282226608,9.808890332871428],[125.45014190673885,9.790699948974583],[125.49667358398506,9.79388998955997],[125.49833679199261,9.768609990800739],[125.56054687500047,9.776390065867684],[125.54672241210983,9.769221296036758],[125.55917358398484,9.751939763763371],[125.5764694213873,9.758190145227958],[125.56694793701216,9.741109838234626],[125.5769253091803,9.731922736778536],[125.57195281982465,9.74507044766761],[125.57573699951227,9.744739522680216],[125.58499908447324,9.739999761331124],[125.57827481792918,9.730680117621606],[125.58368493774476,9.725698513367721],[125.58442687988335,9.726949681995398],[125.58666229248078,9.726389875172753],[125.58666229248078,9.723070134879864],[125.5856037277295,9.723931703634094],[125.58730057551126,9.722369256883194],[125.58696746826217,9.740289678323366],[125.59055328369209,9.729780187364929],[125.59369884219379,9.72907762322947],[125.6029129028327,9.75376032803199],[125.61863708496139,9.751549710967968],[125.61530303955088,9.735349645368048],[125.59594024862317,9.72857700250682],[125.61195373535202,9.72500037169444],[125.59860992431688,9.700830449838792],[125.59727668353638,9.701186722948933],[125.60656738281318,9.676859845915134],[125.5972213745124,9.661390294840537],[125.61798095703193,9.642531385248601],[125.60925292968783,9.630669584111033],[125.65460968017635,9.599229802946926],[125.68417358398493,9.601940145352172],[125.66703796386787,9.589280118812011],[125.68762969970768,9.602840413905916],[125.71278381347715,9.5847196482344],[125.73999786376999,9.591670026646907],[125.7408370971682,9.565560331233243],[125.76693725585947,9.553059568303784],[125.86055755615266,9.534720411213744],[125.87503051757855,9.499070157946614],[125.91777801513705,9.495280256216434],[125.94313812255893,9.445659627899445],[125.93839263916058,9.47463988300273],[125.94640350341842,9.465729703871784],[125.94889068603558,9.48499964709382],[125.96250152587922,9.479720106082333],[125.95497131347689,9.442390432345503],[125.92253875732456,9.4437503719194],[125.894256591797,9.413840284357848],[125.91758728027379,9.389479627639576],[125.93166351318384,9.395560255076226],[125.9481887817386,9.364390363744054],[125.97617340087903,9.37765978817181],[125.97168731689497,9.393919935253344],[125.98739624023469,9.40410040857273],[125.98665618896531,9.38027953151678],[125.973342895508,9.374719610256749],[125.96888732910189,9.368390073823594],[125.98695373535169,9.341110220025255],[125.97944641113303,9.339719762873065],[125.97110748291061,9.326390256963242],[125.9738487319774,9.328604133996116],[125.9738082885748,9.329110136111685],[125.97563171386739,9.330200185853888],[125.97564300367102,9.330053216803442],[125.985557556153,9.338060369563493],[126.01950073242209,9.268509855399156],[126.00634765625067,9.267470350395259],[126.04863739013715,9.23431967750986],[126.11853027343751,9.25673007025222],[126.16828155517646,9.308389654255746],[126.20706939697322,9.306929578878801],[126.19116210937523,9.288120260351622],[126.1793594360355,9.1607503797799],[126.15838623046906,9.103690138127789],[126.189796447754,9.074609747221773],[126.1950225830084,9.078419676112173],[126.19249725341818,9.085809698384123],[126.19722747802778,9.089969625748541],[126.2374420166019,9.021100035046977],[126.20298767089864,9.030349722233945],[126.20388793945312,9.007499685632098],[126.2108306884769,9.026530256600017],[126.26157379150426,8.985050192242385],[126.23845672607477,9.013910284381542],[126.24263000488291,9.014679899553887],[126.27194213867212,8.970279684442373],[126.28943634033257,8.97694014586242],[126.30782318115268,8.956139555364874],[126.31111145019598,8.93472003023614],[126.29138946533223,8.925829878266205],[126.32584381103547,8.918889990271559],[126.30777740478572,8.880279531930034],[126.33556365966864,8.840000143535963],[126.31555175781284,8.8363895325773],[126.32776641845703,8.82472037365151],[126.30082702636776,8.805000296153386],[126.30194091796922,8.781669607696848],[126.25444793701219,8.772780409400697],[126.23750305175837,8.73999976215083],[126.21389007568395,8.73416995105949],[126.21221923828179,8.71111010610868],[126.24445343017632,8.694720259320924],[126.18723297119197,8.697779646525182],[126.10500335693402,8.650279989888613],[126.0827789306645,8.611390104973058],[126.12526702880884,8.582500448930812],[126.11389160156318,8.565560332062928],[126.14721679687543,8.528610220705255],[126.16361236572313,8.530830374512027],[126.16000366210969,8.541390410208903],[126.21916961669933,8.523059836189164],[126.22528076171943,8.532500258239155],[126.1863937377932,8.549719801681439],[126.2086105346682,8.55805968357116],[126.26197814941449,8.550519934432074],[126.28888702392587,8.529439917360095],[126.33746337890693,8.530130377564802],[126.35415649414108,8.548609724778006],[126.36356353759834,8.537280073908635],[126.35221862793027,8.518890372081229],[126.39167022705134,8.516389838025882],[126.39721679687544,8.492500296420495],[126.38388824462947,8.482500067546798],[126.39778137207078,8.467499724237616],[126.36332702636751,8.47222041209974],[126.34863281250047,8.428910246731919],[126.37416839599634,8.431389799952413],[126.38111114502021,8.409999838727842],[126.36182102539088,8.377254075157499],[126.36389160156293,8.374170294691872],[126.3636093139652,8.372220030716747],[126.36148834228537,8.374270430495207],[126.36162624139968,8.376923421400779],[126.35722351074254,8.369449606829752],[126.31974792480503,8.356610289519049],[126.33817291259808,8.334280005420192],[126.31936645507847,8.331930151906393],[126.30670928955124,8.325900069209318],[126.32733917236384,8.330149641959395],[126.33083343505906,8.31416987512775],[126.37638854980503,8.310000411019983],[126.38999938964865,8.291939726831455],[126.3150024414067,8.227780333577302],[126.34438323974655,8.183890334226364],[126.44027709961003,8.246939650577135],[126.45694732666038,8.244449606939096],[126.42888641357435,8.11277960888586],[126.45276641845749,8.098329535656854],[126.41593170166074,8.054820052357611],[126.42305755615278,8.013890258082872],[126.40699768066452,8.009770385039552],[126.41616821289098,7.984839907918947],[126.42973327636764,7.993609896925263],[126.44999694824287,7.988329879076591],[126.37389373779365,7.94139002926559],[126.35957336425838,7.8853998101991625],[126.38445281982479,7.867499820133749],[126.37377166748102,7.852220050249777],[126.38361358642601,7.829720012123053],[126.42431640625054,7.828710071022547],[126.42366790771506,7.810989848565681],[126.44833374023482,7.811110011529405],[126.45749664306652,7.7638897814693495],[126.45834350585983,7.788609973402741],[126.50110626220726,7.737780086058266],[126.53309631347656,7.7410697856101995],[126.57026672363324,7.718329898393229],[126.55139160156286,7.696939937169997],[126.55249786377007,7.636390201202028],[126.57749938964865,7.605830184597347],[126.56197357177766,7.606070033687751],[126.55777740478548,7.577919952079177],[126.5824966430664,7.568059913330801],[126.59908294677767,7.483190051805818],[126.5950012207036,7.448890201373275],[126.55090332031318,7.434939853485575],[126.55294036865278,7.402190200653456],[126.57861328125009,7.395500175329775],[126.55637359619185,7.373779765956775],[126.57012176513682,7.3264999312531],[126.5510864257819,7.312049858024187],[126.5665893554692,7.287759773207884],[126.6053466796877,7.289649955700916],[126.56551361084017,7.2336702270545095],[126.56165313720761,7.2027797623003815],[126.53414916992244,7.206950180081792],[126.53201293945378,7.147059909905128],[126.516189575196,7.143129818050456],[126.51692199707085,7.124310009108494],[126.48853302002018,7.117509834401686],[126.46678924560612,7.0866999551276235],[126.47389221191452,7.064000122232261],[126.45182037353561,7.05629014222862],[126.44574737548871,7.0188898965970585],[126.45868682861375,6.994540207136642],[126.41416931152344,7.003890030125951],[126.36598968505906,6.992269985428761],[126.33999633789108,7.006390087344062],[126.3097229003911,6.938889972966502],[126.28192901611396,6.928279869369616],[126.34539031982466,6.85783004033486],[126.34989929199277,6.802080147199326],[126.3123703002932,6.802830212048284],[126.2879562377932,6.822000019464322],[126.30053710937558,6.862709991807253],[126.2602767944337,6.929999820997471],[126.26357269287143,6.9115600512696185],[126.19709014892645,6.95133017757549],[126.17751312255916,6.899839870769626],[126.19499206543036,6.884439937922488],[126.18205261230526,6.876049988132426],[126.15528106689521,6.905560009314249],[126.26109313964875,6.7540397572298065],[126.2198410034181,6.634749882313455],[126.23220825195312,6.551119797402652],[126.21360015869172,6.477719776873932],[126.22778320312523,6.429170124821451],[126.19805908203159,6.389440052838501],[126.20805358886764,6.321109764971593],[126.19258880615257,6.269130223243492],[126.18689727783237,6.336430066012181],[126.13587188720736,6.386980049941709],[126.15023040771541,6.418719761672358],[126.11083221435557,6.465280049102967],[126.08363342285213,6.531139843656095],[126.0927429199221,6.5981597830141325],[126.06861114501976,6.655970089507829],[126.09271240234386,6.683569901035491],[126.08305358886719,6.698609821827967],[126.09694671630926,6.737500183576727],[126.07505035400447,6.761889927358343],[126.0798721313479,6.844019882572019],[125.9880523681644,6.911389820404639],[125.97194671630892,6.954170219687026],[125.98999786376999,7.012499801846459],[125.95008850097726,7.047719947992462],[125.95712280273493,7.065070144814128],[125.88404083251999,7.125730030164159],[125.89250183105501,7.165559761114589],[125.83786010742222,7.252989761338324],[125.84229855734428,7.289135467343116],[125.84013366699264,7.287037841750645],[125.83950042724652,7.291433803507907],[125.8426607850786,7.292085365938802],[125.85117340087912,7.3614101332472615],[125.81141662597724,7.365119926334146],[125.73444366455098,7.318890087052399],[125.71221923828183,7.289169780683391],[125.69695281982476,7.29250001139319],[125.68026733398494,7.253330223068985],[125.6510772705084,7.243629924768669],[125.66419982910156,7.125309936628058],[125.64932250976562,7.095580093516201],[125.57639312744153,7.024169914445292],[125.55805206298861,7.046390049159075],[125.5238876342778,7.026939861494708],[125.48665618896496,6.98000001168541],[125.48941802978528,6.9201297686692715],[125.3922195434576,6.803060047557992],[125.376953125,6.809100143835658],[125.39277648925815,6.793610088765916],[125.37291717529365,6.72595977068457],[125.38500213623101,6.635000221821277],[125.35944366455135,6.600560181266398],[125.38416290283223,6.598889820702773],[125.38276672363317,6.616109840980193],[125.38749694824239,6.599719994194246],[125.44328308105523,6.578129761365777],[125.44772338867242,6.595320217739767],[125.42082977294977,6.621940128908127],[125.42973327636773,6.633890144918017],[125.4637527465825,6.594500057828439],[125.48448944091821,6.598700039513977],[125.48243713378963,6.571430199299462],[125.51973724365281,6.555059902836845],[125.51889038085947,6.519440167153398],[125.55139160156297,6.534999840447803],[125.58222198486382,6.515220158307371],[125.56398773193405,6.506140225149904],[125.57198333740233,6.496359818207055],[125.59384918212899,6.501009934169723],[125.58075714111327,6.427979939275294],[125.60659790039062,6.419280045332701],[125.59842681884776,6.430880062868946],[125.58847045898469,6.433060162354239],[125.58393859863337,6.439159863276106],[125.59944152832067,6.4311098983791215],[125.6177673339848,6.4111099174719985],[125.67146301269575,6.260099881150307],[125.70288848877023,6.214439862274036],[125.71494293212945,6.10153006853092],[125.66194152832043,5.92082976658504],[125.51316070556685,5.750319951537985],[125.41339874267622,5.5720601021682725],[125.33228302001977,5.554329866132731],[125.29400634765669,5.582520002060453],[125.30892181396509,5.6306700645732235],[125.28846740722702,5.690040105406916],[125.2386093139655,5.717780107057651],[125.21768951416017,5.76714991902047],[125.18328857421886,5.773540013771099],[125.18945312500033,5.786940091577731],[125.1741561889654,5.798610204175325],[125.18055725097679,5.838329785740419],[125.20722198486372,5.825479978013365],[125.21478271484432,5.88673018776152],[125.27294921875057,5.918990128830588],[125.26518249511717,5.935120099364981],[125.29167175293038,5.990690224889889],[125.27055358886727,6.0855598384439835],[125.16373443603561,6.104959958206105],[125.14167785644565,6.020020001625044],[125.09808349609409,5.948870175645261],[125.09800720214844,5.913680070242134],[125.07602691650412,5.893579953532082],[125.0878829956058,5.873209946991139],[125.07595825195347,5.859920018568154],[124.92388916015638,5.858890050307229],[124.82305908203125,5.888889783248807],[124.6405563354493,5.984169953595155],[124.60320281982446,5.985829823740755],[124.57917022705101,6.014719956616565],[124.51777648925814,6.0230598385055725],[124.36083221435594,6.116670125126246],[124.32514190673861,6.113609784247734],[124.18527984619196,6.21000003149826],[124.16777801513703,6.272220128025531],[124.10778045654365,6.319439881244668],[124.07971954345761,6.3866701057892],[124.06749725341865,6.395830147589435],[124.05638885498082,6.376249783381013],[124.02722167968751,6.456669800545626],[124.04165649414121,6.452499859600658],[124.03278350830145,6.517499916758638],[124.0199966430665,6.522779934606553],[124.02471923828169,6.537219994254412],[124.04250335693372,6.529170029357521],[124.06360626220724,6.543610089004879],[124.03527832031305,6.553060047797377],[124.05222320556686,6.627220146755688],[124.01526641845773,6.718329899323746],[124.04055786132844,6.758609764549856],[124.01055908203134,6.794169895589002],[123.98232269287153,6.768159859145317],[123.97029113769587,6.769159786665053],[123.97360992431675,6.795279972492295],[123.9591674804693,6.788889877741592],[123.9616699218757,6.812779896181726],[123.94333648681699,6.819169990933007],[123.9622192382818,6.828330032733472],[123.95777893066439,6.855000011803557],[123.97528076171932,6.8674998210566836],[123.95665740966844,6.910830013581732],[124.00138854980513,7.042220108214906],[124.06639099121162,7.145279876794953],[124.11583709716841,7.1513900681346705],[124.16972351074232,7.195559970894725],[124.19525146484406,7.188869945571676],[124.21221923828159,7.194439880411413],[124.22556304931683,7.175559989987041],[124.23304748535168,7.171390049041961],[124.23944091796885,7.172780029357105],[124.21389007568415,7.195559970894725],[124.16084289550822,7.203060142549445],[124.17166900634834,7.224719993603415],[124.18776702880916,7.221109859481966],[124.19000244140658,7.250830165850869],[124.21868133544942,7.244929782860634],[124.20333099365304,7.262219898200733],[124.21916961669992,7.300000183047393],[124.2022171020508,7.350830070390535],[124.25611114501999,7.348060123341111],[124.26000213623081,7.375830165735191],[124.23528289794967,7.417500011277751],[124.22360992431649,7.4052801054352155],[124.1961135864258,7.421390048810579],[124.16583251953182,7.401390067902669],[124.15389251708996,7.403610221709289],[124.17973327636766,7.41472005064742],[124.12805175781261,7.446390144155279],[124.14584350585973,7.460830203803266],[124.11694335937534,7.512780181630302],[124.0133438110357,7.646940223317632],[123.98500061035168,7.642499915704463],[123.97312164306709,7.664500228489587],[123.91517639160199,7.692679874002294],[123.77323150634834,7.704030028868753],[123.76389312744176,7.7322602191203655],[123.73618316650403,7.7318100848433415],[123.73860931396531,7.764440051549746],[123.72073364257824,7.790719977825907],[123.6916732788088,7.797780028783976],[123.6908264160163,7.813330165336094],[123.56909942626964,7.851729861651874],[123.4615173339848,7.811389914941225],[123.42413330078169,7.815440169759225],[123.42118072509811,7.769010058869287],[123.48236083984442,7.728569976356369],[123.4781570434577,7.668990127166971],[123.46344757080135,7.629620067235423],[123.38465118408247,7.606939784663818],[123.3886108398442,7.556109897320056],[123.35610961914094,7.579440108937948],[123.3369369506839,7.553609840101894],[123.38166809082065,7.534999839508476],[123.39569091796909,7.459080211434837],[123.41221618652388,7.467500201966404],[123.45079803466844,7.434899799164527],[123.43728637695358,7.410689822990573],[123.4530563354498,7.374440185420194],[123.40780639648435,7.357649795420814],[123.28472137451239,7.467500201966404],[123.30132293701227,7.530310146061782],[123.2247161865239,7.538889877041075],[123.18238067626999,7.504640094510762],[123.19837951660156,7.485030166397639],[123.1769409179692,7.465829841402877],[123.16179656982479,7.481810085071178],[123.17003631591842,7.494830123663471],[123.11583709716854,7.51388978169696],[123.10296630859429,7.559740058601906],[123.12860870361385,7.565830222781189],[123.13041687011784,7.580070010823581],[123.09722137451185,7.6024999538873415],[123.12167358398506,7.604720107693975],[123.13672637939507,7.5770101467815545],[123.17527770996163,7.575280181573667],[123.19618225097688,7.591420165689994],[123.17722320556686,7.640560142146478],[123.1397171020511,7.643609992607795],[123.12875366210969,7.659649840920785],[123.1452789306645,7.692399970590441],[123.11596679687533,7.734149924776372],[123.08451080322264,7.676750175072799],[123.06194305419992,7.679719916891288],[123.06054687500047,7.6605601230549905],[123.03584289550851,7.656390182110185],[123.05359649658234,7.652919761276029],[123.05805206298851,7.6264300266502465],[123.02694702148494,7.626110068917637],[123.03555297851584,7.57833003203459],[122.99639129638672,7.4997200887169395],[122.99208068847703,7.457339755808999],[122.97305297851571,7.486939899213964],[122.95033264160155,7.47931002785301],[122.9034729003913,7.54427003069262],[122.88944244384786,7.539720050533154],[122.88478088378974,7.508689872491493],[122.85627746582074,7.495059959173912],[122.87509155273493,7.486299983748716],[122.87518310546872,7.464310161381204],[122.84221649169989,7.435560218628054],[122.83268737793023,7.446010104940426],[122.81561491954032,7.434474756704601],[122.82554626464865,7.439169875911775],[122.84722137451205,7.426670066658674],[122.8783264160156,7.36917018115207],[122.89111328125055,7.37889002977608],[122.88722229003918,7.427499763313282],[122.90361022949266,7.437499992185872],[122.93025207519588,7.427239887061794],[122.97499847412178,7.362500182989524],[122.92445373535224,7.370830051298367],[122.94917297363313,7.337779991057082],[122.91889190673896,7.348330013172575],[122.89971923828135,7.319439880295337],[122.84694671630893,7.30777978127655],[122.83833312988303,7.278059951744258],[122.8161087036135,7.283889762835319],[122.8013916015626,7.31722020332541],[122.80972290039085,7.337500087645596],[122.78694152832098,7.348609916584234],[122.80555725097692,7.429719917119801],[122.81448662431667,7.433941346525202],[122.81788635253953,7.478909961477652],[122.80000305175827,7.489170066601368],[122.77925872802778,7.4746298711492685],[122.78667891910386,7.530150276954464],[122.7864608764653,7.530560008732189],[122.78672191106973,7.530471957537508],[122.78781890869172,7.538680068691956],[122.79844665527402,7.545770160391002],[122.81194305419955,7.5222201268431395],[122.82235717773484,7.539710036952957],[122.82827758789108,7.529600135533839],[122.81166839599611,7.579999915761442],[122.78852844238338,7.592239848764055],[122.80722045898494,7.620279780989282],[122.78639221191402,7.614999763141618],[122.79585266113328,7.6380600849279405],[122.7825012207036,7.678329936576431],[122.79723358154364,7.704440108824178],[122.8138885498048,7.7022199550174415],[122.79833221435591,7.707220069454376],[122.80027770996115,7.72583007004776],[122.81999969482477,7.713059894125501],[122.81114959716821,7.747029773244961],[122.7515869140625,7.783060065723353],[122.76561128479453,7.765007075552869],[122.76805877685615,7.76833295010583],[122.77527618408259,7.768054954042224],[122.781944274903,7.7538890757597265],[122.75722503662156,7.753611079696286],[122.75960891618716,7.756850511810838],[122.7483367919925,7.749440185077306],[122.7041320800787,7.787700168105738],[122.67722320556652,7.781939975240024],[122.67500305175781,7.76583003186423],[122.6583328247075,7.788889876814557],[122.64055633544969,7.770830146301162],[122.62473297119175,7.776390067560671],[122.62110900878942,7.759719840525055],[122.54348754882845,7.73514985229618],[122.52583312988314,7.693329803048107],[122.4826965332037,7.652520171737301],[122.49028015136717,7.63193988000828],[122.43148803710962,7.588009826337267],[122.45149230957043,7.56722020309603],[122.5063095092778,7.579050056142534],[122.47028350830145,7.5205597798595605],[122.43554687500043,7.499169818636601],[122.46710205078125,7.538300029477459],[122.4475140921589,7.543168836946157],[122.44847106933616,7.541739932733575],[122.4452667236328,7.541940204339258],[122.4452667236328,7.543727445674905],[122.4392623901373,7.545219890310461],[122.44850921630858,7.5341300885326214],[122.42227172851594,7.503419868224047],[122.35444641113325,7.466939918306044],[122.34484100341798,7.396969787449688],[122.39354705810591,7.3899698179742055],[122.34094238281297,7.313759796071855],[122.32586669921872,7.306680194790629],[122.32917022705148,7.329170219336577],[122.31111145019543,7.319169990464062],[122.3283309936527,7.344170085808134],[122.33048248291071,7.363329879644299],[122.29075622558628,7.321070186537643],[122.27999877929688,7.2311100883546295],[122.26277923584041,7.203889839203868],[122.24916839599653,7.2066697998332625],[122.26526641845727,7.19471978382304],[122.24694824218804,7.189169876143526],[122.2601928710943,7.159289829327119],[122.24124145507881,7.131050102333416],[122.25665283203136,7.128719799143392],[122.25721740722702,7.111110202907024],[122.20445251464879,7.067180149237226],[122.21333312988281,7.048329822717185],[122.19805908203159,7.039720050996608],[122.21250152587899,7.036389820286695],[122.18527984619176,6.952219955711862],[122.15693664550847,6.922780029592083],[122.14193725585992,6.927780144028123],[122.15944671630861,6.916110031429536],[122.10832214355501,6.887549869865849],[121.93744659423874,6.964600078838558],[121.89749908447277,7.076940052182505],[121.9013900756836,7.1461100502864365],[121.9736099243165,7.248610012044384],[122.06352996826216,7.294918529457473],[122.02971649169987,7.358329765208047],[122.05711364746129,7.400109760134008],[122.05499267578168,7.446800224110874],[122.0902099609375,7.496250144719339],[122.07360839843781,7.5236101071577135],[122.10193634033236,7.52500008747289],[122.14305877685592,7.574170104670487],[122.10532379150449,7.596220008520083],[122.13493347168003,7.667459956727516],[122.12529408430485,7.696199897840896],[122.12522888183639,7.694880000648132],[122.1245269775394,7.697800151402185],[122.12468505223403,7.69801573376184]]],[[[126.56722259521518,7.703332892943853],[126.56222534179743,7.698610774570401],[126.5588912963873,7.700554839662986],[126.5616683959963,7.703888885069665],[126.56722259521518,7.703332892943853]]],[[[126.55979156494175,7.662459842291536],[126.55833435058663,7.6647500911603546],[126.56236267089876,7.6647500911603546],[126.5625000000007,7.6632227817439444],[126.55979156494175,7.662459842291536]]],[[[126.44743347168016,8.012639991054861],[126.44798278808616,8.016039839989666],[126.44889068603572,8.016670218712175],[126.44957733154308,8.014240256556512],[126.44743347168016,8.012639991054861]]],[[[126.42514038085938,7.96943997507185],[126.42555236816474,7.968060008337012],[126.42326354980537,7.967780104925679],[126.42360687255892,7.969580165196267],[126.42514038085938,7.96943997507185]]],[[[126.41694641113327,8.32917021843734],[126.41972351074266,8.327500334710763],[126.41896057128949,8.32618044945786],[126.41555786132831,8.326390257807402],[126.41694641113327,8.32917021843734]]],[[[126.41777801513706,7.963890067392257],[126.41944122314462,7.960279933270331],[126.4158325195318,7.958330146132855],[126.4150009155278,7.962500087077033],[126.41777801513706,7.963890067392257]]],[[[126.41249847412165,8.001460067053882],[126.41139221191442,8.003609648961062],[126.41409301757855,8.004679671543036],[126.41414642334051,8.003780356663453],[126.41249847412165,8.001460067053882]]],[[[126.40833282470749,8.386670103946313],[126.40693664550825,8.382220259589841],[126.40255737304734,8.381939879341079],[126.40750122070367,8.387289992251455],[126.40833282470749,8.386670103946313]]],[[[126.40222167968795,8.300559988970129],[126.39270782470736,8.297920218464636],[126.38581848144578,8.301600447648443],[126.40109252929722,8.312330237372377],[126.40222167968795,8.300559988970129]]],[[[126.39985656738314,8.44756983839037],[126.381942749024,8.444510451186177],[126.37167358398496,8.447779646740095],[126.39943695068416,8.449439993723184],[126.39985656738314,8.44756983839037]]],[[[126.388046264649,8.407219878098424],[126.39778137207078,8.397780409722776],[126.3944473266606,8.391110411559676],[126.3841705322271,8.396880141168927],[126.388046264649,8.407219878098424]]],[[[126.3874969482423,8.30556010340665],[126.38471984863327,8.310279837593892],[126.39167022705134,8.313329688055497],[126.38834381103561,8.309720030771272],[126.3874969482423,8.30556010340665]]],[[[126.38221740722692,7.87943982256421],[126.38445281982479,7.87750004900658],[126.37830352783234,7.874489776029575],[126.3788909912115,7.87750004900658],[126.38221740722692,7.87943982256421]]],[[[126.38276672363324,8.543330183767006],[126.38310241699263,8.540490141655063],[126.37999725341865,8.541669836783388],[126.38166809082074,8.543609610340901],[126.38276672363324,8.543330183767006]]],[[[126.37293243408227,8.336939803086238],[126.3745727539067,8.333279601062777],[126.36958312988338,8.33368014427561],[126.37077331543004,8.33673953147976],[126.37293243408227,8.336939803086238]]],[[[126.37194824218759,8.381110182686612],[126.37304687500043,8.378330222056293],[126.37082672119197,8.376110068249535],[126.36888885498091,8.378609648631086],[126.37194824218759,8.381110182686612]]],[[[126.3580169677739,8.323019972775988],[126.35582733154342,8.326939574212988],[126.35973358154342,8.329719534842889],[126.35975646972715,8.32441042992793],[126.3580169677739,8.323019972775988]]],[[[126.3533325195318,8.327360144586319],[126.34944152832041,8.325559607478485],[126.34722137451169,8.325830450983885],[126.35778045654344,8.331109991994834],[126.3533325195318,8.327360144586319]]],[[[126.34226226806638,8.33551978203044],[126.34435272216831,8.336000433885186],[126.34136199951195,8.334059706653237],[126.3380203247076,8.336350432359211],[126.34226226806638,8.33551978203044]]],[[[126.34159851074216,8.873889914015475],[126.3397216796882,8.877220144725428],[126.33999633789108,8.879719725106652],[126.3422164916998,8.878890028451812],[126.34159851074216,8.873889914015475]]],[[[126.33730316162111,8.882820120306526],[126.3348083496097,8.879929533456217],[126.32584381103547,8.88222025916208],[126.33583068847679,8.887780180421741],[126.33730316162111,8.882820120306526]]],[[[126.32922363281261,8.326930037469838],[126.32901000976564,8.329489699333005],[126.33569335937545,8.331709853139762],[126.33365631103581,8.328040114373216],[126.32922363281261,8.326930037469838]]],[[[126.30944824218783,8.780830374299072],[126.30860900878953,8.778329840242932],[126.30526733398496,8.779439917146332],[126.30638885498081,8.780559530793418],[126.30944824218783,8.780830374299072]]],[[[126.26361083984385,6.795829765735255],[126.27105712890693,6.791450016441631],[126.27665710449274,6.777780048802893],[126.25708007812545,6.794730179249359],[126.26361083984385,6.795829765735255]]],[[[126.27333068847699,6.830279819871165],[126.27278137207087,6.832499973677761],[126.27416992187497,6.833889953992679],[126.27528381347722,6.831940166854089],[126.27333068847699,6.830279819871165]]],[[[126.22471618652402,9.11332987810986],[126.22416687011787,9.114439955013262],[126.22721862793037,9.11832999254664],[126.2291564941406,9.115830412165282],[126.22471618652402,9.11332987810986]]],[[[126.2074890136723,9.025560369821044],[126.20414733886787,9.02770041498505],[126.20350646972653,9.029640188543363],[126.20768737793,9.026599874825108],[126.2074890136723,9.025560369821044]]],[[[126.20031738281273,8.68484019341129],[126.19941711425824,8.686149588246238],[126.20018005371136,8.686849585194214],[126.20128631591865,8.685600271840668],[126.20031738281273,8.68484019341129]]],[[[126.19666290283214,9.232219686666896],[126.19333648681697,9.229229917686927],[126.19104003906261,9.232430448690394],[126.19583129882834,9.233889570392984],[126.19666290283214,9.232219686666896]]],[[[126.19194793701207,8.69056033195588],[126.19027709960949,8.687499991077324],[126.18840026855491,8.688890448229508],[126.19029998779317,8.692410460128524],[126.19194793701207,8.69056033195588]]],[[[126.18110656738328,9.641110410518417],[126.1838912963874,9.638609876462933],[126.17639160156293,9.618889798963865],[126.1722335815434,9.630559911564157],[126.18110656738328,9.641110410518417]]],[[[126.17722320556699,9.614720334855955],[126.1830520629885,9.612219800800442],[126.17082977294976,9.608610143515575],[126.17166900634811,9.610830297322488],[126.17722320556699,9.614720334855955]]],[[[126.17804718017636,9.605560293053744],[126.18020629882855,9.603540410853766],[126.17944335937543,9.601940145352172],[126.17639160156293,9.604999532556585],[126.17804718017636,9.605560293053744]]],[[[126.17610931396553,8.562219610935305],[126.1747207641606,8.564169874910961],[126.17582702636764,8.566390028717759],[126.17722320556699,8.56361006808727],[126.17610931396553,8.562219610935305]]],[[[126.17508697509766,9.773099889478678],[126.1741104125981,9.772410382948816],[126.17257690429734,9.774550428113258],[126.174179077149,9.775309552868231],[126.17508697509766,9.773099889478678]]],[[[126.17133331298893,9.786939611147943],[126.16784667968797,9.78798006982599],[126.17133331298893,9.790889730163371],[126.17166900634811,9.78798006982599],[126.17133331298893,9.786939611147943]]],[[[126.17111206054754,9.746109952671572],[126.16451263427781,9.735349645368048],[126.1530532836914,9.73805998777276],[126.15556335449229,9.742500295386646],[126.17111206054754,9.746109952671572]]],[[[126.16860961914107,9.766110410419698],[126.16944122314489,9.764719953267479],[126.16750335693415,9.764169683186825],[126.16722106933616,9.76556014033947],[126.16860961914107,9.766110410419698]]],[[[125.93641668828946,9.91510429890349],[125.93203735351618,9.926659574112264],[125.93860626220771,9.92889021833608],[125.9412231445317,9.92677020033306],[125.93737261091428,9.916346509148637],[125.95194244384811,9.935279836251068],[125.97367858886766,9.939749707769044],[125.97110748291061,9.960829724842446],[125.98166656494175,9.943889607973006],[125.97496003336799,9.924574126960689],[126.02172851562533,9.97646044687608],[126.03633117675838,10.005740155715888],[126.02944183349643,10.029170026303376],[126.06250000000054,10.063329686616182],[126.1210632324221,9.8774995704886],[126.08728790283261,9.865900029786555],[126.09866333007878,9.857990255012707],[126.08173370361371,9.843399991657767],[126.10028076171899,9.854240407603859],[126.12344360351618,9.83710955587165],[126.14201354980511,9.845350255633422],[126.14832305908257,9.80665015190394],[126.16880035400436,9.807209958726913],[126.16368103027399,9.786040296268157],[126.11425018310594,9.747639646273798],[126.02506256103548,9.77114008876031],[126.03208923339865,9.744709958776204],[125.97145080566474,9.811929692915179],[125.97222137451207,9.819720258400066],[125.98539733886716,9.814680089641316],[125.98705291748115,9.819000234291703],[125.94860839843795,9.835280408534356],[125.95913696289084,9.855099668161735],[125.96777968175729,9.855437650237091],[125.97083282470714,9.8586101433179],[125.97194671630892,9.855830182687933],[125.9717705442972,9.85559371686665],[125.99340057373078,9.856439580575854],[125.95971679687543,9.88027953111822],[125.98179626464886,9.912520398708425],[125.97138977050825,9.907500257110696],[125.97197022756998,9.912041313281144],[125.96967315673874,9.90806006393379],[125.96772766113327,9.908869733427943],[125.96890132992874,9.913574330927817],[125.94821166992244,9.891030301679068],[125.92575073242207,9.893569936381247],[125.92054748535153,9.873060216548962],[125.90833282470737,9.878609647392084],[125.93641668828946,9.91510429890349]],[[125.97276362457207,9.9182482501753],[125.97250366210983,9.917499532310025],[125.97001928258472,9.914792483249666],[125.97216490629832,9.913564332120673],[125.97276362457207,9.9182482501753]]],[[[126.16694641113345,8.570280066250968],[126.1683273315434,8.566530218842036],[126.16306304931675,8.566109648469041],[126.1633300781257,8.56972025942779],[126.16694641113345,8.570280066250968]]],[[[126.14499664306699,9.615830411759264],[126.14527893066462,9.610560407491175],[126.12972259521553,9.602219571926488],[126.13527679443379,9.611109723896817],[126.14499664306699,9.615830411759264]]],[[[126.13155364990259,9.755410184598114],[126.1323165893557,9.755960454677874],[126.13002777099632,9.752779950835532],[126.13009643554697,9.755889882778817],[126.13155364990259,9.755410184598114]]],[[[126.11472320556695,9.855279912607442],[126.11430358886788,9.856389989510928],[126.11583709716864,9.8574304481897],[126.11673736572313,9.85610960926236],[126.11472320556695,9.855279912607442]]],[[[126.08416748046943,9.697500219128345],[126.0863876342777,9.688329686909405],[126.07277679443405,9.695280065321409],[126.07554626464855,9.697779645703182],[126.08416748046943,9.697500219128345]]],[[[125.92349551754663,9.575615303755631],[125.90351104736398,9.597379674774588],[125.91365051269598,9.593259801730886],[125.92907714843808,9.598319997649913],[125.8877792358404,9.611940374225988],[125.91027832031257,9.626390447456238],[125.90699768066442,9.653940191086969],[125.92651367187524,9.654939641769433],[125.92472076416085,9.702779760139736],[125.90583038330148,9.720000257257846],[125.92043304443402,9.727470388172351],[125.91361236572276,9.755000104642349],[125.94365692138683,9.75782965633688],[125.93907165527388,9.734430303327876],[125.9619369506836,9.746109952671572],[125.97110748291061,9.728329648730778],[125.9689531666771,9.718755110231251],[125.9806976318364,9.73657988523526],[126.00679016113291,9.707460393680767],[126.03024291992233,9.732430448288055],[126.07096862792979,9.728710164782706],[126.07044982910189,9.70911978699057],[126.03436279296932,9.712690343628152],[126.00881958007835,9.682399740014553],[126.00946807861382,9.703280439155456],[125.97373962402409,9.68976973512547],[125.96719387931115,9.710936218856375],[125.96199035644554,9.687809934407069],[125.985557556153,9.683890332969995],[125.99054718017578,9.662500371744025],[125.96723937988301,9.623060216745854],[125.96254730224663,9.567449560052584],[125.93856811523472,9.559200277222281],[125.93121220497018,9.567211335745036],[125.92957305908226,9.566040029413946],[125.92722320556642,9.566109647639047],[125.92778015136751,9.567779531365526],[125.93042323623929,9.56807057334426],[125.92478857302727,9.574207083323879],[125.92318725586004,9.573269834400882],[125.92349551754663,9.575615303755631]]],[[[126.06887817382878,6.627580158809966],[126.0674896240239,6.627019875149644],[126.06526947021541,6.628159992793835],[126.06829071044969,6.628439896205454],[126.06887817382878,6.627580158809966]]],[[[126.05526733398462,9.398059835457202],[126.05603790283246,9.389510145217708],[126.04332733154354,9.386939992937158],[126.0513916015625,9.392780294445927],[126.05526733398462,9.398059835457202]]],[[[126.04795837402345,9.415869703301645],[126.04773712158271,9.417119970329374],[126.04989624023446,9.417539587028665],[126.04934692382832,9.416500082024253],[126.04795837402345,9.415869703301645]]],[[[126.04778289794967,9.733889569991081],[126.04194641113317,9.735830297223218],[126.04138946533247,9.739720334756724],[126.04888916015693,9.737779607524171],[126.04778289794967,9.733889569991081]]],[[[126.04194641113317,9.751939763763371],[126.04389953613335,9.744770040258189],[126.03584289550817,9.743060102210402],[126.03749847412122,9.748330106478546],[126.04194641113317,9.751939763763371]]],[[[126.03778076171885,9.697990407726643],[126.03666687011739,9.699720372935305],[126.03846740722712,9.700699796457084],[126.04000091552754,9.69917010285541],[126.03778076171885,9.697990407726643]]],[[[126.02999877929756,9.690279950884857],[126.02986145019577,9.69167040803704],[126.03083038330134,9.693329801346337],[126.03138732910203,9.691109647539387],[126.02999877929756,9.690279950884857]]],[[[126.01515960693415,9.428640356061988],[126.02581787109408,9.417209615714857],[126.01419830322267,9.401889791508443],[125.99154663085993,9.411029806149832],[126.01515960693415,9.428640356061988]]],[[[126.01957702636777,9.68568991640355],[126.01825714111351,9.6863202951263],[126.01972198486361,9.68778037050308],[126.0207672119144,9.68729018190476],[126.01957702636777,9.68568991640355]]],[[[126.00759887695355,9.987500180754596],[126.00538635253928,9.988309850248253],[126.00554656982433,9.989890088589698],[126.00914764404294,9.988559712919407],[126.00759887695355,9.987500180754596]]],[[[125.99920654296919,9.379110326805302],[125.99932098388669,9.373029699369393],[125.99440002441462,9.373279562039471],[125.99523925781297,9.379150381126731],[125.99920654296919,9.379110326805302]]],[[[125.99617767333983,9.685819616110615],[125.99478912353572,9.68632983186942],[125.99482727050817,9.688859929828952],[125.9963912963868,9.687499990254482],[125.99617767333983,9.685819616110615]]],[[[125.98724365234443,9.942449559756927],[125.98734283447322,9.946809758728017],[125.9897537231452,9.949319829526893],[125.98940277099608,9.943209638186367],[125.98724365234443,9.942449559756927]]],[[[125.97444152832077,9.86139010394842],[125.9758300781257,9.86139010394842],[125.98110961914062,9.859169950141636],[125.97213745117222,9.856929769173986],[125.97444152832077,9.86139010394842]]],[[[125.97688293457074,9.856089582102015],[125.9743576049809,9.85618971790522],[125.97424316406251,9.856679906503349],[125.97611236572287,9.85733984912978],[125.97688293457074,9.856089582102015]]],[[[125.97424316406251,9.967789639997852],[125.97313690185604,9.97037028269629],[125.9740371704105,9.970919599102414],[125.97464752197277,9.97049998240316],[125.97424316406251,9.967789639997852]]],[[[125.97194671630892,9.861669530522363],[125.97138977050825,9.862779607425852],[125.97165679931676,9.863610257755253],[125.97367858886766,9.86235999072748],[125.97194671630892,9.861669530522363]]],[[[125.96749877929699,9.857219686165811],[125.9624862670905,9.8557195564669],[125.9685668945318,9.865650167116472],[125.97083282470714,9.859999646796204],[125.96749877929699,9.857219686165811]]],[[[125.95090268077664,10.774869760493573],[125.95111083984433,10.776390065112759],[125.95333099365301,10.77832983867091],[125.95333099365301,10.7755603684578],[125.95218557301494,10.775044314298007],[125.957443237305,10.775759686389954],[125.97000122070335,10.753609646732773],[125.96694183349666,10.746390332163097],[125.93554687500011,10.772780407827472],[125.95090268077664,10.774869760493573]]],[[[125.95221710205132,9.8924999137992],[125.96749877929699,9.865830411562213],[125.94833374023507,9.849719991347413],[125.92388916015626,9.868329991943261],[125.95221710205132,9.8924999137992]]],[[[125.96069335937534,9.88673972093309],[125.96028137207054,9.887780179611475],[125.96111297607487,9.889719953169548],[125.9619369506836,9.887499799362585],[125.96069335937534,9.88673972093309]]],[[[125.9257202148442,9.416789999016443],[125.9369201660163,9.415699949273344],[125.94011688232467,9.40536974908673],[125.92138671875047,9.405489912049962],[125.9257202148442,9.416789999016443]]],[[[125.92614746093793,9.905549993135052],[125.92415618896517,9.905830373383637],[125.92388916015626,9.906669606781103],[125.92639160156261,9.906669606781103],[125.92614746093793,9.905549993135052]]],[[[125.91272735595705,9.41858004570687],[125.91491699218783,9.41526984215739],[125.90853118896482,9.411700239193808],[125.91201782226584,9.41539954186409],[125.91272735595705,9.41858004570687]]],[[[125.89971923828145,9.91888998946209],[125.91139221191406,9.906940450287117],[125.89333343505882,9.892780294048315],[125.89138793945357,9.90639018020722],[125.89971923828145,9.91888998946209]]],[[[125.90860748291058,9.89667033158198],[125.9080581665039,9.898389806373219],[125.91027832031257,9.899999608617609],[125.91046905517588,9.898630132300385],[125.90860748291058,9.89667033158198]]],[[[125.90499877929722,9.895279874429736],[125.90422821044957,9.899860372167995],[125.90558624267622,9.90128992996681],[125.9066696166998,9.896940221413137],[125.90499877929722,9.895279874429736]]],[[[125.89444732666027,9.922739972674874],[125.89467620849652,9.920220365132737],[125.89147949218794,9.922550191486232],[125.89238739013715,9.923379888140815],[125.89444732666027,9.922739972674874]]],[[[125.89098358154297,9.899220456701528],[125.89086151123091,9.900779714208165],[125.89218139648456,9.900810231785952],[125.89202117919953,9.899939527136198],[125.89098358154297,9.899220456701528]]],[[[125.87601470947267,9.900652875524015],[125.86310577392648,9.90272997818364],[125.86852264404351,9.921502103412772],[125.87332153320357,9.916787137596353],[125.87601470947267,9.900652875524015]]],[[[125.87033081054743,9.540559759048284],[125.86943054199216,9.53934000959903],[125.86705017089845,9.540559759048284],[125.86918640136773,9.541480054763284],[125.87033081054743,9.540559759048284]]],[[[125.84451293945358,9.542409887221],[125.84416961669966,9.544719686413545],[125.84111022949219,9.54528044691069],[125.84648132324287,9.5445804499634],[125.84451293945358,9.542409887221]]],[[[125.83556365966831,10.931670178221218],[125.84055328369185,10.92166994934671],[125.83805847167969,10.913610447704526],[125.82971954345723,10.929169644165452],[125.83556365966831,10.931670178221218]]],[[[125.83556365966831,9.553059568303784],[125.8371429443365,9.55644034375252],[125.83966827392614,9.555419912234997],[125.839073181153,9.553819646733427],[125.83556365966831,9.553059568303784]]],[[[125.76999664306709,11.03221987602542],[125.82833099365236,10.966110218785305],[125.83818817138729,10.939990032951773],[125.82941691754878,10.939045283389182],[125.83271026611361,10.938269604486129],[125.83416748046919,10.933329571530372],[125.82527923583986,10.935560215754933],[125.82868451686602,10.93896639669437],[125.8247299194337,10.938540447991574],[125.76425933837935,11.012829769838659],[125.76999664306709,11.03221987602542]]],[[[125.83515167236351,9.54452036848126],[125.83585357666047,9.544059743786988],[125.83367156982423,9.544199933911257],[125.83419036865291,9.544599523449268],[125.83515167236351,9.54452036848126]]],[[[125.83264160156295,7.268609992952167],[125.82852172851562,7.273439876523207],[125.83083343505868,7.285830013230485],[125.8344421386723,7.283609859424002],[125.83264160156295,7.268609992952167]]],[[[125.81972503662156,7.361945144538212],[125.81777954101618,7.362222186926643],[125.8169479370124,7.364167205693463],[125.81944274902378,7.363218776586498],[125.81972503662156,7.361945144538212]]],[[[125.81027984619206,9.919440259542561],[125.80525970459031,9.920929898823374],[125.8099975585942,9.92984961469789],[125.81317901611375,9.927080144485641],[125.81027984619206,9.919440259542561]]],[[[125.69526672363347,10.82361029518112],[125.72778320312547,10.797780026339936],[125.71083068847688,10.763609875607322],[125.71806335449263,10.746390332163097],[125.81194305419966,10.73056029219651],[125.8094482421875,10.695280064561278],[125.75222015380893,10.688610066397072],[125.69860839843797,10.72360991378372],[125.70166778564486,10.735560406633983],[125.66999816894574,10.744720448436473],[125.65833282470759,10.784999836835],[125.69526672363347,10.82361029518112]]],[[[125.7078170776374,7.197269908942595],[125.7330474853519,7.168889991824365],[125.76190185546929,7.162909977028953],[125.79743957519574,7.117249958150599],[125.7760009765626,7.0317401811618705],[125.79326629638739,6.938350193304247],[125.76541137695322,6.892250053729963],[125.72309112548884,6.964479915874287],[125.71879093530339,7.00461875194523],[125.71839904785168,7.004099838475496],[125.71639251708994,7.010000221465475],[125.71825104980174,7.0096581513003535],[125.7119064331059,7.0688800737048965],[125.69554138183615,7.076360218198852],[125.67925262451205,7.063340179605763],[125.66368865966821,7.095119945658665],[125.7078170776374,7.197269908942595]]],[[[125.7880172729493,9.567210187799184],[125.78370666503952,9.570810308340747],[125.78341674804744,9.572469701649826],[125.7874679565432,9.569700231437281],[125.7880172729493,9.567210187799184]]],[[[125.77999877929733,7.178060047205019],[125.77944183349663,7.175280086575563],[125.78527832031274,7.159440033031932],[125.78028106689499,7.167779914920905],[125.77805328369176,7.178609840448135],[125.77999877929733,7.178060047205019]]],[[[125.77361297607435,7.189169876143526],[125.77249908447288,7.190000049634995],[125.7722167968752,7.193890087168431],[125.77388763427781,7.192780010265288],[125.77361297607435,7.189169876143526]]],[[[125.75962829589868,9.583539953106024],[125.76528930664062,9.581609716290584],[125.7677764892584,9.577500333664894],[125.75554656982457,9.577219953416291],[125.75962829589868,9.583539953106024]]],[[[124.43140389390112,12.534105625774107],[124.4255523681644,12.534170139019372],[124.42253875732467,12.542539584815435],[124.43134307861348,12.540450084389294],[124.43193086797021,12.53433431982179],[124.43666839599663,12.536390292826738],[124.44304656982432,12.533980357830856],[124.43766784668,12.535499561015396],[124.43585205078155,12.534469592754593],[124.42931365966808,12.527910220810204],[124.43000030517634,12.522780406665447],[124.4666137695318,12.545689571080604],[124.46221923828136,12.511110294062846],[124.47528076171886,12.512499797540912],[124.47382354736328,12.537019717875351],[124.51083374023494,12.519720065786087],[124.5658264160161,12.530280101485376],[124.65139770507812,12.510199535091184],[124.64219665527399,12.501389491761492],[124.64389038085946,12.493889796941922],[124.65242004394575,12.490349757881605],[124.64373016357442,12.500220287050455],[124.6614913940433,12.517959582999035],[124.73471832275457,12.514630305962239],[124.79859161377011,12.542969691931729],[124.83915710449264,12.52610968370218],[124.86695861816416,12.533320415204306],[124.88266754150389,12.564990031884287],[124.8583526611334,12.584110248241972],[124.89833068847669,12.560279834438331],[124.91414642334027,12.563839900659197],[124.89990997314486,12.564840305016702],[124.89212036132857,12.571680057209752],[124.93222045898459,12.56721972243427],[124.9566574096683,12.584440219555864],[124.96424102783257,12.564459788964475],[124.96127319335949,12.560250270534311],[124.95789337158237,12.562310207056697],[124.95271301269588,12.560859668422196],[124.95176696777365,12.55823992507674],[124.99025726318403,12.552300441437582],[125.01416778564487,12.566166865990187],[124.99244689941452,12.642709720253523],[125.0169372558597,12.5961103321585],[125.06971740722713,12.573889720599558],[125.02843475341852,12.551050174409593],[125.07417297363327,12.535829532329124],[125.07305908203182,12.578889835037593],[125.09665679931676,12.582779872571988],[125.11222076416074,12.563610065149396],[125.14584350585959,12.585000026379031],[125.26777648925827,12.49250029346369],[125.26055908203182,12.473329532366991],[125.29165649414085,12.468890178426587],[125.29554748535213,12.428330409774208],[125.33778381347666,12.405830371641548],[125.29915618896528,12.397500026492134],[125.31639099121128,12.386670100962201],[125.29833221435571,12.384440410411525],[125.30555725097722,12.36388968258022],[125.28584289550801,12.355560291105673],[125.28639221191463,12.33806036741039],[125.32083129882868,12.3269395712137],[125.2869491577153,12.305829990233333],[125.29389190673828,12.290280330513864],[125.33499908447322,12.318610179739027],[125.34194183349645,12.285280216076075],[125.31804656982433,12.273059833393166],[125.33754730224652,12.269379604208124],[125.356941223145,12.30556010040177],[125.38221740722703,12.30222033294743],[125.35749816894528,12.27917002473466],[125.36723327636773,12.27056025301135],[125.38388824462933,12.26556013857356],[125.39833068847702,12.2811097982926],[125.40528106689452,12.269169795858922],[125.4122161865241,12.285280216076075],[125.4383316040041,12.273610103472999],[125.46415710449273,12.243889797094937],[125.45529174804742,12.227741229905467],[125.4777832031251,12.231109607589328],[125.47972106933616,12.212220180415656],[125.49472045898472,12.202500331788755],[125.48777770996148,12.215829837701332],[125.49416351318357,12.217220294853776],[125.51499938964902,12.192219722664587],[125.51055908203159,12.17082976143547],[125.49833679199261,12.182780254286339],[125.4968338012695,12.169719684531994],[125.45500183105524,12.16471957009401],[125.47389221191463,12.15167044443102],[125.46666717529341,12.137499797772122],[125.4247207641605,12.144169795936659],[125.44418334960972,12.136099803876924],[125.44471740722676,12.10332964703715],[125.4811096191411,12.10556029126189],[125.48972320556699,12.094440448739489],[125.46900939941419,12.089799869518417],[125.51611328125043,12.060560214996535],[125.43295288085984,11.984649646807284],[125.45583343505906,11.992690074963972],[125.42639160156305,11.955829608983708],[125.42032623291063,11.8942699318994],[125.44361114501984,11.869999874237438],[125.43527984619163,11.82750033202869],[125.46333312988351,11.817219722904635],[125.47413635253905,11.791939724141875],[125.46221923828182,11.77194022006518],[125.44027709960939,11.781109798611991],[125.41361236572322,11.756669986921162],[125.4325027465826,11.758609760479066],[125.44055175781286,11.739439953058165],[125.46221923828182,11.758609760479066],[125.48304748535213,11.694720257042748],[125.47131347656307,11.684940326934564],[125.49256896972665,11.671959865822277],[125.4524307250982,11.668649662272104],[125.44666290283237,11.65528010203954],[125.46333312988351,11.643329609188358],[125.43860626220759,11.611940372758996],[125.44828796386717,11.58987997848696],[125.47360229492246,11.591739643402718],[125.46933746337938,11.545439709045946],[125.51555633544992,11.493889797582243],[125.51860809326239,11.473329533008569],[125.49403381347722,11.447299946234434],[125.5224990844731,11.453889835755763],[125.544441223145,11.438059795788975],[125.55249786376999,11.406109798862513],[125.56804656982487,11.406109798862513],[125.56333160400402,11.394169796429123],[125.58361053466831,11.399439800697818],[125.60305786132844,11.366109837036435],[125.63305664062557,11.356940258490617],[125.61416625976632,11.301670063520783],[125.54694366455135,11.25916956763993],[125.53360748291037,11.198889721490161],[125.5972213745124,11.178890217414583],[125.58833312988337,11.188329685792212],[125.61916351318425,11.199999798393867],[125.58750152587959,11.225560177404413],[125.59971618652378,11.233059872223476],[125.6655578613286,11.198060024835677],[125.69526672363347,11.131110180521876],[125.75055694580134,11.065279949855068],[125.75583648681673,11.015560139404135],[125.724441528321,11.02361010430362],[125.70249938964864,11.066670407007596],[125.67223358154342,11.083609570203606],[125.69242858886719,11.099260319399283],[125.70221710205101,11.113889683402546],[125.66583251953168,11.116669644033133],[125.66055297851631,11.141670216219731],[125.65384276220345,11.139201772904498],[125.65376281738305,11.138819683689919],[125.65165710449273,11.137499798437355],[125.65208572590645,11.138555423472559],[125.58277893066452,11.11305998674756],[125.57749938964876,11.092499722174821],[125.57527923584007,11.117219914113251],[125.55860900878952,11.126669872907941],[125.57045745849607,11.147890080106889],[125.53028106689523,11.149720181119108],[125.51110839843797,11.081390370070746],[125.48304748535213,11.093330372504058],[125.48916625976584,11.10972021929424],[125.46221923828182,11.125829685835688],[125.44944763183638,11.117779720936356],[125.4547195434576,11.098609913515887],[125.43527984619163,11.110830296197806],[125.43277740478584,11.091389645271414],[125.40805816650435,11.081939686476955],[125.40528106689452,11.100279797242594],[125.37375640869195,11.099379528688765],[125.36028289794965,11.119449604662993],[125.31722259521551,11.116669644033133],[125.29694366455077,11.143059719698147],[125.24694824218795,11.12222002855065],[125.2339782714848,11.085689533885892],[125.20889282226628,11.098059643435795],[125.194717407227,11.18249987469999],[125.15110778808626,11.274999607606867],[125.07083129882867,11.286109913385344],[125.0067672729493,11.267720211554938],[124.97852325439496,11.283410061397209],[124.9729309082037,11.322170246612782],[124.99626922607469,11.352660168161247],[124.98415374755905,11.421360004845777],[124.99508666992222,11.424579609335638],[124.99607849121138,11.426030147969922],[124.9957962036134,11.430239666399746],[124.96372222900423,11.431750286515916],[124.95971679687534,11.453749645631428],[124.94097137451226,11.448639858647777],[124.90297698974611,11.470049847036623],[124.89863677635847,11.493289733358093],[124.8972167968752,11.49250029410362],[124.89499664306653,11.4991702922684],[124.90028381347723,11.500280369172165],[124.90471649169967,11.496669758212603],[124.90171405005654,11.49500054726958],[124.90556335449261,11.495559681309132],[124.9049987792973,11.48777960624059],[124.91777801513719,11.479999531172767],[124.90947541513741,11.501334423747336],[124.90686798095746,11.502570141204096],[124.90791320800847,11.503399837859101],[124.90911807576147,11.502252665888173],[124.90619659423898,11.509759891870702],[124.90721893310605,11.49693964804394],[124.88777923584006,11.50749968374206],[124.88950347900438,11.462840069209676],[124.8403778076174,11.465390194329835],[124.81874847412153,11.516180027364467],[124.8315963745123,11.510629642846755],[124.85782623291037,11.555259693475985],[124.87148284912175,11.534020412789463],[124.89286804199216,11.53824042163671],[124.88146209716851,11.57750033219407],[124.94718933105493,11.571680057844821],[124.96576690673885,11.584079731298068],[124.95751953125031,11.597370136562565],[124.98602294921918,11.618100155164896],[124.99131774902355,11.608340252216964],[124.97502136230524,11.672699917091098],[125.02971649169953,11.715000141367796],[125.01777648925848,11.71916960547625],[125.04416656494195,11.749440181933524],[124.99632263183636,11.77908991641047],[124.90827941894554,11.74003027745977],[124.89796919234625,11.746105762896818],[124.89778137207088,11.742219913688157],[124.89575958251963,11.743889797415608],[124.89651776382023,11.746961043116697],[124.88535308837936,11.753540027816706],[124.85745239257835,11.812660206000844],[124.77388763427793,11.86277960599272],[124.79823303222724,11.870860088469868],[124.77670288085972,11.877960193751209],[124.79902648925783,11.887519825092872],[124.78938293457065,11.904140461067806],[124.82639312744173,11.883330333823618],[124.80946350097715,11.906129825691082],[124.76161956787175,11.9086503869078],[124.76744079589888,11.897820461377487],[124.73693084716832,11.895899761305438],[124.74212646484443,11.927029598321619],[124.7679061889655,11.936929691393903],[124.7342459399121,11.943213326118025],[124.73966979980491,11.935020435413739],[124.74635314941473,11.930789936148763],[124.72778320312533,11.932220447622448],[124.7317648431045,11.943676492805515],[124.71359406438286,11.94706858108028],[124.71388244628952,11.943920124128562],[124.71028137207088,11.942219722823666],[124.70126342773472,11.953319538185225],[124.71260833740268,11.957830417698652],[124.71335818412365,11.949643842650786],[124.71669441873797,11.963723689411642],[124.7163925170904,11.962779987397845],[124.69389343261743,11.959170330112048],[124.69444274902412,11.980830181172816],[124.70430412470827,11.976297154553192],[124.70944213867207,11.978890407614122],[124.68972015380895,12.001110065498251],[124.72138977050815,12.007220256839371],[124.71666717529351,12.018679607417678],[124.68694305419966,12.008609760317581],[124.63690948486385,12.051939952855948],[124.59562683105514,12.065279949184896],[124.53539276123067,12.057589519502235],[124.5380630493166,12.067219722743577],[124.53679656982433,12.07071017073943],[124.52784729003965,12.063079822538853],[124.48226928710959,12.100520122502742],[124.45002746582088,12.154239643037586],[124.38966369628965,12.1958999518495],[124.3382034301761,12.314579952080946],[124.34467315673893,12.386639583383994],[124.32982635498102,12.376509654801488],[124.31036376953125,12.438739764932016],[124.32005310058616,12.447669971225288],[124.28472900390672,12.46741007588824],[124.28199768066426,12.518750179006906],[124.26093292236396,12.549249637301603],[124.28943634033226,12.583889949475529],[124.32971954345737,12.535559642497583],[124.35707855224642,12.53831957596787],[124.35555267334018,12.556389796903998],[124.39221191406293,12.5386104466341],[124.39185333252007,12.56680964247874],[124.42083740234432,12.529520023055428],[124.43140389390112,12.534105625774107]],[[124.70714070146555,11.974993251491275],[124.71816408187948,11.969926080494547],[124.71916961669945,11.974169719750954],[124.73055267333983,11.971389759120596],[124.73555755615293,11.983610141803428],[124.73000335693405,11.972780216273192],[124.72083282470759,11.97638987355823],[124.70714070146555,11.974993251491275]]],[[[125.71806335449263,9.790559758849533],[125.7407379150393,9.781330098823238],[125.72630310058639,9.753089894988129],[125.70084381103561,9.764719953267479],[125.69583129882878,9.792499532407955],[125.71333312988324,9.796110143366942],[125.71415710449254,9.812780370404361],[125.71806335449263,9.790559758849533]]],[[[125.68595123291074,6.96054982402053],[125.7197036743164,6.936810009284135],[125.7134704589846,6.897359840712451],[125.68708038330111,6.9068097995045745],[125.66850280761761,6.946499817167245],[125.68595123291074,6.96054982402053]]],[[[125.71472930908234,9.602160444118962],[125.71389770507858,9.605219831323565],[125.71778106689487,9.606599798058356],[125.71750640869173,9.604379644251432],[125.71472930908234,9.602160444118962]]],[[[125.71360778808652,9.65147017460955],[125.71305847167977,9.65443991642852],[125.71444702148472,9.65499972325175],[125.71489715576196,9.652339925585208],[125.71360778808652,9.65147017460955]]],[[[125.68138885498092,11.060000408843376],[125.69860839843797,11.053890217502262],[125.71221923828183,11.04500006553111],[125.69000244140649,11.032500256274782],[125.68138885498092,11.060000408843376]]],[[[125.70953369140695,9.662699689676316],[125.70868682861385,9.663610448647468],[125.70851898193403,9.666080465125228],[125.70977020263706,9.664879789161827],[125.70953369140695,9.662699689676316]]],[[[125.60949979928085,9.889917196329192],[125.59586334228572,9.889860143293841],[125.576667785645,9.852780332226711],[125.5833435058598,9.894169797526434],[125.56582641601618,9.880829801198866],[125.55972290039117,9.894169797526434],[125.57151794433638,9.909420003507824],[125.58683013916063,9.898529996497516],[125.61138916015668,9.908610334014163],[125.6122370585885,9.894390612720619],[125.6211090087895,9.90888976058809],[125.64177076015945,9.914829107885604],[125.64164100335813,9.919980647883058],[125.6383438110355,9.9230604072449],[125.6415036523978,9.925433687405244],[125.6411972045903,9.937600125861474],[125.59139251709009,9.95444964367075],[125.61673736572274,9.960439672047498],[125.59139251709009,9.97611044840204],[125.60610961914095,9.993329991845979],[125.57749938964876,9.975830068153467],[125.55937957763703,9.990200032742306],[125.57965850830134,9.998840322042026],[125.57333374023484,10.02832983923104],[125.58915710449264,10.026940335753462],[125.57527923584007,10.043330182542515],[125.60398864746115,10.04384039830117],[125.58915710449264,10.077219953024397],[125.57138824462933,10.0874996084724],[125.57611083984385,10.064439763519678],[125.54778289794932,10.08333014436438],[125.50971984863325,10.062219609712692],[125.4731674194339,10.134619702735963],[125.49973297119197,10.134440411964915],[125.48734283447322,10.143560399445427],[125.49835205078158,10.184160222412382],[125.52510070800835,10.183650006653918],[125.49790191650436,10.209540356975735],[125.52555847168014,10.191670407648383],[125.542610168457,10.203399648057156],[125.5124969482423,10.24277972157459],[125.52084350585982,10.276670445731186],[125.53633117675825,10.28036021165867],[125.51805877685568,10.2855596440274],[125.51361083984409,10.321109761493595],[125.55832672119172,10.320560445087759],[125.54945373535203,10.382220257968624],[125.58055114746126,10.359100331533181],[125.59591674804685,10.365639676316055],[125.61195373535202,10.441940297291826],[125.6424636840826,10.47183989443746],[125.68116760253939,10.392049779140352],[125.64678955078182,10.30560015609727],[125.65277862548874,10.250559796641749],[125.62085723877007,10.275300015739427],[125.60514068603561,10.274700154594814],[125.62526702880928,10.245829572036369],[125.64759826660189,10.24100970204446],[125.6624603271491,10.197649945607994],[125.6282577514653,10.183600415589204],[125.5902786254886,10.142219533357345],[125.60472106933605,10.142499913606523],[125.61268336858335,10.155219359908342],[125.61110687255871,10.154890050315402],[125.61096954345734,10.15641020717509],[125.6125717163088,10.15785979213446],[125.61318560153582,10.156021656439975],[125.6288909912116,10.18111037195117],[125.67630004882845,10.167400349988991],[125.65860748291085,10.148610104947203],[125.66084289550824,10.1208295721315],[125.69805908203124,10.058890332677025],[125.67221832275446,9.993049611597382],[125.67925262451205,9.962120046191668],[125.6566696166992,9.9480600257558],[125.70749664306642,9.891670217144998],[125.70111083984376,9.865559568056574],[125.677383422852,9.867010106690072],[125.66965192558939,9.855646699035871],[125.6891632080085,9.850830068250932],[125.61075197904039,9.81362527095383],[125.61081695556683,9.813190450360715],[125.61034687728792,9.81343305704795],[125.59139251709009,9.804439534840258],[125.59642791748114,9.831399907743837],[125.58055877685582,9.819999684974187],[125.5786132812502,9.839440335899212],[125.60949979928085,9.889917196329192]],[[125.66232759218983,9.85745481236096],[125.64369516067862,9.880789860594783],[125.64415740966831,9.86194037402837],[125.66232759218983,9.85745481236096]]],[[[125.70052337646516,9.748720159273212],[125.70111083984376,9.734999646894199],[125.67816925048886,9.74075030301782],[125.69406890869188,9.753069867826882],[125.70052337646516,9.748720159273212]]],[[[125.70094299316415,11.055789936739382],[125.70036315918013,11.055239666659231],[125.6998291015627,11.057200421052288],[125.70036315918013,11.057180393891528],[125.70094299316415,11.055789936739382]]],[[[125.69757843017578,11.06206988210792],[125.69844055175783,11.05865000601175],[125.69313812255918,11.060859669401472],[125.69656372070381,11.062509525967972],[125.69757843017578,11.06206988210792]]],[[[125.69547271728548,11.05801962728912],[125.69619750976617,11.057189930634697],[125.69538116455114,11.056630123811606],[125.69483184814497,11.058580387787043],[125.69547271728548,11.05801962728912]]],[[[125.69439697265646,11.028079975821194],[125.69320678710983,11.023039807062785],[125.68908691406283,11.025799740532635],[125.68943786621118,11.028699864126397],[125.69439697265646,11.028079975821194]]],[[[125.69212341308639,9.756690015529742],[125.69077301025413,9.75809954616819],[125.69389343261784,9.758079519007104],[125.6938018798834,9.75702952358581],[125.69212341308639,9.756690015529742]]],[[[125.68776702880905,9.935279836251068],[125.68654632568371,9.93673991162858],[125.68895721435568,9.939470281194621],[125.68977355957075,9.938139905524308],[125.68776702880905,9.935279836251068]]],[[[125.6852798461914,11.072500218099552],[125.68611145019598,11.071109760947389],[125.68444824218759,11.069999684043815],[125.68332672119163,11.07166956777049],[125.6852798461914,11.072500218099552]]],[[[125.67666625976607,11.112219799675737],[125.6852798461914,11.099439610170721],[125.66914367675817,11.090589512520628],[125.66333007812533,11.110280026117684],[125.67666625976607,11.112219799675737]]],[[[125.68167877197274,7.155819885329625],[125.68112945556699,7.1578001900458545],[125.68221282959017,7.160019867015761],[125.68221282959017,7.157760135725166],[125.68167877197274,7.155819885329625]]],[[[125.68195343017624,9.931110372143094],[125.67910766601574,9.929039945204224],[125.67755889892634,9.931469907360597],[125.68026733398494,9.93360995252489],[125.68195343017624,9.931110372143094]]],[[[125.67868041992219,9.857970227852535],[125.6787490844729,9.859560002936744],[125.68000793457101,9.860529889715597],[125.67951965332051,9.858449926033261],[125.67868041992219,9.857970227852535]]],[[[125.675819396973,9.751230230072618],[125.67183685302793,9.755789746975449],[125.67220306396518,9.757100095485347],[125.67642211914108,9.754340162015904],[125.675819396973,9.751230230072618]]],[[[125.66333007812533,9.71082972503856],[125.67582702636751,9.705829610601597],[125.67166900634778,9.691390027788309],[125.66343688964844,9.690990438249932],[125.66333007812533,9.71082972503856]]],[[[125.67436218261741,9.679089536465005],[125.67462158203138,9.676429738798586],[125.67239379882844,9.674209584991662],[125.6697235107425,9.679169645107521],[125.67436218261741,9.679089536465005]]],[[[125.66738128662176,9.685859670431292],[125.66681671142635,9.687009801656203],[125.66828155517625,9.688130368977069],[125.6686096191411,9.687219610005915],[125.66738128662176,9.685859670431292]]],[[[125.64288330078182,9.791749944395887],[125.66777801513726,9.766949643817545],[125.66678619384813,9.754449834562077],[125.63249969482442,9.769720067704217],[125.63796997070344,9.779299726205297],[125.6236114501959,9.770000447952812],[125.64288330078182,9.791749944395887]]],[[[125.62999725341864,9.727780332324953],[125.6641693115241,9.721240033868204],[125.65067291259808,9.71061037994551],[125.65840911865244,9.663990011025314],[125.6436080932623,9.669170369907429],[125.63636779785202,9.710789670717315],[125.61686706543037,9.70419024445305],[125.62999725341864,9.727780332324953]]],[[[125.6606826782231,9.684499730857748],[125.66011810302781,9.685440053732918],[125.66139221191426,9.68591021517011],[125.66166687011771,9.685059537680415],[125.6606826782231,9.684499730857748]]],[[[125.65750122070382,11.127220142988051],[125.6566696166992,11.124719608932287],[125.65277862548874,11.124719608932287],[125.65361022949254,11.126390446333076],[125.65750122070382,11.127220142988051]]],[[[125.64597320556676,11.005640019172327],[125.65693664550814,10.993060101273487],[125.64150238037107,10.973660458342925],[125.61514282226585,10.990779865984589],[125.61972045898459,11.00417040705176],[125.64597320556676,11.005640019172327]]],[[[125.65528106689509,11.136110294959225],[125.65416717529344,11.137220371862803],[125.65583038330121,11.138609875340759],[125.6566696166992,11.137780178686267],[125.65528106689509,11.136110294959225]]],[[[125.65479278564521,9.792090406126773],[125.65165710449273,9.791939725584928],[125.64971923828169,9.794170369809148],[125.65350341796906,9.796959867182418],[125.65479278564521,9.792090406126773]]],[[[125.65334320068405,11.13278006424854],[125.65471649169945,11.130559910441345],[125.64833068847679,11.129170406963862],[125.64861297607443,11.131939877176105],[125.65334320068405,11.13278006424854]]],[[[125.64721679687534,10.778889645493615],[125.6430587768556,10.777779568590072],[125.65139007568428,10.786939610393178],[125.65194702148494,10.785280217083752],[125.64721679687534,10.778889645493615]]],[[[125.64971923828169,11.043609608378949],[125.6508178710944,11.041959751812643],[125.65000152587938,11.04111002799735],[125.64833068847679,11.042779911723951],[125.64971923828169,11.043609608378949]]],[[[125.6460494995124,9.739930143106271],[125.64935302734388,9.740119924295243],[125.63992309570371,9.732069959396647],[125.63746643066474,9.739069928873372],[125.6460494995124,9.739930143106271]]],[[[125.64639282226575,9.790829648681262],[125.64639282226575,9.792220105833492],[125.64778137207065,9.792779912656526],[125.64694213867188,9.790829648681262],[125.64639282226575,9.790829648681262]]],[[[125.64167022705143,9.765279760090307],[125.64260864257835,9.755780210232153],[125.62326812744186,9.740400304543984],[125.62911987304733,9.768460263933544],[125.64167022705143,9.765279760090307]]],[[[125.63388824462933,9.92889021833608],[125.62860870361372,9.929169644911275],[125.62555694580125,9.935830106331863],[125.63200378418024,9.937350263191],[125.63388824462933,9.92889021833608]]],[[[125.62777709960992,11.047499645912753],[125.63111114501955,11.046939839089461],[125.63166809082067,11.046389569009012],[125.62805175781283,11.044170368876124],[125.62777709960992,11.047499645912753]]],[[[125.62027740478574,9.758609761926849],[125.61907958984409,9.760749807090964],[125.62139129638715,9.761670102805969],[125.62277984619209,9.760000219078918],[125.62027740478574,9.758609761926849]]],[[[125.62027740478574,9.711669912110121],[125.61840057373115,9.712989797363319],[125.61846160888726,9.71333979583735],[125.62082672119188,9.713060369262756],[125.62027740478574,9.711669912110121]]],[[[125.61554718017614,9.685830106527833],[125.61501312255903,9.686869611531883],[125.61801147461003,9.687649717122108],[125.61813354492222,9.686880101949338],[125.61554718017614,9.685830106527833]]],[[[125.61416625976632,9.76556014033947],[125.61723327636776,9.753609647490102],[125.5944671630864,9.756609906887062],[125.60582733154332,9.765279760090307],[125.61416625976632,9.76556014033947]]],[[[125.61305999755925,9.705510129705731],[125.61691284179733,9.699939718027608],[125.6150894165039,9.697500219128345],[125.6082534790046,9.699130048534139],[125.61305999755925,9.705510129705731]]],[[[125.61163330078169,9.690090169695434],[125.60617065429744,9.68301009157658],[125.60180664062565,9.690580358293763],[125.60832977294967,9.693889608169334],[125.61163330078169,9.690090169695434]]],[[[125.59306335449277,10.382780064792062],[125.59500122070371,10.37722014353135],[125.59194183349621,10.370559682110702],[125.58721923828168,10.378060330603107],[125.59306335449277,10.382780064792062]]],[[[125.58833312988337,9.800000180900792],[125.58693695068395,9.795559873287207],[125.58222198486382,9.797499646845258],[125.58528137207087,9.80222033470776],[125.58833312988337,9.800000180900792]]],[[[125.58416748046919,10.061109532809207],[125.58055877685582,10.058329572179542],[125.58139038086004,10.054439534645608],[125.57805633544966,10.059720029331777],[125.58416748046919,10.061109532809207]]],[[[125.58293914794952,10.075949658835341],[125.58293914794952,10.07345961519716],[125.58091735839888,10.073389996972487],[125.58084106445348,10.07678030916471],[125.58293914794952,10.075949658835341]]],[[[125.58055877685582,9.766949643817545],[125.5792999267585,9.768389692033631],[125.58070373535213,9.77013968440335],[125.58249664306652,9.76916979762432],[125.58055877685582,9.766949643817545]]],[[[125.57637786865278,9.763059606283353],[125.57917022705135,9.762499799460693],[125.57721710205111,9.759440412255907],[125.57472229003972,9.761939992637279],[125.57637786865278,9.763059606283353]]],[[[125.57486724853527,11.401412952857413],[125.57389068603516,11.402112949805002],[125.57334136962903,11.404206264927804],[125.57721710205111,11.402680386022615],[125.57486724853527,11.401412952857413]]],[[[125.56861114502021,12.07194041060679],[125.57360839843808,12.063059795377628],[125.57195281982465,12.058609951020431],[125.56667327880928,12.066670406337186],[125.56861114502021,12.07194041060679]]],[[[125.56916809082088,10.000829686664467],[125.57055664062558,9.999999990009526],[125.56667327880928,10.000280370258691],[125.56833648681683,10.001110066913034],[125.56916809082088,10.000829686664467]]],[[[125.56250000000021,12.068329799647245],[125.56944274902402,12.050829875952306],[125.55889129638739,12.034720409409655],[125.56333160400402,12.047220218667087],[125.56250000000021,12.068329799647245]]],[[[125.56838226318371,9.761799802512995],[125.56639099121148,9.760560025902656],[125.56485748291026,9.762029638022735],[125.56780242919969,9.76263998958498],[125.56838226318371,9.761799802512995]]],[[[125.54945373535203,12.121390331229396],[125.56722259521527,12.108610141723865],[125.56749725341797,12.098329532599477],[125.54528045654297,12.120829570732154],[125.54945373535203,12.121390331229396]]],[[[125.56445312500055,12.093890178658947],[125.56445312500055,12.091389644603021],[125.56250000000021,12.091110218028911],[125.56223297119186,12.093609798410313],[125.56445312500055,12.093890178658947]]],[[[125.5594482421877,12.027500141165056],[125.56083679199264,12.023610103630636],[125.55695343017632,12.023059833550622],[125.55583190918034,12.025560367606714],[125.5594482421877,12.027500141165056]]],[[[125.55860900878952,12.021670330071961],[125.56083679199264,12.018329608944176],[125.55889129638739,12.015000331907505],[125.55583190918034,12.018890369441925],[125.55860900878952,12.021670330071961]]],[[[125.55526733398504,12.005000103032113],[125.55473327636763,12.012220371277273],[125.55695343017632,12.015560138731137],[125.55999755859442,12.00944041064669],[125.55526733398504,12.005000103032113]]],[[[125.53639221191442,9.990559567959249],[125.55999755859442,9.970560063885321],[125.55750274658249,9.961110105091567],[125.53778076171932,9.97805975870361],[125.53639221191442,9.990559567959249]]],[[[125.55950927734419,11.432123173173377],[125.55924987793024,11.430622089800387],[125.5473175048834,11.430985439714561],[125.55226898193368,11.438842762401594],[125.55950927734419,11.432123173173377]]],[[[125.55771636962949,9.778369893747488],[125.5439376831058,9.77826022120064],[125.54222106933628,9.782500257208515],[125.5544967651374,9.788330068299977],[125.55771636962949,9.778369893747488]]],[[[125.55416870117233,9.943889607973006],[125.55222320556675,9.944169988222313],[125.55082702636763,9.946390142028555],[125.55278015136784,9.947500218932051],[125.55416870117233,9.943889607973006]]],[[[125.51611328125043,9.909999837491597],[125.5189132690432,9.89888953171412],[125.55333709716854,9.861669530522363],[125.50998687744176,9.886230458848512],[125.51389312744175,9.922220220172576],[125.51611328125043,9.909999837491597]]],[[[125.54543304443384,9.947959889952774],[125.54979705810602,9.946900357788106],[125.54611206054756,9.94305991131867],[125.54194641113334,9.949439992490433],[125.54543304443384,9.947959889952774]]],[[[125.54842376708984,11.143830288545281],[125.54853057861375,11.141839970248059],[125.54573822021518,11.141710270541132],[125.54615783691449,11.142740238801874],[125.54842376708984,11.143830288545281]]],[[[125.54695892334004,9.788720121095261],[125.54740905761787,9.787960042665652],[125.54596710205124,9.786820401858472],[125.54499816894587,9.789440145203482],[125.54695892334004,9.788720121095261]]],[[[125.54350280761776,11.143170345918788],[125.54222106933628,11.140830029147915],[125.54028320312524,11.142499912874687],[125.54277801513717,11.143890370026897],[125.54350280761776,11.143170345918788]]],[[[125.53832244873101,11.137989987035501],[125.53513336181663,11.132769573831117],[125.53305816650426,11.134169567726941],[125.53398132324241,11.138139713903277],[125.53832244873101,11.137989987035501]]],[[[125.51444244384835,10.029999722958134],[125.53305816650426,10.018059720525807],[125.53806304931707,10.009440412060911],[125.51361083984409,10.004440297623518],[125.51444244384835,10.029999722958134]]],[[[125.53333282470773,11.13278006424854],[125.53028106689523,11.131110180521876],[125.52866363525436,11.13195990433736],[125.53138732910222,11.133890141152119],[125.53333282470773,11.13278006424854]]],[[[125.51999664306675,12.168330181053632],[125.52221679687544,12.168060291222414],[125.52639007568395,12.162500369961384],[125.52111053466821,12.162500369961384],[125.51999664306675,12.168330181053632]]],[[[125.5249099731451,9.993109693078821],[125.52345275878953,9.995659818199492],[125.52426910400433,9.997989644552257],[125.52559661865259,9.994210233239752],[125.5249099731451,9.993109693078821]]],[[[125.50554656982479,10.008790006177223],[125.51139068603585,9.997500409628808],[125.50332641601607,9.98083018259086],[125.49521636962947,10.015899648200849],[125.50554656982479,10.008790006177223]]],[[[125.50749969482455,12.073329914084791],[125.50611114501963,12.071390140526642],[125.50417327880858,12.073060024253042],[125.50444793701203,12.073889720908051],[125.50749969482455,12.073329914084791]]],[[[125.50609588623091,11.597799290004655],[125.5015335083009,11.591613758392612],[125.49567413330112,11.59821127730961],[125.50096893310601,11.601299274743806],[125.50609588623091,11.597799290004655]]],[[[125.50405120849655,9.779890050606449],[125.50406646728547,9.781129827216777],[125.50563812255928,9.781399717047961],[125.50563812255928,9.7805900475543],[125.50405120849655,9.779890050606449]]],[[[125.47250366210969,10.461939801366317],[125.50222015380913,10.445560444994236],[125.49804687500068,10.422499646366184],[125.47709655761773,10.426919926819611],[125.47250366210969,10.461939801366317]]],[[[125.50166320800847,12.075559604635382],[125.50195312500043,12.070560443871928],[125.49610900878965,12.074439990988632],[125.49749755859372,12.075559604635382],[125.50166320800847,12.075559604635382]]],[[[125.49667358398506,9.929719914991018],[125.50110626220737,9.925559987626201],[125.49500274658236,9.920559873189346],[125.49194335937568,9.924440373979534],[125.49667358398506,9.929719914991018]]],[[[125.4786071777347,5.495279783032022],[125.49971008300825,5.468049997139902],[125.47113037109432,5.389229768643192],[125.45111083984398,5.435560220561727],[125.47331237793024,5.45613002187149],[125.45577239990288,5.467249864389168],[125.48252868652344,5.467879766274911],[125.46785736084027,5.480919832027083],[125.4786071777347,5.495279783032022]]],[[[125.49968719482456,10.22146033224758],[125.49816131591832,10.22270964560075],[125.49844360351594,10.22408961233542],[125.4992828369145,10.22408961233542],[125.49968719482456,10.22146033224758]]],[[[125.49722290039105,12.083609569534879],[125.49166870117222,12.083889949783513],[125.49333190917977,12.092220294932185],[125.49472045898472,12.091670024851627],[125.49722290039105,12.083609569534879]]],[[[125.49305725097715,10.20055960594494],[125.492500305176,10.202219952928738],[125.49360656738327,10.203610410080971],[125.49472045898472,10.201669682848623],[125.49305725097715,10.20055960594494]]],[[[125.49223327636764,10.172499646554963],[125.49416351318357,10.17055987299653],[125.492500305176,10.168060292615435],[125.48999786377023,10.173890103707057],[125.49223327636764,10.172499646554963]]],[[[125.48912048339888,5.5149397790442745],[125.49120330810548,5.512859815362772],[125.48842620849642,5.5104899346887155],[125.4866180419925,5.513760083916684],[125.48912048339888,5.5149397790442745]]],[[[125.4886093139653,12.10499953076396],[125.48665618896496,12.10556029126189],[125.48805236816439,12.107780445069018],[125.48972320556699,12.106670368165533],[125.4886093139653,12.10499953076396]]],[[[125.48356628418003,11.64548682049092],[125.4889068603519,11.64551733806849],[125.48944091796933,11.629968632024768],[125.47633361816463,11.64531229809113],[125.48356628418003,11.64548682049092]]],[[[125.48361206054744,10.153610219384152],[125.48832702636754,10.152779569055282],[125.48249816894575,10.141389836703189],[125.47888946533237,10.14416979733319],[125.48361206054744,10.153610219384152]]],[[[125.48446655273507,10.142439832124511],[125.48433685302732,10.144029607208926],[125.48747253418001,10.145689954192171],[125.48705291748102,10.144309987457488],[125.48446655273507,10.142439832124511]]],[[[125.47721862793034,10.10583018249461],[125.48304748535213,10.100560178225857],[125.48555755615278,10.090829839182923],[125.4755630493164,10.101940144960512],[125.47721862793034,10.10583018249461]]],[[[125.47972106933616,10.08806036897066],[125.48361206054744,10.085829724746196],[125.47888946533237,10.078060140096191],[125.47638702392601,10.08860968537589],[125.47972106933616,10.08806036897066]]],[[[125.47972106933616,9.83611105886268],[125.47777557373094,9.83722208944098],[125.47777557373094,9.837778081566848],[125.4808349609376,9.837499608666525],[125.47972106933616,9.83611105886268]]],[[[125.47897338867256,11.856904018533038],[125.47729492187544,11.85025309385454],[125.44957733154351,11.856604564797989],[125.4698791503912,11.863402355320705],[125.47897338867256,11.856904018533038]]],[[[125.47499847412165,10.078610410176628],[125.47194671630918,10.078889836750939],[125.47028350830101,10.081390370806519],[125.47194671630918,10.082220067460902],[125.47499847412165,10.078610410176628]]],[[[125.4697036743166,10.430190076048014],[125.46433258056686,10.431360234432963],[125.47235107421886,10.441180218861572],[125.47339630126964,10.435440053155606],[125.4697036743166,10.430190076048014]]],[[[125.47045135498104,11.644226063045554],[125.46892547607479,11.645575512201695],[125.47135925293003,11.647138584405313],[125.47161102294945,11.645280826838542],[125.47045135498104,11.644226063045554]]],[[[125.46916198730503,11.876578319667805],[125.46498107910155,11.877997387049561],[125.46641540527399,11.881235111351774],[125.47095489502021,11.880319584008674],[125.46916198730503,11.876578319667805]]],[[[125.46888732910155,11.110560406366469],[125.4672164916998,11.11250017992466],[125.46971893310592,11.11583041063524],[125.47055816650447,11.114170063651146],[125.46888732910155,11.110560406366469]]],[[[125.46472167968761,10.173890103707057],[125.4663925170902,10.170829762827701],[125.46193695068406,10.166390408888516],[125.46056365966844,10.1702804464221],[125.46472167968761,10.173890103707057]]],[[[125.46261596679732,11.66087530925035],[125.46054077148494,11.661532390853791],[125.45981597900423,11.663026798506607],[125.46293640136741,11.663751590986347],[125.46261596679732,11.66087530925035]]],[[[125.45700073242256,11.863312709934684],[125.45294952392612,11.866312969332776],[125.45787811279317,11.869277942780363],[125.45902252197287,11.863392818577568],[125.45700073242256,11.863312709934684]]],[[[125.44855499267625,11.838070858145043],[125.44535064697311,11.841649044177597],[125.44804382324277,11.843921650071977],[125.45200347900425,11.841892231127831],[125.44855499267625,11.838070858145043]]],[[[125.44361114501984,9.91860960921353],[125.44666290283237,9.917779912558606],[125.44722747802766,9.913720120997494],[125.440666198731,9.915730466454738],[125.44361114501984,9.91860960921353]]],[[[125.3977813720709,5.435219758830742],[125.42857360839855,5.420050138332354],[125.42082977294977,5.366020196828005],[125.4070129394536,5.3772201479883],[125.34999847412176,5.36749982252847],[125.34741210937547,5.38680982006776],[125.32833099365277,5.389719957241368],[125.36974334716855,5.429220193712623],[125.3977813720709,5.435219758830742]]],[[[125.40055847168026,12.29417036804799],[125.40444183349653,12.290829646919574],[125.40222167968783,12.286390292979744],[125.39584350585996,12.289440143441448],[125.40055847168026,12.29417036804799]]],[[[125.39607238769588,6.785679809995607],[125.39526367187501,6.785940163083248],[125.39530944824276,6.787030212826362],[125.39630126953159,6.786600105709721],[125.39607238769588,6.785679809995607]]],[[[125.39460754394575,6.80308007471906],[125.39460754394575,6.804120056559864],[125.3960037231452,6.806210033822177],[125.39557647705088,6.804329864909436],[125.39460754394575,6.80308007471906]]],[[[124.31527709960992,11.563329685535736],[124.4374084472661,11.442500103403203],[124.46984863281263,11.389920223678086],[124.47222137451215,11.362779606325656],[124.47721862792993,11.344719875808696],[124.48027801513737,11.340279568194493],[124.4805068969732,11.407389629794087],[124.46293640136753,11.446100223945193],[124.4787826538086,11.455369938294318],[124.5369873046876,11.425040234030307],[124.55172729492222,11.339639652728136],[124.58479309082054,11.305049885296109],[124.6077804565432,11.31221960880205],[124.64943695068415,11.293889988453065],[124.71040344238327,11.307479847452502],[124.8016433715826,11.375280369256373],[124.81546020507822,11.432430256302927],[124.8788909912115,11.409720409821889],[124.87986755371159,11.442029941965009],[124.89584350585982,11.398329723794383],[124.90316772460936,11.422710407676567],[124.91430664062545,11.408539761018393],[124.94203186035213,11.427980411945779],[124.95231975005747,11.403286555554516],[124.95205688476587,11.419030178491717],[124.96555328369185,11.4147195705851],[124.97972106933638,11.402500141576866],[124.97421493605167,11.397729478090987],[124.97972869873092,11.398830402810175],[124.9624328613287,11.352459896555366],[124.96270751953138,11.280280102293439],[124.97750091552788,11.253330219804578],[125.00833129882858,11.251390446246011],[125.0055465698248,11.219719875894617],[125.02026367187534,11.208109844774672],[125.03105163574251,11.237330425809365],[125.00749969482422,11.154999722131173],[125.0143516975767,11.135919011898793],[125.01555633544979,11.144439686433087],[125.02249908447277,11.138059605260375],[125.02552032470736,11.129690159465877],[125.01463259806272,11.135136790850236],[125.03971862793003,11.065279949855068],[125.0347213745123,10.933059681699227],[125.00277709960992,10.842809666504666],[125.02311706543034,10.737230290360399],[125.00776672363324,10.736390103288029],[125.00195312500036,10.731940258931216],[125.00110626220736,10.728059758140839],[125.00499725341865,10.717499722442522],[125.00389099121136,10.731670369100078],[125.02639007568416,10.736669529863219],[125.04194641113328,10.716939915619657],[125.11589813232443,10.695619572617549],[125.11277770996125,10.659170140271149],[125.19194793701229,10.57721995264793],[125.16475677490268,10.534199704266806],[125.19167327880905,10.473890294216204],[125.1792068481451,10.429260243590196],[125.21459960937523,10.385290135590624],[125.23972320556642,10.394720067224283],[125.25776672363325,10.372220029094354],[125.26805877685592,10.298890103612163],[125.25430297851595,10.259229649845869],[125.22028350830121,10.247220029188624],[125.13211059570334,10.276410092642932],[125.13971710205135,10.173060407052159],[125.12917327880893,10.162219991105655],[125.1638870239261,10.133609761635304],[125.21333312988291,10.127220143720269],[125.24445343017602,10.041669835558766],[125.28056335449229,9.994170178918301],[125.27166748046874,9.970279683636011],[125.29888916015683,9.926939954361211],[125.28888702392598,9.91250037154716],[125.25599670410223,9.913840283961092],[125.24833679199286,9.948329915586958],[125.22300720214909,9.962719907336107],[125.18547821044965,10.038109769337943],[125.13500213623078,10.062219609712692],[125.11638641357487,10.11305998748146],[125.12222290039097,10.177780141240817],[125.08334350585946,10.21749972281464],[125.02471923828148,10.36832999156057],[125.00805664062533,10.380279530736068],[124.9686508178713,10.373000134684384],[124.9869537353518,10.254440297432042],[124.97750091552788,10.213060368875073],[125.02388763427767,10.087779988721552],[125.02857208251989,10.005240430374423],[124.93694305419967,10.080840100726206],[124.90503692626976,10.089550008251122],[124.88997650146554,10.120900144030676],[124.78718892381113,10.132088246422331],[124.78600311279354,10.131110181254558],[124.78473870421242,10.132354945068004],[124.77780151367244,10.133110036294422],[124.75756835937513,10.156080235861749],[124.75338745117243,10.187509526609347],[124.79045104980524,10.317729939718316],[124.76550292968804,10.35746954845336],[124.73255157470734,10.37633036539441],[124.72010040283261,10.484390248431824],[124.7661437988286,10.536910046672006],[124.77073669433662,10.621290196450948],[124.80362701416061,10.659830082897637],[124.78265380859385,10.77593039409242],[124.70702362060557,10.880089749181147],[124.6838836669924,10.938050259393234],[124.59515380859418,11.013549793946762],[124.53833770752009,10.977510441555285],[124.55098724365277,10.929679859924521],[124.5165634155278,10.867549885603301],[124.4772262573249,10.86569975743099],[124.44921112060582,10.897379864525266],[124.43264007568405,10.888919819669846],[124.43789672851574,10.918499935920867],[124.41964721679719,10.947970379625605],[124.41531372070368,10.91292952424306],[124.37542724609418,10.92310046082031],[124.40927124023484,10.982370365868476],[124.4047164916999,11.033060063097805],[124.36916351318379,11.06435011739724],[124.4013214111335,11.110560406366469],[124.3837966918945,11.203140247915421],[124.40274047851584,11.23999022347601],[124.38758087158268,11.24302958351967],[124.37596893310582,11.273980129763586],[124.38905334472699,11.298720348862753],[124.36701965332088,11.288709629570235],[124.37139129638706,11.304849613689846],[124.34187316894585,11.314669598118993],[124.34131622314476,11.36238955353074],[124.36089324951206,11.365830410461967],[124.33130645751976,11.377949703666774],[124.3255233764652,11.39573954435238],[124.34874725341851,11.406180370761687],[124.31674194335972,11.414669979520193],[124.28938293457033,11.493519771947513],[124.28869628906294,11.538459766729066],[124.31527709960992,11.563329685535736]],[[124.9527187630654,11.402328811041434],[124.95613861084043,11.394120205364759],[124.96319144513024,11.39552843420261],[124.9527187630654,11.402328811041434]]],[[[125.22666931152389,10.473890294216204],[125.22444152832074,10.462220181614905],[125.23222351074277,10.444720257921897],[125.22110748291048,10.464170445590625],[125.22666931152389,10.473890294216204]]],[[[125.2219467163088,10.434169758967435],[125.22860717773496,10.42916964452995],[125.22499847412134,10.424719800173236],[125.21611022949276,10.431949605160588],[125.2219467163088,10.434169758967435]]],[[[125.19110870361338,11.124999989180862],[125.19019317627018,11.12666033616424],[125.19139099121136,11.127220142988051],[125.19167327880905,11.125559796004328],[125.19110870361338,11.124999989180862]]],[[[125.14389038085983,12.601940143251454],[125.14971923828136,12.590829837471954],[125.14167022705108,12.585280406628177],[125.13610839843774,12.59860991254057],[125.14389038085983,12.601940143251454]]],[[[125.1286087036136,12.578889835037593],[125.12583160400436,12.579449641861075],[125.12722015380929,12.581939685499691],[125.12889099121128,12.581390369093576],[125.1286087036136,12.578889835037593]]],[[[125.10973358154297,11.21000002726856],[125.11138916015693,11.20917033061408],[125.11028289794987,11.207779873461735],[125.10861206054734,11.208889950365295],[125.10973358154297,11.21000002726856]]],[[[125.06524658203182,12.682200419998162],[125.07444763183592,12.62139033092272],[125.0899963378906,12.618329990043392],[125.08833312988304,12.601670253420071],[125.03250122070358,12.620559680593498],[125.05832672119175,12.638330447795177],[125.02777862548852,12.650830257052744],[125.02971649169953,12.67055987129892],[125.06524658203182,12.682200419998162]]],[[[125.08821105957043,12.622699725758014],[125.08310699462936,12.622909534107764],[125.08261871337956,12.630069720870912],[125.08793640136777,12.627799975999515],[125.08821105957043,12.622699725758014]]],[[[125.07805633544955,11.266949642707822],[125.08471679687567,11.2588901410651],[125.08471679687567,11.254170406876787],[125.0711135864258,11.262220371775843],[125.07805633544955,11.266949642707822]]],[[[125.07333374023446,9.894720067606157],[125.07360076904344,9.92440985640179],[125.05972290039084,9.964719762375942],[125.0800018310551,9.934720029428375],[125.07333374023446,9.894720067606157]]],[[[125.05666351318418,12.5469398381086],[125.056953430176,12.552499759369947],[125.0677795410162,12.562780368494334],[125.06305694580101,12.548890102084401],[125.05666351318418,12.5469398381086]]],[[[125.04847717285222,11.214859951581639],[125.04666137695335,11.216589916790458],[125.04666137695335,11.217690456950963],[125.04798889160178,11.216719616497317],[125.04847717285222,11.214859951581639]]],[[[125.02278137207077,12.60916994823987],[125.02416992187545,12.607219684263848],[125.02333068847658,12.605830180785109],[125.02055358886751,12.608329761167544],[125.02278137207077,12.60916994823987]]],[[[125.00138854980504,12.663610446559291],[125.00721740722653,12.662500369655602],[125.01055908203183,12.640830028176374],[124.98999786377007,12.64778040659082],[125.00138854980504,12.663610446559291]]],[[[124.98972320556662,11.363329876406192],[124.99173736572308,11.360179890141154],[124.99069976806676,11.356579769599172],[124.98583221435592,11.361390102848114],[124.98889160156284,11.369170177916052],[124.98972320556662,11.363329876406192]]],[[[124.98473358154307,11.386389721361176],[124.98388671875055,11.388609875168374],[124.9869537353518,11.388609875168374],[124.9869537353518,11.387499798264805],[124.98473358154307,11.386389721361176]]],[[[124.98449707031294,11.41071032376155],[124.985488891602,11.410389889191512],[124.98490142822263,11.408829678010976],[124.98362731933662,11.410160053681402],[124.98449707031294,11.41071032376155]]],[[[124.97889709472712,11.360210407719235],[124.97862243652389,11.361459721072887],[124.98078918457063,11.36215018127767],[124.9802322387701,11.36075972412531],[124.97889709472712,11.360210407719235]]],[[[124.97931671142635,11.365460384827152],[124.97911071777354,11.363249767763831],[124.97807312011774,11.363249767763831],[124.97812652587889,11.365110386353718],[124.97931671142635,11.365460384827152]]],[[[124.97722625732442,11.338060368061797],[124.97556304931686,11.33827017641077],[124.97667694091842,11.341440189836558],[124.97849273681675,11.339859951495324],[124.97722625732442,11.338060368061797]]],[[[124.97576141357467,11.272700298831678],[124.97547912597702,11.273460377261197],[124.97666931152388,11.274430264040499],[124.97638702392648,11.272769917056934],[124.97576141357467,11.272700298831678]]],[[[124.97635650634822,11.383460033863315],[124.97474670410178,11.383049953907484],[124.9762115478519,11.385259617296503],[124.97663116455091,11.384770382372976],[124.97635650634822,11.383460033863315]]],[[[124.97454071044976,11.375530231927575],[124.97370147705101,11.376290310357087],[124.97425842285213,11.37862967345377],[124.97516632080114,11.378080357047965],[124.97454071044976,11.375530231927575]]],[[[124.97219085693428,11.421110142174596],[124.97411346435581,11.41841029018648],[124.96862792968807,11.417969692653214],[124.96891021728582,11.422289837303659],[124.97219085693428,11.421110142174596]]],[[[124.97222137451226,11.303330410505064],[124.97347259521528,11.301239956404917],[124.97277832031283,11.300279606368592],[124.97110748291071,11.300829876448951],[124.97222137451226,11.303330410505064]]],[[[124.96278381347699,11.427780140338793],[124.96166992187558,11.428609836993767],[124.96263885498067,11.430689800676678],[124.96389007568405,11.43027972072101],[124.96278381347699,11.427780140338793]]],[[[124.95983886718797,12.559559810330006],[124.9566574096683,12.558620441128948],[124.95500183105527,12.560000407863859],[124.9577789306643,12.560830104518173],[124.95983886718797,12.559559810330006]]],[[[124.92250061035199,11.606109607992313],[124.9222335815433,11.608610142048164],[124.92333221435601,11.608889568623185],[124.92388916015638,11.607219684895927],[124.92250061035199,11.606109607992313]]],[[[124.91546630859406,11.596690166775854],[124.90808105468807,11.592390049285713],[124.90422821044966,11.599269855799706],[124.90598297119197,11.599949825586966],[124.91546630859406,11.596690166775854]]],[[[124.90972137451217,11.428330410419674],[124.90805816650402,11.43027972072101],[124.90750122070367,11.43527983515797],[124.91110992431649,11.432499874528038],[124.90972137451217,11.428330410419674]]],[[[124.90660095214844,11.57985972245078],[124.90556335449261,11.581390369728025],[124.90693664550837,11.583330143285893],[124.90805816650402,11.582220066382284],[124.90660095214844,11.57985972245078]]],[[[124.90471649169967,11.692500103235682],[124.90129089355479,11.687029827360444],[124.89644622802791,11.685259807830146],[124.90725708007844,11.699239719625265],[124.90471649169967,11.692500103235682]]],[[[124.89277648925778,11.607950199422218],[124.90650939941406,11.588720310518788],[124.88697814941452,11.582200039222103],[124.87635040283249,11.592020023651635],[124.89277648925778,11.607950199422218]]],[[[124.89871978759831,11.452400196474823],[124.90424346923841,11.450880039615704],[124.90396118164072,11.448610294743782],[124.89774322509811,11.452679623049299],[124.89871978759831,11.452400196474823]]],[[[124.83277893066439,11.6927795298102],[124.85964965820381,11.691929805994441],[124.86949157714879,11.674500454199741],[124.88990020751987,11.680299747713857],[124.89476013183629,11.66495989634463],[124.87197875976597,11.64927958324451],[124.8812179565433,11.624059665963653],[124.83545684814455,11.631779659550084],[124.83457915344178,11.63676758822827],[124.83338165283247,11.636589992798637],[124.83281707763685,11.637610424316765],[124.83394622802778,11.63759039715644],[124.83454091763059,11.636984881893813],[124.82182312011716,11.709259975660629],[124.83277893066439,11.6927795298102]]],[[[124.89256286621139,11.460470188534492],[124.89285278320347,11.459099758543037],[124.89026641845749,11.461720455562396],[124.89250183105516,11.462129581844495],[124.89256286621139,11.460470188534492]]],[[[124.89135742187545,11.429650295672504],[124.88630676269575,11.438969601085994],[124.88719177246149,11.440770138194374],[124.89261627197334,11.43791960566452],[124.89135742187545,11.429650295672504]]],[[[124.8896865844729,11.658479679368641],[124.88844299316429,11.659770000717991],[124.89026641845749,11.661860454818353],[124.89124298095737,11.660079944870642],[124.8896865844729,11.658479679368641]]],[[[124.88334655761764,11.704339969865911],[124.88790130615267,11.694809902428357],[124.86988067626984,11.714819896921878],[124.87407684326207,11.713129986034444],[124.88334655761764,11.704339969865911]]],[[[124.88687896728563,11.646349895746551],[124.88725280761766,11.64196966961429],[124.88201141357466,11.640099514280946],[124.8809890747076,11.642709720883104],[124.88687896728563,11.646349895746551]]],[[[124.8777313232423,9.008339872703882],[124.86988830566403,9.010970106466319],[124.87642669677759,9.016799917557893],[124.88040924072334,9.012439718586853],[124.8777313232423,9.008339872703882]]],[[[124.87750244140658,11.73639010259624],[124.87361145019588,11.741669643608336],[124.87444305419966,11.744999874319229],[124.87750244140658,11.744720447744555],[124.87750244140658,11.73639010259624]]],[[[124.87599182128903,11.618109691907478],[124.8745727539067,11.619750011730888],[124.87634277343795,11.621000278758812],[124.87729644775433,11.618809688855603],[124.87599182128903,11.618109691907478]]],[[[124.8719482421877,11.746669758046156],[124.87027740478558,11.74860953160387],[124.87000274658249,11.750559795579905],[124.87277984619206,11.749999988756832],[124.8719482421877,11.746669758046156]]],[[[124.87219238281293,11.432370174821138],[124.8722534179691,11.431819904740856],[124.87090301513739,11.43272971003813],[124.87064361572295,11.434249866897243],[124.87219238281293,11.432370174821138]]],[[[124.85527801513707,11.433890331680418],[124.85056304931695,11.434439648086144],[124.84916687011784,11.436109531812972],[124.85472106933595,11.439169872692585],[124.85527801513707,11.433890331680418]]],[[[124.85355377197334,11.562410343495266],[124.85196685791061,11.564479816760795],[124.85339355468808,11.566570270860925],[124.85402679443402,11.565179813708541],[124.85355377197334,11.562410343495266]]],[[[124.85333251953182,11.551939953182591],[124.85262298583984,11.552680004451412],[124.85333251953182,11.554349888178812],[124.8537368774421,11.55241011462021],[124.85333251953182,11.551939953182591]]],[[[124.85182189941429,11.559740055411146],[124.84932708740293,11.560720432607871],[124.84950256347668,11.562319744434989],[124.85201263427757,11.561829555837221],[124.85182189941429,11.559740055411146]]],[[[124.73179626464844,11.72601984808665],[124.75521087646506,11.677490223179637],[124.7821884155279,11.691189754725801],[124.76773834228551,11.669199932352662],[124.80721282959017,11.645500171931372],[124.78778839111371,11.619440067578266],[124.79560852050827,11.600569713892234],[124.84999084472713,11.600620258631084],[124.82318115234386,11.529490459789598],[124.79116058349665,11.54843043170071],[124.8055572509771,11.56610964616641],[124.76579284668024,11.574279774029456],[124.76129913330135,11.608169544514901],[124.7823867797857,11.595560062711744],[124.78861236572311,11.606940258321822],[124.74884796142614,11.649780262260316],[124.73631286621149,11.640319813047533],[124.73055267333983,11.675000179541204],[124.7202911376959,11.667730320231671],[124.72437286376999,11.695159900902407],[124.70583343505906,11.713609684214816],[124.72055816650438,11.705280292741362],[124.73000335693405,11.7144403345445],[124.71617889404305,11.726329792239298],[124.73179626464844,11.72601984808665]]],[[[124.82634735107477,11.814829815069249],[124.83718872070358,11.813879955450858],[124.83431243896484,11.794380176715771],[124.82021331787153,11.810090053719506],[124.82634735107477,11.814829815069249]]],[[[124.822189331055,11.43029021113842],[124.81861877441463,11.43187998622282],[124.81950378418013,11.434479702407],[124.82230377197321,11.433790195877384],[124.822189331055,11.43029021113842]]],[[[124.8172225952153,11.81667040649842],[124.81777954101582,11.81888960663143],[124.81971740722689,11.818059909976917],[124.81971740722689,11.81667040649842],[124.8172225952153,11.81667040649842]]],[[[124.81452941894553,12.613369929926359],[124.81217956543001,12.615079867974988],[124.81215667724678,12.618749606742378],[124.81703948974643,12.616749751701445],[124.81452941894553,12.613369929926359]]],[[[124.80803680419979,11.519920338030754],[124.80207061767612,11.520759571428856],[124.8157730102541,11.52589033924757],[124.80787658691449,11.52159022175744],[124.80803680419979,11.519920338030754]]],[[[124.71056365966854,9.256939878601935],[124.7788162231451,9.203709593001417],[124.79163360595757,9.131429662946244],[124.80664062500034,9.12106989885506],[124.77565002441439,9.080100050256732],[124.67675018310581,9.118949880851789],[124.63517761230504,9.169879904002961],[124.64295959472715,9.232939710775272],[124.71056365966854,9.256939878601935]]],[[[124.80474853515625,11.796079624346694],[124.80351257324217,11.795009601764505],[124.80055999755916,11.796110141924865],[124.80621337890692,11.798620212723979],[124.80474853515625,11.796079624346694]]],[[[124.7984008789068,11.526949871412343],[124.80027008056638,11.525799740187303],[124.7979431152346,11.523449886673218],[124.79490661621138,11.52696036182977],[124.7984008789068,11.526949871412343]]],[[[124.79945373535213,11.794440258197898],[124.79805755615268,11.79306029146293],[124.7960433959965,11.794239986591482],[124.7983322143559,11.7955598718443],[124.79945373535213,11.794440258197898]]],[[[124.78978729248092,10.13131998960392],[124.79019165039131,10.130229939860786],[124.79611206054744,10.128609647198793],[124.78943634033256,10.128330220623772],[124.78978729248092,10.13131998960392]]],[[[124.78833007812533,11.55055998644782],[124.78611755371115,11.548660267210977],[124.78294372558659,11.548689831114462],[124.78893280029344,11.552309978817346],[124.78833007812533,11.55055998644782]]],[[[124.78256225586006,11.670289982095541],[124.78000640869163,11.671560276284213],[124.77958679199261,11.67257975412754],[124.78267669677757,11.672969806922293],[124.78256225586006,11.670289982095541]]],[[[124.77966308593784,11.88759039699226],[124.77818298339896,11.891019809831377],[124.77852630615233,11.891799915422206],[124.78244781494185,11.890299785723235],[124.77966308593784,11.88759039699226]]],[[[124.75195312500057,11.73917006322661],[124.7791213989259,11.7256297952915],[124.76496887207067,11.698309887167408],[124.74683380126996,11.71135042976097],[124.75195312500057,11.73917006322661]]],[[[124.77221679687534,11.877499569056841],[124.768379211426,11.874620426297541],[124.76640319824253,11.874629963040288],[124.76721191406305,11.878170002100966],[124.77221679687534,11.877499569056841]]],[[[124.75833129882822,11.60527991133804],[124.75639343261753,11.608889568623185],[124.75666809082064,11.610280025775577],[124.76027679443429,11.606670368490436],[124.75833129882822,11.60527991133804]]],[[[124.75675201416063,11.628439892096463],[124.75660705566449,11.629870403570134],[124.75758361816463,11.629989612859626],[124.75763702392575,11.628939617437599],[124.75675201416063,11.628439892096463]]],[[[124.74855041503953,10.246190060927624],[124.74870300292982,10.24917029316414],[124.75158691406273,10.249939908336563],[124.75182342529294,10.248609532665913],[124.74855041503953,10.246190060927624]]],[[[124.74019622802777,11.808699596567276],[124.73787689209027,11.81198023621379],[124.7374572753912,11.820369709169814],[124.74273681640695,11.813830364385929],[124.74019622802777,11.808699596567276]]],[[[124.73444366455124,11.78277968233876],[124.73444366455124,11.784999836145968],[124.73610687255902,11.784440029322683],[124.73528289794943,11.78277968233876],[124.73444366455124,11.78277968233876]]],[[[124.73473358154332,11.789999950583587],[124.733047485352,11.790559757407067],[124.73361206054744,11.792779911214145],[124.73528289794943,11.791110027487193],[124.73473358154332,11.789999950583587]]],[[[124.7258911132817,11.819540012514976],[124.72435760498045,11.823539722595106],[124.72837829589886,11.828280437619158],[124.73052215576237,11.825599659117414],[124.7258911132817,11.819540012514976]]],[[[124.72395324707077,11.788869846519447],[124.72138977050815,11.789719570334803],[124.72334289550838,11.791939724141875],[124.72440338134824,11.791150081808471],[124.72395324707077,11.788869846519447]]],[[[124.72248077392646,11.895810115919964],[124.72113800048841,11.893139827835748],[124.71894836425793,11.894410122024457],[124.72334289550838,11.898059833630933],[124.72248077392646,11.895810115919964]]],[[[124.7212753295903,10.493559826977485],[124.7190551757818,10.496025075083354],[124.72045898437544,10.498024930123284],[124.72315216064511,10.495985974436767],[124.7212753295903,10.493559826977485]]],[[[124.71930694580135,10.502347935796145],[124.71792602539085,10.503870953678781],[124.72042083740301,10.504458417057432],[124.72034454345737,10.503452290654295],[124.71930694580135,10.502347935796145]]],[[[124.71913146972699,11.840959537646901],[124.71705627441462,11.842260349413689],[124.71823883056672,11.84383009733809],[124.71952819824274,11.84214018645048],[124.71913146972699,11.840959537646901]]],[[[124.71749877929733,11.672780025733976],[124.71749877929733,11.673890102637612],[124.71888732910224,11.675000179541204],[124.71916961669945,11.672780025733976],[124.71749877929733,11.672780025733976]]],[[[124.71579742431653,11.734889972897156],[124.71806335449219,11.734169948788987],[124.71875000000045,11.730839718078133],[124.71257019043026,11.737250316828682],[124.71579742431653,11.734889972897156]]],[[[124.71446990966865,11.900079715831344],[124.71042633056673,11.90546988306456],[124.71540069580122,11.908829677678723],[124.71713256835946,11.903349865060651],[124.71446990966865,11.900079715831344]]],[[[124.7135925292973,10.496186246042472],[124.71154785156294,10.497104634408778],[124.71142578125058,10.500951756597932],[124.71672058105501,10.498636235360024],[124.7135925292973,10.496186246042472]]],[[[124.71450042724678,11.795289982013099],[124.71369171142624,11.796990383317976],[124.71527862548864,11.801389682936813],[124.71633911132848,11.79685019319366],[124.71450042724678,11.795289982013099]]],[[[124.69001770019565,11.835869777824165],[124.707557678223,11.834079731133322],[124.70845031738325,11.824919689329931],[124.69098663330122,11.818929660952262],[124.69001770019565,11.835869777824165]]],[[[124.7065200805664,11.794280040912344],[124.69940948486384,11.801630008864633],[124.69827270507867,11.809080112619501],[124.70340728759831,11.808690059824333],[124.7065200805664,11.794280040912344]]],[[[124.70259857177767,12.530810344404841],[124.6983032226566,12.53075026292282],[124.69670867919969,12.532489764875157],[124.70247650146507,12.535220134441426],[124.70259857177767,12.530810344404841]]],[[[124.6994705200201,11.95695971304859],[124.69972229003949,11.952779758522476],[124.69509124755903,11.955949771948],[124.69592285156281,11.957750309055765],[124.6994705200201,11.95695971304859]]],[[[124.68611145019533,11.828060138852186],[124.68277740478514,11.821940410767798],[124.69715118408268,11.795880306414368],[124.67278289794966,11.821390140687624],[124.68611145019533,11.828060138852186]]],[[[124.69481658935558,11.810890186470534],[124.69428253173896,11.811739910286086],[124.69422149658205,11.8128795510932],[124.6950988769536,11.812859523933025],[124.69481658935558,11.810890186470534]]],[[[124.68776702880926,12.54333018082262],[124.68444824218773,12.54582976120509],[124.68222045898483,12.549719798738739],[124.68701171875057,12.548819530184815],[124.68776702880926,12.54333018082262]]],[[[124.67861175537178,11.837779987478463],[124.67781829833984,11.837909687185704],[124.67687225341841,11.839420307301737],[124.68055725097723,11.838890064382273],[124.67861175537178,11.837779987478463]]],[[[124.66914367675838,10.484999646319599],[124.66972351074264,10.490530003676596],[124.67868804931688,10.492139805921548],[124.67362976074266,10.486419667375742],[124.66914367675838,10.484999646319599]]],[[[124.67353820800825,11.981240261128319],[124.6686477661136,11.981100071004024],[124.66767883300825,11.985799778032353],[124.67420196533247,11.984040248919449],[124.67353820800825,11.981240261128319]]],[[[124.67256164550813,10.515560139766498],[124.66896820068403,10.519319523918963],[124.67106628418014,10.522049893484553],[124.67356872558648,10.518589963067079],[124.67256164550813,10.515560139766498]]],[[[124.64218139648506,11.919460285276735],[124.66397094726598,11.909239757634968],[124.65721130371126,11.889369953265327],[124.63336181640659,11.908960331060449],[124.64218139648506,11.919460285276735]]],[[[124.66165924072288,10.542559613318234],[124.6598281860357,10.5439996615344],[124.65959930419922,10.546259869662897],[124.66169738769531,10.544960011570845],[124.66165924072288,10.542559613318234]]],[[[124.64424896240232,8.492460242099249],[124.64486694335993,8.493430128878192],[124.64869689941474,8.495510092560115],[124.64618682861398,8.493220320528673],[124.64424896240232,8.492460242099249]]],[[[124.64824676513705,12.492690074652044],[124.64692687988324,12.492890346258863],[124.6462936401373,12.494270312993935],[124.64755249023504,12.493579852789274],[124.64824676513705,12.492690074652044]]],[[[124.64304351806695,10.119729985645597],[124.63993072509834,10.122719754624821],[124.64328765869176,10.12502955381728],[124.64546966552768,10.122329701829942],[124.64304351806695,10.119729985645597]]],[[[124.64082336425827,10.53402995023866],[124.63527679443393,10.536350239848778],[124.63488006591844,10.539319981667768],[124.641708374024,10.537799824808559],[124.64082336425827,10.53402995023866]]],[[[124.62796020507858,11.907500255682738],[124.62480926513719,11.913269985293267],[124.62859344482453,11.914429653260944],[124.63107299804722,11.912540424441708],[124.62796020507858,11.907500255682738]]],[[[124.61682891845759,11.919870365232985],[124.61563873291014,11.924920070734656],[124.6223297119145,11.92568968590805],[124.6200714111334,11.921730030148785],[124.61682891845759,11.919870365232985]]],[[[124.61842346191449,10.26278017932297],[124.61649322509766,10.263669957459365],[124.61604309082043,10.265110005676542],[124.61847686767625,10.265130032836895],[124.61842346191449,10.26278017932297]]],[[[124.61763000488313,10.151599873926289],[124.58918762207101,10.11048029845767],[124.60267639160199,10.113149632867414],[124.60423278808652,10.087289800123393],[124.56001281738348,10.09107970185407],[124.5522308349614,10.054789533119633],[124.5348663330084,10.054659833412757],[124.5270080566413,10.08096026369035],[124.53938293457087,10.101849545900786],[124.52500152587913,10.097220410772575],[124.52475738525447,10.117910375051286],[124.5519409179692,10.113329877312957],[124.55500030517625,10.132780064981127],[124.57499694824253,10.111390103754891],[124.58027648925827,10.13916968289616],[124.58611297607479,10.129440297527273],[124.59203338623105,10.146289815337184],[124.61763000488313,10.151599873926289]]],[[[124.42664337158214,11.706669796219323],[124.53668212890669,11.675330150853839],[124.58277893066463,11.568840015732368],[124.61736297607466,11.543530453066186],[124.60565185546886,11.488539684670695],[124.57749938964886,11.472499836353565],[124.50392913818426,11.47922991600031],[124.48004150390668,11.462619770442672],[124.4422988891607,11.487569797891581],[124.42212677001984,11.540579784733417],[124.40611267089841,11.536109913214988],[124.39122009277376,11.55928992113423],[124.39541625976597,11.594840038602689],[124.35621643066447,11.64358042553351],[124.36028289794979,11.657759655260538],[124.33389282226608,11.676110256444835],[124.42664337158214,11.706669796219323]]],[[[124.29264831543016,10.172750462899527],[124.34182739257845,10.137610425389845],[124.34139251709051,10.114720334465217],[124.36898040771504,10.154149999046988],[124.39206695556686,10.130430211467397],[124.3894424438481,10.103380193177374],[124.39806365966821,10.088330258801957],[124.39415740966817,10.106109609068527],[124.41610717773482,10.102219571535361],[124.48043060302743,10.056440343360123],[124.50498199462936,10.076219548667083],[124.54734039306672,10.04028033208095],[124.5699996948248,9.976389874977054],[124.56166076660158,9.970279683636011],[124.5575027465826,9.973329534097898],[124.56194305419923,9.99499987557305],[124.5454864501959,9.98935984567014],[124.554550170899,9.929420461255855],[124.5372161865239,9.922499646747408],[124.57652282714879,9.911820401760538],[124.55931854248102,9.872289647701503],[124.51374053955102,9.849519719741354],[124.59668731689463,9.805089940723407],[124.59055328369139,9.753330220915434],[124.57082366943405,9.73211955046118],[124.51998138427736,9.721670140983985],[124.49717712402376,9.761770238609],[124.48444366455143,9.760560025902656],[124.44711303710972,9.721329679253829],[124.40814208984385,9.709670057070303],[124.39910888671896,9.652440061388548],[124.25769805908268,9.59794997201517],[124.18654632568429,9.609709730001613],[124.05834197998117,9.588620176185383],[123.85357666015672,9.636369695495228],[123.84423065185592,9.667369832799928],[123.8699264526374,9.717229833370672],[123.8621520996098,9.715140332944847],[123.84868621826206,9.71901034331759],[123.86257171630879,9.723959913016403],[123.83851623535165,9.741620053993497],[123.78701782226574,9.739279737223086],[123.78447723388742,9.793060292905839],[123.80579376220747,9.833100309048636],[123.78861236572266,9.863059987675177],[123.81582641601617,9.854720105784784],[123.81021118164121,9.840880384115792],[123.83995056152409,9.883489598865141],[123.87254333496139,9.896160115823136],[123.88063812255857,9.928569783766111],[123.89167022705146,9.911800374600023],[123.96042633056663,9.956640233573737],[124.02610778808662,9.967499723006494],[124.0621032714848,10.068079938382796],[124.09867858886729,10.066379537078134],[124.1524505615239,10.153579701806185],[124.2782592773444,10.155110349082545],[124.29264831543016,10.172750462899527]]],[[[124.57917022705101,10.146389951140197],[124.58277893066463,10.14360999050945],[124.58083343505916,10.141389836703189],[124.5787811279299,10.141839970980064],[124.57917022705101,10.146389951140197]]],[[[124.57199096679756,9.955929746208291],[124.56948089599607,9.96193980174614],[124.57167816162168,9.964139928392173],[124.57433319091831,9.960720052296248],[124.57199096679756,9.955929746208291]]],[[[124.56958770751997,9.86458014453411],[124.56944274902365,9.859410276068793],[124.56300354003949,9.851449956556081],[124.56062316894578,9.86310004199585],[124.56958770751997,9.86458014453411]]],[[[124.56051635742188,10.185629834533083],[124.55927276611327,10.189450253841375],[124.56764221191473,10.197409619680476],[124.56797790527355,10.195400227896943],[124.56051635742188,10.185629834533083]]],[[[124.56500244140682,10.813890446555313],[124.546669006348,10.758890141419371],[124.50166320800815,10.728890408469773],[124.49833679199219,10.758609761170424],[124.56500244140682,10.813890446555313]]],[[[124.56455230712957,9.832610120450495],[124.56137847900447,9.833640088711128],[124.56089782714844,9.834890355738922],[124.56408691406305,9.8354501625625],[124.56455230712957,9.832610120450495]]],[[[124.56139373779342,9.83055972067186],[124.56166839599656,9.828330030121794],[124.5588912963867,9.829449643768358],[124.56027984619163,9.830829610503015],[124.56139373779342,9.83055972067186]]],[[[124.55860900878905,10.022219647890907],[124.55695343017646,10.02332972479438],[124.55805206298874,10.025279988769858],[124.55944824218781,10.023610105043154],[124.55860900878905,10.022219647890907]]],[[[124.55402374267612,9.833069791469986],[124.55198669433614,9.834179868373454],[124.55329895019598,9.839900006919187],[124.55703735351582,9.836039533288979],[124.55402374267612,9.833069791469986]]],[[[124.55500030517625,9.926670064529867],[124.55444335937568,9.928330411513425],[124.55695343017646,9.927220334609958],[124.55695343017646,9.926670064529867],[124.55500030517625,9.926670064529867]]],[[[124.55417633056663,11.426119793355404],[124.55281829833993,11.426930416523795],[124.55372619628939,11.43027972072101],[124.55626678466855,11.428219784198864],[124.55417633056663,11.426119793355404]]],[[[124.55110931396543,9.977780332129315],[124.54945373535156,9.97889040903278],[124.54945373535156,9.98083018259086],[124.55106353759801,9.980360021152872],[124.55110931396543,9.977780332129315]]],[[[124.54218292236375,10.123499860215402],[124.53819274902378,10.127140035078309],[124.53990173339876,10.133419980447012],[124.54598236084004,10.12994002286893],[124.54218292236375,10.123499860215402]]],[[[124.52944183349653,10.063059796785014],[124.5280532836916,10.064720143768268],[124.52916717529307,10.066109647246787],[124.53028106689453,10.064439763519678],[124.52944183349653,10.063059796785014]]],[[[124.52742767334038,10.071109761683296],[124.52528381347679,10.072219838586804],[124.52583312988347,10.073610295738863],[124.52687835693371,10.073189725366012],[124.52742767334038,10.071109761683296]]],[[[124.49201965332075,12.580829608596138],[124.50907897949287,12.564800250695635],[124.52088928222713,12.542079913794659],[124.50055694580088,12.53999995011231],[124.47165679931652,12.579170215286215],[124.49201965332075,12.580829608596138]]],[[[124.43930053710938,10.717599858246142],[124.50926971435615,10.679889668454269],[124.51431274414087,10.655579556471933],[124.44246673584028,10.627300251988684],[124.40139770507837,10.628430356052943],[124.3842697143558,10.644300450340438],[124.38095855712936,10.623669613868934],[124.31169128418004,10.586370457707389],[124.27525329589875,10.590579976136814],[124.31587219238347,10.709369648901076],[124.37445831298886,10.690270413380707],[124.38437652587945,10.64914034749269],[124.41264343261774,10.705960263222433],[124.43930053710938,10.717599858246142]]],[[[124.51129913330114,10.092690457773118],[124.51304626464857,10.08806036897066],[124.51212310791036,10.083399762589801],[124.5039367675788,10.091440190745347],[124.51129913330114,10.092690457773118]]],[[[124.51027679443405,12.530280101485376],[124.50805664062536,12.528610217758354],[124.5025024414067,12.532219875043197],[124.50823974609408,12.531760204023477],[124.51027679443405,12.530280101485376]]],[[[124.50595092773473,10.157435407064456],[124.50502777099652,10.158347119709736],[124.50551605224621,10.158992757221975],[124.50628662109433,10.158473004719971],[124.50595092773473,10.157435407064456]]],[[[124.50087738037178,10.1619281667654],[124.50000000000058,10.163590421097727],[124.50091552734433,10.163830747024901],[124.50118255615268,10.162699689286525],[124.50087738037178,10.1619281667654]]],[[[124.48416900634822,12.555279720000504],[124.49276733398457,12.550279605562563],[124.49749755859418,12.539170253457591],[124.49194335937501,12.540559756935428],[124.48416900634822,12.555279720000504]]],[[[124.489608764649,10.238109578450791],[124.48516082763706,10.238030423482599],[124.48165893554732,10.241729726153084],[124.48869323730504,10.242130269365362],[124.489608764649,10.238109578450791]]],[[[124.48513793945337,12.539930331887202],[124.48222351074274,12.540829646766673],[124.48110961914118,12.542499530494164],[124.48278045654327,12.542499530494164],[124.48513793945337,12.539930331887202]]],[[[124.48239898681675,11.455710400024891],[124.47904968261764,11.457559574523192],[124.48078918457031,11.460689533627384],[124.48271179199261,11.457550037779948],[124.48239898681675,11.455710400024891]]],[[[124.47667694091831,12.1039199714384],[124.4752120971682,12.103159893008835],[124.4735336303714,12.103440273257462],[124.47486114501986,12.104189861269587],[124.47667694091831,12.1039199714384]]],[[[124.47619628906284,12.537719714822774],[124.47322845459053,12.539270389260667],[124.47342681884798,12.541040408790884],[124.47579956054734,12.54061030167427],[124.47619628906284,12.537719714822774]]],[[[124.44666290283249,10.252220143625598],[124.45744323730511,10.246129979445108],[124.4707794189459,10.242010106401974],[124.45274353027378,10.2464704411764],[124.44666290283249,10.252220143625598]]],[[[124.46769714355537,12.555029857329783],[124.4676513671876,12.55696009414472],[124.46884155273506,12.55764960067545],[124.46878814697311,12.555809962919572],[124.46769714355537,12.555029857329783]]],[[[124.4489898681643,11.9277896767512],[124.46576690673886,11.888290393940062],[124.41634368896494,11.890800464739],[124.42230987548864,11.92059992608438],[124.4489898681643,11.9277896767512]]],[[[124.45790863037155,10.173640241035915],[124.45918273925835,10.179160107975681],[124.46206665039107,10.179349889164317],[124.46182250976607,10.175029744514413],[124.45790863037155,10.173640241035915]]],[[[124.45572662353563,12.54345034378695],[124.45477294921918,12.546770084080404],[124.45581054687545,12.54922961014031],[124.45802307128915,12.547719943698546],[124.45572662353563,12.54345034378695]]],[[[124.42796325683639,12.579739558852662],[124.45610809326219,12.555000293425948],[124.44642639160199,12.535799968425453],[124.41335296630893,12.556099879912203],[124.42796325683639,12.579739558852662]]],[[[124.44714355468797,12.616339671745935],[124.44027709960983,12.610280025143199],[124.42909240722689,12.616279590264321],[124.43743133544979,12.624469745288454],[124.44714355468797,12.616339671745935]]],[[[124.44210052490303,10.158809651753351],[124.44064331054744,10.160530080218383],[124.442909240723,10.162440289872793],[124.44378662109374,10.160479535479539],[124.44210052490303,10.158809651753351]]],[[[124.44066619873055,12.623680102954797],[124.43888854980534,12.624999988208282],[124.44304656982432,12.624999988208282],[124.44209289550794,12.624030101428891],[124.44066619873055,12.623680102954797]]],[[[124.43594360351608,12.635609614971967],[124.43547058105503,12.63846968424466],[124.43897247314473,12.637669551494184],[124.43876647949277,12.636469829204481],[124.43594360351608,12.635609614971967]]],[[[124.42318725585936,11.989399898574474],[124.43637084960945,11.977470386557867],[124.4263534545903,11.955630291052115],[124.40318298339854,11.966239917815283],[124.40277862548828,11.985830295610377],[124.42318725585936,11.989399898574474]]],[[[124.43155670166061,12.623430240284504],[124.43041992187536,12.62444018138443],[124.43213653564484,12.626009929308928],[124.43298339843817,12.624939906726482],[124.43155670166061,12.623430240284504]]],[[[124.42171310933145,12.641311766463156],[124.4208297729493,12.643259990333524],[124.42166900634808,12.644439685462503],[124.42262074714618,12.64237028736759],[124.42582702636764,12.646109569189363],[124.43187713623092,12.629110324509556],[124.41750335693413,12.626939761766858],[124.41398620605489,12.632300365095722],[124.42171310933145,12.641311766463156]]],[[[124.43052673339842,12.618109691276334],[124.42933654785212,12.61824988140064],[124.42900085449219,12.618590343131647],[124.4317169189459,12.619139659537172],[124.43052673339842,12.618109691276334]]],[[[124.42003631591794,12.668959605797001],[124.42733001709041,12.658160197844447],[124.42517852783237,12.650839793796038],[124.41855621337947,12.656940448394502],[124.42003631591794,12.668959605797001]]],[[[124.20764160156286,14.098950373455269],[124.26671885827038,14.022922192647673],[124.26672363281305,14.023070322833732],[124.2684402465826,14.022680270038189],[124.26853555075543,14.020584240067912],[124.27150726318378,14.016759859885038],[124.28526306152386,13.943770396115587],[124.31449127197277,13.934080111391468],[124.30934143066415,13.894350039389844],[124.32373046875044,13.899459826374596],[124.3293685913087,13.932649599917577],[124.35408782959041,13.939669596557094],[124.3573074340825,13.90571020784103],[124.38490295410176,13.892900454429517],[124.38855743408234,13.871399866977251],[124.39572906494185,13.899220454121435],[124.41494750976584,13.86655996982392],[124.39975738525459,13.860619532509581],[124.4215164184576,13.847089754990026],[124.39949798584007,13.83586023992006],[124.41519927978527,13.835359560904188],[124.41001892089879,13.814049708314991],[124.4260711669923,13.79640959449337],[124.39363098144574,13.779689776386308],[124.41047668457101,13.752229678134016],[124.39427947998081,13.749230372410175],[124.38500976562543,13.716070162771976],[124.41634368896494,13.664409625078925],[124.37834167480514,13.643750178373526],[124.37802124023494,13.661930071857562],[124.36583709716862,13.659170138387402],[124.34216308593805,13.639909731903222],[124.35101318359419,13.595549571098976],[124.32666778564487,13.557220446668477],[124.34542846679753,13.548999774065479],[124.31739807128972,13.552120196427005],[124.31477355957075,13.585419642515356],[124.28739929199266,13.59315012652014],[124.29514312744199,13.604969965991415],[124.21459960937533,13.565230357247767],[124.20818328857442,13.516400324925023],[124.1717071533209,13.531080233669282],[124.10842895507837,13.591857897821452],[124.04778289794942,13.601670252857886],[124.04698181152386,13.606780039843049],[124.05549621582085,13.603199946461233],[124.06381988525435,13.616259562543025],[124.0232162475586,13.66265963270912],[124.09509277343793,13.704569804196204],[124.13575744628949,13.795439707714067],[124.12803649902389,13.884839999110982],[124.1480636596684,13.92663954437849],[124.12783813476618,13.977000223979807],[124.1395492553714,14.014710413780598],[124.12619781494173,14.060600268188884],[124.17082977294953,14.051250445195372],[124.20764160156286,14.098950373455269]]],[[[124.42250061035192,13.775830256429876],[124.42111206054699,13.778610217061017],[124.42305755615304,13.779170023884399],[124.42472076416061,13.776940333333684],[124.42250061035192,13.775830256429876]]],[[[124.42278289794965,13.807220446538576],[124.42445373535165,13.805560099554368],[124.42373657226604,13.80375956244584],[124.42111206054699,13.805279719305153],[124.42278289794965,13.807220446538576]]],[[[124.4154205322268,10.202030171739734],[124.4129028320317,10.202099789964596],[124.41210174560592,10.203700055466442],[124.4185104370117,10.203350056992418],[124.4154205322268,10.202030171739734]]],[[[124.40351867675827,12.676480281451681],[124.41699218750055,12.6625299335596],[124.41822052001989,12.65062044870318],[124.39514160156283,12.674880015949734],[124.40351867675827,12.676480281451681]]],[[[124.40783691406305,13.771400439232155],[124.41333007812568,13.769439684838998],[124.41110992431696,13.765560137722007],[124.40355682373091,13.770919787377556],[124.40783691406305,13.771400439232155]]],[[[124.40598297119165,11.926360118951981],[124.40479278564496,11.927880275811486],[124.40653991699277,11.92905997094006],[124.4081726074221,11.927829731072622],[124.40598297119165,11.926360118951981]]],[[[124.4045028686528,10.245189656569913],[124.40247344970736,10.246150006606378],[124.40239715576172,10.246979703260802],[124.40495300293004,10.246569623305152],[124.4045028686528,10.245189656569913]]],[[[124.40112304687568,13.719019877430528],[124.39613342285223,13.715299593924694],[124.39375305175837,13.716819750784191],[124.39998626709053,13.721280085559508],[124.40112304687568,13.719019877430528]]],[[[124.35888671875043,12.628330218919329],[124.3933715820318,12.603369701050523],[124.39611053466842,12.579449641861075],[124.3630523681646,12.594440448431667],[124.36265114040732,12.59770464934143],[124.36106109619162,12.594010341314888],[124.35381317138695,12.623410213123606],[124.35983512523252,12.620614428459897],[124.35888671875043,12.628330218919329]]],[[[124.39333343505861,10.993060101273487],[124.39221954345714,10.994999874831695],[124.39415740966817,10.995829571485924],[124.3952789306646,10.994449604751196],[124.39333343505861,10.993060101273487]]],[[[124.39333343505861,12.679439532853836],[124.39333343505861,12.681110370254952],[124.3952789306646,12.680560100174928],[124.39389038085973,12.679439532853836],[124.39333343505861,12.679439532853836]]],[[[124.39296722412152,12.636429774883585],[124.39148712158223,12.638600337626398],[124.39466094970737,12.639109599711192],[124.39485168457065,12.637399661662432],[124.39296722412152,12.636429774883585]]],[[[124.38999938964845,11.039170254439128],[124.39318847656307,11.037409771651822],[124.3927001953132,11.035630215379026],[124.38777923584048,11.036390293808529],[124.38999938964845,11.039170254439128]]],[[[124.36093139648483,12.694390285103054],[124.37437163323578,12.689019562054884],[124.37473297119175,12.692219722360282],[124.37625122070344,12.69277952918354],[124.37769317626953,12.690469729990701],[124.37559171350752,12.688532017575021],[124.38861083984432,12.683329570387537],[124.39318847656307,12.639789569498134],[124.36499786376984,12.655559527984803],[124.36093139648483,12.694390285103054]]],[[[124.38083648681673,10.184720029235962],[124.3925018310548,10.177499760991928],[124.35212707519565,10.165430058852788],[124.3499984741213,10.174630154976228],[124.38083648681673,10.184720029235962]]],[[[124.39090728759788,12.632060039168536],[124.38993072509774,12.633410441999402],[124.39111328125044,12.635000217084073],[124.39221954345714,12.6336097599318],[124.39090728759788,12.632060039168536]]],[[[124.38816833496129,10.981670368920408],[124.38398742675781,10.985659588582918],[124.38704681396541,10.989930142168882],[124.39064025878973,10.984210003623309],[124.38816833496129,10.981670368920408]]],[[[124.38445281982453,11.02167033074543],[124.38971710205135,11.005829800360617],[124.38667297363328,11.001110066172583],[124.37782287597722,11.02398012993821],[124.38445281982453,11.02167033074543]]],[[[124.38722229003942,10.996390331984006],[124.38610839843795,10.994170178177093],[124.38333129882855,10.99750040888742],[124.38667297363328,10.999649990794955],[124.38722229003942,10.996390331984006]]],[[[124.38471984863347,13.636939990083631],[124.38194274902368,13.636110293428832],[124.38471984863347,13.642219531096258],[124.38555908203182,13.641389834441616],[124.38471984863347,13.636939990083631]]],[[[124.3629379272462,12.589630115182638],[124.38493347168001,12.584440219555864],[124.38221740722715,12.567500102683454],[124.36208343505868,12.563329684900616],[124.3629379272462,12.589630115182638]]],[[[124.38416290283237,10.240830411273551],[124.3842697143558,10.228159894315251],[124.3794479370123,10.22638987478529],[124.37917327880916,10.239999760944523],[124.38416290283237,10.240830411273551]]],[[[124.37918090820335,10.933959950253056],[124.37973785400446,10.933329571530372],[124.37548828125034,10.93389033202832],[124.37702178955112,10.935270298763056],[124.37918090820335,10.933959950253056]]],[[[124.37872314453166,10.931449879454556],[124.37793731689476,10.932419766233645],[124.37872314453166,10.932970036313773],[124.3796234130864,10.932140339658794],[124.37872314453166,10.931449879454556]]],[[[124.37082672119139,12.648889529820012],[124.37917327880916,12.64278029215254],[124.37860870361352,12.63082979930051],[124.37380218505905,12.633350360517813],[124.37082672119139,12.648889529820012]]],[[[124.37658691406305,11.037030209274514],[124.37335968017602,11.046150196755917],[124.37805175781318,11.049719799719169],[124.37846374511773,11.03905009147518],[124.37658691406305,11.037030209274514]]],[[[124.37016296386717,11.952529895851635],[124.37256622314496,11.939319599229337],[124.36298370361398,11.937540042956078],[124.3649291992192,11.954609859534434],[124.37016296386717,11.952529895851635]]],[[[124.37027740478561,12.696109759894654],[124.37007141113335,12.694100368111004],[124.36728668212925,12.696040141669211],[124.36833190917999,12.698060023870644],[124.37027740478561,12.696109759894654]]],[[[124.3600006103521,12.662219989406937],[124.3672332763673,12.647219646092504],[124.36583709716862,12.64305971872742],[124.35582733154342,12.656109798065371],[124.3600006103521,12.662219989406937]]],[[[124.36583709716862,11.61777972059486],[124.36138916015622,11.6175002940202],[124.36083221435594,11.61861037092325],[124.36694335937511,11.618329990674653],[124.36583709716862,11.61777972059486]]],[[[124.36134338378926,11.688899982693632],[124.35801696777413,11.691320408106629],[124.36126708984443,11.694490421532487],[124.36327362060592,11.69184969735234],[124.36134338378926,11.688899982693632]]],[[[124.35286712646551,10.208979596477981],[124.34866333007835,10.212849606850863],[124.35439300537178,10.215499867774602],[124.35605621337938,10.212420453408784],[124.35286712646551,10.208979596477981]]],[[[124.35420989990301,11.940380085067863],[124.35368347168011,11.941820133285402],[124.35498046875033,11.942410457686828],[124.35581207275412,11.940999973373126],[124.35420989990301,11.940380085067863]]],[[[124.3365097045903,13.970159518111256],[124.35456085205132,13.946080195308836],[124.32637786865268,13.941410052183647],[124.30745697021543,13.980870234353672],[124.32174682617254,13.961620318286833],[124.32568359375023,13.986920344213722],[124.3365097045903,13.970159518111256]]],[[[124.32299041748105,11.813449848334413],[124.34731292724666,11.809060085458759],[124.3505401611329,11.790550220663391],[124.32460784912175,11.759490001872953],[124.292098999024,11.788330066856123],[124.32299041748105,11.813449848334413]]],[[[124.34443664550791,11.627220142646172],[124.34194183349656,11.62917040662219],[124.34278106689486,11.630559910100505],[124.34500122070358,11.629440296453371],[124.34443664550791,11.627220142646172]]],[[[124.3375778198249,11.70722960304279],[124.33598327636743,11.708539951552497],[124.33953094482453,11.70804022621119],[124.33925628662142,11.7074804193877],[124.3375778198249,11.70722960304279]]],[[[124.33267211914097,11.959950435702881],[124.33889007568403,11.938599575120662],[124.31124877929699,11.901949871164579],[124.27928161621152,11.897720325574625],[124.28021240234409,11.929030407036214],[124.33267211914097,11.959950435702881]]],[[[124.33805847168026,10.248889912915212],[124.33471679687568,10.247500409437212],[124.33334350585973,10.249440182995503],[124.33805847168026,10.25028037006766],[124.33805847168026,10.248889912915212]]],[[[124.33611297607419,13.562499987681077],[124.33583068847653,13.560279833873903],[124.33389282226608,13.561389910777665],[124.33528137207044,13.563329684336034],[124.33611297607419,13.562499987681077]]],[[[124.33200073242223,11.671159733071644],[124.32717132568405,11.671290386452284],[124.32685089111362,11.675270069372415],[124.32781982421874,11.675909984838237],[124.33200073242223,11.671159733071644]]],[[[124.33193206787155,10.223520268769068],[124.32408905029328,10.216460217809985],[124.31804656982445,10.215829839087352],[124.32491302490256,10.22397040304597],[124.33193206787155,10.223520268769068]]],[[[124.32894897460973,12.360609996608225],[124.32774353027386,12.36254977016662],[124.32937622070381,12.365229594993837],[124.3310470581058,12.363479602624517],[124.32894897460973,12.360609996608225]]],[[[124.31749725341844,10.725830067590813],[124.32026672363314,10.72443961043832],[124.3261108398442,10.713890065157978],[124.31472015380928,10.7211103334018],[124.31749725341844,10.725830067590813]]],[[[124.32113647460972,12.561050403285353],[124.31777954101632,12.56861017958734],[124.31977081298848,12.570289600057261],[124.32404327392635,12.565719592735796],[124.32113647460972,12.561050403285353]]],[[[124.30486297607432,13.96415995299004],[124.30667877197334,13.960240351551798],[124.298622131348,13.952750193474193],[124.29889678955145,13.964090334764576],[124.30486297607432,13.96415995299004]]],[[[124.30296325683649,10.183520306946875],[124.30222320556662,10.178609837894863],[124.29532623291028,10.180069913272387],[124.29915618896538,10.186860074400325],[124.30296325683649,10.183520306946875]]],[[[124.29208374023447,10.240619649249705],[124.29309844970734,10.243470181779193],[124.29940032958983,10.246809949232818],[124.29635620117229,10.243269910172902],[124.29208374023447,10.240619649249705]]],[[[124.29110717773494,10.25111006672225],[124.2967529296876,10.248609532665913],[124.29744720459009,10.24709032948157],[124.2938919067384,10.246390332533688],[124.29110717773494,10.25111006672225]]],[[[124.28344726562567,12.749930369908792],[124.28179168701229,12.752739894443891],[124.2822418212895,12.755100238375574],[124.28459930419957,12.75327967410647],[124.28344726562567,12.749930369908792]]],[[[124.2825469970704,10.224940289825188],[124.28038787841865,10.226889600126226],[124.28192901611364,10.22883986410205],[124.28457641601585,10.226829518644761],[124.2825469970704,10.224940289825188]]],[[[124.28421783447301,10.193550099724682],[124.28083038330087,10.187499989866236],[124.27166748046918,10.1927795308776],[124.2733306884772,10.1944398778614],[124.28421783447301,10.193550099724682]]],[[[124.28250122070347,14.107500063698238],[124.28098297119173,14.108480440895146],[124.28114318847676,14.109060274879083],[124.28360748291071,14.108889567176632],[124.28250122070347,14.107500063698238]]],[[[124.28305816650456,12.755829799227108],[124.28118133544923,12.757499682954098],[124.28131866455135,12.758549678376033],[124.28318786621095,12.757089602998386],[124.28305816650456,12.755829799227108]]],[[[124.28022003173858,11.890199649920184],[124.27896881103561,11.887120235554045],[124.27652740478563,11.888170230976254],[124.27677154541081,11.890040386309442],[124.28022003173858,11.890199649920184]]],[[[124.2764663696291,12.361989963343106],[124.24928283691462,12.404379833006573],[124.24558258056686,12.45965002798064],[124.2799301147464,12.413999545830686],[124.2764663696291,12.361989963343106]]],[[[124.26692199707088,11.582500446631466],[124.27609252929709,11.563790310230086],[124.26445007324239,11.553059566829496],[124.2542114257817,11.578789699868596],[124.26692199707088,11.582500446631466]]],[[[124.27027893066473,11.77305983371244],[124.26458740234375,11.765569675636048],[124.26468658447266,11.76158045597328],[124.2636108398444,11.76721953220206],[124.27027893066473,11.77305983371244]]],[[[124.26027679443403,10.206669797285512],[124.23528289794967,10.178059567815081],[124.1975021362307,10.187219609616935],[124.20333099365304,10.19694041191718],[124.26027679443403,10.206669797285512]]],[[[124.2542572021491,11.113969792045237],[124.24836730957063,11.11357973924992],[124.24671936035179,11.11410044542627],[124.25305938720749,11.115699757254012],[124.2542572021491,11.113969792045237]]],[[[124.22451782226595,12.081809986100527],[124.23722076416013,12.081939685807974],[124.23757934570355,12.058039653779174],[124.21527862548861,12.066940296168928],[124.1759872436527,12.030570018787529],[124.1453475952155,12.045789707193379],[124.1680526733405,12.076669681539046],[124.22451782226595,12.081809986100527]]],[[[124.1300277709961,13.23591040350694],[124.20377349853527,13.211649882585231],[124.21708679199253,13.175490367224626],[124.10527801513727,13.187100398345784],[124.0582962036136,13.206970202717244],[124.1300277709961,13.23591040350694]]],[[[124.20073699951226,12.096070278144822],[124.19912719726585,12.089730251293878],[124.19357299804756,12.092060077647137],[124.19471740722722,12.09527968213749],[124.20073699951226,12.096070278144822]]],[[[124.1959609985357,7.1899900360551925],[124.19268798828179,7.190770141645051],[124.19938659667979,7.192709915203002],[124.19790649414108,7.190889827771791],[124.1959609985357,7.1899900360551925]]],[[[122.5225067138675,14.344349848435506],[122.61015319824219,14.31443022412132],[122.59678649902378,14.303299891179703],[122.62033843994185,14.289090143872015],[122.63143920898483,14.321599947628625],[122.63137054443418,14.284919726087942],[122.65008544921922,14.276983248430723],[122.63751983642611,14.290294634532593],[122.6490097045904,14.3149499766231],[122.65894317626974,14.289830195141354],[122.66477966308639,14.300820337958243],[122.6935729980473,14.284870135023885],[122.67043304443416,14.341520296739898],[122.71338653564509,14.339909540820177],[122.72377777099666,14.311440455140646],[122.7510681152346,14.32802008312373],[122.77440643310558,14.320509897885563],[122.79518890380903,14.30504988354949],[122.78624725341855,14.285699831678903],[122.8073883056645,14.283450113967413],[122.79965972900435,14.27744959517124],[122.80336761474608,14.26002978011641],[122.78426361084053,14.254190432279437],[122.80892181396527,14.254899965970292],[122.80404663085983,14.277970301347882],[122.84832000732489,14.281049715713982],[122.91425323486375,14.220299708113814],[122.88937377929722,14.221179949507107],[122.91249847412121,14.21436976121724],[122.9145889282231,14.19359968829035],[122.93801116943393,14.190529810666773],[122.9885864257817,14.123640047820736],[123.0142593383796,14.111780154027757],[122.9931030273443,14.101499544902177],[122.9956436157231,14.083909975819212],[122.98046112060582,14.079110132987067],[122.9801788330078,14.076089846428486],[122.99549865722679,14.08075045281028],[122.99668884277388,14.092650400924677],[123.01304626464868,14.100279795452213],[123.00083160400412,14.092499720382762],[123.01277923584017,14.084440218738926],[123.02416992187513,14.113329874791138],[123.0427780151373,14.100000368877625],[123.04875183105469,14.068610178768497],[123.03221893310612,14.06472014123382],[123.03029632568415,14.034020411329374],[123.05702972412142,13.993029581881816],[123.08394622802791,13.981699931008807],[123.09573364257881,13.89262961092397],[123.08252716064496,13.871870028414389],[123.06751251220771,13.87405012790057],[123.04586791992234,13.776679980245053],[123.12288665771541,13.726389872544008],[123.23362731933615,13.730620371809353],[123.27432250976575,13.748900401097313],[123.32177734375034,13.801429736092436],[123.32111358642614,13.787219988785257],[123.32861328125024,13.785280215226678],[123.32624053955121,13.827249514521457],[123.28420257568392,13.896450030233634],[123.33252716064476,13.939310061340061],[123.34107208251997,13.971739756453294],[123.2944869995124,13.926779734502846],[123.26022338867242,13.948039996027752],[123.26499938964868,13.962220179431094],[123.2324295043945,13.967559801926585],[123.22712707519588,13.987850176671786],[123.22857666015648,14.003379809232763],[123.26416778564487,14.011670100061346],[123.23222351074253,14.026390063127725],[123.28721618652399,14.031669604140674],[123.25509643554733,14.072339999018258],[123.27668762207074,14.072230326471852],[123.31777954101562,14.034440028028195],[123.3086090087894,14.067500101864837],[123.34665679931688,14.068610178768497],[123.32861328125024,14.090829836655725],[123.34111022949241,14.105560290139296],[123.36000061035202,14.076669680412438],[123.35542297363325,14.054380404300439],[123.37444305419965,14.041110026193627],[123.35278320312497,14.038610445812187],[123.34333038330114,14.013609873619389],[123.36416625976621,14.009440409510217],[123.38800048828136,14.03505037959078],[123.38298034668034,14.008179652064658],[123.40554809570324,13.997540461395912],[123.39392089843807,13.98701952634305],[123.41618347168,13.984410273414705],[123.40818786621092,13.944580065609442],[123.42961883544967,13.914750086681975],[123.41567993164082,13.893859850791555],[123.41652679443418,13.885820376307864],[123.431503295899,13.910940157789746],[123.43012237548828,13.926110255132695],[123.4440231323249,13.918149935617764],[123.45629119873102,13.932900416262399],[123.445449829102,13.93988989532411],[123.44828033447324,13.970100390303921],[123.5018234252933,13.940959917906655],[123.48954010009764,13.912659632581455],[123.51647186279354,13.930279719242387],[123.54267120361375,13.908769595046378],[123.54470062255916,13.932900416262399],[123.57359313964898,13.916680323497259],[123.57939910888683,13.904439913652233],[123.57166290283246,13.906390177628422],[123.56694793701219,13.901940333270083],[123.58055877685602,13.902500140093819],[123.58255767822321,13.91440962495084],[123.60231018066463,13.893139826682575],[123.6435089111334,13.88232039156889],[123.66375732421909,13.893409716513826],[123.67968750000034,13.877730357086058],[123.71411895751987,13.88333033266903],[123.70169067382832,13.891260134606355],[123.7172470092778,13.922140108955935],[123.7076416015625,13.942979800107215],[123.73840332031273,13.884650217922609],[123.76293915395225,13.870835528673565],[123.76307678222668,13.871060358920719],[123.76470199796869,13.869842974573332],[123.78156280517622,13.860349642678345],[123.77559661865254,13.850449549604523],[123.8474807739259,13.810720431277927],[123.86712646484386,13.825690257014845],[123.8871632093075,13.807359375704253],[123.88938140869206,13.809120165775706],[123.8898010253912,13.807399737309861],[123.888191223145,13.806989657354142],[123.88721124592693,13.807315428766122],[123.88995540399438,13.80480489937732],[123.88945007324273,13.806030260992252],[123.89135742187557,13.805839526129086],[123.89177703857465,13.804599749518346],[123.89134964556553,13.803529358991733],[123.8992080688481,13.79633997626828],[123.94170379638683,13.7953700894888],[123.94840240478537,13.753919589021686],[123.96676635742233,13.757149683929981],[123.97550964355514,13.739850031838875],[123.96923065185578,13.708729731562356],[123.96417236328159,13.726249682419708],[123.93702697753918,13.735449778545197],[123.9324188232425,13.719090449330455],[123.87317657470773,13.737489687906988],[123.83628845214878,13.697600352295694],[123.80229949951196,13.687660204900533],[123.75021362304744,13.710740077020283],[123.67410278320325,13.721030222889057],[123.65738677978513,13.706910120967398],[123.56025695800805,13.736069666850534],[123.57005310058607,13.717309939382652],[123.58393859863314,13.723449694628247],[123.55056762695344,13.675419795056243],[123.53476715087899,13.62090014176387],[123.54522705078158,13.603790270862547],[123.53000640869209,13.604299532947401],[123.55229949951217,13.60175989824391],[123.53035736083982,13.57590960223729],[123.54797363281318,13.552240359390606],[123.58386230468808,13.553750025832697],[123.62476348876989,13.49176024162508],[123.67729187011784,13.478010165338517],[123.74507141113335,13.323550212113526],[123.81410217285163,13.288990008580141],[123.81645202636753,13.25467013097457],[123.83149719238328,13.235989558474976],[123.83200836181696,13.267399775742815],[123.86701202392624,13.240850436462948],[123.86152648925801,13.224260318064333],[123.80153656005879,13.237779605166269],[123.7746810913089,13.227959620735025],[123.75421905517632,13.16829966288256],[123.78581237793034,13.114250171030426],[123.77584075927781,13.089389788964702],[123.75131988525389,13.089539515831948],[123.75956726074277,13.059379565592627],[123.79244232177781,13.046050059680116],[123.81221008300835,13.054229724286905],[123.8389511108402,13.110580432263287],[123.8563232421875,13.109239566175292],[123.87896728515679,13.143199908563268],[123.90630340576217,13.140979754755822],[123.91163635253908,13.122280108770363],[123.9535064697271,13.103670108170386],[123.97235870361396,13.109009730665173],[124.02247619628916,13.052129733443783],[124.06548309326217,13.033160197626877],[124.0763931274416,13.004170405773154],[124.0950012207038,13.011939990424377],[124.11501312255879,13.067310321203756],[124.19075012207098,13.065759646766168],[124.19666290283273,13.038889872916599],[124.17639160156295,13.024439799682495],[124.19851684570358,13.018699633974805],[124.17286682128952,13.003210055736929],[124.16638946533216,13.026670443907188],[124.15750122070358,13.018409716983413],[124.142501831055,12.933890330740125],[124.11694335937534,12.910280215701842],[124.12610626220736,12.892499911757234],[124.1472167968751,12.896530139416395],[124.15603637695378,12.80986021759138],[124.13139343261786,12.732219684189811],[124.13610839843795,12.67055987129892],[124.09461212158271,12.635999667767306],[124.11028289794922,12.59471987500563],[124.0853271484376,12.582550037061312],[124.09942626953169,12.565779674217922],[124.08846215161451,12.54783406713802],[124.09111022949251,12.547499644931912],[124.08999633789072,12.543889987646509],[124.08915710449274,12.54333018082262],[124.08756286992033,12.546362160682827],[124.08117675781297,12.535909640971484],[123.98972320556675,12.544440257726306],[123.93723297119199,12.59943960919527],[123.93554687500067,12.626669871935485],[123.91805267333993,12.617500293388488],[123.9100036621097,12.639719951273252],[123.87526702880925,12.656109798065371],[123.83027648925817,12.828060138234694],[123.84860992431688,12.823889720452156],[123.86694335937555,12.836389529709725],[123.83556365966864,12.836939799790105],[123.8636093139654,12.860050189486172],[123.85861206054689,12.875280368309927],[123.93444824218795,12.844440448284288],[123.94917297363304,12.87611006496501],[123.98555755615277,12.880000102499656],[123.99527740478571,12.863329875458286],[124.01701354980469,12.87666987178869],[124.04139709472724,12.924940097285653],[124.02861022949241,12.967499720979646],[123.94444274902341,12.956109988624997],[123.92166900634811,12.978890407008285],[123.88500213623117,12.977499949855755],[123.88249969482476,12.948889720379913],[123.87027740478584,12.946109759748953],[123.86805725097715,12.942500102463638],[123.88221740722676,12.93749998802526],[123.85527801513726,12.89778040644445],[123.83721923828172,12.904170024360646],[123.83627241904168,12.900804553130357],[123.84004974365291,12.90060042139589],[123.83959960937568,12.897299754588794],[123.83644104003929,12.897390353649083],[123.83608182491213,12.900127085845684],[123.82917022705088,12.875559794885001],[123.81722259521482,12.89000033137569],[123.79611206054754,12.86250017880372],[123.76249694824264,12.88693999049609],[123.76167297363304,12.863610255707437],[123.73388671875045,12.84471987485887],[123.72805786132868,12.870829570278385],[123.71028137207098,12.876429545861],[123.74416351318393,12.881939876058102],[123.73332977294987,12.897219645946638],[123.70805358886729,12.88306044337926],[123.68888854980536,12.896670329540871],[123.70583343505858,12.874999988061287],[123.69222259521496,12.864999759185288],[123.68250274658259,12.875559794885001],[123.6722335815434,12.908889758549488],[123.68222045898494,12.903889644111874],[123.70417022705101,12.934169757314123],[123.71250152587925,12.927220332575065],[123.7180633544923,12.92582987542236],[123.70722198486348,12.935279834217816],[123.72360992431696,12.949720370708736],[123.69805908203182,12.933609950491325],[123.69644927978537,12.954009997781858],[123.68888854980536,12.964719760348691],[123.69695281982453,12.929719912956648],[123.68666839599666,12.916390407044124],[123.6802673339847,12.930279719780339],[123.66972351074273,12.928890216301571],[123.68195343017601,12.92282961602459],[123.64749908447335,12.896670329540871],[123.66194152832078,12.889169681046086],[123.65222167968781,12.869999873623675],[123.59221649169987,12.904170024360646],[123.59333038330148,12.913060176333131],[123.58856201171942,12.935571658558688],[123.58915710449241,12.904170024360646],[123.55500030517636,12.946390139997586],[123.52916717529318,12.9372196077766],[123.42915344238317,13.038610446341545],[123.37574005127023,13.038590419181366],[123.31977844238315,13.006640422251312],[123.29804992675828,13.054160106062037],[123.28077697753903,13.058159816143066],[123.2960891723635,13.083330142361357],[123.2886962890625,13.147890078848718],[123.31044769287155,13.166850077922874],[123.30446624755918,13.18729017953502],[123.32727050781304,13.198590266503855],[123.29147338867234,13.25413988805525],[123.23841094970768,13.29049967502199],[123.2043228149415,13.360659587093622],[123.19445037841844,13.427029597433659],[123.05007934570344,13.507360446084348],[122.97545623779354,13.521309840302631],[122.94863128662155,13.550069796647783],[122.88730621337936,13.576609599184984],[122.83226013183628,13.639530169525614],[122.79823303222699,13.650509821924548],[122.82373809814476,13.650039660486678],[122.86138916015682,13.690279948246232],[122.83583068847713,13.734900462139468],[122.77184295654351,13.776749598470476],[122.74234008789118,13.777119624105161],[122.77786254882834,13.787099825821253],[122.74925994873071,13.790840136488152],[122.7263565063482,13.820340144102357],[122.68000030517636,13.827830302180072],[122.67958068847658,13.807530390691248],[122.65345764160212,13.820610033933589],[122.63706207275436,13.839139925892384],[122.65083312988303,13.851810442853866],[122.63989257812531,13.883000361356197],[122.56649780273483,13.905360209366915],[122.56172943115278,13.917849528208746],[122.57721710205102,13.90583037080501],[122.5849990844731,13.92638968170778],[122.55474090576205,13.921710001838973],[122.56860351562511,13.933859812624474],[122.53469848632858,13.96490954100231],[122.52485656738304,13.922800051582717],[122.44982910156286,13.925990092169467],[122.41808319091798,13.952480303642961],[122.48609924316449,13.848090159347425],[122.52477264404342,13.816499697632535],[122.51056671142646,13.810090052555013],[122.50946807861374,13.770930277794982],[122.52429199218817,13.732850062360255],[122.49195098876976,13.732780444135463],[122.48049163818418,13.712849604606996],[122.50325775146527,13.66473005964903],[122.49730682373094,13.647109972988327],[122.54611968994163,13.601249682484909],[122.54575347900435,13.584139811583425],[122.57392883300822,13.575280177188292],[122.63410949707074,13.528980242826096],[122.63509368896538,13.514699923619602],[122.61794281005928,13.513409602270077],[122.58270263671919,13.560890185435552],[122.56450653076239,13.561079966625],[122.65083312988303,13.445690142772763],[122.67662811279298,13.378840434251785],[122.67664337158249,13.274270045514875],[122.70294952392578,13.224100100778774],[122.65788269043026,13.208919513019195],[122.59911346435591,13.16211031657304],[122.50451660156261,13.242799746764934],[122.5230407714846,13.280070292703543],[122.50959777832053,13.295029628022458],[122.52256774902364,13.310999858116686],[122.51632690429733,13.34914015503156],[122.48821258544992,13.408940303009873],[122.41281890869188,13.485119807363574],[122.40126800537178,13.52431963644383],[122.33119201660192,13.560259806712795],[122.3376235961915,13.576259600711069],[122.3213272094732,13.59008024889716],[122.28958892822287,13.591219889704366],[122.28166961669943,13.574469554019776],[122.26072692871095,13.581839549133171],[122.27735137939464,13.593270289483543],[122.26564025878963,13.605959879931232],[122.2092666625982,13.600500094472666],[122.20218658447308,13.637479769746411],[122.13780212402341,13.72002981853141],[122.13781738281297,13.745149600012853],[122.09854125976571,13.784930216752523],[122.07264709472692,13.790470110853885],[122.05423736572311,13.774809824911555],[122.02719879150399,13.806559550237306],[121.98085021972666,13.805839526129086],[121.97200775146507,13.840270029956887],[121.89119720459027,13.862230288429236],[121.87180328369172,13.895700442221349],[121.85547637939473,13.885490404995013],[121.83540344238327,13.902379977129657],[121.82541656494197,13.891300188927652],[121.80950927734396,13.914270388500956],[121.81680297851608,13.94073961913962],[121.77277374267635,13.945030199886476],[121.7126876990003,13.994279459459898],[121.7097765010003,14.087527730413974],[121.77782052800036,14.094344430410441],[121.76473999045857,14.131059634377753],[121.94582366943361,13.988080012182298],[122.09909057617234,13.922840105904019],[122.23477935791051,13.89624975862677],[122.24384307861362,13.942740427854513],[122.19956970214888,13.959580408925174],[122.18238067627007,13.99470995602676],[122.29979705810615,13.95781992613732],[122.29376220703182,13.99143027005424],[122.31667327880882,13.999999987457342],[122.3231811523441,14.020700442158882],[122.28965759277355,14.017250048483469],[122.28735351562544,14.038860308482718],[122.19734954834038,14.088470446397919],[122.16369628906273,14.158289896742437],[122.18845367431685,14.138620363976125],[122.18277740478537,14.162579523815234],[122.2157516479498,14.189999567747654],[122.23390197753952,14.194160448788166],[122.24600219726587,14.177000033146758],[122.24819946289084,14.24062918350692],[122.27284240722656,14.245635973665639],[122.25972747802793,14.173310267218604],[122.27410888671884,14.161869990124405],[122.26849365234433,14.12438963583299],[122.28746795654354,14.120409952913265],[122.30892944335994,14.138870226646594],[122.30078125,14.0827998989154],[122.34091949462922,14.117119776523284],[122.34481048584053,14.092570292282309],[122.34300994873092,14.112910258092649],[122.36123657226594,14.121450411591967],[122.34889984130882,14.123729693206768],[122.35064697265658,14.141409861350239],[122.36092376709006,14.128239619046902],[122.36062622070368,14.150739657183118],[122.34777832031297,14.141019808555043],[122.33696746826229,14.155209528701482],[122.33251953125045,14.198599802728792],[122.34839630126963,14.202739702933988],[122.34377288818405,14.18463038134842],[122.34841156005916,14.18130968738079],[122.36506652832087,14.196559893366933],[122.34886932373092,14.22626970933175],[122.35942077636751,14.214449869859969],[122.38244628906263,14.216219889390082],[122.35954284668014,14.252070414275256],[122.37954711914094,14.258029925075816],[122.38523101806697,14.287489878369739],[122.41197967529295,14.287170397474123],[122.41607666015659,14.314970003784191],[122.43028259277378,14.300709711737744],[122.46922302246138,14.340149866748124],[122.53955841064523,14.309709536257357],[122.51505279541058,14.330510126762453],[122.51030731201173,14.345009791062337],[122.5225067138675,14.344349848435506]]],[[[124.19638824462926,10.21028040824465],[124.19583129882811,10.212779988626316],[124.19695281982467,10.213609685280334],[124.19805908203182,10.211669911722645],[124.19638824462926,10.21028040824465]]],[[[124.19805908203182,13.033329951654899],[124.19777679443416,13.031109797847769],[124.19304656982456,13.03139017809657],[124.19389343261763,13.032779681574256],[124.19805908203182,13.033329951654899]]],[[[124.14305877685615,12.479439723708158],[124.19267272949251,12.412219989557563],[124.18226623535203,12.38103007105852],[124.13894653320332,12.431710231549989],[124.14305877685615,12.479439723708158]]],[[[124.18972015380889,10.204999913558982],[124.19055175781318,10.204449643478513],[124.18888854980516,10.201669682848623],[124.18833160400449,10.204170216904387],[124.18972015380889,10.204999913558982]]],[[[124.18462371826229,10.213100423196176],[124.18266296386753,10.214159955361152],[124.18401336669969,10.217880238866066],[124.18742370605503,10.216090192175956],[124.18462371826229,10.213100423196176]]],[[[124.18499755859433,10.209170331341122],[124.18499755859433,10.204170216904387],[124.18332672119175,10.202219952928738],[124.18195343017635,10.206390370711244],[124.18499755859433,10.209170331341122]]],[[[124.18472290039087,10.177780141240817],[124.17809295654297,10.154379834557071],[124.15940856933638,10.163880338089818],[124.16889190673848,10.173109998116729],[124.18472290039087,10.177780141240817]]],[[[124.1711120605472,10.211389531474069],[124.18417358398483,10.195560445182336],[124.1491699218757,10.19221972405455],[124.15611267089865,10.206109990462316],[124.1711120605472,10.211389531474069]]],[[[124.18250274658212,7.19471978382304],[124.17894744873044,7.196249954262126],[124.17894744873044,7.196869842567228],[124.18250274658212,7.1961097641378755],[124.18250274658212,7.19471978382304]]],[[[124.17861175537168,10.210000027996069],[124.1805572509769,10.209170331341122],[124.18083190918037,10.20833014426878],[124.1761093139653,10.210829724650825],[124.17861175537168,10.210000027996069]]],[[[124.16471862793011,12.996939647110132],[124.1635971069336,13.000399577528189],[124.17112731933595,13.00279997578083],[124.17124938964852,13.001469600110466],[124.16471862793011,12.996939647110132]]],[[[124.16583251953182,7.1961097641378755],[124.16221618652368,7.19721984104101],[124.16999816894578,7.1977801247014],[124.16916656494197,7.19667004779826],[124.16583251953182,7.1961097641378755]]],[[[124.15869140625024,14.054719912356985],[124.1579284667971,14.05525969201965],[124.15833282470736,14.056670176332823],[124.1596069335942,14.055279719180195],[124.15869140625024,14.054719912356985]]],[[[124.13305664062543,10.185560216308145],[124.13667297363327,10.184439648987235],[124.13749694824287,10.179719914798369],[124.12860870361371,10.181949605349068],[124.13305664062543,10.185560216308145]]],[[[124.13471984863325,14.06472014123382],[124.13639068603581,14.064169871153599],[124.13667297363327,14.063059794249625],[124.13282012939466,14.064279543699596],[124.13471984863325,14.06472014123382]]],[[[124.12727355957078,12.583370196973426],[124.12960815429709,12.57966994062796],[124.12304687500031,12.577520358720127],[124.12232208251999,12.581529605543816],[124.12727355957078,12.583370196973426]]],[[[124.11863708496114,11.345179546828705],[124.12151336669989,11.328450191981618],[124.11257171630858,11.326180447110387],[124.10650634765683,11.346280086989024],[124.11863708496114,11.345179546828705]]],[[[124.11781311035188,12.560819614100767],[124.11992645263716,12.556269633940401],[124.11746978759834,12.543990123449367],[124.10861206054743,12.552499759369947],[124.11781311035188,12.560819614100767]]],[[[124.11360931396516,10.174440373786817],[124.11444091796898,10.174169530281544],[124.11444091796898,10.172499646554963],[124.11277770996138,10.172780026803578],[124.11360931396516,10.174440373786817]]],[[[124.1002807617192,12.289719570015903],[124.11403656005926,12.27497957979045],[124.09868621826229,12.256429660674103],[124.08424377441438,12.281359660963801],[124.1002807617192,12.289719570015903]]],[[[124.1122970581059,12.545430171666435],[124.10610961914105,12.529439914413068],[124.09055328369186,12.523329723071134],[124.09610748291081,12.54333018082262],[124.1122970581059,12.545430171666435]]],[[[124.09613037109395,11.522500027055159],[124.10413360595757,11.516590107320319],[124.10240173339909,11.505319584256265],[124.0903472900394,11.513799656272228],[124.09613037109395,11.522500027055159]]],[[[124.10333251953169,11.834300029899973],[124.1016693115241,11.832079876092683],[124.09929656982465,11.834170330193054],[124.10193634033257,11.836389530326056],[124.10333251953169,11.834300029899973]]],[[[123.97663879394551,13.280529963724206],[123.984931945801,13.260310160878916],[124.00343322753926,13.287590014684813],[124.02916717529351,13.259169566397032],[124.04473876953168,13.279700267069469],[124.09934234619153,13.25881003117999],[124.06625366210949,13.251959788568834],[124.07140350341805,13.237750041262222],[124.0230178833011,13.216449725416874],[123.99246215820335,13.238320338502799],[123.9510421752934,13.233710276860373],[123.90854644775412,13.287030207861251],[123.98161315918011,13.290490138279438],[123.97663879394551,13.280529963724206]]],[[[124.09555816650413,11.87082957089228],[124.08778381347712,11.867219913606892],[124.07982635498068,11.875749576687419],[124.08769989013716,11.882229793662578],[124.09555816650413,11.87082957089228]]],[[[124.08914184570321,10.350218762631064],[124.08268737792993,10.345417966126112],[124.08029937744162,10.344943989990766],[124.08108520507844,10.348155011411848],[124.08914184570321,10.350218762631064]]],[[[124.08912658691449,10.18078040063785],[124.08830261230527,10.18023013055774],[124.08692169189453,10.18023013055774],[124.08833312988313,10.181349744204198],[124.08912658691449,10.18078040063785]]],[[[124.0859527587894,10.341978062869522],[124.08491516113281,10.343117703676722],[124.08737182617257,10.345132817505652],[124.08754730224632,10.344565381287552],[124.0859527587894,10.341978062869522]]],[[[124.08110809326226,10.177659978277052],[124.07917022705148,10.178059567815081],[124.08471679687531,10.180279721622105],[124.08334350585994,10.17833041132093],[124.08110809326226,10.177659978277052]]],[[[124.06320190429699,12.3850803258779],[124.07910919189499,12.37119005946774],[124.08027648925851,12.359439838222455],[124.05623626708993,12.382430064953923],[124.06320190429699,12.3850803258779]]],[[[124.07694244384822,7.376389972558324],[124.04222106933607,7.332779876620431],[124.04582977294969,7.313610069204502],[124.02139282226595,7.296669952337408],[124.01889038086006,7.331669799717125],[124.07694244384822,7.376389972558324]]],[[[124.05821492699178,10.246850003554085],[124.0551071166998,10.238129605611379],[124.045547485352,10.255000104255805],[124.02044677734375,10.241979588823655],[124.07283020019543,10.287859906477133],[124.05902611560256,10.249126168064802],[124.05944824218784,10.248829831433058],[124.0591888427739,10.246850003554085],[124.05821492699178,10.246850003554085]]],[[[124.03203876312682,10.94716728134151],[124.0331115722661,10.949789990220003],[124.03555297851617,10.950819958481203],[124.03423309326192,10.948129643235953],[124.03201614138685,10.946931538057374],[124.03028106689499,10.92885016326953],[124.05478668212947,10.881609906040323],[124.03211212158214,10.83885001074619],[124.02902221679722,10.782219876204268],[124.00473785400399,10.755849827700818],[124.03370666503906,10.581410397590925],[124.01899719238328,10.586190213261686],[124.0371322631839,10.551340092742784],[124.03263092041081,10.497130383615577],[123.99832153320312,10.413069714732709],[124.02139282226595,10.383429517000899],[123.97944641113335,10.347499837157251],[123.968612670899,10.350830067867657],[123.983016967774,10.368029584151227],[123.9786071777345,10.377429951880512],[123.96212005615291,10.35645007061012],[123.97435760498091,10.345170010804031],[123.96591949462938,10.327989568006858],[123.8842468261722,10.28896044663736],[123.86290740966852,10.247940053296691],[123.76537322998114,10.225350369781221],[123.7562408447268,10.196040143363224],[123.68554687500011,10.127079953595967],[123.68081665039108,10.085450162368502],[123.64103698730493,10.083860387284119],[123.615028381348,9.995559682396115],[123.62518310546943,9.94913004833786],[123.60881805419992,9.87454985582991],[123.57398223877009,9.857720365181546],[123.559707641602,9.816289891886617],[123.53610992431706,9.803130140004429],[123.53766632080146,9.757820119593354],[123.50975036621128,9.731340398545267],[123.46701049804732,9.57133006084288],[123.35270690918016,9.423819532396728],[123.30204772949219,9.416440000542627],[123.29810333252021,9.500300397813678],[123.34422302246105,9.785639753055477],[123.37109374999999,9.817449559854428],[123.37081146240291,9.869119634276768],[123.39100646972688,9.867400159485497],[123.40139007568403,9.904170026400418],[123.3931121826175,9.935190190865631],[123.36611175537153,9.946499814575452],[123.36927032470736,9.988550176175957],[123.38269042968773,9.997639646078252],[123.38600158691473,9.95685004192348],[123.39543151855516,9.944780339784192],[123.41474914550827,10.051090230449104],[123.4473037719731,10.063969602082118],[123.51737976074254,10.152819623376514],[123.52758026123081,10.194470395439168],[123.58238220214868,10.264280309021782],[123.58139801025436,10.329589833508145],[123.66764831542991,10.414259900278752],[123.67574310302791,10.455710400736027],[123.71398162841852,10.497540463571061],[123.70398712158271,10.54384993466735],[123.74372100830088,10.606439580006887],[123.74183654785176,10.63366984274337],[123.800750732422,10.721320141751509],[123.83184814453182,10.735079754778765],[123.86704254150449,10.830989827035866],[123.87145996093818,10.825630177381242],[123.87909698486364,10.825460423353658],[123.86849975585982,10.834770192023438],[123.88153839111385,10.876489628639288],[123.933700561524,10.99345969081171],[123.93302154541026,11.010589588870817],[123.92170715332053,11.002229679818718],[123.90110778808616,11.033889759752803],[123.93332672119196,11.065580357264366],[123.93472290039105,11.107780445735704],[123.95053863525423,11.08831976764854],[123.96639251709028,11.084170330701326],[123.94389343261729,11.186670292482246],[123.99054718017636,11.229439724520295],[123.99916839599642,11.271940220402106],[124.0622634887701,11.278570164244815],[124.05632781982469,11.260250080639675],[124.07021331787145,11.255330074844593],[124.03752899169969,11.206660259814496],[124.03547668457053,11.14848994125208],[123.98277282714878,11.073377598470136],[123.9969482421877,11.070830334372767],[123.99804687500043,11.051670063695108],[124.04234313964866,11.054550160128905],[124.03203876312682,10.94716728134151]]],[[[123.23722076416027,12.601110446596547],[123.37889099121136,12.541669833839114],[123.33944702148484,12.539170253457591],[123.36083221435602,12.484169948314987],[123.32389068603572,12.467499721273713],[123.32971954345749,12.432780254132265],[123.33389282226597,12.448060024020286],[123.3480529785162,12.438890445473726],[123.36250305175811,12.471389758808565],[123.3688888549808,12.466389644370585],[123.3858337402346,12.466389644370585],[123.36776733398484,12.493610370367373],[123.37473297119186,12.508609760006697],[123.40471649169946,12.523329723071134],[123.44526672363328,12.516949641898721],[123.53690338134835,12.448650348422063],[123.55583190918013,12.461389529932864],[123.57055664062521,12.411669719477041],[123.61000061035203,12.383060443676625],[123.57417297363337,12.354720104033234],[123.6211090087893,12.361390102198408],[123.61499786376973,12.371669757648693],[123.6341629028326,12.37777994899022],[123.65110778808638,12.34193991452713],[123.66972351074273,12.34916971951558],[123.6949996948248,12.332500446149451],[123.78333282470771,12.195560443792997],[123.78874658207397,12.198405697956074],[123.78778076171886,12.198889720829154],[123.78916931152378,12.200830448062334],[123.78999328613337,12.19948958197424],[123.78978328128792,12.198950545564642],[123.79389190673886,12.20110987463648],[123.78111267089898,12.226389873399812],[123.80000305175835,12.244170177344307],[123.85472106933636,12.194439876471922],[123.8727798461916,12.222220409291177],[123.89499664306665,12.208889949704682],[123.91889190673871,12.152219760836926],[124.05197906494165,11.967989910184894],[124.04844665527364,11.94738959128896],[123.99762725830125,12.011369693787582],[123.9925003051761,11.987779605912129],[124.06994628906249,11.8535499459646],[124.05529022216867,11.795200336627666],[124.07018280029351,11.72183989356044],[124.0497436523442,11.727330196596347],[124.01361083984385,11.786390293298417],[123.91944122314487,11.86555956662288],[123.92694091796932,11.87082957089228],[123.93757629394533,11.893050182450137],[123.90498352050794,11.862560260899473],[123.86028289794945,11.899189937694928],[123.86776733398438,11.89916991053456],[123.86367797851608,11.913109768008473],[123.85765075683625,11.900059688671167],[123.72145080566452,11.931659687124524],[123.72754669189497,11.946450222088433],[123.71121978759824,11.956459987706987],[123.75000000000044,11.983059871722705],[123.64971923828146,12.047499645241368],[123.64083099365291,12.066109645839939],[123.66388702392624,12.079999912249795],[123.60056304931688,12.074720371237241],[123.61444091796919,12.095560062386442],[123.5899963378912,12.14556025308967],[123.56694793701219,12.166939723901326],[123.56388854980491,12.18138979713404],[123.53971862793013,12.213060367488096],[123.53193664550805,12.217220294853776],[123.54499816894554,12.223890293018494],[123.54028320312547,12.229439723862132],[123.53056335449263,12.219719875235251],[123.5325012207037,12.215000141046646],[123.5383300781252,12.212499606990534],[123.53749847412145,12.210559833432175],[123.50000000000044,12.224169719592455],[123.4289093017579,12.201049793154862],[123.36833190918023,12.108329761474746],[123.31500244140659,12.075559604635382],[123.29694366455134,12.022780406975569],[123.15944671630928,11.906109798530473],[123.14193725585982,11.931670177541903],[123.19583129882822,12.01943968584723],[123.21721649169979,12.131939876511277],[123.25694274902398,12.121109950980765],[123.23972320556695,12.137499797772122],[123.28166961669992,12.16221998971225],[123.26889038086003,12.197500217351505],[123.28444671630918,12.214170444391742],[123.28444671630918,12.19250010291325],[123.29416656494197,12.206390369323394],[123.30416870117199,12.198610294255019],[123.29444122314463,12.226389873399812],[123.30610656738305,12.251390445589355],[123.28916931152341,12.243889797094937],[123.2877807617193,12.215559947869927],[123.26249694824229,12.245829570653608],[123.22888946533236,12.216939914604811],[123.21666717529362,12.237500179178987],[123.23444366455124,12.239720332986316],[123.22277832031281,12.268059718955385],[123.26638793945355,12.334170329876295],[123.25916290283273,12.3772201421669],[123.28916931152341,12.43972014212863],[123.25055694580124,12.457220065824025],[123.23722076416027,12.601110446596547]]],[[[124.06207275390679,14.027489649614102],[124.0647964477539,14.027009951433094],[124.06712341308652,14.021320330464231],[124.06360626220724,14.021320330464231],[124.05869293212889,14.032090174513682],[124.06207275390679,14.027489649614102]]],[[[124.0641632080084,11.306949604532699],[124.0649185180665,11.306150425456579],[124.06294250488303,11.304929722332513],[124.06262969970714,11.30617045261714],[124.0641632080084,11.306949604532699]]],[[[124.05832672119186,12.357500064664245],[124.0610122680671,12.3432102087158],[124.0371704101569,12.337490070169142],[124.04723358154332,12.353079784210488],[124.05832672119186,12.357500064664245]]],[[[124.05857086181705,10.08442019410772],[124.05819702148472,10.081100453814788],[124.05545043945314,10.081199635943374],[124.05529785156305,10.08403014131242],[124.05857086181705,10.08442019410772]]],[[[124.05555725097699,11.934439647755454],[124.05526733398483,11.936109531482353],[124.05832672119186,11.936109531482353],[124.0580520629884,11.935000408252833],[124.05555725097699,11.934439647755454]]],[[[124.05400848388703,13.224729525827758],[124.05287933349666,13.21990965583502],[124.04915618896483,13.225760447763111],[124.0506362915041,13.226240145944105],[124.05400848388703,13.224729525827758]]],[[[124.05082702636741,10.234169949852465],[124.05177307128962,10.233329762780125],[124.04915618896483,10.234720219932802],[124.04972076416051,10.236109723410921],[124.05082702636741,10.234169949852465]]],[[[124.04416656494186,14.033889757948321],[124.05117034912153,14.017350184286947],[124.03988647460973,14.013529764977429],[124.03566741943382,14.030949580032258],[124.04416656494186,14.033889757948321]]],[[[124.04892730712912,10.241950024919655],[124.05030059814453,10.24114035542614],[124.05030059814453,10.238409985860269],[124.04698944091805,10.24110030110472],[124.04892730712912,10.241950024919655]]],[[[124.04641723632824,10.237250317891867],[124.04863739013693,10.236909856161637],[124.04550933837936,10.234700192772237],[124.04438781738283,10.236960400900477],[124.04641723632824,10.237250317891867]]],[[[124.04110717773457,10.161769856828741],[124.04805755615291,10.156390180014363],[124.04805755615291,10.154720296287108],[124.04247283935581,10.154199590111356],[124.04110717773457,10.161769856828741]]],[[[124.04666900634798,10.240469922382099],[124.04666900634798,10.238249768575091],[124.04588317871138,10.238249768575091],[124.04582977294969,10.240550031024625],[124.04666900634798,10.240469922382099]]],[[[124.04540252685614,11.576450336771897],[124.04525756835982,11.580360401466537],[124.0464935302739,11.582059849097634],[124.04662322998105,11.577670086222222],[124.04540252685614,11.576450336771897]]],[[[124.03971862793027,12.382499683179207],[124.04506683349652,12.382980335033775],[124.04656982421908,12.38041018275326],[124.03472137451242,12.37889002589371],[124.03971862793027,12.382499683179207]]],[[[123.98876953125033,10.333880414255013],[124.00744628906318,10.313039769434305],[124.045967102051,10.33339976239959],[123.98345947265668,10.258179654424458],[123.96996307373071,10.254240025826304],[123.97058868408249,10.263260831178389],[123.95983886718805,10.27145956927036],[123.96788787841828,10.259070386235157],[123.9436874389653,10.242690076189126],[123.93344116211007,10.256509770697368],[123.95749664306676,10.274550427727341],[123.93805694580132,10.265279759704681],[123.94416809082072,10.283889760300857],[123.93044281005902,10.275910367301709],[123.93698120117232,10.305680264740154],[123.98876953125033,10.333880414255013]]],[[[124.04358673095727,10.221059789034893],[124.0447006225587,10.220760335299714],[124.04525756835982,10.221340169283486],[124.04525756835982,10.220780362460447],[124.0438766479499,10.220479955051141],[124.04305267333984,10.221890439363808],[124.04390716552733,10.222180356355818],[124.04358673095727,10.221059789034893]]],[[[124.03666687011777,12.357500064664245],[124.04444122314476,12.354169833953362],[124.02664184570345,12.345009792150046],[124.03111267089879,12.360830295375065],[124.03666687011777,12.357500064664245]]],[[[124.03888702392645,10.224439610809442],[124.0433425903326,10.217180241918749],[124.03196716308639,10.213820447304752],[124.03916931152354,10.22638987478529],[124.03888702392645,10.224439610809442]]],[[[124.0341567993171,10.569299687456306],[124.03497314453134,10.56873988063254],[124.03497314453134,10.566189755512676],[124.03360748291017,10.568989743303677],[124.0341567993171,10.569299687456306]]],[[[124.03083038330111,12.409720409175184],[124.02583312988338,12.398889529970866],[124.00472259521528,12.378330219070389],[124.00463104248092,12.39500044611102],[124.03083038330111,12.409720409175184]]],[[[124.02971649169965,11.060560215666273],[124.02826690673828,11.059300411895652],[124.02749633789098,11.061389912321246],[124.02924346923874,11.062219608976058],[124.02971649169965,11.060560215666273]]],[[[124.01753234863338,14.025620447954605],[124.02378082275426,14.018759714925409],[124.02555847167991,14.013609873619389],[124.01750183105513,14.014719950523192],[124.01753234863338,14.025620447954605]]],[[[124.02333068847702,10.071940412012678],[124.02528381347703,10.069999684779761],[124.02416992187499,10.068889607876269],[124.02084350585982,10.071109761683296],[124.02333068847702,10.071940412012678]]],[[[124.0201568603519,11.444950092720328],[124.01918792724653,11.446479786322593],[124.02117156982446,11.448399532720458],[124.02162933349665,11.446969974921137],[124.0201568603519,11.444950092720328]]],[[[124.01834106445345,10.203639973984842],[124.02108001709006,10.20333956657497],[124.02143859863337,10.202199925768038],[124.01805114746128,10.202230443346293],[124.01834106445345,10.203639973984842]]],[[[124.01889038086006,10.040829648486959],[124.01622009277412,10.042610158434112],[124.01643371582067,10.043939580430274],[124.01907348632835,10.04380988072343],[124.01889038086006,10.040829648486959]]],[[[124.01866149902355,14.031069742996062],[124.01843261718784,14.029279696304707],[124.01683044433648,14.033809649305418],[124.01738739013706,14.0337400310807],[124.01866149902355,14.031069742996062]]],[[[124.01667022705136,7.633329860323436],[124.01555633544967,7.6291699329586065],[124.0108337402348,7.633890143983804],[124.01611328125021,7.635829917541633],[124.01667022705136,7.633329860323436]]],[[[124.01526641845773,12.371109950824849],[124.01653289794953,12.363329875756552],[124.01444244384766,12.3586101415679],[124.00861358642612,12.371669757648693],[124.01526641845773,12.371109950824849]]],[[[124.01513671875009,10.00271033241482],[124.01194763183625,10.000559796833281],[124.01421356201192,10.007320394057146],[124.0153198242192,10.00510977699344],[124.01513671875009,10.00271033241482]]],[[[124.01085662841855,10.236860265097327],[124.01085662841855,10.238280286153245],[124.01232147216842,10.238280286153245],[124.01141357421884,10.23686980184042],[124.01085662841855,10.236860265097327]]],[[[124.00167846679733,9.595370282991635],[124.00138854980513,9.596940030914547],[124.00296783447313,9.597479810577621],[124.00315856933638,9.595970144135972],[124.00167846679733,9.595370282991635]]],[[[124.00077056884832,13.711279856682909],[123.99916076660203,13.713560091971923],[124.0000000000002,13.715279566763613],[124.00238037109398,13.713210093498544],[124.00077056884832,13.711279856682909]]],[[[123.99755859374997,13.713370310783553],[123.99868011474678,13.711370455743188],[123.99426269531307,13.710479723931789],[123.99614715576217,13.713850008964577],[123.99755859374997,13.713370310783553]]],[[[123.9913864135743,10.332360257395687],[123.99111175537168,10.334170331246513],[123.99333190918034,10.335000027901469],[123.99368286132881,10.333259572275313],[123.9913864135743,10.332360257395687]]],[[[123.99054718017636,9.976940145056947],[123.993057250977,9.975529660744375],[123.99104309082097,9.972339620158536],[123.9882736206057,9.979020108739649],[123.99054718017636,9.976940145056947]]],[[[123.99249267578159,13.771539675682924],[123.98961639404342,13.773119914023885],[123.98983001709017,13.776289927450238],[123.9929199218757,13.774290072409848],[123.99249267578159,13.771539675682924]]],[[[123.9915771484376,10.205590237960186],[123.99166870117232,10.202779759751948],[123.98616027832085,10.205229749069051],[123.98896026611364,10.209950436931688],[123.9915771484376,10.205590237960186]]],[[[123.99111175537168,10.012220372690582],[123.98777770996152,10.015000333321334],[123.98665618896551,10.016949643622334],[123.98777770996152,10.01721953345348],[123.99111175537168,10.012220372690582]]],[[[123.99083709716851,10.11305998748146],[123.99028015136787,10.111669530329216],[123.98555755615277,10.11305998748146],[123.98832702636764,10.113889684136225],[123.99083709716851,10.11305998748146]]],[[[123.98526000976564,9.977120389502673],[123.98811340332064,9.980859746494504],[123.98944091796906,9.980719556370213],[123.98679351806683,9.979060163060911],[123.98526000976564,9.977120389502673]]],[[[123.98877716064486,13.788249957046316],[123.98394012451216,13.784600245439346],[123.98729705810604,13.794500338512796],[123.98697662353516,13.790800082166733],[123.98877716064486,13.788249957046316]]],[[[123.9827194213873,13.72671984385778],[123.98194885253918,13.724800097459218],[123.97942352294956,13.72671984385778],[123.98216247558618,13.727549540512369],[123.9827194213873,13.72671984385778]]],[[[123.96706390380905,10.022591580873478],[123.96927642822322,10.025287618164375],[123.97102355957098,10.024951924804796],[123.9687042236334,10.023966779236844],[123.96706390380905,10.022591580873478]]],[[[123.96853637695381,13.297769534332382],[123.95765686035179,13.29473017428718],[123.96042633056663,13.308139788842805],[123.96914672851618,13.3016500351235],[123.96853637695381,13.297769534332382]]],[[[123.95201110839902,13.77517985054675],[123.95072937011754,13.771189677208975],[123.94740295410215,13.773819910972128],[123.94882965087892,13.778699862446803],[123.95201110839902,13.77517985054675]]],[[[123.94043731689453,13.322480189531209],[123.94801330566465,13.305500018336982],[123.92620849609409,13.306810366846674],[123.93026733398494,13.318570124836084],[123.94043731689453,13.322480189531209]]],[[[123.94348907470703,9.997670163656917],[123.94272613525389,9.997362126852758],[123.9408111572269,9.997917165304704],[123.94340515136761,9.99864481880761],[123.94348907470703,9.997670163656917]]],[[[123.9277801513673,10.272500027948615],[123.93444824218795,10.267499913511372],[123.92973327636764,10.263059605897837],[123.92082977294977,10.270279874141607],[123.9277801513673,10.272500027948615]]],[[[123.84310405322323,13.280941521278157],[123.84266662597692,13.281240451089493],[123.84340667724634,13.284680354346898],[123.84477568960027,13.283991074253873],[123.8620529174809,13.315509783956056],[123.83995819091854,13.336199748239505],[123.85482788086004,13.353710162353455],[123.91226822790959,13.333966495340176],[123.9127502441411,13.334719645701467],[123.91477966308592,13.334099757396148],[123.91697306310365,13.33234932719626],[123.93026733398494,13.327779757704661],[123.88523864746139,13.280909526101974],[123.91053009033257,13.239159571901208],[123.88411712646541,13.22451971747832],[123.83888244628949,13.273240077253641],[123.84310405322323,13.280941521278157]]],[[[123.92111206054746,9.485830297422785],[123.91832733154341,9.49139021868267],[123.92278289794953,9.500280370652913],[123.93000030517601,9.491669645257161],[123.92111206054746,9.485830297422785]]],[[[123.92897796630892,10.07100962588043],[123.9267425537115,10.071350087611362],[123.92604827880905,10.072179784265359],[123.92828369140646,10.072179784265359],[123.92897796630892,10.07100962588043]]],[[[123.92388916015682,11.194999683956285],[123.92666625976585,11.181670178045362],[123.92228698730514,11.172100056286208],[123.9144363403326,11.18916987286424],[123.92388916015682,11.194999683956285]]],[[[123.92523956298898,11.870160091522457],[123.9245376586915,11.870300281646799],[123.92328643798874,11.868849743012364],[123.92510223388715,11.871890056731186],[123.92523956298898,11.870160091522457]]],[[[123.91972351074253,10.276940335562523],[123.92415618896497,10.277500142385751],[123.91902923584007,10.273679723077228],[123.91500091552746,10.277500142385751],[123.91972351074253,10.276940335562523]]],[[[123.91916656494138,9.95221995312086],[123.91916656494138,9.953060140192829],[123.91805267333993,9.955829610405438],[123.92250061035192,9.95361041027308],[123.91916656494138,9.95221995312086]]],[[[123.9100036621097,11.81888960663143],[123.91832733154341,11.814720142522917],[123.9075012207038,11.807780254526794],[123.90334320068416,11.815279949346163],[123.9100036621097,11.81888960663143]]],[[[123.91484832763715,10.256850232428139],[123.91797637939507,10.248020161939362],[123.91555786132858,10.245829572036369],[123.91361236572334,10.257780064885917],[123.91484832763715,10.256850232428139]]],[[[123.91278076171872,10.282219876574262],[123.91416931152365,10.278059949208771],[123.90860748291024,10.278889645863698],[123.91110992431699,10.282219876574262],[123.91278076171872,10.282219876574262]]],[[[123.91120147705136,9.944199552125577],[123.90783691406297,9.945719708985276],[123.90737152099622,9.947059621398832],[123.91089630126966,9.947589864318054],[123.91120147705136,9.944199552125577]]],[[[123.90937042236337,13.292300212130693],[123.90762329101597,13.295049655183545],[123.90930175781271,13.298259722930808],[123.91108703613294,13.296460139496286],[123.90937042236337,13.292300212130693]]],[[[123.90721893310594,12.863610255707437],[123.91027832031295,12.858889567843958],[123.89943695068402,12.861669528474179],[123.90583038330124,12.866109836088992],[123.90721893310594,12.863610255707437]]],[[[123.90670776367256,13.80473040289978],[123.90608215332075,13.805760371161007],[123.9076919555671,13.808369624089313],[123.90791320800781,13.805829989385774],[123.90670776367256,13.80473040289978]]],[[[123.90727233886727,13.81101988501302],[123.90593719482433,13.811050402591313],[123.905380249024,13.812219607302461],[123.90728759765682,13.812430369326318],[123.90727233886727,13.81101988501302]]],[[[123.90249633789107,10.285829533858575],[123.90638732910158,10.284999837204213],[123.90722656250045,10.282779683397527],[123.90165710449277,10.284440030381134],[123.90249633789107,10.285829533858575]]],[[[123.90499877929742,10.281940449999084],[123.90721893310594,10.278610219289112],[123.90222167968761,10.269169797238078],[123.90000152587889,10.273889531426459],[123.90499877929742,10.281940449999084]]],[[[123.90000152587889,9.956939687308891],[123.89666748046933,9.958060254629835],[123.89555358886774,9.958889951284531],[123.90277862548875,9.958889951284531],[123.90000152587889,9.956939687308891]]],[[[123.89026641845737,12.887780177568427],[123.90249633789107,12.880559909322463],[123.90222167968761,12.867500293241367],[123.88639068603527,12.870559680446462],[123.89026641845737,12.887780177568427]]],[[[123.89943695068402,10.05611037204626],[123.90083312988347,10.055279721717923],[123.90055847168,10.053890218239989],[123.8974990844731,10.05611037204626],[123.89943695068402,10.05611037204626]]],[[[123.88999938964889,11.295559872180249],[123.88471984863325,11.333609570030179],[123.89721679687534,11.353059757699299],[123.89971923828182,11.30582999088655],[123.88999938964889,11.295559872180249]]],[[[123.89626312255895,13.811949717471034],[123.89885711669919,13.81109999365533],[123.89370727539062,13.808989512394662],[123.89375305175837,13.811610209414887],[123.89626312255895,13.811949717471034]]],[[[123.88182067871152,9.988816251310093],[123.8835754394536,9.988988866361451],[123.88398742675827,9.988672246488465],[123.88037109375045,9.987512578520402],[123.88182067871152,9.988816251310093]]],[[[123.87056732177793,9.928919782240122],[123.87328338623082,9.921669950092827],[123.86569976806709,9.91726969680027],[123.86483001709031,9.928070058425185],[123.87056732177793,9.928919782240122]]],[[[123.83756256103526,9.643890371148379],[123.87212371826215,9.625740041573318],[123.86972045898492,9.604220380640571],[123.79881286621094,9.551830282110847],[123.75267028808636,9.546339979075325],[123.74807739257812,9.574069967151628],[123.71813201904295,9.587559690345962],[123.83756256103526,9.643890371148379]]],[[[123.86947631835973,13.862520205421719],[123.86831665039108,13.86452959720487],[123.87156677246125,13.86429976169507],[123.8712692260749,13.863380419654476],[123.86947631835973,13.862520205421719]]],[[[123.86416625976574,13.960109698170395],[123.87072753906308,13.953650462028198],[123.87123107910224,13.949780451654334],[123.85782623291061,13.949609743952097],[123.85482025146496,13.965339648118965],[123.86416625976574,13.960109698170395]]],[[[123.84555816650435,12.254170406219682],[123.86666870117244,12.244170177344307],[123.86416625976574,12.228610027207099],[123.84333038330124,12.250559795260232],[123.84555816650435,12.254170406219682]]],[[[123.85923767089866,13.86509989444617],[123.86245727539131,13.863929736060577],[123.85616302490303,13.859120356485034],[123.8534164428713,13.866060244482375],[123.85923767089866,13.86509989444617]]],[[[123.82459259033214,9.910619725796758],[123.84288024902402,9.901860227207811],[123.86231994628938,9.906900395965684],[123.8357467651368,9.885049810045674],[123.80834960937501,9.906709661102553],[123.82459259033214,9.910619725796758]]],[[[123.85640716552768,13.882029520902053],[123.85915374755903,13.881609904203561],[123.84974670410213,13.856419550822705],[123.84069061279341,13.86509989444617],[123.85640716552768,13.882029520902053]]],[[[123.85415649414075,13.884980189235897],[123.84940338134824,13.88236998263325],[123.84826660156273,13.882300364408135],[123.85682678222669,13.887040125758395],[123.85415649414075,13.884980189235897]]],[[[123.85666656494162,9.94056033093736],[123.8561096191411,9.941670407840816],[123.85193634033203,9.94499968487646],[123.8555526733402,9.945280065125603],[123.85666656494162,9.94056033093736]]],[[[123.85356903076217,13.820039736692998],[123.85430908203159,13.823470103207574],[123.85639190673895,13.823610293332095],[123.8566589355471,13.820560442869555],[123.85356903076217,13.820039736692998]]],[[[123.85225677490288,13.838979708607315],[123.85163116455112,13.82758043950899],[123.83934783935547,13.838120448048159],[123.84867858886753,13.8429698819453],[123.85225677490288,13.838979708607315]]],[[[123.76641845703138,13.407440173310906],[123.80756378173893,13.394399630714855],[123.82758331298893,13.368989932242508],[123.8520278930664,13.369359957877336],[123.83368682861396,13.343179690557236],[123.76641845703138,13.407440173310906]]],[[[123.85099792480513,13.95065020263075],[123.84797668457085,13.946120249630072],[123.84439086914098,13.947270380855153],[123.84542083740281,13.948599802851493],[123.85099792480513,13.95065020263075]]],[[[123.8461074829105,9.649439801990898],[123.84750366210959,9.649439801990898],[123.84792327880893,9.64873980504363],[123.8443832397464,9.64945029240891],[123.8461074829105,9.649439801990898]]],[[[123.8461074829105,11.819439876711892],[123.8461074829105,11.817779529727932],[123.84410095214878,11.816940296329598],[123.84382629394531,11.819199550784033],[123.8461074829105,11.819439876711892]]],[[[123.84023284912122,13.841979968005312],[123.8371887207037,13.844949709824974],[123.84133911132848,13.847960459640502],[123.84297180175781,13.846509921005957],[123.84023284912122,13.841979968005312]]],[[[123.83943939208986,13.885250079067301],[123.84175109863324,13.88586996737265],[123.83692169189476,13.876770007050252],[123.8359298706059,13.885149943263652],[123.83943939208986,13.885250079067301]]],[[[123.83972167968784,12.88389014003359],[123.84139251709043,12.880000102499656],[123.83611297607465,12.880829799154222],[123.83915710449217,12.88444041011417],[123.83972167968784,12.88389014003359]]],[[[123.83930969238304,13.866680132787726],[123.83693695068429,13.869379984775586],[123.83870697021496,13.875220286286886],[123.84117126464889,13.872449862399046],[123.83930969238304,13.866680132787726]]],[[[123.8136774724886,13.958252338519408],[123.81230163574273,13.959489809865037],[123.81334686279352,13.961350428455255],[123.81437072138868,13.959741397667164],[123.8215026855472,13.975060450420871],[123.8401031494144,13.969610201705837],[123.83159637451239,13.88974951448975],[123.80703735351605,13.943989741208139],[123.8136774724886,13.958252338519408]]],[[[123.83999633789098,12.253890025970485],[123.83805847168027,12.256389606352846],[123.83860778808602,12.25749968325636],[123.83999633789098,12.256939876432845],[123.83999633789098,12.253890025970485]]],[[[123.8313903808596,12.269169795858922],[123.83999633789098,12.26611040865336],[123.83389282226598,12.258609760160013],[123.83083343505929,12.262780177942979],[123.8313903808596,12.269169795858922]]],[[[123.83805847168027,12.893329608412316],[123.83583068847702,12.894439685316042],[123.8377838134768,12.895830142468371],[123.83915710449217,12.894720065564655],[123.83805847168027,12.893329608412316]]],[[[123.83833312988338,12.247779834629572],[123.83484649658237,12.252980220673807],[123.8343582153325,12.25566958224436],[123.83757781982479,12.254360187408702],[123.83833312988338,12.247779834629572]]],[[[123.8375015258796,12.875280368309927],[123.83833312988338,12.87277983425387],[123.83389282226598,12.87444018123801],[123.83499908447322,12.875559794885001],[123.8375015258796,12.875280368309927]]],[[[123.8287582397461,13.26758955693208],[123.82723999023492,13.274169909711649],[123.83551788330112,13.271010386702669],[123.83129882812523,13.267919528245248],[123.8287582397461,13.26758955693208]]],[[[123.83471679687557,13.871669756808638],[123.824569702149,13.873570429720264],[123.82968902587959,13.88129996005089],[123.83537292480538,13.87629030886923],[123.83471679687557,13.871669756808638]]],[[[123.8222198486334,11.21500014170595],[123.82917022705088,11.204719532582512],[123.81944274902354,11.189720142944385],[123.81111145019563,11.20833014354184],[123.8222198486334,11.21500014170595]]],[[[123.80278015136741,12.839719760420822],[123.82611083984419,12.831669795520892],[123.82805633544945,12.821669566644742],[123.79055786132868,12.832500445849524],[123.80278015136741,12.839719760420822]]],[[[123.8262023925786,13.985389696936965],[123.82778167724675,13.983900057655571],[123.8243789672857,13.981789576394311],[123.82424926757858,13.98447989163968],[123.8262023925786,13.985389696936965]]],[[[123.82169342041048,13.860890376015632],[123.81986999511763,13.862389552040138],[123.82050323486382,13.863670336646447],[123.82295227050827,13.861619936867198],[123.82169342041048,13.860890376015632]]],[[[123.81419372558602,13.966779696335808],[123.81327819824287,13.965680109849414],[123.81089782714889,13.968640314926528],[123.81320953369173,13.968839632858392],[123.81419372558602,13.966779696335808]]],[[[123.81360626220749,12.86806010006523],[123.81111145019563,12.871109950527066],[123.81054687500001,12.873609530908954],[123.81333160400436,12.871529567225846],[123.81360626220749,12.86806010006523]]],[[[123.79528045654328,12.33222006590051],[123.80805206298864,12.324170101000522],[123.80917358398456,12.308329570614777],[123.79444122314496,12.331109988997012],[123.79528045654328,12.33222006590051]]],[[[123.7302780151374,11.300279606368592],[123.7502670288089,11.28417013982676],[123.76805877685605,11.209440220445423],[123.8075027465825,11.151390064845927],[123.72083282470712,11.137499798437355],[123.73182678222679,11.164389599444014],[123.71666717529321,11.164999951006152],[123.68763732910203,11.227999676304089],[123.7302780151374,11.300279606368592]]],[[[123.80732727050793,13.873660075105764],[123.80747985839878,13.871049868503304],[123.80452728271516,13.874759661592124],[123.80635070800778,13.875659930146465],[123.80732727050793,13.873660075105764]]],[[[123.62860870361338,12.6897201419785],[123.65528106689486,12.64972018014923],[123.70971679687567,12.623889911304571],[123.69777679443384,12.616109836236147],[123.7077789306646,12.597780215885491],[123.70417022705101,12.611669528621388],[123.72666931152398,12.611940372127243],[123.73610687255916,12.583060252820772],[123.72083282470712,12.57693957106141],[123.73695373535226,12.569720256490827],[123.74861145019554,12.537500369730433],[123.73610687255916,12.532500255292408],[123.75166320800803,12.530280101485376],[123.77027893066452,12.492779720038083],[123.77471923828193,12.414440143364747],[123.79222106933628,12.408329952022845],[123.78527832031307,12.372500407977727],[123.8005523681645,12.370559680745009],[123.78888702392612,12.33833025724162],[123.72750091552781,12.402500140930707],[123.6338882446291,12.543060290991416],[123.61083221435578,12.60694025768882],[123.59916687011743,12.600560176516364],[123.57888793945347,12.63082979930051],[123.58194732666013,12.653059947603268],[123.59166717529332,12.63249968302806],[123.60221862792993,12.644720065711299],[123.60916900634822,12.635000217084073],[123.61499786376973,12.635000217084073],[123.59694671630871,12.674719798664576],[123.62860870361338,12.6897201419785]]],[[[123.79165649414094,11.220000256143724],[123.79611206054754,11.217220295513114],[123.79638671875024,11.214719761457323],[123.79000091552756,11.215829838360913],[123.79165649414094,11.220000256143724]]],[[[123.78894042968804,13.884670245083223],[123.79635620117233,13.872850405611311],[123.78633117675824,13.867560374180973],[123.77877807617222,13.884940134914617],[123.78894042968804,13.884670245083223]]],[[[123.77590942382847,9.889929761518948],[123.79242706298828,9.885740270250238],[123.76542663574251,9.860569944036842],[123.75906372070358,9.889539708723806],[123.77590942382847,9.889929761518948]]],[[[123.77683258056697,8.065039626323388],[123.77481079101575,8.06739043351125],[123.78051757812545,8.06809043045901],[123.77989196777366,8.066909781656287],[123.77683258056697,8.065039626323388]]],[[[123.77789306640646,14.016839968527917],[123.77493286132832,14.017049776877505],[123.77439880371092,14.0185499065764],[123.77697753906251,14.019169794881742],[123.77789306640646,14.016839968527917]]],[[[123.76805877685605,11.858889568458519],[123.77111053466854,11.856109607827973],[123.77055358886788,11.855279911173165],[123.76693725586006,11.856940258157097],[123.76805877685605,11.858889568458519]]],[[[123.76499938964899,12.836389529709725],[123.76361083984408,12.840279567244334],[123.76994323730482,12.848890292641714],[123.76972198486362,12.841670024396876],[123.76499938964899,12.836389529709725]]],[[[123.71778106689462,11.159720409994078],[123.72028350830102,11.15832995284174],[123.71527862548885,11.158060063009968],[123.71694183349668,11.159720409994078],[123.71778106689462,11.159720409994078]]],[[[123.71555328369175,11.132499683999898],[123.71621704101597,11.134759892128312],[123.72028350830102,11.135279644630181],[123.72000122070334,11.134440411232445],[123.71555328369175,11.132499683999898]]],[[[123.71278381347689,11.130279530192762],[123.71193695068358,11.131110180521876],[123.71389007568418,11.131669987344944],[123.71444702148507,11.130829800272553],[123.71278381347689,11.130279530192762]]],[[[123.70896148681672,11.125100124983748],[123.7094421386722,11.119449604662993],[123.70166778564518,11.117219914113251],[123.70043182373104,11.128029812481582],[123.70896148681672,11.125100124983748]]],[[[123.70361328125065,11.14832972396636],[123.70646667480537,11.148189533842082],[123.70462036132825,11.1440000425736],[123.70139312744195,11.147500027312306],[123.70361328125065,11.14832972396636]]],[[[123.70139312744195,11.140700329440454],[123.70208740234442,11.142350186007302],[123.70361328125065,11.141949642794733],[123.70333099365278,11.141110409396829],[123.70139312744195,11.140700329440454]]],[[[123.60511016845734,9.300550451381492],[123.6333312988286,9.294719686615693],[123.6612014770508,9.236590376055394],[123.68598175048862,9.222660055326507],[123.65624237060548,9.18892001171474],[123.70185089111338,9.144949903718704],[123.68099212646509,9.121000280630344],[123.64051055908259,9.12574957872238],[123.62265777587926,9.10182951953749],[123.58834075927736,9.094559660229887],[123.55944824218807,9.101110449104137],[123.45211791992212,9.193240156364396],[123.46984863281274,9.224360456631866],[123.50041198730467,9.213919630224341],[123.55966949462945,9.226730337306117],[123.59194183349653,9.251669874333821],[123.60511016845734,9.300550451381492]]],[[[123.6988906860356,11.14056013931616],[123.69833374023493,11.14360998977827],[123.6997222900394,11.145279873505325],[123.70139312744195,11.143059719698147],[123.6988906860356,11.14056013931616]]],[[[123.69999694824253,11.130000103618476],[123.69420623779341,11.12615965714848],[123.6899795532231,11.131520260477695],[123.6992034912115,11.135230053565435],[123.69999694824253,11.130000103618476]]],[[[123.68431091308662,9.513910283972237],[123.6811370849615,9.516880025791172],[123.68488311767643,9.520239820405251],[123.68765258789118,9.516510000156844],[123.68431091308662,9.513910283972237]]],[[[123.64595794677781,13.978050219401819],[123.6711578369146,13.96603964506671],[123.6785278320317,13.943149554135562],[123.62557983398494,13.907219874283006],[123.60108184814477,13.914079653637785],[123.60427856445357,13.960789667957199],[123.61943054199217,13.939979540709784],[123.63523101806686,13.964859949938118],[123.6581420898441,13.94536970794318],[123.64595794677781,13.978050219401819]]],[[[123.66221618652409,11.904720295052213],[123.67472076416058,11.900560367686966],[123.67111206054722,11.870559681060906],[123.65972137451229,11.881939876671215],[123.66221618652409,11.904720295052213]]],[[[123.66278076171898,11.092499722174821],[123.66443634033236,11.101389874146342],[123.6708297729492,11.10667036883214],[123.6727828979498,11.097220410037703],[123.66278076171898,11.092499722174821]]],[[[123.66076660156308,7.992929927138206],[123.66000366210992,7.994440070416936],[123.66295623779351,7.995319834972655],[123.66339111328125,7.99450015189854],[123.66076660156308,7.992929927138206]]],[[[123.65583038330124,12.897219645946638],[123.65528106689486,12.89832972285018],[123.65778350830122,12.900279986825838],[123.65805816650445,12.898059833018403],[123.65583038330124,12.897219645946638]]],[[[123.6502838134768,11.089719761544709],[123.65334320068379,11.077779759111397],[123.63500213623058,11.066670407007596],[123.63500213623058,11.085280407604907],[123.6502838134768,11.089719761544709]]],[[[123.6461029052739,11.146360386505028],[123.64943695068426,11.142219532626097],[123.63889312744185,11.14778040756107],[123.6439666748048,11.149370182645244],[123.6461029052739,11.146360386505028]]],[[[123.64591979980511,13.981060015542623],[123.64375305175837,13.98215960202901],[123.64415740966805,13.984640108924662],[123.64620208740303,13.982850062233883],[123.64591979980511,13.981060015542623]]],[[[123.64019775390668,13.984499918800331],[123.63709259033247,13.988280283788756],[123.63921356201227,13.995530115938083],[123.6430435180666,13.990559565403712],[123.64019775390668,13.984499918800331]]],[[[123.63701629638729,13.904859530351073],[123.63590240478584,13.90629957856829],[123.63926696777342,13.907670008560011],[123.63864135742243,13.9062299603435],[123.63701629638729,13.904859530351073]]],[[[123.63667297363314,12.01778029253845],[123.6294479370123,12.019169796016017],[123.6386108398442,12.02583025743792],[123.63916778564452,12.025279987357745],[123.63667297363314,12.01778029253845]]],[[[123.63500976562557,11.05963991995212],[123.63249969482479,11.050559986791551],[123.62304687500034,11.045559872354536],[123.6224975585942,11.05443953390828],[123.63500976562557,11.05963991995212]]],[[[123.62711334228537,13.902159678362457],[123.63236999511764,13.900690066241946],[123.63316345214845,13.89900015535424],[123.62857055664098,13.8986501568801],[123.62711334228537,13.902159678362457]]],[[[123.6281661987307,13.895279871847853],[123.62597656250065,13.896690356161189],[123.62610626220703,13.897749888326123],[123.62872314453182,13.897390353109103],[123.6281661987307,13.895279871847853]]],[[[123.620002746582,11.958889949863423],[123.62277984619186,11.956109989233095],[123.62416839599652,11.951669681618856],[123.6202774047855,11.95361040885125],[123.620002746582,11.958889949863423]]],[[[123.60360717773483,12.708330142577909],[123.61776733398457,12.694439876167102],[123.61666870117244,12.693059909432208],[123.61055755615233,12.69277952918354],[123.60360717773483,12.708330142577909]]],[[[123.6122207641607,12.57777975813389],[123.61444091796919,12.574439990680066],[123.61389160156283,12.573889720599558],[123.61055755615233,12.57693957106141],[123.6122207641607,12.57777975813389]]],[[[123.59583282470727,11.918060291381705],[123.60582733154352,11.915559757325662],[123.61138916015668,11.9086103325864],[123.60582733154352,11.904720295052213],[123.59583282470727,11.918060291381705]]],[[[123.60415649414097,11.036390293808529],[123.60694122314511,11.03555964347984],[123.60749816894564,11.034720410081919],[123.600830078125,11.03499983665637],[123.60415649414097,11.036390293808529]]],[[[123.60444641113313,12.086669910414438],[123.60444641113313,12.085829723342158],[123.60166931152389,12.085829723342158],[123.60221862792993,12.086939800245847],[123.60444641113313,12.086669910414438]]],[[[123.59999847412121,12.707779872497746],[123.60056304931688,12.707220065674234],[123.60028076171922,12.705829608521746],[123.59860992431686,12.708330142577909],[123.59999847412121,12.707779872497746]]],[[[123.59027862548893,12.718059527947775],[123.59722137451217,12.715000140742715],[123.5992431640632,12.709670054991397],[123.58860778808626,12.717220294550083],[123.59027862548893,12.718059527947775]]],[[[123.58439636230538,13.930239664921121],[123.59916687011743,13.924240099799203],[123.59577178955111,13.915869700328736],[123.57858276367232,13.927359568487065],[123.58439636230538,13.930239664921121]]],[[[123.59446716308605,12.677479732134717],[123.59194183349653,12.681389796829672],[123.59610748291074,12.68721960792248],[123.5962219238288,12.68085955391003],[123.59446716308605,12.677479732134717]]],[[[123.58992004394551,11.031669605945682],[123.58846282958996,11.03343008873261],[123.59062194824251,11.03474997398521],[123.59121704101605,11.032150257801103],[123.58992004394551,11.031669605945682]]],[[[123.58860778808626,11.936940181811485],[123.5899963378912,11.935279834827718],[123.58915710449241,11.934169757924042],[123.58721923828135,11.935830104907836],[123.58860778808626,11.936940181811485]]],[[[123.585830688477,12.65277956735446],[123.58222198486362,12.656390178314025],[123.58222198486362,12.665280330286494],[123.58528137207064,12.659440028775721],[123.585830688477,12.65277956735446]]],[[[123.55991363525423,13.989819514134707],[123.56879722573139,13.988348586775011],[123.56728363037155,13.989850031712171],[123.56741333007834,13.990810381748876],[123.56971740722726,13.988889681676707],[123.56906343720443,13.988304508005264],[123.58123016357479,13.986289965490938],[123.57498168945344,13.931220042117987],[123.5555801391607,13.955759989615489],[123.57451629638729,13.9662103527693],[123.55991363525423,13.989819514134707]]],[[[123.57694244384822,11.989170063064531],[123.57917022705112,11.987500179337255],[123.57943725586004,11.985830295610377],[123.57611083984418,11.986669529008491],[123.57694244384822,11.989170063064531]]],[[[123.57666778564476,13.913479792492772],[123.5752563476566,13.914580332653626],[123.57687377929732,13.91588972748947],[123.57750701904352,13.913619982617098],[123.57666778564476,13.913479792492772]]],[[[123.57707977294957,8.660799971263797],[123.57333374023507,8.661210051219387],[123.5731811523443,8.664119711556033],[123.5758972167971,8.664050093331353],[123.57707977294957,8.660799971263797]]],[[[123.57550811767635,13.581899630615208],[123.5705413818365,13.579219805787512],[123.56350708007832,13.586859690732169],[123.57037353515646,13.592129695002175],[123.57550811767635,13.581899630615208]]],[[[123.5669403076174,8.61937998838918],[123.57125091552768,8.632269850438355],[123.57499694824261,8.634010306064292],[123.57285308837915,8.625829687785071],[123.5669403076174,8.61937998838918]]],[[[123.57038116455122,10.963379849219152],[123.57095336914105,10.950039852890468],[123.55140686035222,10.95217989805545],[123.562088012696,10.970430363435241],[123.57038116455122,10.963379849219152]]],[[[123.19611358642621,11.003330219979537],[123.24610900878963,10.997779835461904],[123.24873352050781,10.991749752763097],[123.23947143554719,10.990200032000065],[123.23873138427778,10.987150181538679],[123.26730346679733,10.985509861715853],[123.31845855712936,10.94911002043261],[123.40035247802766,10.95501040342449],[123.39069366455098,10.935350407405172],[123.37333679199241,10.938610066217034],[123.38157653808628,10.931409825133295],[123.39438629150399,10.93589972381159],[123.40940856933636,10.952890385420204],[123.46970367431642,10.919110287483292],[123.49313354492232,10.936320294184467],[123.50196994953878,10.928945681158861],[123.50083160400449,10.936670292658485],[123.51103210449273,10.937970150751132],[123.51335144043016,10.931400288389863],[123.5026824017741,10.928351088701548],[123.51495361328182,10.918109883126116],[123.495323181153,10.907380093399915],[123.52102661132855,10.900979985067135],[123.52195497771254,10.896146972856874],[123.52319335937531,10.89836024172177],[123.52484893798841,10.898909558127087],[123.52570343017624,10.897000302147404],[123.52224582569188,10.894632838071614],[123.53347015380926,10.836199749822741],[123.56610870361364,10.843609799255644],[123.55661010742199,10.818289746173255],[123.54055786132814,10.82361029518112],[123.52471923828159,10.811389912499585],[123.5422973632817,10.821089733964138],[123.56878662109374,10.794349659825668],[123.5420989990239,10.750149716315262],[123.5336074829106,10.761389721800246],[123.52665710449263,10.761110295226302],[123.46472167968794,10.522500027761438],[123.42305755615267,10.476300229211917],[123.35610961914094,10.437780369926802],[123.325546264649,10.345279683350226],[123.32575988769601,10.253459920235976],[123.28563690185581,10.185440053344191],[123.28148651123105,10.129369725628415],[123.22805786132858,10.004440297623518],[123.15119171142622,9.904930104829855],[123.15123748779367,9.854749669688283],[123.13157653808652,9.839929570823186],[123.16110992431683,9.708000173344006],[123.1557922363287,9.635239591431574],[123.12390136718749,9.656169881636995],[123.10639190673885,9.62971972449256],[123.12286376953169,9.59992026315096],[123.15688323974643,9.596159925324944],[123.16401672363347,9.57678984629993],[123.15043640136729,9.56169985760328],[123.13768005371152,9.58533953653956],[123.1197891235355,9.549639692207956],[123.15442657470747,9.54790019025568],[123.18444824218784,9.4799995326569],[123.22882080078169,9.46502017018119],[123.26750183105516,9.37055968289168],[123.3075027465825,9.341670026848488],[123.29450988769531,9.235489835894727],[123.20200347900388,9.093729963575521],[123.15160369873102,9.075070371916185],[123.12747955322288,9.04561995537563],[123.11762237548872,9.05360983879198],[123.12576293945335,9.055190077132606],[123.13044738769597,9.062729826272077],[123.11193084716852,9.053649893113045],[123.07465362548848,9.066570272740647],[123.01587677001966,9.038180342039391],[122.93554687500001,9.083889951986471],[122.8783264160156,9.224719991848781],[122.8646469116213,9.328889837344745],[122.79472351074288,9.36305998807348],[122.67472076416013,9.379719724693052],[122.53778076171916,9.491669645257161],[122.51915740966828,9.543060293103771],[122.48055267333984,9.564720144161127],[122.46555328369209,9.624309530099866],[122.44167327880928,9.623889913400747],[122.4577789306645,9.659999837688483],[122.43083190918038,9.671389570040274],[122.40798187255915,9.659379949383323],[122.39761352539132,9.674679746429275],[122.42082977294966,9.701669683236256],[122.39666748046932,9.69167040803704],[122.38083648681696,9.706939687505072],[122.39861297607455,9.743889798864966],[122.3883438110356,9.789170255372301],[122.40083312988327,9.815560331035085],[122.37583160400423,9.836669912011601],[122.43195343017634,9.899169911963261],[122.450546264649,9.97611044840204],[122.50639343261716,9.986669530425587],[122.66388702392635,9.977780332129315],[122.7786788940434,10.067290296049299],[122.82444763183594,10.063610066864772],[122.86750030517636,10.096110333869246],[122.84055328369175,10.22638987478529],[122.84136199951226,10.297710408483788],[122.86416625976621,10.371109952190785],[122.795486450196,10.522649754629388],[122.82704162597703,10.552339543425477],[122.8316574096682,10.523889531239806],[122.84512329101597,10.51381968414034],[122.83142089843793,10.552249898040051],[122.88025665283247,10.564729680135269],[122.91777801513742,10.609439839404011],[122.9348220825201,10.685910214409429],[122.95023345947267,10.683329571710876],[122.94526672363315,10.724169720606985],[122.9624633789067,10.73054980177909],[122.9676437377932,10.792650212195749],[122.95002746582064,10.807310093776822],[122.94277954101595,10.854169834954018],[122.95722198486338,10.868889798017198],[122.95276641845727,10.895000447107396],[123.0397186279298,10.923609722904358],[123.05914306640624,10.917650212105867],[123.05798339843783,10.907779682938148],[123.05859375000043,10.906080235307341],[123.06144714355513,10.905599583452434],[123.12944793701215,10.970279682893539],[123.19611358642621,11.003330219979537]]],[[[123.56688690185605,8.598329535220785],[123.5656967163088,8.601519575806693],[123.56701660156307,8.605330458371895],[123.56806182861385,8.603460303038943],[123.56688690185605,8.598329535220785]]],[[[123.56668090820347,11.992289531751052],[123.56500244140634,11.993889797253056],[123.56500244140634,11.995280254405332],[123.56722259521504,11.993610370678626],[123.56668090820347,11.992289531751052]]],[[[123.56498718261766,13.965900408616607],[123.56334686279331,13.966699587692911],[123.56292724609399,13.968799578537288],[123.56716156005893,13.968070017685351],[123.56498718261766,13.965900408616607]]],[[[123.56153106689484,10.871789921611475],[123.56250762939499,10.873999585000803],[123.56508636474653,10.874759663430327],[123.56494903564521,10.873720158426325],[123.56153106689484,10.871789921611475]]],[[[123.54736328125065,13.976759898052235],[123.5580368041993,13.97136973081866],[123.55722808837938,13.968119608749415],[123.53951263427734,13.97572992979099],[123.54736328125065,13.976759898052235]]],[[[123.55658721923885,11.948439586711126],[123.55169677734422,11.956629741734702],[123.55146789550835,11.961750019136531],[123.55522918701205,11.957989681309542],[123.55658721923885,11.948439586711126]]],[[[123.55055236816449,13.930829989322817],[123.55166625976621,13.932220446475412],[123.55333709716797,13.932220446475412],[123.55333709716797,13.931670176395041],[123.55055236816449,13.930829989322817]]],[[[123.54695892334027,10.96804045559983],[123.55165100097668,10.965129841588613],[123.54785156250054,10.960339535500317],[123.541572570801,10.96786974789776],[123.54695892334027,10.96804045559983]]],[[[123.5466690063482,12.041669834149165],[123.54972076416071,12.037779796614549],[123.54778289794987,12.031669605273615],[123.54499816894554,12.038330066694952],[123.5466690063482,12.041669834149165]]],[[[123.54371643066452,10.974200238005453],[123.5416564941412,10.976050366178194],[123.54155731201229,10.979080189479188],[123.545272827149,10.97756956936277],[123.54371643066452,10.974200238005453]]],[[[123.5375137329107,13.954950320121307],[123.53469848632837,13.955800043936787],[123.54042053222678,13.959389674062008],[123.53991699218761,13.956959711904766],[123.5375137329107,13.954950320121307]]],[[[123.53901672363314,10.851980198725244],[123.53984069824274,10.851160038813358],[123.53846740722712,10.850879658564745],[123.53872680664105,10.852519978387893],[123.53901672363314,10.851980198725244]]],[[[123.52873992919979,13.98768995938726],[123.52922821044965,13.989549624303303],[123.53224945068395,13.990099894383372],[123.53209686279305,13.98878954587345],[123.52873992919979,13.98768995938726]]],[[[123.52847290039074,10.87689017185128],[123.52999877929697,10.875559796181447],[123.52694702148449,10.874999989358171],[123.52673339843749,10.87695025333377],[123.52847290039074,10.87689017185128]]],[[[123.5252838134769,13.983059870583336],[123.52819061279307,13.984749781471235],[123.51405334472712,13.971730219709464],[123.51878356933662,13.987649905065965],[123.5252838134769,13.983059870583336]]],[[[123.5246200561527,13.966649996628904],[123.52104949951227,13.962499606006201],[123.51743316650446,13.963159548632822],[123.51859283447331,13.966679560532903],[123.5246200561527,13.966649996628904]]],[[[123.52278137207055,13.99071978268877],[123.52137756347692,13.990790354588164],[123.51949310302778,13.990240084507725],[123.5244674682618,13.992500292636786],[123.52278137207055,13.99071978268877]]],[[[123.51901245117243,10.905870426958097],[123.5209503173834,10.904479969805806],[123.51763916015692,10.903650273151161],[123.51847839355526,10.906120289628209],[123.51901245117243,10.905870426958097]]],[[[123.51512145996102,13.99808977780238],[123.51471710205077,14.001110064360976],[123.51672363281308,14.002519595000019],[123.51777648925828,14.000829684112103],[123.51512145996102,13.99808977780238]]],[[[123.51217651367243,13.952859866020772],[123.51165008544956,13.956950175161838],[123.51497650146553,13.959119784230593],[123.51571655273494,13.956979739065355],[123.51217651367243,13.952859866020772]]],[[[123.5118026733404,10.929200161743585],[123.51290130615233,10.928899754334136],[123.50985717773494,10.927510250856217],[123.50984954833986,10.929169644165452],[123.5118026733404,10.929200161743585]]],[[[123.50911712646496,10.908410061660751],[123.50682067871138,10.908479679885861],[123.50612640380895,10.908829678359549],[123.50975036621128,10.910209645094659],[123.50911712646496,10.908410061660751]]],[[[123.50553894043014,10.941390026847081],[123.50061798095746,10.939379681389124],[123.49582672119175,10.93527983550634],[123.50250244140656,10.9416704070962],[123.50749206542977,10.9422902954014],[123.50553894043014,10.941390026847081]]],[[[123.49735260009798,8.657500258131845],[123.50303649902365,8.655070295975333],[123.49622344970749,8.6500196368004],[123.49471282958994,8.653820028947663],[123.49735260009798,8.657500258131845]]],[[[123.49738311767588,14.045519816231074],[123.4965515136721,14.046620356391228],[123.49693298339864,14.048040377447686],[123.49854278564511,14.047100054572256],[123.49738311767588,14.045519816231074]]],[[[123.47471618652364,12.135279643964811],[123.47360992431642,12.136389720868467],[123.47438049316465,12.139030445048704],[123.47611236572308,12.13667010111708],[123.47471618652364,12.135279643964811]]],[[[123.47482299804733,10.536680211161368],[123.47238159179732,10.532329548933758],[123.46840667724663,10.535980214214238],[123.47364044189463,10.540349949928595],[123.47482299804733,10.536680211161368]]],[[[123.47334289550824,10.925559986880284],[123.47416687011754,10.925279606631701],[123.4738922119144,10.923890103153502],[123.47194671630882,10.92582987671148],[123.47334289550824,10.925559986880284]]],[[[123.46721649169955,7.618679992325129],[123.4641571044925,7.61875008738744],[123.46188354492189,7.617710105546393],[123.4650726318365,7.621039859418622],[123.46721649169955,7.618679992325129]]],[[[123.45916748046896,7.615560046802025],[123.46472167968794,7.609169952050714],[123.46111297607457,7.603610030790677],[123.45388793945355,7.608329764978491],[123.45916748046896,7.615560046802025]]],[[[123.46103668212938,7.619209758407362],[123.45979309082074,7.619900218611855],[123.46076202392591,7.621429912214036],[123.46173858642635,7.620039931898838],[123.46103668212938,7.619209758407362]]],[[[123.45559692382857,10.952030171187811],[123.45860290527366,10.950519551071373],[123.45545959472724,10.948109616075941],[123.45227050781293,10.950309742722208],[123.45559692382857,10.952030171187811]]],[[[123.44595336914062,10.462659825474388],[123.44088745117219,10.462470044285737],[123.42176818847713,10.43562029760136],[123.44696044921896,10.480699528829772],[123.44595336914062,10.462659825474388]]],[[[123.44680786132845,13.964739786973983],[123.44638824462913,13.963430392138527],[123.44302368164071,13.963430392138527],[123.44463348388717,13.96529005705458],[123.44680786132845,13.964739786973983]]],[[[123.43587493896493,7.7929367937720775],[123.43513488769554,7.794318191018095],[123.43601226806709,7.795225135292703],[123.43640136718784,7.793898097482542],[123.43587493896493,7.7929367937720775]]],[[[123.42318725585946,13.943269717099703],[123.42256164550824,13.94190024078212],[123.4206695556644,13.942040430906587],[123.42179107666038,13.943140017392814],[123.42318725585946,13.943269717099703]]],[[[123.41880798339913,8.849550238132617],[123.41282653808618,8.853079786774261],[123.41383361816449,8.859560003749072],[123.4217224121097,8.856060019010519],[123.41880798339913,8.849550238132617]]],[[[123.4187774658203,13.946720110774178],[123.41890716552791,13.948699938654583],[123.42019653320347,13.950149523614865],[123.42135620117244,13.94781969726055],[123.4187774658203,13.946720110774178]]],[[[123.40556335449276,14.008330332606436],[123.40389251709018,14.009169566004728],[123.40334320068403,14.010000216334149],[123.4056472778327,14.009440409510217],[123.40556335449276,14.008330332606436]]],[[[123.39378356933629,9.975729932350584],[123.39428710937544,9.97832011179161],[123.39649963378962,9.977510442297948],[123.39618682861375,9.97675990061125],[123.39378356933629,9.975729932350584]]],[[[123.392471313477,14.029069887954963],[123.39135742187557,14.03042982752998],[123.39163208007871,14.031539904433789],[123.3928527832036,14.03108977015678],[123.392471313477,14.029069887954963]]],[[[123.39031219482442,9.434599866860964],[123.39198303222712,9.429960241315156],[123.3901672363281,9.42823027610653],[123.38619995117243,9.434120168680252],[123.39031219482442,9.434599866860964]]],[[[123.38170623779307,9.874309529902765],[123.37222290039098,9.878109922050088],[123.38089752197301,9.89360045395991],[123.3850631713873,9.887680043808281],[123.38170623779307,9.874309529902765]]],[[[122.99623870849663,13.158559787094957],[123.01200866699288,13.13768957836603],[123.04485321044967,13.13570021374316],[123.02796173095702,13.098139750812797],[123.05433654785176,13.120960223516827],[123.18332672119183,12.914440143068061],[123.27583312988327,12.890830028030432],[123.28778839111385,12.818539607539751],[123.38472747802734,12.693349826424672],[123.35944366455112,12.696109759894654],[123.33444213867233,12.721940028738715],[123.26194763183615,12.83222006560089],[123.19917297363293,12.841389644148048],[123.17057037353572,12.884460437274884],[123.13861083984384,12.891949641677414],[123.14749908447322,12.905559527838376],[123.10888671875021,12.923330295040389],[123.09027862548884,12.963330256870508],[123.07721710205135,12.956939685280084],[123.06360626220749,12.998060214431238],[122.98519134521507,13.00623034229485],[122.96469879150457,13.038559901602673],[122.94526672363315,13.025699603453816],[122.95979309082074,13.08421038375534],[122.92819213867222,13.113120066966518],[122.96862792968781,13.128800380068055],[122.98032379150447,13.116909968697444],[122.97537994384831,13.132610308959942],[122.99623870849663,13.158559787094957]]],[[[123.37139129638716,11.63582991436907],[123.37082672119186,11.638059604919603],[123.37194824218749,11.639439571654412],[123.37304687500054,11.637499798096314],[123.37139129638716,11.63582991436907]]],[[[123.37139129638716,12.477219569900784],[123.37249755859445,12.475279796342626],[123.37167358398483,12.473609912615759],[123.37074279785222,12.475680339554978],[123.37139129638716,12.477219569900784]]],[[[123.37055206298896,12.482219684339174],[123.37222290039098,12.481389987684299],[123.37082672119186,12.479439723708158],[123.3688888549808,12.480830180860432],[123.37055206298896,12.482219684339174]]],[[[123.3688888549808,12.476110446671917],[123.36833190918023,12.47667025349508],[123.36860656738314,12.478890407302423],[123.36987304687544,12.4776401402743],[123.3688888549808,12.476110446671917]]],[[[123.36277770996128,11.61361025648626],[123.36195373535203,11.615280140213011],[123.36305236816452,11.619170177747058],[123.36360931396507,11.613889683060192],[123.36277770996128,11.61361025648626]]],[[[123.36138916015635,11.610280025775577],[123.36250305175811,11.609720218951761],[123.3602828979499,11.60832976179956],[123.35944366455112,11.609999645526788],[123.36138916015635,11.610280025775577]]],[[[123.35767364501964,11.569510448776457],[123.35698699951219,11.571519840559851],[123.36102294921932,11.573450077374982],[123.35912322998102,11.570569980941228],[123.35767364501964,11.569510448776457]]],[[[123.35944366455112,11.63693999127267],[123.35262298584053,11.612739551835883],[123.3480529785162,11.605830181418202],[123.34111022949241,11.632220257084281],[123.35944366455112,11.63693999127267]]],[[[123.35681152343761,11.590889919587175],[123.3302612304691,11.572239864668289],[123.3208312988281,11.587499607394317],[123.3294372558598,11.598890293422395],[123.35681152343761,11.590889919587175]]],[[[123.35500335693371,10.423330296695072],[123.35415649414117,10.425559987245407],[123.35639190673862,10.42916964452995],[123.35666656494206,10.428059567626395],[123.35500335693371,10.423330296695072]]],[[[123.34834289550837,11.565830219591563],[123.34583282470749,11.566390026415387],[123.34777832031273,11.57110976060361],[123.34889221191449,11.570560444197934],[123.34834289550837,11.565830219591563]]],[[[123.34388732910222,12.44777964377164],[123.34221649169967,12.450280177827652],[123.34416961669966,12.455280292265483],[123.34777832031273,12.451109874481944],[123.34388732910222,12.44777964377164]]],[[[123.34528350830135,11.55389021715845],[123.34416961669966,11.556110370965099],[123.34665679931688,11.561670292226477],[123.34750366211003,11.557220447868728],[123.34528350830135,11.55389021715845]]],[[[123.34361267089876,9.922220220172576],[123.34333038330114,9.924169530473579],[123.34443664550838,9.924169530473579],[123.34443664550838,9.922220220172576],[123.34361267089876,9.922220220172576]]],[[[123.33860778808649,11.202779759023933],[123.34139251709004,11.200830448722789],[123.33915710449263,11.196940411188967],[123.3369369506839,11.201669682120357],[123.33860778808649,11.202779759023933]]],[[[123.32985687255879,13.951539980767516],[123.33000183105514,13.953189837333799],[123.33139038085983,13.953889834282025],[123.33165740966855,13.952500330803543],[123.32985687255879,13.951539980767516]]],[[[123.32861328125024,7.374440185420194],[123.33055877685547,7.372779838436858],[123.3294067382816,7.370240203734556],[123.32749938964878,7.373060218685742],[123.32861328125024,7.374440185420194]]],[[[123.3003921508796,14.127739893705545],[123.3280563354499,14.110560404578116],[123.31813049316474,14.088910090257691],[123.29042816162155,14.121829973969385],[123.3003921508796,14.127739893705545]]],[[[123.28685760498115,13.04915999162409],[123.2863922119144,13.049719798447613],[123.2877807617193,13.051110255600163],[123.28833007812544,13.049440371872754],[123.28685760498115,13.04915999162409]]],[[[123.28488159179688,11.457489956297762],[123.28372955322298,11.454520214478407],[123.27864837646553,11.455610264221859],[123.28093719482489,11.458049763121563],[123.28488159179688,11.457489956297762]]],[[[123.28098297119185,11.575849521953243],[123.27699279785166,11.585559833836443],[123.27861022949227,11.589440334627454],[123.28250122070368,11.581939686133692],[123.28098297119185,11.575849521953243]]],[[[123.27686309814487,13.775739657369584],[123.27285766601595,13.77326010414821],[123.2683029174809,13.775460230795622],[123.27921295166038,13.77661989876358],[123.27686309814487,13.775739657369584]]],[[[123.25980377197321,11.460780132687145],[123.27686309814487,11.445919979499468],[123.25138092041082,11.422940243186332],[123.24281311035192,11.454890240113537],[123.25980377197321,11.460780132687145]]],[[[123.27172851562545,9.084690084737346],[123.27565765380871,9.077670088100142],[123.26780700683595,9.07149981527842],[123.26788330078169,9.08366965322009],[123.27172851562545,9.084690084737346]]],[[[123.26998138427778,13.768930422754467],[123.26808929443393,13.769889819116313],[123.26718139648493,13.771200167626409],[123.27033233642634,13.770850169152276],[123.26998138427778,13.768930422754467]]],[[[123.26277923583993,12.191940296090285],[123.25749969482456,12.171389568258572],[123.23222351074253,12.169440257957254],[123.25166320800828,12.179169643326725],[123.26277923583993,12.191940296090285]]],[[[123.25055694580124,12.420280444874653],[123.25055694580124,12.43610953116896],[123.25417327880858,12.43972014212863],[123.25749969482456,12.431389796979774],[123.25055694580124,12.420280444874653]]],[[[123.25647735595749,13.7442502851326],[123.25507354736382,13.74555967996872],[123.25655364990233,13.746930109960646],[123.25731658935547,13.745280253393501],[123.25647735595749,13.7442502851326]]],[[[123.2559890747076,11.484040249249128],[123.25228118896531,11.483770359417742],[123.2504196166999,11.48499964561065],[123.25678253173886,11.48847006644576],[123.2559890747076,11.484040249249128]]],[[[123.25621795654352,7.527130119056758],[123.25282287597688,7.52663993045837],[123.25080108642643,7.528659812658759],[123.25386047363348,7.529139987676283],[123.25621795654352,7.527130119056758]]],[[[123.24973297119196,12.401109683778202],[123.24639129638729,12.401940334106827],[123.25360870361374,12.409720409175184],[123.2547225952153,12.406109798215523],[123.24973297119196,12.401109683778202]]],[[[123.24639129638729,12.384169566906216],[123.25277709960994,12.378330219070389],[123.23750305175828,12.343330371679787],[123.23304748535215,12.370829570576205],[123.24639129638729,12.384169566906216]]],[[[123.25141143798882,13.953289973136666],[123.25092315673862,13.955140101310128],[123.24770355224655,13.958100306386552],[123.25000762939523,13.957889544362812],[123.2519683837894,13.954730021354248],[123.25141143798882,13.953289973136666]]],[[[123.24627685546922,13.745980250341718],[123.24318695068395,13.742819773658692],[123.24234771728517,13.748180376988563],[123.24613952636761,13.748180376988563],[123.24627685546922,13.745980250341718]]],[[[123.24388885498091,12.390000331673027],[123.24333190918037,12.388609874520185],[123.24054718017621,12.389439571175208],[123.24250030517601,12.391389835151369],[123.24388885498091,12.390000331673027]]],[[[123.22638702392643,11.544719684937798],[123.22972106933618,11.554439533564285],[123.23889160156294,11.5608301051544],[123.23889160156294,11.558609951347345],[123.22638702392643,11.544719684937798]]],[[[123.2294464111335,11.545000065186427],[123.22946166992222,11.545760143616526],[123.23665618896554,11.55500029406147],[123.23555755615268,11.551670063351262],[123.2294464111335,11.545000065186427]]],[[[123.19241552122041,11.483665825631487],[123.18166351318403,11.477780331040405],[123.18110656738314,11.48556040610819],[123.19426727294953,11.491089809791221],[123.19395272969645,11.488751361181405],[123.19837188720737,11.503371227629533],[123.21759033203182,11.51012038076216],[123.22644805908213,11.496700275790868],[123.23222351074253,11.513620365501142],[123.2351379394537,11.464759815607184],[123.20594787597724,11.460599888241365],[123.19055175781281,11.477499950791616],[123.19241552122041,11.483665825631487]]],[[[123.23239898681688,13.962550150744876],[123.22963714599678,13.963990198961708],[123.22189331054709,13.971019732344711],[123.23335266113327,13.965209948412049],[123.23239898681688,13.962550150744876]]],[[[123.22833251953182,12.161109912808909],[123.2247161865239,12.16221998971225],[123.23194122314487,12.167220104149965],[123.23222351074253,12.163610446864881],[123.22833251953182,12.161109912808909]]],[[[123.22637176513729,11.354220379341756],[123.22881317138717,11.35461043213724],[123.22888183593783,11.353599537362415],[123.22389221191462,11.353610027780206],[123.22637176513729,11.354220379341756]]],[[[123.22515106201217,8.742589941592186],[123.21958160400402,8.742130270571659],[123.2181930541999,8.747610083189521],[123.22667694091844,8.749179831112741],[123.22515106201217,8.742589941592186]]],[[[123.21943664550825,12.285280216076075],[123.2225036621097,12.284720409252214],[123.22638702392643,12.281669605116434],[123.21278381347656,12.28277968201992],[123.21943664550825,12.285280216076075]]],[[[123.22367095947313,7.518899909713253],[123.22464752197322,7.516610137681898],[123.21777343750068,7.521190158582068],[123.22151947021509,7.522029868817221],[123.22367095947313,7.518899909713253]]],[[[123.22429656982487,14.025219904742139],[123.21025848388695,14.023099886737779],[123.2075500488286,14.02486036952492],[123.21327972412155,14.031379687148752],[123.22429656982487,14.025219904742139]]],[[[123.209999084473,11.593609798736033],[123.21888732910155,11.587220180820388],[123.2061080932617,11.581109989478673],[123.2033309936527,11.58806036789231],[123.209999084473,11.593609798736033]]],[[[123.21472167968815,11.249999989093798],[123.21305847168003,11.234999645781727],[123.19928741455134,11.236289967130682],[123.20221710205124,11.245829571311221],[123.21472167968815,11.249999989093798]]],[[[123.20665740966842,12.438059795144758],[123.2061080932617,12.43972014212863],[123.20861053466805,12.440830219032286],[123.2091674804692,12.43972014212863],[123.20665740966842,12.438059795144758]]],[[[123.19889068603584,11.044170368876124],[123.20054626464888,11.042779911723951],[123.20583343505905,11.041390408245947],[123.20027923584017,11.04028033134271],[123.19889068603584,11.044170368876124]]],[[[123.19541168212923,11.223509777625557],[123.19320678711006,11.226900089817907],[123.19650268554696,11.22856997354496],[123.19750213623091,11.226940144139338],[123.19541168212923,11.223509777625557]]],[[[123.19666290283203,11.539999950749442],[123.19104766845747,11.51237009847306],[123.15500640869186,11.491579998389419],[123.16443634033259,11.524169910782048],[123.19666290283203,11.539999950749442]]],[[[123.19499969482443,11.235560406279443],[123.19416809082063,11.236669529508205],[123.19471740722676,11.238889683315367],[123.19638824462938,11.236940373014193],[123.19499969482443,11.235560406279443]]],[[[123.19378662109409,11.541819561343923],[123.1928634643559,11.542329777102282],[123.1930465698248,11.54444025836371],[123.19416809082063,11.543609608034197],[123.19378662109409,11.541819561343923]]],[[[123.16555786132847,11.311389912147074],[123.19416809082063,11.291939724477613],[123.15000152587935,11.246939648214239],[123.15287780761751,11.303000439191532],[123.16555786132847,11.311389912147074]]],[[[123.1878890991211,11.475640285875892],[123.19048309326219,11.47480009880363],[123.19222259521541,11.46944044914877],[123.18499755859442,11.470560062795524],[123.1878890991211,11.475640285875892]]],[[[123.16860961914094,11.220000256143724],[123.19055175781281,11.219440449320269],[123.17223358154328,11.192500103574654],[123.15750122070382,11.210559834091619],[123.16860961914094,11.220000256143724]]],[[[123.18753814697276,11.438850391796525],[123.18810272216842,11.433890331680418],[123.17920684814487,11.424130428732754],[123.1778182983404,11.433190334732506],[123.18753814697276,11.438850391796525]]],[[[123.18332672119183,11.489999760047814],[123.18150329589844,11.49228953208047],[123.18534851074288,11.49652003134513],[123.18639373779307,11.49250029410362],[123.18332672119183,11.489999760047814]]],[[[123.18312835693413,11.499999988922841],[123.1830291748047,11.50154970968593],[123.18473815918003,11.501970280059588],[123.18389129638727,11.500280369172165],[123.18312835693413,11.499999988922841]]],[[[123.17793273925804,11.319459904207415],[123.18138885498082,11.318610180392065],[123.17278289794945,11.315560329930243],[123.17495727539121,11.319959629548347],[123.17793273925804,11.319459904207415]]],[[[123.18110656738314,11.324170101652795],[123.17916870117207,11.324439991484137],[123.17888641357445,11.324999798307635],[123.18110656738314,11.325830448636339],[123.18110656738314,11.324170101652795]]],[[[123.17415618896482,11.490590084449591],[123.17346954345749,11.493479717626236],[123.17916870117207,11.4972200282929],[123.1800003051759,11.495860088718432],[123.17415618896482,11.490590084449591]]],[[[123.17517852783247,11.256230343398398],[123.17239379882867,11.260029781872701],[123.17684173584031,11.264889706185835],[123.1798095703126,11.262989986948913],[123.17517852783247,11.256230343398398]]],[[[123.17973327636774,11.186670292482246],[123.1769409179692,11.183329571354088],[123.17282867431693,11.186189640627578],[123.17823791503952,11.188269604310223],[123.17973327636774,11.186670292482246]]],[[[123.1783370971683,11.601940143883867],[123.17722320556686,11.603890407859899],[123.17888641357445,11.6049995310887],[123.17973327636774,11.603329647362356],[123.1783370971683,11.601940143883867]]],[[[123.17555236816426,11.438059795788975],[123.1769409179692,11.437219608716578],[123.17415618896482,11.434720028335239],[123.17250061035179,11.437219608716578],[123.17555236816426,11.438059795788975]]],[[[123.17472076416048,11.462779987727151],[123.1738891601567,11.456390369811583],[123.16443634033259,11.46193980065549],[123.17082977294966,11.46693991509298],[123.17472076416048,11.462779987727151]]],[[[123.16972351074273,11.313610065954242],[123.16777801513716,11.314439762609249],[123.1699981689459,11.316109646336134],[123.17082977294966,11.314720142857853],[123.16972351074273,11.313610065954242]]],[[[123.16722106933604,11.43861006586877],[123.16944122314476,11.437499988965168],[123.16886901855493,11.436249721937273],[123.16570281982492,11.43871973841546],[123.16722106933604,11.43861006586877]]],[[[121.95861053466795,11.937219608385842],[122.08027648925815,11.837779987478463],[122.19770812988327,11.807459819956764],[122.22222137451216,11.813890445868077],[122.2388916015625,11.786669719872712],[122.25833129882848,11.795000065021066],[122.2903156947392,11.748009405397346],[122.29277801513727,11.74917029210219],[122.30204772949227,11.746640194142307],[122.30426788330101,11.739419925897055],[122.2931642248899,11.743824417470327],[122.30606842041071,11.724865902164032],[122.33846282959031,11.735239971371188],[122.33783721923851,11.730870235656628],[122.3455200195317,11.719940174323565],[122.34092712402375,11.736740101070302],[122.36389160156318,11.738059986323348],[122.36414854880077,11.734456644330168],[122.36537170410165,11.73606013128309],[122.36805725097713,11.735280025692608],[122.36873626709007,11.73120020696962],[122.36455505498326,11.732755855309676],[122.36511230468773,11.730640400146548],[122.36449599324988,11.729584199755424],[122.3654632568364,11.716019619211139],[122.35704803466797,11.713179577098957],[122.35510253906274,11.711400020825705],[122.35273742675825,11.708230007399884],[122.34269714355526,11.68515967202711],[122.3444671630865,11.671660412087416],[122.33914184570357,11.675330150853839],[122.33376312255892,11.660679806015553],[122.32859039306663,11.659040439866587],[122.32517242431706,11.652139652517567],[122.3121719360357,11.643170345577424],[122.30962371826216,11.63864039257753],[122.30526733398436,11.635800350465049],[122.30340576171932,11.632576931278019],[122.31436157226618,11.635430324830981],[122.30883026123105,11.62520979718869],[122.31284332275446,11.598699558559268],[122.31661987304742,11.633489597598622],[122.31076812744186,11.639809597289185],[122.33125305175835,11.653659809377192],[122.3454132080078,11.672320354713737],[122.34429931640636,11.683609951263977],[122.3510652895486,11.69279382920314],[122.34864044189486,11.690090168239745],[122.34963989257824,11.695380199669263],[122.35188293457064,11.697139728781828],[122.35271858925711,11.695037956160295],[122.35608673095739,11.699609745259496],[122.35334014892624,11.706780422439586],[122.35559082031295,11.71154021095004],[122.36237335205114,11.708620060195194],[122.38461303710938,11.725720394351452],[122.41805267334053,11.667779911296238],[122.49492645263742,11.605449665365638],[122.48166656494183,11.595560062711744],[122.43009026344707,11.641678841746902],[122.43166351318416,11.63693999127267],[122.46083068847703,11.60805987196837],[122.43360900878952,11.626110065742548],[122.42952003848694,11.642188728616915],[122.40556335449264,11.663610447187807],[122.3874969482423,11.651109684256223],[122.41972351074264,11.62417029218483],[122.42082977294966,11.593330372161017],[122.44333648681688,11.58823012192063],[122.44805908203134,11.608889568623185],[122.46749877929734,11.599719990076666],[122.48750305175813,11.56943987687694],[122.44333648681688,11.578610409097497],[122.45834350585982,11.551670063351262],[122.48150634765625,11.554759968134343],[122.49471282959038,11.572079647382909],[122.49610900878952,11.595560062711744],[122.53415679931686,11.576939571696348],[122.51083374023462,11.567219723070021],[122.51194763183638,11.561670292226477],[122.5291671752934,11.564169872608147],[122.53639221191429,11.579719532326463],[122.5716629028326,11.566940296495172],[122.57514953613314,11.553279865596501],[122.56582641601607,11.566940296495172],[122.53749847412156,11.558059681266856],[122.58541870117209,11.55055998644782],[122.58693695068384,11.523059833878285],[122.58027648925824,11.51333044850869],[122.57389068603582,11.528889644970786],[122.56445312500047,11.503890026457254],[122.57250213623092,11.494449604405379],[122.58999633789082,11.518609989520682],[122.62666320800824,11.51805971944091],[122.655281066895,11.53693960986998],[122.63333129882812,11.546939838745049],[122.6486129760743,11.574439991314433],[122.65860748291074,11.54249953113061],[122.66860961914097,11.548609722472108],[122.67867279052788,11.546090114929843],[122.6697235107424,11.543609608034197],[122.68305206298886,11.528059948315951],[122.68531799316452,11.545319546082716],[122.70054626464876,11.527779568067157],[122.70221710205146,11.549169529295408],[122.68315887451229,11.547010410644617],[122.67833709716828,11.565560329760391],[122.72222137451217,11.58028029282425],[122.71333312988314,11.597920406643265],[122.72499847412153,11.595829952543077],[122.72638702392621,11.601940143883867],[122.70493316650422,11.608320225056774],[122.71415710449241,11.61332987623747],[122.79271697998057,11.608039844807633],[122.7938919067385,11.595000255888424],[122.82749938964841,11.610280025775577],[122.83277893066462,11.60249995070752],[122.82639312744197,11.598059643093265],[122.82554626464865,11.587499607394317],[122.82875823974652,11.577389705973442],[122.8304214477546,11.595879543607438],[122.86016082763729,11.542229641299384],[122.86528015136764,11.555829990716486],[122.86444091796932,11.536390293464134],[122.85595703125054,11.53442000232754],[122.87687683105513,11.529149998058857],[122.86694335937521,11.53944014392579],[122.87777709960983,11.544719684937798],[122.93083190917991,11.516110409139523],[122.91583251953136,11.50306032980246],[122.91027832031249,11.51583002889077],[122.89778137207031,11.518609989520682],[122.90944671630871,11.498889912019223],[122.88276672363304,11.488610256570245],[122.89055633544967,11.467780102165356],[122.86138916015682,11.454449642579549],[122.89584350586003,11.423609722556682],[122.91722106933629,11.431670177873384],[122.90389251709041,11.43527983515797],[122.91443634033224,11.45250033227818],[122.92445373535224,11.446109760687962],[122.91805267334006,11.483610142132198],[122.93527984619183,11.476389873887989],[122.9269409179694,11.473059643177349],[122.92472076416071,11.462779987727151],[122.94249725341831,11.479999531172767],[123.00776672363291,11.491939533606407],[123.1049728393557,11.548760403014],[123.14888763427733,11.598890293422395],[123.16306304931707,11.561670292226477],[123.1380462646491,11.50749968374206],[123.12142181396486,11.527533520093712],[123.09665679931709,11.520279873248107],[123.11389160156308,11.496109951389283],[123.14083099365259,11.491939533606407],[123.12790679931638,11.47679995384368],[123.1527786254886,11.48777960624059],[123.16552734375058,11.468930233390067],[123.12832641601617,11.415559757657169],[123.15222167968749,11.393059719525723],[123.12666320800778,11.36110972259898],[123.13361358642612,11.343330372330389],[123.099716186524,11.329999912744706],[123.10887908935605,11.297189701585713],[123.09306335449284,11.228059757785527],[123.1177673339848,11.211250294296788],[123.12658691406295,11.171179760572183],[123.10388946533249,11.155280102380106],[123.0761108398441,11.178890217414583],[123.0650024414068,11.174719799632175],[123.06194305419992,11.185830105410602],[123.05666351318358,11.176110256784511],[123.06722259521527,11.168060291884789],[123.09528350830111,11.162500370624294],[123.09230804443425,11.147850025786191],[123.06833648681696,11.166669834732605],[123.0305633544923,11.167779911636194],[123.00971984863351,11.093330372504058],[122.97638702392624,11.059169758514093],[122.95166778564452,11.065560330104173],[122.96389007568402,11.049440373145204],[122.95166778564452,11.03277968284924],[122.93611145019564,11.03221987602542],[122.9433364868171,11.056949604706954],[122.92415618896506,11.06639002675882],[122.90611267089909,11.020830143673207],[122.87194824218793,11.031940449451513],[122.85138702392635,11.017780293211274],[122.85130310058614,10.991169918779342],[122.83055877685594,11.002499569650457],[122.78166961669976,10.986940373189434],[122.7600021362306,10.946940411364334],[122.78221893310591,10.923609722904358],[122.78584289550827,10.861390103198447],[122.75971984863294,10.84556006323155],[122.76693725585936,10.828610409617863],[122.73444366455091,10.785280217083752],[122.70889282226628,10.77832983867091],[122.67138671875057,10.795559872532822],[122.66388702392635,10.777779568590072],[122.6127777099615,10.775279988209203],[122.58889007568358,10.745559681834186],[122.60056304931699,10.727219571068474],[122.5808029174809,10.687049855216637],[122.45723724365256,10.687999714834778],[122.27382659912121,10.657640446668122],[122.2450332641607,10.635160435698376],[122.2069168090827,10.638239850064252],[122.14285278320311,10.584329594671248],[122.09516143798861,10.574410428114136],[122.05079650878952,10.487270344865543],[121.96098327636751,10.406089772416195],[121.91158294677767,10.446649541062754],[121.91416931152342,10.504719723819758],[121.95818328857443,10.551250447356807],[121.97836303710983,10.67278956317386],[121.96510314941449,10.716569889984717],[121.92330932617222,10.763839711117658],[121.98401641845761,10.930279721068862],[122.05388641357469,11.03221987602542],[122.03278350830111,11.190560330016613],[122.05249786376974,11.225279797155642],[122.05166625976597,11.262499798350373],[122.0269470214846,11.300559986617165],[122.05805206298875,11.343059528824362],[122.0519409179692,11.468059528739715],[122.08556365966808,11.501939762481436],[122.07805633544945,11.54249953113061],[122.10193634033236,11.648889530449008],[122.0997772216798,11.705659855118572],[122.06360626220702,11.742500293937322],[122.04444122314453,11.732219684812945],[121.9178466796877,11.767419803808888],[121.84339904785153,11.762570369912613],[121.88024902343805,11.815299976506923],[121.88450622558591,11.898969638927724],[121.94496917724611,11.916130054566562],[121.95861053466795,11.937219608385842]]],[[[123.16249847412175,11.388609875168374],[123.16528320312531,11.386670101610129],[123.16306304931707,11.38360976073053],[123.15915679931688,11.387220371689924],[123.16249847412175,11.388609875168374]]],[[[123.1608428955084,11.234439838958433],[123.16139221191452,11.228059757785527],[123.15471649169966,11.229169834689108],[123.15583038330114,11.23416994912709],[123.1608428955084,11.234439838958433]]],[[[123.15666961669943,11.178059567085855],[123.15556335449219,11.181949604619312],[123.15915679931688,11.186389912233631],[123.16055297851632,11.18360995160342],[123.15666961669943,11.178059567085855]]],[[[123.15525817871128,11.093399990729134],[123.15263366699227,11.096079815556127],[123.15371704101632,11.097640026736615],[123.15692138671888,11.095809925724952],[123.15525817871128,11.093399990729134]]],[[[123.14639282226595,11.154439915307876],[123.1527786254886,11.142219532626097],[123.14277648925813,11.14000033249311],[123.12666320800778,11.10389040820224],[123.11554718017636,11.09971999041949],[123.1074981689453,11.136670101782693],[123.14639282226595,11.154439915307876]]],[[[123.15026855468807,11.30500983097489],[123.14824676513682,11.307479847452502],[123.1516723632817,11.3095397839747],[123.15158843994207,11.306090343974788],[123.15026855468807,11.30500983097489]]],[[[123.14618682861371,9.61474036201664],[123.14232635498092,9.61703013404838],[123.14659118652376,9.621029844128467],[123.14833068847703,9.618720044935921],[123.14618682861371,9.61474036201664]]],[[[123.1438903808596,11.413060177275646],[123.1452789306645,11.41082953305104],[123.14277648925813,11.409170139741628],[123.14111328125057,11.412779797026845],[123.1438903808596,11.413060177275646]]],[[[123.1449890136723,11.26467989783645],[123.13522338867256,11.223750103552904],[123.12071990966865,11.213179577436854],[123.13249969482467,11.264439571908216],[123.1449890136723,11.26467989783645]]],[[[123.13416290283227,11.861669529088898],[123.14221954345746,11.85194014371892],[123.12167358398506,11.834719646599291],[123.11805725097724,11.853610027446358],[123.13416290283227,11.861669529088898]]],[[[123.1280517578127,11.51889036976987],[123.13861083984384,11.500280369172165],[123.12416839599643,11.495280254734636],[123.1177673339848,11.501110065826406],[123.1280517578127,11.498889912019223],[123.1280517578127,11.51889036976987]]],[[[123.13501739501974,7.484300128708995],[123.13461303711004,7.486800185926963],[123.13571166992223,7.487490169294377],[123.1361312866212,7.485549918899565],[123.13501739501974,7.484300128708995]]],[[[123.13416290283227,11.201109875297327],[123.13221740722699,11.202500332449846],[123.1347198486334,11.203889835927495],[123.13500213623102,11.202219952200721],[123.13416290283227,11.201109875297327]]],[[[123.12364959716854,7.668360225281152],[123.1221237182623,7.6694102207030515],[123.1229629516606,7.6708598056628325],[123.12420654296919,7.670519820769395],[123.12364959716854,7.668360225281152]]],[[[123.12110900878974,11.516110409139523],[123.12249755859388,11.515279758809877],[123.12194824218773,11.512220371605084],[123.11972045898484,11.515560139059232],[123.12110900878974,11.516110409139523]]],[[[123.11177062988314,14.079429613882525],[123.11678314209041,14.07478045159233],[123.09967041015659,14.084239947131888],[123.10629272460992,14.089509951402288],[123.11177062988314,14.079429613882525]]],[[[123.11250305175837,11.502220142730021],[123.11195373535224,11.504440296537245],[123.11389160156308,11.506939876919155],[123.11416625976597,11.503330219633643],[123.11250305175837,11.502220142730021]]],[[[123.10735321044979,14.046879755805056],[123.11389160156308,14.035280215100746],[123.11195373535224,14.030280100662388],[123.09407806396497,14.039979922129794],[123.10735321044979,14.046879755805056]]],[[[123.11122131347712,7.676249972894024],[123.1076202392579,7.6742801585951606],[123.10664367675835,7.675419799402528],[123.10922241210984,7.677279941154538],[123.11122131347712,7.676249972894024]]],[[[123.10706329345759,7.677559844566358],[123.10649871826192,7.6802000919091755],[123.11102294921874,7.680960170338503],[123.11060333251973,7.678740016531847],[123.10706329345759,7.677559844566358]]],[[[123.10610961914118,11.271940220402106],[123.10527801513742,11.273059834048299],[123.10722351074264,11.274169910951882],[123.10784912109419,11.272769917056934],[123.10610961914118,11.271940220402106]]],[[[123.1030578613287,11.266949642707822],[123.10388946533249,11.269169796514976],[123.10555267334004,11.268059719611397],[123.10500335693395,11.267219532539158],[123.1030578613287,11.266949642707822]]],[[[123.09445953369153,14.079850184256252],[123.08679199218784,14.08500956230544],[123.08863067626997,14.090459811021113],[123.09504699707087,14.08640001945808],[123.09445953369153,14.079850184256252]]],[[[123.0899963378912,14.055000292605822],[123.08846282959041,14.053190218753748],[123.08666992187524,14.055560099429387],[123.09055328369209,14.056670176332823],[123.0899963378912,14.055000292605822]]],[[[123.08556365966797,14.08693979912054],[123.08556365966797,14.088890063096965],[123.08638763427804,14.089440333176833],[123.08650970459017,14.087789522936449],[123.08556365966797,14.08693979912054]]],[[[123.08139038085946,14.092220293808357],[123.0844192504883,14.089380251695385],[123.08460235595739,14.085379587939734],[123.08062744140638,14.086560236742976],[123.08139038085946,14.092220293808357]]],[[[123.07485961914108,7.611879817618188],[123.0774230957038,7.61234997905575],[123.07687377929722,7.608620158807552],[123.07250213623104,7.614719859729981],[123.07485961914108,7.611879817618188]]],[[[123.07640838623048,14.073490130242735],[123.07684326171898,14.065030085386525],[123.06728363037179,14.067469584286712],[123.06833648681696,14.070509898005474],[123.07640838623048,14.073490130242735]]],[[[123.07125854492188,7.653490058516397],[123.07055664062568,7.656050197216352],[123.07187652587945,7.6581401744792945],[123.07187652587945,7.6545300403575975],[123.07125854492188,7.653490058516397]]],[[[123.05278015136729,14.129440295010834],[123.06893920898484,14.128580080777756],[123.06841278076215,14.096989619062228],[123.06096649169965,14.107789980690233],[123.05278015136729,14.129440295010834]]],[[[123.05806732177778,13.49083994590966],[123.05706024169967,13.49098013603473],[123.05684661865267,13.492489802476772],[123.05919647216821,13.492489802476772],[123.05806732177778,13.49083994590966]]],[[[123.0522689819339,7.582560054461375],[123.05114746093795,7.580689899128675],[123.04608917236374,7.585269920028931],[123.04663848876986,7.585470191635312],[123.0522689819339,7.582560054461375]]],[[[123.04915618896494,11.146940220489029],[123.05055236816439,11.145830143585457],[123.04805755615303,11.141949642794733],[123.04694366455136,11.145560253754107],[123.04915618896494,11.146940220489029]]],[[[123.04972839355482,7.5915598789770415],[123.05052947998115,7.590139857921331],[123.05027770996092,7.5893201748468595],[123.0494537353521,7.589570037517427],[123.04972839355482,7.5915598789770415]]],[[[123.04929351806688,7.572529784847838],[123.04747772216864,7.575719825433254],[123.04837799072311,7.576419822380437],[123.04949188232467,7.575520030663505],[123.04929351806688,7.572529784847838]]],[[[123.04888916015682,11.131669987344944],[123.04582977294977,11.131939877176105],[123.0452804565432,11.13306044449714],[123.0483322143557,11.135000218055644],[123.04888916015682,11.131669987344944]]],[[[123.03639984130918,14.376779543549409],[123.03507995605534,14.377920138031904],[123.03536987304734,14.379569994598386],[123.03775787353585,14.377969729096106],[123.03639984130918,14.376779543549409]]],[[[123.02610778808614,11.75889014072844],[123.02416992187513,11.755559910017881],[123.02166748046875,11.757499683576007],[123.02388763427744,11.759169567302905],[123.02610778808614,11.75889014072844]]],[[[123.02055358886784,11.080829609573374],[123.0233306884771,11.081109989822119],[123.02306365966862,11.073550213521342],[123.01860809326203,11.077219952288178],[123.02055358886784,11.080829609573374]]],[[[123.00302124023493,14.43470953619868],[123.01944732666084,14.430279719001105],[122.98474121093786,14.428979860908392],[122.99018859863315,14.435150133732385],[123.00302124023493,14.43470953619868]]],[[[123.01277923584017,11.069439877220034],[123.01110839843761,11.074170101826565],[123.01361083984396,11.078889836014982],[123.01526641845737,11.072779644674247],[123.01277923584017,11.069439877220034]]],[[[123.01207733154354,11.503330219633643],[123.01167297363325,11.501150120147862],[123.01055908203148,11.501110065826406],[123.0102767944338,11.50277994955385],[123.01207733154354,11.503330219633643]]],[[[123.00952148437568,14.100429522319809],[123.00910949707098,14.10070990256845],[123.00887298584017,14.102609621805984],[123.0098495483403,14.102100359720945],[123.00952148437568,14.100429522319809]]],[[[123.00444793701229,14.097220408246644],[123.0049209594732,14.099340426250832],[123.00705718994176,14.101059901042598],[123.00656127929707,14.09858034782116],[123.00444793701229,14.097220408246644]]],[[[122.99057006835969,14.447699534056504],[122.99449920654342,14.448340403196699],[122.99526977539107,14.447030054686753],[122.9869232177739,14.448089586851713],[122.99057006835969,14.447699534056504]]],[[[122.98332977294923,11.710559833753312],[122.9827270507817,11.711179722058544],[122.98342132568361,11.715660083993754],[122.98555755615291,11.713609684214816],[122.98332977294923,11.710559833753312]]],[[[122.97958374023503,14.447110163329262],[122.97850036621149,14.448229776976232],[122.98161315917969,14.449099527952177],[122.98178863525425,14.447959887144789],[122.97958374023503,14.447110163329262]]],[[[122.94479370117222,14.435489641789093],[122.94510650634813,14.42807959235378],[122.97984313964899,14.405980097430286],[122.92455291748092,14.433389650945555],[122.94479370117222,14.435489641789093]]],[[[122.96871948242219,14.447230326292882],[122.96965026855491,14.452580439205438],[122.97519683837957,14.450790392514207],[122.97393035888726,14.448989855406094],[122.96871948242219,14.447230326292882]]],[[[122.97495269775436,13.157159793199146],[122.97292327880892,13.136119830442393],[122.94969940185602,13.133729922606932],[122.9469833374027,13.141579615900772],[122.97495269775436,13.157159793199146]]],[[[122.96434783935548,7.461909763129023],[122.96752929687568,7.460509769233312],[122.97004699707101,7.4514398496559835],[122.96231842041063,7.458539954934468],[122.96434783935548,7.461909763129023]]],[[[122.95728302001987,14.374190317782245],[122.9611968994144,14.36948012033568],[122.94962310791038,14.375479685457215],[122.95130157470747,14.376020418794521],[122.95728302001987,14.374190317782245]]],[[[122.95269775390658,14.492959963417942],[122.95860290527413,14.468790041554128],[122.94013214111384,14.464870440115185],[122.94435882568415,14.449970232602844],[122.90146636962913,14.44583986914037],[122.95269775390658,14.492959963417942]]],[[[122.95732116699227,13.127329814272997],[122.95606231689496,13.12849997265834],[122.95675659179744,13.129389750794909],[122.95844268798885,13.128219592409696],[122.95732116699227,13.127329814272997]]],[[[122.95424652099665,13.147439944571751],[122.9518737792973,13.149290072744357],[122.9520874023443,13.150250422780536],[122.95510101318361,13.147919642752736],[122.95424652099665,13.147439944571751]]],[[[122.95134735107492,14.201769816154485],[122.94798278808649,14.202389704459863],[122.94776153564509,14.202939974540483],[122.95198059082043,14.204589831107308],[122.95134735107492,14.201769816154485]]],[[[122.93972015380928,14.441390024782054],[122.93879699707088,14.442700373292013],[122.93943023681685,14.443799959778469],[122.9408264160163,14.442779528260106],[122.93972015380928,14.441390024782054]]],[[[122.93694305419943,13.175029742530079],[122.93557739257821,13.178469645787086],[122.93727111816465,13.180669772434218],[122.93884277343773,13.1783504364976],[122.93694305419943,13.175029742530079]]],[[[122.93698883056685,14.490019785501637],[122.93753051757855,14.486140238384266],[122.9311599731445,14.48898981724051],[122.93142700195355,14.489749895670226],[122.93698883056685,14.490019785501637]]],[[[122.92846679687568,14.489830004312534],[122.92661285400402,14.492239939309329],[122.9331436157231,14.493670450783267],[122.93260955810592,14.491550432778984],[122.92846679687568,14.489830004312534]]],[[[122.92120361328149,14.216620432602888],[122.9234466552739,14.204540240042773],[122.93200683593784,14.193710314510994],[122.91628265380861,14.19618033098879],[122.92120361328149,14.216620432602888]]],[[[122.92942047119209,14.418239580762071],[122.92767333984432,14.414609896315623],[122.92275238037145,14.41816996253696],[122.92872619628963,14.419589983593447],[122.92942047119209,14.418239580762071]]],[[[122.92722320556686,7.4299998205312825],[122.9263916015625,7.430829994022944],[122.9269409179694,7.433889858064354],[122.92916870117234,7.431109897434049],[122.92722320556686,7.4299998205312825]]],[[[122.91860961914118,7.341110221766715],[122.91722106933629,7.342219821832584],[122.91722106933629,7.342780105492994],[122.91916656494188,7.34306000890482],[122.91860961914118,7.341110221766715]]],[[[122.90746307373104,14.490619646646286],[122.90592193603584,14.49102972660184],[122.90577697753942,14.49246977481964],[122.9086074829107,14.492219912148569],[122.90746307373104,14.490619646646286]]],[[[122.90519714355538,14.500260340306765],[122.90794372558616,14.495389925575072],[122.90325927734432,14.492650019265243],[122.90316772460994,14.500060068700277],[122.90519714355538,14.500260340306765]]],[[[122.90222167968773,11.458609569945004],[122.90083312988281,11.455559719483155],[122.89527893066474,11.457500446715141],[122.8980636596683,11.459719646848297],[122.90222167968773,11.458609569945004]]],[[[122.86118316650436,13.171730029396604],[122.89610290527398,13.146590220755902],[122.89391326904352,13.140250193904478],[122.87116241455111,13.14517973644318],[122.86118316650436,13.171730029396604]]],[[[122.89034271240232,11.45464991418532],[122.8916702270511,11.45471953241075],[122.8938903808598,11.451939571780331],[122.88889312744183,11.454449642579549],[122.89193725585982,11.458609569945004],[122.89034271240232,11.45464991418532]]],[[[122.88052368164062,11.444620121406869],[122.8835830688481,11.44709967462782],[122.88553619384788,11.446900356695984],[122.88553619384788,11.446069706366545],[122.88052368164062,11.444620121406869]]],[[[122.88361358642635,11.453610409181781],[122.88500213623045,11.451109875125814],[122.8783264160156,11.452219952029413],[122.88139343261766,11.456669796386793],[122.88361358642635,11.453610409181781]]],[[[122.85836791992233,7.276070110285444],[122.85098266601571,7.2675599975309275],[122.84110260009832,7.275559894526546],[122.85475921630895,7.284319869951375],[122.85836791992233,7.276070110285444]]],[[[122.85827636718818,7.2869000358125735],[122.8547210693365,7.286670200302376],[122.85418701171908,7.287539951277807],[122.85666656494173,7.289169780683391],[122.85827636718818,7.2869000358125735]]],[[[122.85778045654317,7.435830108459214],[122.85415649414084,7.4299998205312825],[122.84860992431696,7.431940070926099],[122.85444641113301,7.436389915282523],[122.85778045654317,7.435830108459214]]],[[[122.84555816650445,7.433330051240695],[122.84722137451205,7.436110011871044],[122.84889221191474,7.435560218628054],[122.84777832031318,7.433330051240695],[122.84555816650445,7.433330051240695]]],[[[122.84725189209031,13.140569674800249],[122.8440933227539,13.142310130426717],[122.84377288818425,13.144519793816597],[122.84593963623102,13.143770205804376],[122.84725189209031,13.140569674800249]]],[[[122.84027862548828,11.642499912533342],[122.84638977050827,11.641670215879248],[122.83249664306697,11.632220257084281],[122.83339691162143,11.643699634822964],[122.84027862548828,11.642499912533342]]],[[[122.84047698974652,7.276939861260977],[122.84004211425803,7.2780899924857065],[122.84394073486382,7.279310218771875],[122.84326934814509,7.277689926110295],[122.84047698974652,7.276939861260977]]],[[[122.83257293701216,14.472180353747468],[122.8292617797857,14.475629793748281],[122.83177185058626,14.483260141949808],[122.83499908447331,14.477310167892426],[122.83257293701216,14.472180353747468]]],[[[122.81829071044976,14.384909617092942],[122.80666351318382,14.40108965553793],[122.80571746826193,14.41909025825171],[122.8177108764654,14.404979693072622],[122.81829071044976,14.384909617092942]]],[[[122.81500244140626,7.727499953773697],[122.80611419677778,7.737778178710037],[122.80750274658271,7.740277759091041],[122.81305694580101,7.738056174772974],[122.81500244140626,7.727499953773697]]],[[[122.8008346557623,7.738889209287719],[122.80889129638707,7.73277806427368],[122.81055450439521,7.727777949837292],[122.79888916015622,7.728610984351884],[122.8008346557623,7.738889209287719]]],[[[122.80638885498112,7.4766697805102265],[122.80583190918003,7.478610030905102],[122.80764007568402,7.479939929738472],[122.80802917480503,7.477890006797122],[122.80638885498112,7.4766697805102265]]],[[[122.8035507202152,14.262060152734865],[122.80326843261754,14.263299929345573],[122.80313110351618,14.265359865868318],[122.80425262451182,14.263299929345573],[122.8035507202152,14.262060152734865]]],[[[122.7900009155277,7.555829993908233],[122.79750061035212,7.555829993908233],[122.79945373535189,7.5538902203505724],[122.78888702392624,7.5513901631322335],[122.7900009155277,7.555829993908233]]],[[[122.79582214355504,13.65277956679613],[122.79470062255903,13.654919611960793],[122.79553985595736,13.656080233603442],[122.79686737060578,13.655329691917267],[122.79582214355504,13.65277956679613]]],[[[122.78833007812509,7.384719840867166],[122.78610992431642,7.387780181745304],[122.78888702392624,7.390279762126774],[122.79083251953148,7.3861098211816225],[122.78833007812509,7.384719840867166]]],[[[122.78388214111393,13.66012953474922],[122.78265380859418,13.661840426471938],[122.78369140625065,13.664130198504258],[122.78618621826206,13.661780344989944],[122.78388214111393,13.66012953474922]]],[[[122.7724304199221,10.937709797662867],[122.77117919921929,10.938540447991574],[122.7706909179694,10.939999569694349],[122.7731933593752,10.938750256341326],[122.7724304199221,10.937709797662867]]],[[[122.74362182617243,13.782569872820641],[122.73535156250044,13.775690066305554],[122.7235031127932,13.779060351338169],[122.73387908935615,13.782839762651887],[122.74362182617243,13.782569872820641]]],[[[122.74105072021506,10.500579823615483],[122.73844909667977,10.50327013885962],[122.74270629882844,10.507080067751096],[122.74350738525402,10.502429951787237],[122.74105072021506,10.500579823615483]]],[[[122.73423004150388,10.515319813838639],[122.73995208740234,10.513349522702],[122.73860168457064,10.50520991241808],[122.73097229003942,10.513830174557764],[122.73423004150388,10.515319813838639]]],[[[122.70617675781284,10.474439610621488],[122.7281265258789,10.453160275615806],[122.68332672119149,10.443619717761516],[122.68681335449253,10.467949856903454],[122.70617675781284,10.474439610621488]]],[[[122.660476684571,10.753450383121892],[122.71376800537166,10.715880383454817],[122.72206878662166,10.692489613512997],[122.72721862793026,10.616109837568358],[122.68171691894588,10.50004004395263],[122.62748718261787,10.434419621638135],[122.58139038085993,10.428609837706874],[122.57888793945355,10.442779530689652],[122.59278106689484,10.444439877673304],[122.58222198486371,10.453330029644107],[122.54282379150388,10.407030095291239],[122.51471710205088,10.406109799576743],[122.50861358642587,10.450559605757142],[122.47421264648462,10.480389584677203],[122.48278045654352,10.506389607546716],[122.52246093750057,10.516079892268476],[122.51110076904364,10.533320416547488],[122.5448989868171,10.541259755225733],[122.52242279052788,10.540040005775975],[122.50949096679742,10.581040371956881],[122.56205749511784,10.641770352380796],[122.5605926513673,10.664239872933132],[122.6090164184576,10.675740231506616],[122.61422729492233,10.718259800872062],[122.660476684571,10.753450383121892]]],[[[122.7263488769537,10.496549595956989],[122.72595977783216,10.491789807447663],[122.71309661865293,10.496439923410852],[122.71887969970757,10.501620282293713],[122.7263488769537,10.496549595956989]]],[[[122.72334289550813,13.323659884660088],[122.71254730224679,13.32826040955975],[122.72009277343795,13.365139949029523],[122.72440338134764,13.36017035216937],[122.72334289550813,13.323659884660088]]],[[[122.54915618896541,12.50444029589801],[122.65556335449266,12.483610141491647],[122.6991729736334,12.401670444275641],[122.6827774047857,12.32917021543845],[122.63445281982469,12.283889758923621],[122.6350021362307,12.267499912132102],[122.61000061035215,12.296389568180473],[122.56246948242188,12.312490451654822],[122.54106140136777,12.361519801905478],[122.44960784912129,12.397359836367842],[122.42446136474645,12.43369959617259],[122.46134185791038,12.487170207712472],[122.54915618896541,12.50444029589801]]],[[[122.6980590820319,12.187780368724798],[122.69756317138695,12.192049968636285],[122.6980590820319,12.192390430367412],[122.69889068603574,12.191670406258933],[122.6980590820319,12.187780368724798]]],[[[122.69777679443405,12.187219608227046],[122.6980590820319,12.184439647596395],[122.69515991211006,12.181770313186306],[122.69648742675793,12.186519611279232],[122.69777679443405,12.187219608227046]]],[[[122.69139099121126,7.4620098989320285],[122.68937683105516,7.462850086004051],[122.68937683105516,7.4639100950054535],[122.691726684571,7.463129989415736],[122.69139099121126,7.4620098989320285]]],[[[122.6778411865241,11.535949695930306],[122.67769622802778,11.53816031299389],[122.67894744873117,11.538990009648876],[122.68077087402398,11.53664015613477],[122.6778411865241,11.535949695930306]]],[[[122.67817687988294,10.461589802892306],[122.67553710937521,10.462289799840194],[122.67511749267625,10.463089932590943],[122.67903900146496,10.463250149875574],[122.67817687988294,10.461589802892306]]],[[[122.6692047119145,14.410485254899086],[122.66709899902388,14.410828577652245],[122.6666336059575,14.411672579422403],[122.66790008544977,14.412362085952704],[122.6692047119145,14.410485254899086]]],[[[122.6656036376959,10.427000035461704],[122.66253662109386,10.431099881345304],[122.66278839111364,10.434020032099498],[122.66686248779321,10.430040349180466],[122.6656036376959,10.427000035461704]]],[[[122.65273284912163,10.457360257302064],[122.6508712768558,10.458800305518873],[122.65113830566472,10.460479725988783],[122.65405273437511,10.458700169715874],[122.65273284912163,10.457360257302064]]],[[[122.65283203125055,10.436530102898807],[122.6505966186529,10.433939923457208],[122.64792633056695,10.435810078790379],[122.65218353271531,10.437859524895003],[122.65283203125055,10.436530102898807]]],[[[122.64505767822263,10.441360463307289],[122.6446762084961,10.442589749500268],[122.64539337158259,10.444089879199277],[122.64607238769554,10.44237040440794],[122.64505767822263,10.441360463307289]]],[[[122.64375305175794,14.281100260452854],[122.64227294921918,14.281310068802615],[122.64325714111374,14.28335951490711],[122.6439590454107,14.281310068802615],[122.64375305175794,14.281100260452854]]],[[[122.63471984863301,11.537919987066699],[122.63305664062547,11.53806017719101],[122.63221740722722,11.53944014392579],[122.63416290283271,11.540559757572554],[122.63471984863301,11.537919987066699]]],[[[122.63117980957087,14.32590006511926],[122.63139343261764,14.331109987907263],[122.63301086425851,14.332209574393627],[122.63301086425851,14.327619539911064],[122.63117980957087,14.32590006511926]]],[[[122.63166809082054,11.566940296495172],[122.63083648681675,11.56931017717018],[122.63221740722722,11.570560444197934],[122.63221740722722,11.567500103318848],[122.63166809082054,11.566940296495172]]],[[[122.63007354736362,11.57750033219407],[122.62922668457033,11.5788898356715],[122.63144683837902,11.579170215920836],[122.63144683837902,11.57806013901738],[122.63007354736362,11.57750033219407]]],[[[122.60607147216842,10.397809972007126],[122.61670684814496,10.397720326621698],[122.6243667602539,10.38955019875898],[122.59221649169957,10.395170201501529],[122.60607147216842,10.397809972007126]]],[[[122.60688018798896,14.346559511825738],[122.60704040527412,14.343159662889517],[122.60662078857455,14.342470156359058],[122.60331726074227,14.347550379440108],[122.60688018798896,14.346559511825738]]],[[[122.59774017334016,10.32845019270136],[122.59702301025402,10.33063029218712],[122.59960174560612,10.332960118540157],[122.60027313232479,10.32993029523943],[122.59774017334016,10.32845019270136]]],[[[122.56500244140648,10.41388987464399],[122.57844758558467,10.41346704400405],[122.57805633544977,10.414440144724297],[122.58165740966841,10.415559758371087],[122.58308654273397,10.413321155407091],[122.58536988205573,10.413249347636656],[122.58669281005858,10.415519704049839],[122.58992004394564,10.414440144724297],[122.58899809131331,10.413135245621692],[122.59741973877009,10.412870396800713],[122.59709167480467,10.404669751359904],[122.55999755859433,10.40110968513941],[122.56500244140648,10.41388987464399]]],[[[122.59327697753906,14.329480158500921],[122.58551788330148,14.32530020397428],[122.5816268920902,14.325880037958225],[122.58466339111372,14.330590235404745],[122.59327697753906,14.329480158500921]]],[[[122.58809661865281,13.884730326565153],[122.58854675293026,13.891559588341602],[122.59162139892645,13.89328001680693],[122.58886718750044,13.884940134914617],[122.58809661865281,13.884730326565153]]],[[[122.58841705322324,10.329580296765547],[122.58590698242253,10.331399907359732],[122.58690643310591,10.337929715399145],[122.59076690673872,10.332750310190422],[122.58841705322324,10.329580296765547]]],[[[122.57920074462947,13.920800196542208],[122.57807922363347,13.922659861458241],[122.57906341552733,13.92341993988808],[122.58006286621149,13.921520220650615],[122.57920074462947,13.920800196542208]]],[[[122.57147216796932,13.91934965790703],[122.57021331787155,13.922519671333742],[122.57189178466842,13.92341040314465],[122.57238006591832,13.921139704598701],[122.57147216796932,13.91934965790703]]],[[[122.55664825439487,10.404299725725151],[122.5513763427741,10.40392970009109],[122.55049896240291,10.4043903247854],[122.55403137207088,10.408309926222893],[122.55664825439487,10.404299725725151]]],[[[122.54472351074254,7.682129851886603],[122.54039001464898,7.685110084122673],[122.54090881347688,7.688260070387033],[122.5459365844729,7.6851801791847905],[122.54472351074254,7.682129851886603]]],[[[122.50971984863315,10.411390294262818],[122.51352691650435,10.402620305255248],[122.50523376464878,10.40235041542411],[122.50901031494197,10.406370152664948],[122.50971984863315,10.411390294262818]]],[[[122.51059722900447,10.565469731404447],[122.50972747802767,10.567139615130662],[122.51056671142646,10.569950093338923],[122.51145935058639,10.568209637712746],[122.51059722900447,10.565469731404447]]],[[[122.50138854980524,10.42749976080353],[122.50833129882822,10.424169530093131],[122.50581359863314,10.41073035163636],[122.49973297119183,10.416939725105795],[122.50138854980524,10.42749976080353]]],[[[122.50138854980524,10.517780293573383],[122.50417327880905,10.516670216669837],[122.50499725341867,10.515560139766498],[122.49833679199277,10.515560139766498],[122.50138854980524,10.517780293573383]]],[[[122.4952774047857,10.514719952694122],[122.49333190917967,10.514439572445557],[122.49276733398479,10.516670216669837],[122.49416351318423,10.517219533075524],[122.4952774047857,10.514719952694122]]],[[[122.49062347412132,7.593359939247626],[122.4896926879886,7.594890109686907],[122.49260711669976,7.596199981359398],[122.49233245849629,7.593949786811261],[122.49062347412132,7.593359939247626]]],[[[122.44777679443426,8.11721991649936],[122.44666290283268,8.11388968578925],[122.44333648681688,8.116390219844533],[122.444442749024,8.117500296747906],[122.44777679443426,8.11721991649936]]],[[[122.44638824462935,7.588329784070387],[122.44777679443426,7.587500087415757],[122.44277954101598,7.587500087415757],[122.44361114502018,7.588610164319077],[122.44638824462935,7.588329784070387]]],[[[122.44580841064496,14.33905981700498],[122.44448852539097,14.340379702258478],[122.44539642334041,14.341480242419005],[122.44658660888705,14.339949595141592],[122.44580841064496,14.33905981700498]]],[[[122.4397201538089,11.616109836867428],[122.44471740722669,11.613059986406112],[122.43166351318416,11.610560406024213],[122.4386062622075,11.616390217116777],[122.4397201538089,11.616109836867428]]],[[[122.44194793701216,8.119170180474784],[122.44222259521531,8.117779723322718],[122.43916320800781,8.118610373651267],[122.44000244140656,8.120280257378166],[122.44194793701216,8.119170180474784]]],[[[122.43666839599643,11.596670139615156],[122.42888641357433,11.595560062711744],[122.42666625976561,11.5977802165186],[122.43945312500055,11.60361002761113],[122.43666839599643,11.596670139615156]]],[[[122.43888854980516,7.347499839680739],[122.43776702880918,7.346940032857743],[122.43472290039121,7.348330013172575],[122.43750000000021,7.349440090075885],[122.43888854980516,7.347499839680739]]],[[[122.43818664550827,7.521230212903497],[122.43850708007855,7.520669929243135],[122.43710327148493,7.519579879500662],[122.43766021728527,7.521230212903497],[122.43818664550827,7.521230212903497]]],[[[122.43489837646493,9.64377974492811],[122.43286132812534,9.647259702505398],[122.43795776367246,9.654040326890161],[122.43821716308639,9.649459829152184],[122.43489837646493,9.64377974492811]]],[[[122.43611145019531,11.619449604321751],[122.43083190918038,11.61332987623747],[122.42694091796908,11.61361025648626],[122.43166351318416,11.625559795662753],[122.43611145019531,11.619449604321751]]],[[[122.4338912963874,11.603329647362356],[122.43250274658247,11.6049995310887],[122.4327774047857,11.606940258321822],[122.43554687500043,11.604720104514769],[122.4338912963874,11.603329647362356]]],[[[122.42804718017634,7.387499801496778],[122.42694091796908,7.389170162060479],[122.4300003051761,7.391109935618428],[122.4300003051761,7.388609878400112],[122.42804718017634,7.387499801496778]]],[[[122.42041778564511,7.496679774998969],[122.42353057861372,7.49610995459509],[122.41445922851562,7.490580074076544],[122.4178924560547,7.4970598142134595],[122.42041778564511,7.496679774998969]]],[[[122.41999816894585,11.631939876835485],[122.4186096191412,11.63582991436907],[122.42250061035168,11.637780178345103],[122.4230575561528,11.634440410891326],[122.41999816894585,11.631939876835485]]],[[[122.40972137451182,7.355830184826937],[122.40833282470771,7.3575000685536],[122.40888977050805,7.3597202223600835],[122.41000366210949,7.3591699522795375],[122.40972137451182,7.355830184826937]]],[[[122.40721893310602,11.652500141409023],[122.41000366210949,11.651940334585744],[122.40805816650422,11.645560253412986],[122.40249633789082,11.649999607352608],[122.40721893310602,11.652500141409023]]],[[[122.3961105346682,6.749999992829426],[122.40693664550827,6.741940014351963],[122.4049987792973,6.733610146043393],[122.39138793945371,6.7388901638915035],[122.3961105346682,6.749999992829426]]],[[[122.4049987792973,7.36176013172088],[122.40471649169957,7.364469997288358],[122.40612030029321,7.364980213047166],[122.40548706054719,7.3619699400698675],[122.4049987792973,7.36176013172088]]],[[[122.40139007568393,7.395279876562665],[122.40139007568393,7.396940223546242],[122.40361022949261,7.396669856877857],[122.40277862548886,7.395279876562665],[122.40139007568393,7.395279876562665]]],[[[122.3852767944336,7.37166976153369],[122.38416290283212,7.373060218685742],[122.38667297363304,7.374720088831825],[122.38722229003965,7.37333010851683],[122.3852767944336,7.37166976153369]]],[[[122.3844528198249,9.859169950141636],[122.38276672363351,9.86139010394842],[122.38471984863327,9.862779607425852],[122.3870773315433,9.861109723699713],[122.3844528198249,9.859169950141636]]],[[[122.38569641113338,11.726750362612522],[122.38381195068382,11.727399814821482],[122.38218688964864,11.727700222230434],[122.38629150390646,11.726960170961943],[122.38569641113338,11.726750362612522]]],[[[122.3862686157232,11.730310428833175],[122.38567352294966,11.728699672913745],[122.3817901611334,11.730669964049829],[122.38437652587915,11.733819950314958],[122.3862686157232,11.730310428833175]]],[[[122.38159942627009,11.725720394351452],[122.3823471069337,11.727379787660384],[122.38436889648494,11.726599682070658],[122.38419342041036,11.72632025549561],[122.38159942627009,11.725720394351452]]],[[[122.3778228759769,11.738320339410862],[122.38345336914097,11.736000049800769],[122.37431335449219,11.730580318664341],[122.37272644043023,11.738189686030239],[122.3778228759769,11.738320339410862]]],[[[122.3828735351567,11.73361014196576],[122.38305664062545,11.732669819089887],[122.38082122802746,11.731039989684627],[122.38157653808636,11.733169544431924],[122.3828735351567,11.73361014196576]]],[[[122.37409973144574,11.723560322025957],[122.37277984619176,11.728219974732815],[122.3802185058597,11.732259739134381],[122.37920335060507,11.729992614722505],[122.38120269775402,11.730290401672644],[122.38291168212938,11.728939998840941],[122.37792395681655,11.72713537207209],[122.3767395019537,11.724490154483867],[122.37409973144574,11.723560322025957]]],[[[122.37832641601608,9.880829801198866],[122.38054656982476,9.874719609858186],[122.37750244140679,9.865559568056574],[122.37304687500067,9.868329991943261],[122.37832641601608,9.880829801198866]]],[[[122.38049316406284,6.774859898049133],[122.37251281738325,6.763959877460148],[122.36247253418001,6.764639847247166],[122.36184692382821,6.771329872570076],[122.38049316406284,6.774859898049133]]],[[[122.37275695800824,7.406710140071806],[122.37386322021497,7.405720226132428],[122.37209320068428,7.403079978789802],[122.36978149414118,7.4060301702849465],[122.37275695800824,7.406710140071806]]],[[[122.37153625488315,7.408140174708073],[122.3703231811528,7.409500114281433],[122.37042999267587,7.412380210714622],[122.37357330322276,7.410560123283705],[122.37153625488315,7.408140174708073]]],[[[122.37242126464886,11.729120243286705],[122.37345886230524,11.723710048893766],[122.3677291870117,11.716159809335768],[122.37101745605523,11.738289821833446],[122.37242126464886,11.729120243286705]]],[[[122.36631011962938,9.827549924531414],[122.36530303955101,9.829319944061513],[122.3690567016605,9.82938002554293],[122.36876678466831,9.82882975546318],[122.36631011962938,9.827549924531414]]],[[[122.36823272705088,11.736149776668745],[122.36720275878965,11.737770069331066],[122.36766815185615,11.73836993047599],[122.36891937255915,11.737649906367503],[122.36823272705088,11.736149776668745]]],[[[122.35845947265669,14.199350344415551],[122.3552169799809,14.199899660820952],[122.35030364990246,14.203880297416328],[122.35788726806686,14.203740107291802],[122.35845947265669,14.199350344415551]]],[[[122.35762786865293,14.137180315758867],[122.35550689697297,14.135809885766406],[122.35369110107466,14.13881968190774],[122.35621643066415,14.13992022206881],[122.35762786865293,14.137180315758867]]],[[[122.35595703125021,6.983489982842897],[122.35388946533236,6.976669780975669],[122.34583282470759,6.9811100885884105],[122.35527801513726,6.989170067066147],[122.35595703125021,6.983489982842897]]],[[[122.33754730224665,11.735670078487955],[122.33529663085969,11.734600055905576],[122.33277130127007,11.734820354672578],[122.33335876464866,11.735560405941241],[122.33754730224665,11.735670078487955]]],[[[122.3015365600589,11.74833010502993],[122.29186248779351,11.752969730576078],[122.28997039794943,11.756919849591638],[122.30249786376955,11.747739780628498],[122.3015365600589,11.74833010502993]]],[[[122.30249786376955,11.747739780628498],[122.31166839599652,11.742500293937322],[122.33183288574239,11.734999645444018],[122.32214355468749,11.732210148070383],[122.32152354805145,11.732700254286623],[122.32157135009766,11.731909740660305],[122.30374908447308,11.745089519704681],[122.31181104641753,11.740377845378989],[122.30249786376955,11.747739780628498]]],[[[122.32499694824254,6.953010074882092],[122.32472229003908,6.955790035511699],[122.32861328125033,6.9555101321003505],[122.32861328125033,6.95356988170543],[122.32499694824254,6.953010074882092]]],[[[122.28472137451196,12.624999988208282],[122.32080634177231,12.554235449615009],[122.3207626342779,12.55582045333758],[122.32145690918014,12.556099879912203],[122.32305908203148,12.554439532928363],[122.32117945994484,12.553503745048685],[122.32749938964888,12.541110027015868],[122.3283309936527,12.50555990954443],[122.30249786376955,12.477780330398957],[122.27179718017578,12.489540088387312],[122.24932861328182,12.530240047164101],[122.26217651367233,12.542860019385511],[122.24446868896538,12.572589862506973],[122.26772308349621,12.576749789872924],[122.28472137451196,12.624999988208282]]],[[[121.794167490336,6.624169586388583],[121.79360961914095,6.628059856990443],[121.83305358886773,6.679999821235389],[121.88527679443403,6.656670086455223],[121.92916107177743,6.668889992296589],[121.96785785442191,6.71085076798737],[121.94082641601582,6.711110107918287],[121.9502792358403,6.743060104835969],[121.9797210693365,6.755280010677431],[121.99194335937521,6.74388980149058],[121.97555316674597,6.719195163883714],[121.99166870117232,6.736670010085108],[122.06305694580087,6.751389973144551],[122.09694671630882,6.713329784887073],[122.13639068603561,6.7169399190087695],[122.14378356933659,6.670020096360964],[122.23610687255895,6.665830128255778],[122.2658309936529,6.6424999166383785],[122.30666351318426,6.645279877268435],[122.32694244384777,6.616940014471669],[122.30416870117243,6.590280048982417],[122.23860931396484,6.594719879758143],[122.21278381347668,6.580279820110229],[122.19139099121125,6.520830147468499],[122.19611358642635,6.466670029417729],[122.171112060547,6.453889839915755],[122.18166351318393,6.452499859600658],[122.03833007812499,6.411389820883635],[121.95644378662118,6.4062900474815],[121.95777893066416,6.4299998214760326],[121.91916656494196,6.446390145098744],[121.90267944335962,6.482749932051253],[121.89219176539646,6.489586046657713],[121.89125061035224,6.488329880470957],[121.88903045654352,6.489240162604723],[121.88933567701909,6.491447712084755],[121.87020111083984,6.503920071343472],[121.86485290527378,6.542860024156243],[121.87944793701172,6.558889858888059],[121.85111236572297,6.588059895175819],[121.7978973388675,6.5981597830141325],[121.79605166623041,6.611030434993359],[121.78861236572322,6.614170067422151],[121.7941665649421,6.624169819457612],[121.794167490336,6.624169586388583]]],[[[122.32611083984398,7.317780010149085],[122.32360839843818,7.318059913560725],[122.32277679443382,7.319169990464062],[122.32499694824254,7.319719783706852],[122.32611083984398,7.317780010149085]]],[[[122.31754302978585,7.314589969563352],[122.31500244140668,7.307799808436546],[122.30960083007867,7.3075599593467215],[122.31011962890656,7.313419811178627],[122.31754302978585,7.314589969563352]]],[[[122.30796813964913,14.004460322232548],[122.30576324462935,14.005299555630286],[122.30632781982466,14.00640963253408],[122.30796813964913,14.00640963253408],[122.30796813964913,14.004460322232548]]],[[[122.29815673828182,6.874790184361587],[122.30010986328159,6.875060074193043],[122.30039215087925,6.874229900701219],[122.29955291748091,6.873400204046792],[122.29815673828182,6.874229900701219],[122.29705810546909,6.875899784427436],[122.29815673828182,6.874790184361587]]],[[[122.29483032226585,11.750729549608238],[122.2930984497076,11.751319874009477],[122.2930831909181,11.751910198410716],[122.29511260986348,11.751159656724832],[122.29483032226585,11.750729549608238]]],[[[122.2802581787114,6.898839943249889],[122.29147338867246,6.886459820123389],[122.2919082641605,6.8722400592417054],[122.27348327636787,6.888150207847067],[122.2802581787114,6.898839943249889]]],[[[122.28721618652409,7.169439785067146],[122.28749847412155,7.171390049041961],[122.2891693115239,7.171390049041961],[122.2891693115239,7.170279972138633],[122.28721618652409,7.169439785067146]]],[[[122.28540802001997,7.171710006775177],[122.28269958496149,7.17515992361128],[122.2865829467778,7.1767902298535615],[122.28764343261761,7.173860065519701],[122.28540802001997,7.171710006775177]]],[[[122.28060150146543,6.987760059590084],[122.27044677734409,6.9556498453874225],[122.22984313964889,6.964970104472538],[122.23676300048872,6.950439922601534],[122.20762634277386,6.938029758734277],[122.20628356933638,6.926390163713526],[122.20066070556685,6.922850124654243],[122.20159149169957,6.919799797356149],[122.19930267334018,6.919529907524839],[122.22286224365267,6.987579815144399],[122.24172210693406,6.979499809506833],[122.27100372314518,6.99918984626196],[122.28060150146543,6.987760059590084]]],[[[122.27780151367188,7.168459884708071],[122.27474212646518,7.162350170205781],[122.26643371582064,7.166830055302517],[122.27102661132812,7.172450058044233],[122.27780151367188,7.168459884708071]]],[[[122.27455902099608,7.123129837143019],[122.27210998535169,7.124289981947732],[122.27203369140646,7.125730030164159],[122.27523803710983,7.125209800824643],[122.27455902099608,7.123129837143019]]],[[[122.27326202392635,7.150199882588843],[122.27095031738324,7.1543898506941055],[122.27288818359429,7.156079761581282],[122.27423095703148,7.154839984971115],[122.27326202392635,7.150199882588843]]],[[[122.27179718017578,7.118939869037597],[122.27055358886716,7.1208100243706],[122.27055358886716,7.121160022844218],[122.27277374267591,7.11969994746729],[122.27179718017578,7.118939869037597]]],[[[122.26883697509767,7.127339832408785],[122.26595306396528,7.132249824622335],[122.26809692382824,7.1351900025370965],[122.2716674804692,7.132130138495662],[122.26883697509767,7.127339832408785]]],[[[122.26808929443405,7.1762399597739135],[122.26750183105469,7.179279796654603],[122.27143096923871,7.180160038048072],[122.27055358886716,7.178060047205019],[122.26808929443405,7.1762399597739135]]],[[[122.26965332031273,7.117199890249149],[122.26978302001987,7.118939869037597],[122.2711715698248,7.118939869037597],[122.27089691162134,7.117829792134589],[122.26965332031273,7.117199890249149]]],[[[122.26207733154341,7.144720069971853],[122.26125335693416,7.148950092398126],[122.26612854003929,7.152729980548026],[122.26656341552777,7.1500801964622065],[122.26207733154341,7.144720069971853]]],[[[122.26526641845727,12.624719607959479],[122.25554656982487,12.613329875604903],[122.2362365722661,12.617019641533219],[122.24044036865246,12.626250255236283],[122.26526641845727,12.624719607959479]]],[[[122.26476287841808,6.58640002502961],[122.26167297363313,6.585279934546175],[122.25971984863337,6.586110108037807],[122.26389312744183,6.586969845433429],[122.26476287841808,6.58640002502961]]],[[[122.25702667236374,6.737720005505901],[122.26029205322321,6.7348999905555],[122.26389312744183,6.726669781212534],[122.25472259521486,6.731110088825716],[122.25702667236374,6.737720005505901]]],[[[122.26222229003973,7.128890030008553],[122.26083374023483,7.130829803566481],[122.26167297363313,7.132219783881108],[122.26361083984422,7.130829803566481],[122.26222229003973,7.128890030008553]]],[[[122.25888824462938,7.137780181977656],[122.25659942626999,7.133170120336132],[122.25508117675828,7.133120052435257],[122.25360870361337,7.1383299752206275],[122.25888824462938,7.137780181977656]]],[[[122.25285339355526,7.098120205055893],[122.2505874633796,7.101699821598989],[122.25370025634776,7.104559890870735],[122.25469207763717,7.10369013989559],[122.25285339355526,7.098120205055893]]],[[[122.25166320800814,6.742219917763807],[122.25209045410215,6.740630142679689],[122.25083160400436,6.739999763957191],[122.25000000000054,6.741390221109032],[122.25166320800814,6.742219917763807]]],[[[122.2483367919922,12.584440219555864],[122.23963165283249,12.587559688242525],[122.25195312499999,12.601940143251454],[122.24777984619186,12.588060367258333],[122.2483367919922,12.584440219555864]]],[[[122.2457427978519,6.9900197908812505],[122.24450683593784,6.990900032274352],[122.24661254882814,6.991809837571224],[122.24662017822263,6.99043988441719],[122.2457427978519,6.9900197908812505]]],[[[122.24333190917991,12.653059947603268],[122.23076629638707,12.658940303434749],[122.23879241943358,12.671299922567433],[122.24639129638737,12.66722010384492],[122.24333190917991,12.653059947603268]]],[[[122.24019622802777,6.952469818382458],[122.23908233642575,6.9574699328186025],[122.24269104003938,6.9574699328186025],[122.24379730224666,6.954420082357208],[122.24019622802777,6.952469818382458]]],[[[122.242599487305,6.988180153126188],[122.23803710937497,6.993159763564949],[122.24041748046876,6.9921297953043045],[122.242599487305,6.988180153126188]]],[[[122.23860931396484,12.565279948876404],[122.23790740966842,12.566929805442863],[122.24014282226608,12.569789874715733],[122.24083709716855,12.56832979933796],[122.23860931396484,12.565279948876404]]],[[[122.23882293701185,6.952789776114989],[122.23963928222688,6.9524998591231695],[122.23937988281297,6.9513997957998335],[122.23854827880915,6.9513997957998335],[122.23882293701185,6.952789776114989]]],[[[122.20944213867233,6.471940033684522],[122.2236783500866,6.458640457309517],[122.22721862792989,6.465829842345892],[122.23222351074263,6.45722007062558],[122.23139190673885,6.449999802382999],[122.22750091552757,6.446390145098744],[122.21833038330134,6.447780125413826],[122.22074410017896,6.452681757650127],[122.19750213623044,6.462220185061529],[122.20944213867233,6.471940033684522]]],[[[122.2219467163087,6.939660064976516],[122.22055816650435,6.937779896063183],[122.21901702880879,6.938280098242117],[122.2220535278326,6.940999977389561],[122.2219467163087,6.939660064976516]]],[[[122.21472167968774,6.5008301665609025],[122.21806335449239,6.4977798392628845],[122.21749877929733,6.494440071810475],[122.21333312988281,6.500559799892946],[122.21472167968774,6.5008301665609025]]],[[[122.21688842773449,13.943228709103645],[122.21453094482446,13.943249689939021],[122.21469116210949,13.944574343563335],[122.21623229980523,13.945059763790484],[122.21688842773449,13.943228709103645]]],[[[122.20706176757824,6.962560169477633],[122.20375061035178,6.9630598948184526],[122.2050170898441,6.964469902294476],[122.20706176757824,6.962560169477633]]],[[[122.20527648925801,6.52971982260031],[122.20443725586007,6.531109802915076],[122.2063903808598,6.532499783229423],[122.2063903808598,6.53056000967228],[122.20527648925801,6.52971982260031]]],[[[122.19750213623044,6.939720146457971],[122.19638824462903,6.937779896063183],[122.18583679199264,6.935830108925454],[122.1947174072269,6.946670048032218],[122.19750213623044,6.939720146457971]]],[[[122.18583679199264,6.932779781627378],[122.19082641601562,6.923329822835056],[122.19583129882867,6.921110145865139],[122.18195343017577,6.921390049276961],[122.18583679199264,6.932779781627378]]],[[[121.9656295776374,14.202429758781305],[122.12821197509821,14.087300288012102],[122.19087219238335,14.008234011501079],[122.15854644775415,14.00139044460977],[121.98535919189476,14.111459719457631],[121.91246032714886,14.193880068538991],[121.92936706543026,14.236089693763002],[121.9656295776374,14.202429758781305]]],[[[122.17886352539085,13.503609645000093],[122.1681976318366,13.520620333772884],[122.17784118652378,13.528759944058882],[122.18826293945355,13.5158500548441],[122.17886352539085,13.503609645000093]]],[[[122.17973327636766,6.9122199938961195],[122.17888641357453,6.914999954526209],[122.18166351318393,6.919439785301483],[122.18472290039062,6.914999954526209],[122.17973327636766,6.9122199938961195]]],[[[122.16889190673825,6.893889896715136],[122.16583251953159,6.8838901446801115],[122.13555908203183,6.880829803801808],[122.14472198486352,6.891670219745977],[122.16889190673825,6.893889896715136]]],[[[122.163887023926,12.62444018138443],[122.16181182861375,12.62677000773851],[122.1624069213867,12.63061999095149],[122.16555786132812,12.627779948838842],[122.163887023926,12.62444018138443]]],[[[122.11638641357477,12.674169528584153],[122.15421295166061,12.659629809965152],[122.16262817382825,12.631660449630255],[122.12980651855513,12.634949672345273],[122.12222290039128,12.618329990043392],[122.13999938964841,12.538060176553943],[122.1125030517585,12.498330104555892],[122.08860778808639,12.313059795221251],[122.04165649414098,12.22805975712728],[122.0438919067384,12.191940296090285],[122.05583190918026,12.197779643925493],[122.0694427490239,12.180560100479768],[122.04666900634824,12.18000029365645],[122.02501678466854,12.156109798370805],[122.01526641845749,12.098609912848078],[121.98416900634764,12.141670215555541],[121.99111175537145,12.160280216154057],[121.9666671752932,12.156390178619436],[121.95889282226564,12.188890445628292],[121.96806335449264,12.238610256082653],[121.98916625976618,12.189720142283145],[122.01817321777364,12.233790386090988],[121.98055267334031,12.263890254846057],[121.96749877929699,12.25749968325636],[121.94471740722713,12.298060405582318],[121.92778015136763,12.28721998963444],[121.9216690063481,12.318610179739027],[121.93860626220714,12.33471964628198],[121.92778778076206,12.345009792150046],[121.9427795410156,12.393329608709733],[121.9875030517578,12.408329952022845],[122.00594329834041,12.44349955344193],[122.01614379882825,12.49343966266422],[121.99250030517632,12.569720256490827],[122.00198364257848,12.597249972965654],[122.07669830322277,12.622810351979242],[122.11901855468751,12.656940448394502],[122.11638641357477,12.674169528584153]]],[[[122.15750122070335,6.909440033266926],[122.15583038330077,6.910560123749867],[122.15972137451207,6.91416978103457],[122.15915679931673,6.911109916992814],[122.15750122070335,6.909440033266926]]],[[[122.15025329589868,14.16965960193703],[122.1472702026368,14.174139963873023],[122.14811706543011,14.17716025043176],[122.1507110595709,14.172389971503645],[122.15025329589868,14.16965960193703]]],[[[121.87098693847669,13.570340144232183],[121.91668701171933,13.526419627287595],[121.92949676513715,13.54436968526172],[121.96461486816405,13.529869067287809],[121.96506500244206,13.548743235674214],[121.97243499755858,13.560049998363766],[121.96710205078172,13.532125460719625],[121.99825286865303,13.523090350250573],[122.00965118408214,13.549380290117178],[122.03324127197288,13.529080378628969],[122.02372741699251,13.513509738073507],[122.04826354980516,13.51282976828604],[122.05837249755902,13.486680018544334],[122.04400634765682,13.484439837575714],[122.07531738281286,13.47620009148687],[122.08686065673861,13.48939989769322],[122.1277008056645,13.4551896926335],[122.11772918701195,13.425669657858705],[122.10240173339878,13.434679972795653],[122.1010589599616,13.421629893456632],[122.1504516601569,13.371080386343106],[122.04701995849652,13.276700007671455],[122.05326843261739,13.241040217652007],[122.02935028076203,13.199500071800973],[121.98195648193395,13.207509982380165],[121.95085144043014,13.248259532223337],[121.86583709716807,13.284729945410891],[121.82032012939453,13.344429957585326],[121.81043243408212,13.4471797820541],[121.82325744628952,13.450160014291328],[121.81056213378974,13.453419673102974],[121.8739471435548,13.540129649252938],[121.86199951171875,13.531290042019082],[121.85415649414108,13.540280329794676],[121.85572814941418,13.564060198862173],[121.87098693847669,13.570340144232183]]],[[[122.1485977172856,13.405839907808904],[122.12740325927734,13.400300013707701],[122.12422180175805,13.425149905356971],[122.1293869018559,13.425649630698702],[122.1485977172856,13.405839907808904]]],[[[122.11322784423837,13.535550105188191],[122.13120269775422,13.53511999807141],[122.13552093505906,13.517069804294781],[122.10957336425781,13.526009547331467],[122.11322784423837,13.535550105188191]]],[[[122.1086120605472,12.678609836198937],[122.10529327392621,12.682299602126701],[122.10540771484385,12.683679568861617],[122.11277770996118,12.681949603652624],[122.1086120605472,12.678609836198937]]],[[[122.0824432373049,12.961170184545159],[122.09971618652409,12.956939685280084],[122.0898895263674,12.918080317931869],[122.05832672119209,12.905839908087572],[122.05275726318371,12.93766974205358],[122.03291320800825,12.95100973838413],[122.0824432373049,12.961170184545159]]],[[[122.09948730468759,13.503060328593602],[122.0660095214848,13.503339755168705],[122.06671905517643,13.527600276090883],[122.0780868530277,13.516839968784621],[122.09948730468759,13.503060328593602]]],[[[122.09467315673872,7.531229964939222],[122.09439086914097,7.529849998204593],[122.09330749511774,7.530119888035921],[122.09358215332043,7.530960075107933],[122.09467315673872,7.531229964939222]]],[[[122.08657836914097,12.837470042709382],[122.06111145019567,12.783889758622143],[122.03138732910202,12.786390292678192],[122.02944183349656,12.790670383007996],[122.03315734863351,12.79526041749023],[122.031806945801,12.803190219426583],[122.01860809326217,12.796389567880038],[122.08657836914097,12.837470042709382]]],[[[122.07502746582078,13.78201960274044],[122.07348632812521,13.782910334551344],[122.07369995117219,13.78400992103769],[122.07552337646484,13.782979952776177],[122.07502746582078,13.78201960274044]]],[[[122.06250000000054,6.872499935493011],[122.05361175537155,6.8674998210566836],[122.07360839843781,6.862219803209062],[122.0599975585942,6.858059875844699],[122.05000305175837,6.8688898013716155],[122.06250000000054,6.872499935493011]]],[[[122.07128906250021,13.480369555596068],[122.0689620971684,13.48221968376876],[122.06973266601572,13.484009730459798],[122.07121276855511,13.483659731985895],[122.07128906250021,13.480369555596068]]],[[[122.05278015136773,6.3343100480092325],[122.04888916015668,6.32306002894668],[122.03833007812499,6.314439766809014],[122.05027770996104,6.341939919370289],[122.05278015136773,6.3343100480092325]]],[[[122.04055786132821,6.8858299182376035],[122.04860687255925,6.884170048091353],[122.0491561889654,6.883329861019735],[122.03500366210984,6.88528012499466],[122.04055786132821,6.8858299182376035]]],[[[122.0432662963874,12.144980419105046],[122.0438919067384,12.140830028483078],[122.03067779541082,12.143159854836759],[122.04324340820368,12.154769885957386],[122.0432662963874,12.144980419105046]]],[[[122.0413131713868,6.392119877664955],[122.03694152832088,6.393609993782887],[122.039192199707,6.397580139957788],[122.04250335693428,6.3966698578240795],[122.0413131713868,6.392119877664955]]],[[[122.02889251708983,6.350560181507775],[122.04138946533203,6.32944011011671],[122.02111053466855,6.326670163067823],[122.01747894287121,6.340610020536764],[122.02889251708983,6.350560181507775]]],[[[122.03688812255893,12.155139911591467],[122.03868103027412,12.153470027864733],[122.03534698486371,12.152359950961424],[122.03520202636764,12.154849994599934],[122.03688812255893,12.155139911591467]]],[[[122.02555847167967,11.416110027737467],[122.02861022949217,11.415559757657169],[122.01389312744207,11.41082953305104],[122.0219421386723,11.417220104641096],[122.02555847167967,11.416110027737467]]],[[[121.96305847168016,6.312779896663006],[121.98916625976618,6.308060162475684],[121.98999786376996,6.285560124350639],[122.01611328125,6.291389935440692],[121.98222351074287,6.278890126188237],[121.97000122070371,6.278399937590049],[121.98000335693416,6.283339970544079],[121.95722198486385,6.2927799157557605],[121.96305847168016,6.312779896663006]]],[[[122.00665283203159,12.889439570877894],[122.01110839843773,12.882220256306757],[122.008888244629,12.87946032283689],[122.00440979003918,12.888890254472138],[122.00665283203159,12.889439570877894]]],[[[122.00112152099643,13.189700114531194],[121.9984664916992,13.189579951567033],[121.99786376953192,13.193200099270594],[122.00090789794946,13.193690287868645],[122.00112152099643,13.189700114531194]]],[[[121.99276733398483,6.313610070154601],[121.99555206298886,6.312779896663006],[121.9944534301761,6.308330052306955],[121.98916625976618,6.309999936032984],[121.99276733398483,6.313610070154601]]],[[[121.97583007812521,6.361670010445885],[121.98545837402366,6.339419834991585],[121.95805358886764,6.335559838199323],[121.94917297363327,6.3511099747507185],[121.97583007812521,6.361670010445885]]],[[[121.96806335449264,6.2819399766488475],[121.96639251709051,6.283889763787025],[121.96639251709051,6.285830014181712],[121.96861267089878,6.282780163720431],[121.96806335449264,6.2819399766488475]]],[[[121.93666839599608,12.096940029121294],[121.96166992187545,12.06583021926548],[121.9544372558595,12.031390178698723],[121.9105529785161,12.062499988554848],[121.93666839599608,12.096940029121294]]],[[[121.96083068847668,13.546939837542437],[121.9583435058595,13.541939723104743],[121.94721984863303,13.540829646201143],[121.95166778564463,13.543889987080863],[121.96083068847668,13.546939837542437]]],[[[121.9591674804691,11.943329799727293],[121.9566574096682,11.945830333783196],[121.95749664306697,11.94666956718081],[121.95971679687565,11.944439876630758],[121.9591674804691,11.943329799727293]]],[[[121.76912689209028,6.0933599406703385],[121.81722259521538,6.0408301288627495],[121.86300659179712,6.020050042365748],[121.94917297363327,6.052390092077469],[121.91104888916027,6.018390172219562],[121.8555526733404,5.9980602199998945],[121.77610778808649,6.05332993811576],[121.75582122802801,6.078129761852341],[121.76912689209028,6.0933599406703385]]],[[[121.92350006103548,11.998990047494171],[121.92946624755913,11.964870441498048],[121.9480590820318,11.954449642248882],[121.9404220581056,11.939209926682796],[121.90502166748091,11.988109577225122],[121.92350006103548,11.998990047494171]]],[[[121.94333648681675,13.555000292861111],[121.94555664062545,13.554719912611963],[121.94611358642578,13.55389021595735],[121.94361114501996,13.55249975880475],[121.94333648681675,13.555000292861111]]],[[[121.92861175537166,13.02805994738556],[121.93444824218793,13.02138994922047],[121.92555236816462,13.017219531436938],[121.92278289794977,13.024720179931476],[121.92861175537166,13.02805994738556]]],[[[121.92861175537166,6.303890221531113],[121.91916656494196,6.314720147057869],[121.92388916015625,6.32833003321346],[121.93055725097688,6.318329804341399],[121.92861175537166,6.303890221531113]]],[[[121.9282302856451,11.478790272140767],[121.91487884521541,11.462249744808103],[121.89005279541063,11.470629681020416],[121.91171264648446,11.4779596218113],[121.9282302856451,11.478790272140767]]],[[[121.92485809326217,6.435019963072617],[121.92268371582041,6.437600128932725],[121.92649078369149,6.4380898406942455],[121.92666625976605,6.4365000656102],[121.92485809326217,6.435019963072617]]],[[[121.92106628418026,10.420479764165604],[121.9213027954105,10.415069569772784],[121.91639709472712,10.416379918282205],[121.91861724853561,10.420619954289878],[121.92106628418026,10.420479764165604]]],[[[121.91998291015626,12.312089908442074],[121.91932678222702,12.313070285638824],[121.92028045654342,12.314169872125099],[121.92051696777364,12.312339771112512],[121.91998291015626,12.312089908442074]]],[[[121.91586303710972,6.676479809336865],[121.91412353515646,6.678249828866313],[121.91539001464878,6.679409973670994],[121.91694641113327,6.677999966195717],[121.91586303710972,6.676479809336865]]],[[[121.90997314453125,6.448090069566372],[121.9075012207036,6.453609936503916],[121.90915679931697,6.456389897133943],[121.9127807617193,6.451389782697368],[121.90997314453125,6.448090069566372]]],[[[121.90178680419967,14.24332998916985],[121.90305328369195,14.242500292514695],[121.89946746826206,14.24277971908926],[121.90038299560604,14.24361036941849],[121.90178680419967,14.24332998916985]]],[[[121.89389038085993,13.031669604670556],[121.89111328125009,13.022780406372984],[121.87889099121136,13.026390063657969],[121.88139343261777,13.028610217465403],[121.89389038085993,13.031669604670556]]],[[[121.88387298584043,6.689829819242293],[121.8769073486329,6.685150139375726],[121.87425994873068,6.687689774078363],[121.8758621215826,6.69163989309316],[121.88387298584043,6.689829819242293]]],[[[121.87055206298875,6.154170029721847],[121.86972045898439,6.156390183528397],[121.87149047851584,6.157050126154135],[121.87256622314486,6.154860013089223],[121.87055206298875,6.154170029721847]]],[[[121.86723327636751,13.252499568231793],[121.86611175537152,13.243889796508093],[121.84860992431665,13.248060214291506],[121.86051177978574,13.253100383050711],[121.86723327636751,13.252499568231793]]],[[[121.86644744873115,6.5486302306016615],[121.86483001709028,6.547070019421561],[121.86313629150426,6.549870007211783],[121.86620330810592,6.550429814035414],[121.86644744873115,6.5486302306016615]]],[[[121.85944366455122,13.531109797573333],[121.8597335815431,13.531109797573333],[121.86138916015648,13.529999720669569],[121.85984802246149,13.529499995328177],[121.85944366455122,13.531109797573333]]],[[[121.85607910156284,6.450900070936953],[121.85405731201237,6.452280037671504],[121.85623168945332,6.453820221690331],[121.85778045654344,6.4530401161008495],[121.85607910156284,6.450900070936953]]],[[[121.84860992431665,13.56721972187066],[121.85250091552793,13.566670405464178],[121.85333251953169,13.565279948311778],[121.84610748291072,13.565830218392213],[121.84860992431665,13.56721972187066]]],[[[121.8402786254884,6.148330205050946],[121.85083007812534,6.120560162658435],[121.81804656982467,6.119719975586835],[121.81472015380872,6.133890145403492],[121.8402786254884,6.148330205050946]]],[[[121.8368072509769,6.214900010131215],[121.83035278320357,6.231900208478277],[121.84008789062513,6.242750161166106],[121.84609222412155,6.225810044299709],[121.8368072509769,6.214900010131215]]],[[[121.84084320068402,13.566390025215536],[121.8447189331058,13.566390025215536],[121.84500122070355,13.565560328560428],[121.83999633789074,13.563610064585058],[121.84084320068402,13.566390025215536]]],[[[121.83830261230493,6.52562999029815],[121.83590698242243,6.52990006704599],[121.8374481201174,6.533470146845898],[121.83907318115257,6.531980030727938],[121.83830261230493,6.52562999029815]]],[[[121.83672332763672,6.547490112957667],[121.83812713623092,6.547649853405195],[121.83812713623092,6.545979969679358],[121.83563232421899,6.54540013569539],[121.83672332763672,6.547490112957667]]],[[[121.83083343505906,13.231109607000496],[121.82943725585962,13.237219798342904],[121.83654022216797,13.234729754704018],[121.83611297607445,13.23138998724987],[121.83083343505906,13.231109607000496]]],[[[121.83341979980482,6.549870007211783],[121.83589935302747,6.548459999736687],[121.83499908447298,6.545959942518278],[121.83110809326217,6.550370209390725],[121.83341979980482,6.549870007211783]]],[[[121.82917022705121,6.468060009732501],[121.83471679687533,6.458610050940548],[121.8258438110355,6.447500222002016],[121.81591796875034,6.4630498817156985],[121.82917022705121,6.468060009732501]]],[[[121.81833648681683,6.176670067846735],[121.83165740966828,6.149169915285845],[121.8055419921875,6.129839890585623],[121.79499816894587,6.153059952818746],[121.81833648681683,6.176670067846735]]],[[[121.81472015380872,13.229169833442358],[121.81305694580112,13.220560061718508],[121.80473327636743,13.225830065987827],[121.8072204589846,13.228610026619013],[121.81472015380872,13.229169833442358]]],[[[121.79699707031307,6.565350048701373],[121.80171203613313,6.559030049012341],[121.8055801391607,6.549049847301011],[121.7906265258791,6.552289955787349],[121.79699707031307,6.565350048701373]]],[[[121.80194091796884,13.920559870614452],[121.799453735352,13.920559870614452],[121.79888916015636,13.921110140694866],[121.8038864135749,13.921669947518062],[121.80194091796884,13.920559870614452]]],[[[121.75666809082055,13.943059908750103],[121.78972625732467,13.939100252990603],[121.78610992431653,13.911939608472903],[121.80222320556688,13.89832972231001],[121.79138946533226,13.879170405303258],[121.78056335449261,13.87944029513485],[121.78584289550838,13.909170138259334],[121.75444793701183,13.88333033266903],[121.7399978637702,13.893329607871692],[121.75666809082055,13.943059908750103]]],[[[121.79593658447277,13.936869608765575],[121.79638671875001,13.935830103760807],[121.7941665649421,13.936389910584728],[121.79412078857432,13.936799990540285],[121.79593658447277,13.936869608765575]]],[[[121.78977203369207,6.531239979459315],[121.79226684570344,6.530149929716028],[121.79284667968783,6.523690216740127],[121.78864288330111,6.526219837862521],[121.78977203369207,6.531239979459315]]],[[[121.78259277343805,6.524370186527685],[121.77982330322278,6.519090168679416],[121.77259063720761,6.5199298789147315],[121.7775802612308,6.526269905763943],[121.78259277343805,6.524370186527685]]],[[[121.77675628662155,6.594019882810771],[121.78060913085959,6.591760151519654],[121.78117370605527,6.587550156254329],[121.7740097045904,6.5887198378023255],[121.77675628662155,6.594019882810771]]],[[[121.76397705078172,6.1455302172609425],[121.76724243164117,6.142779820535144],[121.76895141601575,6.138010018446229],[121.76201629638692,6.138869755841699],[121.76397705078172,6.1455302172609425]]],[[[121.75984191894564,6.539929859821982],[121.7633666992192,6.534840100000263],[121.7555923461915,6.533450119685176],[121.75531005859388,6.54066991109036],[121.75984191894564,6.539929859821982]]],[[[121.75485229492244,6.612889759653891],[121.75701904296919,6.611219875927491],[121.75646209716852,6.608719818709605],[121.75424194335983,6.610660069104553],[121.75485229492244,6.612889759653891]]],[[[121.74645233154354,6.571529858265636],[121.74844360351574,6.569540016806179],[121.74896240234442,6.562930100125823],[121.74286651611361,6.567910187401191],[121.74645233154354,6.571529858265636]]],[[[121.68206787109385,6.058010094818841],[121.70084381103561,6.0508298808974015],[121.67527770996139,6.053890221776099],[121.69110870361372,6.036389821250051],[121.72856140136753,6.03073977776813],[121.66750335693382,5.9877800877162075],[121.65249633789108,5.99694012951594],[121.68609619140649,6.028329842772682],[121.66889190673872,6.039889805987207],[121.67231750488281,6.055600159823548],[121.68206787109385,6.058010094818841]]],[[[121.70668792724666,6.076449864545483],[121.71636962890625,6.070970051928871],[121.71932983398435,6.059319966491093],[121.70124816894585,6.073269837540106],[121.70668792724666,6.076449864545483]]],[[[121.70983123779354,6.694260113274895],[121.7178726196296,6.685919754548755],[121.70481872558628,6.64262007960245],[121.7031631469732,6.685080044313619],[121.70983123779354,6.694260113274895]]],[[[121.68730926513682,11.607939709004635],[121.6951828002933,11.605170238791693],[121.69931030273479,11.592720020599435],[121.69072723388715,11.594889629667797],[121.68730926513682,11.607939709004635]]],[[[121.69206237793014,6.585959904333338],[121.69815063476594,6.567359917321202],[121.6967468261723,6.564000122707675],[121.68958282470749,6.570390217458326],[121.69206237793014,6.585959904333338]]],[[[121.67127990722702,11.316880215183236],[121.67006683349666,11.318209637179343],[121.6705169677739,11.31968973971716],[121.67228698730536,11.317760456576574],[121.67127990722702,11.316880215183236]]],[[[121.6667633056644,6.027840131011834],[121.66838836669956,6.022329800816992],[121.65612030029341,6.008580201373863],[121.66069030761764,6.023409836979348],[121.6667633056644,6.027840131011834]]],[[[121.66699218750041,6.081180089150334],[121.65638732910156,6.076859944501034],[121.65464782714889,6.078320019878236],[121.66281890869196,6.091909878873647],[121.66699218750041,6.081180089150334]]],[[[121.66422271728558,6.036990159231646],[121.66226959228563,6.038949959949996],[121.66343688964879,6.041679852678024],[121.66629791259798,6.038720124439781],[121.66422271728558,6.036990159231646]]],[[[121.64151763916058,6.642260067547954],[121.63957214355513,6.638370030015535],[121.63760375976564,6.638689987747687],[121.63902282714878,6.644559853160175],[121.64151763916058,6.642260067547954]]],[[[121.58959197998071,6.682829849766301],[121.63266754150402,6.6522998739047],[121.6251525878912,6.635910027118733],[121.62145996093797,6.648660175879171],[121.61699673073895,6.648236090560296],[121.61756134033234,6.6478900838698625],[121.61788177490244,6.646249764047284],[121.61598205566415,6.646800034127245],[121.61628781300811,6.6481687309152555],[121.61449242190758,6.647998137203207],[121.613777160645,6.645420067392702],[121.61219957937934,6.647780276861848],[121.6107530058372,6.647642826948996],[121.61092376708994,6.646609776100885],[121.60959625244195,6.645999901376503],[121.60972005747693,6.64754467869869],[121.60735321044953,6.647319786629138],[121.6111034909521,6.6359500814399555],[121.61235046386729,6.6359500814399555],[121.61177062988325,6.634540073964326],[121.61156393125586,6.634554167052393],[121.61486053466818,6.62455987225284],[121.6253814697269,6.635089867206712],[121.61958312988327,6.6217799116227765],[121.62374877929733,6.584829800269396],[121.61872100830078,6.558469765351996],[121.62175750732457,6.600389950401079],[121.5992965698248,6.6242799688411695],[121.58785247802788,6.6760401654774935],[121.55795288085972,6.692780010737317],[121.56405639648472,6.704150192763739],[121.58959197998071,6.682829849766301]]],[[[121.61389160156307,6.264999859782939],[121.61722564697321,6.260556214310101],[121.6166687011721,6.257500164965957],[121.61138916015672,6.260832779861796],[121.61389160156307,6.264999859782939]]],[[[121.61530303955124,6.636740200610338],[121.61625671386763,6.636740200610338],[121.616561889649,6.635540001484241],[121.61263275146527,6.633560173605274],[121.61530303955124,6.636740200610338]]],[[[121.61612701416048,6.630080216028056],[121.61615753173871,6.62792014370343],[121.61396789550825,6.629109852411588],[121.61511230468795,6.630609982110273],[121.61612701416048,6.630080216028056]]],[[[121.61290740966844,6.585959904333338],[121.61290740966844,6.583740227363648],[121.61179351806697,6.582630150460379],[121.61067962646551,6.587349884647946],[121.61290740966844,6.585959904333338]]],[[[121.61157226562543,6.60731982481415],[121.61208343505913,6.606830113053538],[121.61012268066439,6.605989925981532],[121.61097717285192,6.607649796127754],[121.61157226562543,6.60731982481415]]],[[[121.58638763427732,5.975830071706304],[121.59703063964866,5.95199012116864],[121.57057189941449,5.932010167422482],[121.5583724975587,5.956620209969952],[121.58638763427732,5.975830071706304]]],[[[121.5903472900393,6.903480045632087],[121.59380340576216,6.900459759074712],[121.59220123291013,6.887839786857807],[121.58618164062534,6.906310074163058],[121.5903472900393,6.903480045632087]]],[[[121.59222412109419,6.252500050530333],[121.59055328369183,6.247499936093956],[121.5841674804694,6.250277989375044],[121.58805847167993,6.253889077170773],[121.59222412109419,6.252500050530333]]],[[[121.58984375000011,6.6484298635324235],[121.5887832641606,6.625929825406711],[121.57096862792979,6.6315298009871535],[121.57010650634777,6.640150063124947],[121.58984375000011,6.6484298635324235]]],[[[121.57833099365254,12.109999645201668],[121.5844421386721,12.09943960950296],[121.56971740722702,12.095560062386442],[121.57305908203136,12.10556029126189],[121.57833099365254,12.109999645201668]]],[[[121.55500030517612,11.959719646518455],[121.58305358886716,11.90528010187546],[121.5532073974614,11.890769947161067],[121.53780364990257,11.949119556497848],[121.55500030517612,11.959719646518455]]],[[[121.57343292236371,6.647329800209531],[121.57319641113324,6.645410053812139],[121.56871795654367,6.643730156505755],[121.56926727294976,6.646780006966417],[121.57343292236371,6.647329800209531]]],[[[121.57102203369173,6.6622800756162075],[121.57041931152365,6.652860157565059],[121.56433105468815,6.646510117134728],[121.56902313232456,6.665100090567326],[121.57102203369173,6.6622800756162075]]],[[[121.56179046630906,6.601510040884008],[121.56683349609375,6.596539967189329],[121.56461334228558,6.591479771271119],[121.55986022949251,6.59369992507768],[121.56179046630906,6.601510040884008]]],[[[121.56681823730503,6.586709969182129],[121.56542205810592,6.582580082559311],[121.56152343750011,6.585969917913524],[121.56240844726585,6.5870799948166745],[121.56681823730503,6.586709969182129]]],[[[121.5656967163086,11.975460041100364],[121.5561065673834,11.96971987539383],[121.55850982666061,11.990630138441745],[121.56651306152365,11.982080448200737],[121.5656967163086,11.975460041100364]]],[[[121.56237030029342,6.636779778094368],[121.56176757812534,6.629590027429685],[121.55928039550825,6.6290302206066976],[121.55954742431665,6.636779778094368],[121.56237030029342,6.636779778094368]]],[[[121.55638885498102,6.828060142901993],[121.54723358154354,6.839169971840119],[121.55194091796908,6.846389763245487],[121.56194305419965,6.841110222234912],[121.55638885498102,6.828060142901993]]],[[[121.55570983886727,6.02776002236902],[121.55558776855466,6.0140900547315175],[121.52097320556683,5.996170037506648],[121.54158782958994,6.0392398769414175],[121.55570983886727,6.02776002236902]]],[[[121.5501403808597,6.623179905518253],[121.55428314209043,6.619050018894697],[121.54457092285179,6.614019863717925],[121.54734039306662,6.623189919098629],[121.5501403808597,6.623179905518253]]],[[[121.55254364013716,6.041110032274],[121.54857635498071,6.044660084913838],[121.54872131347656,6.045209878156445],[121.5530166625981,6.041950219346144],[121.55254364013716,6.041110032274]]],[[[121.54682159423872,6.602920048360029],[121.55122375488293,6.602620117787301],[121.55123138427788,6.602039806966767],[121.54760742187557,6.599790089256357],[121.54682159423872,6.602920048360029]]],[[[121.53601837158234,6.835000030896018],[121.54107666015656,6.832600109480591],[121.54850769043003,6.812399856967066],[121.53028106689499,6.828569881823507],[121.53601837158234,6.835000030896018]]],[[[121.54074096679746,6.041039937211902],[121.54170989990254,6.04292010612518],[121.54747009277375,6.0454897815682385],[121.54747009277375,6.045139783094466],[121.54074096679746,6.041039937211902]]],[[[121.53515625000033,6.658180229733843],[121.53014373779307,6.657869808744307],[121.53768157958994,6.65340995080801],[121.53070068359422,6.645929806314364],[121.52931213378929,6.657589905332793],[121.53098297119142,6.6598200727194286],[121.53515625000033,6.658180229733843]]],[[[121.43492889404331,11.867059696322023],[121.51278686523447,11.861579883703447],[121.53077697753938,11.84504031004477],[121.51497650146528,11.82610987487645],[121.41443634033202,11.834170330193054],[121.43492889404331,11.867059696322023]]],[[[121.51986694335996,6.042180054855877],[121.51358032226584,6.042600148391943],[121.51663208007837,6.051819794837148],[121.52352142334017,6.0461502010317805],[121.51986694335996,6.042180054855877]]],[[[121.51735687255905,6.625070088011215],[121.51767730712915,6.614759914986509],[121.51490783691463,6.6147699285671955],[121.51019287109375,6.621980183229212],[121.51735687255905,6.625070088011215]]],[[[121.47926330566476,11.952919948646795],[121.47374725341831,11.955354679175137],[121.48472595214841,11.967932689725858],[121.48970794677746,11.958973873203535],[121.47926330566476,11.952919948646795]]],[[[121.47138977050827,6.7505597996531055],[121.46916961669955,6.734169952867025],[121.45111083984398,6.746669762119563],[121.4580535888673,6.764719955889641],[121.47138977050827,6.7505597996531055]]],[[[121.45493316650415,6.07613992039296],[121.46102905273459,6.063000195674316],[121.44563293457077,6.050230019753301],[121.44149017334053,6.071730130358192],[121.45493316650415,6.07613992039296]]],[[[121.43351745605466,6.756430141902123],[121.42916870117242,6.76597022291722],[121.43495941162155,6.781070225191383],[121.4391479492192,6.761280052633279],[121.43351745605466,6.756430141902123]]],[[[121.43852233886743,11.906368244270022],[121.43464660644565,11.907890308478107],[121.43347167968773,11.909747112370992],[121.43540954589875,11.910077083683621],[121.43852233886743,11.906368244270022]]],[[[121.41860961914128,6.0536098415272415],[121.43435668945347,6.034679883202269],[121.42722320556639,6.015830033519824],[121.38706970214844,6.016799920298791],[121.38085174560582,6.036429875571325],[121.41860961914128,6.0536098415272415]]],[[[121.43356323242209,11.912079799746762],[121.4311141967777,11.912174213504603],[121.42835998535156,11.915862072083595],[121.4334335327153,11.912646282290849],[121.43356323242209,11.912079799746762]]],[[[121.35472106933626,12.116109836543057],[121.38693237304709,12.111539829221925],[121.41033935546876,12.040559757245529],[121.4276428222662,12.030159938831526],[121.38916778564453,11.98278044514871],[121.35610961914117,12.053609836582927],[121.38166809082088,12.069169986719507],[121.34388732910203,12.086939800245847],[121.35472106933626,12.116109836543057]]],[[[121.11138916015634,6.091110222960127],[121.15416717529331,6.077779763378585],[121.20630645751973,5.996109956024497],[121.27974700927804,6.01936005899855],[121.31717681884811,6.001959794275887],[121.36327362060601,6.005599969138024],[121.36737060546929,5.990119927648851],[121.370010375977,6.006319993246079],[121.39334869384797,6.0105500156725755],[121.41837310791026,5.995160096406749],[121.42519378662156,5.958970063483292],[121.38749694824277,5.940279954248457],[121.38475036621139,5.903749936432415],[121.35941344076593,5.914379818015881],[121.35610961914117,5.914440148671453],[121.35582733154354,5.914720052082514],[121.3573692332695,5.9152374470784865],[121.35328674316449,5.916950219469729],[121.29582977294932,5.874999993681352],[121.29965972900447,5.866069787391326],[121.28605651855503,5.86314009989438],[121.28778839111328,5.856530183213859],[121.28376770019565,5.855549806017623],[121.27027893066462,5.868329995518901],[121.28160095214886,5.876070016263356],[121.23680114746107,5.892360204082861],[121.23686218261717,5.936530106840571],[121.19561767578183,5.953479760449337],[121.18222045898439,5.93444012957776],[121.17138671875055,5.943329804709673],[121.16221618652354,5.9244399007058615],[121.13804626464876,5.922500127148465],[121.13861083984442,5.9102802213074614],[121.07221984863305,5.895830148079665],[121.08556365966852,5.891670220715658],[121.07556915283246,5.877639764186164],[121.02481079101621,5.929520123784701],[120.94027709960936,5.889719956740256],[120.87944793701216,5.92082976658504],[120.87333679199261,5.955279820719747],[120.92028045654351,6.026939862458115],[120.99826812744182,6.054999821841958],[121.0191574096684,6.088059895662157],[121.11138916015634,6.091110222960127]]],[[[121.40634918212938,11.916377056213951],[121.40707397460983,11.91129015741393],[121.39576721191449,11.917363155456794],[121.39923858642601,11.91986464318719],[121.40634918212938,11.916377056213951]]],[[[121.38681793212947,5.903769963593079],[121.39167022705088,5.905580037443552],[121.39457702636786,5.908500188197201],[121.39138793945322,5.904739850371916],[121.38681793212947,5.903769963593079]]],[[[121.38652038574229,5.913060181937084],[121.38735198974607,5.9144501622514225],[121.389022827149,5.9143099721271675],[121.389022827149,5.913609975179831],[121.38652038574229,5.913060181937084]]],[[[121.36776733398459,6.016389840343268],[121.37277984619188,6.01388978312511],[121.37500000000054,6.01110982249571],[121.3644104003912,6.009379857287218],[121.36776733398459,6.016389840343268]]],[[[121.36138916015693,12.069169986719507],[121.35973358154352,12.070830333703153],[121.36138916015693,12.07194041060679],[121.36222076416074,12.070830333703153],[121.36138916015693,12.069169986719507]]],[[[121.35189819335984,5.912640088401033],[121.35301208496128,5.914859765370066],[121.35453796386754,5.9155597623179705],[121.35328674316449,5.913330071768357],[121.35189819335984,5.912640088401033]]],[[[121.34750366210984,12.073060024253042],[121.34805297851595,12.07137965010924],[121.3452835083011,12.071109760277857],[121.3461074829107,12.073060024253042],[121.34750366210984,12.073060024253042]]],[[[121.33493041992196,9.639166822262855],[121.33277893066476,9.640277852841141],[121.33361053466851,9.641666402644605],[121.33472442626999,9.641111364192538],[121.33493041992196,9.639166822262855]]],[[[121.32923889160176,9.739652623880184],[121.32888793945345,9.741110791909104],[121.33083343505871,9.741944303260821],[121.3313903808598,9.74083327268305],[121.32923889160176,9.739652623880184]]],[[[121.32805633544967,6.032780163965678],[121.32721710205132,6.0236101085852205],[121.3155822753912,6.018089764810344],[121.31656646728584,6.030429833615608],[121.32805633544967,6.032780163965678]]],[[[121.32534790039097,11.851670253887713],[121.32153320312533,11.854200351847627],[121.32170104980489,11.85593031705653],[121.325088500977,11.854399669779951],[121.32534790039097,11.851670253887713]]],[[[121.32008361816428,11.85741041959422],[121.31754302978514,11.858679760108743],[121.31649780273438,11.860770214209134],[121.32076263427801,11.85937022031377],[121.32008361816428,11.85741041959422]]],[[[121.31636047363303,5.885260098803972],[121.31844329834041,5.888869756088155],[121.3205184936528,5.887899869309491],[121.31968688964896,5.886509888994602],[121.31636047363303,5.885260098803972]]],[[[121.30845642089886,5.878580087061131],[121.30816650390692,5.8794197972964115],[121.31192016601561,5.883590215077645],[121.3101196289067,5.880249970788042],[121.30845642089886,5.878580087061131]]],[[[121.29438018798875,11.861350048192962],[121.29454040527386,11.856670368325748],[121.28299713134831,11.863479602939947],[121.2870712280279,11.86573981106865],[121.29438018798875,11.861350048192962]]],[[[121.26638793945337,9.605833043907973],[121.25083160400445,9.59583376870899],[121.23854827880928,9.591797819004986],[121.28149414062501,9.623703946908902],[121.26638793945337,9.605833043907973]]],[[[121.27744293212949,5.854740136523609],[121.27687835693382,5.855050080676144],[121.27993774414132,5.855899804491375],[121.27966308593793,5.855339997667927],[121.27744293212949,5.854740136523609]]],[[[121.27194213867222,6.090280049468533],[121.27694702148447,6.088059895662157],[121.27665710449232,6.0739598209072785],[121.26416778564464,6.076389783063505],[121.27194213867222,6.090280049468533]]],[[[121.26995849609376,5.855050080676144],[121.27188110351608,5.854189866443242],[121.27603149414107,5.854209893604325],[121.27214813232422,5.853670113941768],[121.26995849609376,5.855050080676144]]],[[[121.22305297851607,5.814439767300987],[121.22499847412132,5.808060162967559],[121.22471618652364,5.817780011590855],[121.24194335937511,5.816110127864004],[121.21798706054686,5.803939813087787],[121.20889282226607,5.820559972220296],[121.22305297851607,5.814439767300987]]],[[[121.24138641357477,5.8388900694007555],[121.23753356933594,5.836999886907104],[121.23889160156261,5.844439977079232],[121.24138641357477,5.842710011870923],[121.24138641357477,5.8388900694007555]]],[[[121.23272705078148,10.959549893166795],[121.23993682861375,10.955220211774051],[121.23840332031295,10.95189951780611],[121.23056030273473,10.954460133344352],[121.23272705078148,10.959549893166795]]],[[[121.23805236816462,9.649722089588975],[121.23076629638672,9.64611720067559],[121.23836517334053,9.662611951639102],[121.23944091796875,9.6511106393926],[121.23805236816462,9.649722089588975]]],[[[121.22334289550825,5.857779973404147],[121.23388671875047,5.848889821435565],[121.23777770996115,5.839739793215842],[121.22334289550825,5.842780106933054],[121.22334289550825,5.857779973404147]]],[[[121.21888732910213,10.980560292016829],[121.23481750488304,10.97080038907007],[121.22556304931697,10.9566697967339],[121.20938110351595,10.969309796114292],[121.21888732910213,10.980560292016829]]],[[[121.2322235107423,5.805829995580933],[121.2336120605472,5.808330052798668],[121.23473358154364,5.807779782719032],[121.23278045654342,5.805829995580933],[121.2322235107423,5.805829995580933]]],[[[121.23055267334016,9.64500044805184],[121.2219467163088,9.59166621194932],[121.2336120605472,9.591388692723843],[121.18277740478545,9.569167127494499],[121.22222137451229,9.606389036034395],[121.23055267334016,9.64500044805184]]],[[[121.22284698486328,5.842420094879491],[121.22181701660199,5.843430035979557],[121.22154998779351,5.843910210997377],[121.22284698486328,5.842420094879491]]],[[[121.21472167968783,5.804170125435104],[121.2133331298829,5.8042201933362945],[121.2133331298829,5.806670182652483],[121.21694183349655,5.805280202338176],[121.21472167968783,5.804170125435104]]],[[[121.20883941650433,5.796710008102095],[121.20494079589852,5.795629971939548],[121.20638275146541,5.797019952254622],[121.21524047851572,5.798659795240416],[121.20883941650433,5.796710008102095]]],[[[121.21145629882835,5.875810140011719],[121.21304321289105,5.874289983153106],[121.21108245849678,5.871510022523722],[121.20764923095771,5.874176495909797],[121.21145629882835,5.875810140011719]]],[[[121.20839691162166,5.801529878092673],[121.20749664306642,5.803890222023438],[121.20944213867244,5.806389802403973],[121.21028137207043,5.8033299383631345],[121.20839691162166,5.801529878092673]]],[[[121.201522827149,10.878660191381483],[121.19410705566472,10.886480320770396],[121.19825744628953,10.893659581019278],[121.21018981933605,10.884739865144205],[121.201522827149,10.878660191381483]]],[[[121.14958953857455,5.84876012172853],[121.19412231445344,5.831049912852929],[121.20603942871139,5.800610059215496],[121.16188812255893,5.779210084413426],[121.13941955566452,5.787280076471117],[121.13070678710969,5.813670152128527],[121.14958953857455,5.84876012172853]]],[[[121.20333099365291,5.82610987989912],[121.2020187377932,5.827779763625646],[121.2027664184576,5.8288898405289125],[121.20417022705122,5.828609937117265],[121.20333099365291,5.82610987989912]]],[[[121.19944000244162,5.836979859746948],[121.20185852050817,5.833419793527357],[121.1990966796875,5.8299498495303546],[121.19745635986374,5.838160031712332],[121.19944000244162,5.836979859746948]]],[[[121.19580078125057,5.790050023520356],[121.19214630126996,5.787809842552782],[121.19023132324217,5.787559979882781],[121.19774627685582,5.791699880086182],[121.19580078125057,5.790050023520356]]],[[[121.19687652587936,5.8314399656482525],[121.19656372070371,5.831490033550072],[121.19671630859376,5.832689755838885],[121.19687652587936,5.8314399656482525]]],[[[121.18966674804733,5.7869501051579135],[121.1882934570317,5.785870068995578],[121.18768310546886,5.786159985987329],[121.18797302246105,5.787010186639855],[121.18966674804733,5.7869501051579135]]],[[[121.16972351074216,6.076940053143142],[121.17500305175794,6.077779763378585],[121.1774978637701,6.076389783063505],[121.16777801513693,6.070829861804587],[121.16972351074216,6.076940053143142]]],[[[121.1760864257817,5.780630105469219],[121.17577362060601,5.780340188477591],[121.1741180419922,5.780370229218493],[121.17716979980469,5.781449788543224],[121.1760864257817,5.780630105469219]]],[[[121.1738204956058,5.780310147736566],[121.17218780517614,5.779210084413426],[121.17050933837936,5.779270165895429],[121.17328643798837,5.780869954559616],[121.1738204956058,5.780310147736566]]],[[[121.16152191162107,5.777560227848004],[121.16219329833982,5.777850144839849],[121.16689300537122,5.778369897341292],[121.16523742675817,5.777269834018752],[121.16133117675778,5.7772998747594775],[121.15943145751955,5.778130048250925],[121.16152191162107,5.777560227848004]]],[[[121.15045928955078,5.778689855074521],[121.15218353271484,5.778969758486338],[121.15218353271484,5.778399938082585],[121.1510772705084,5.777840131259656],[121.15000152587938,5.77866982791386],[121.14997100830112,5.779240125154166],[121.15045928955078,5.778689855074521]]],[[[121.14317321777366,11.11804961076788],[121.14058685302791,11.123319615036106],[121.14611053466852,11.127619732526083],[121.14938354492232,11.120280254992476],[121.14317321777366,11.11804961076788]]],[[[121.14360809326215,11.035829533311182],[121.1409988403325,11.032759655688567],[121.13889312744185,11.036109913559933],[121.14193725585962,11.03750037071211],[121.14360809326215,11.035829533311182]]],[[[121.10563659667969,5.8455099996610675],[121.1052169799807,5.8422298368534396],[121.1011123657229,5.84067010251008],[121.10119628906308,5.846159928707557],[121.10563659667969,5.8455099996610675]]],[[[121.10076141357453,10.99888991236544],[121.10388946533271,10.99750040888742],[121.10270690917982,10.994999874831695],[121.09687805175825,10.996939648389496],[121.10076141357453,10.99888991236544]]],[[[121.09411621093794,5.85559987391889],[121.09194946289121,5.842800134094126],[121.08080291748068,5.841730111512323],[121.08167266845747,5.855860227006831],[121.09411621093794,5.85559987391889]]],[[[121.04860794339663,10.888459444638617],[121.04559326171933,10.892219532802756],[121.04980066727879,10.895191012977469],[121.05139160156294,10.904170025653167],[121.07142639160166,10.907429684464093],[121.08000183105513,10.894370068384786],[121.06139373779298,10.876669873084818],[121.08194732666038,10.856109608512341],[121.05917358398482,10.83971976172224],[121.06555175781317,10.808609951868716],[121.02241516113291,10.79921435251065],[120.99852752685581,10.830062855601104],[121.00451660156317,10.856315602164399],[121.04582977294955,10.872779835551054],[121.04860794339663,10.888459444638617]]],[[[121.07305145263683,5.682569974494163],[121.04055786132835,5.65758990631213],[121.01226806640656,5.681920045448398],[121.06902313232419,5.694660180628542],[121.07305145263683,5.682569974494163]]],[[[121.0654373168951,10.756719578676277],[121.07021331787134,10.753930081302805],[121.06964111328149,10.750370015082424],[121.0622787475587,10.751409520086767],[121.0654373168951,10.756719578676277]]],[[[121.06696319580136,11.229459751681553],[121.06786346435581,11.219750393472887],[121.06095886230527,11.220629681191896],[121.05963897705143,11.22797011240006],[121.06696319580136,11.229459751681553]]],[[[121.04933929443426,6.195579999010742],[121.0409622192386,6.201739781414696],[121.04164123535192,6.207990162878291],[121.05431365966832,6.202589982066911],[121.04933929443426,6.195579999010742]]],[[[121.0503692626959,5.712120049995866],[121.0435791015626,5.716569894351559],[121.0435791015626,5.717410081423726],[121.04723358154321,5.716390126743163],[121.0503692626959,5.712120049995866]]],[[[121.04798126220759,5.701159947925254],[121.04638671875045,5.701389783435478],[121.04985809326216,5.70532988886969],[121.05020141601608,5.7042198119664445],[121.04798126220759,5.701159947925254]]],[[[121.03981018066476,10.915949810800921],[121.04596710205091,10.913120259106206],[121.04575347900388,10.908029545608969],[121.03526306152342,10.913089741527932],[121.03981018066476,10.915949810800921]]],[[[121.02735900878952,5.833409779946974],[121.02118682861384,5.839109891330072],[121.02542877197298,5.84427975979462],[121.03212738037156,5.837279790318922],[121.02735900878952,5.833409779946974]]],[[[121.0307083129884,5.715690129795816],[121.02665710449253,5.710000031992368],[121.0230636596684,5.711669915718889],[121.02751922607456,5.7162699637796],[121.0307083129884,5.715690129795816]]],[[[121.02918243408216,5.724100106746361],[121.02931976318428,5.722290032895897],[121.02821350097699,5.722290032895897],[121.02918243408216,5.725910180596919],[121.02918243408216,5.724100106746361]]],[[[121.02166748046933,5.717830174959602],[121.02191162109376,5.697239869651864],[121.02059173584031,5.697239869651864],[121.02026367187545,5.7172698912993045],[121.02166748046933,5.717830174959602]]],[[[121.01145935058648,9.61437415107912],[121.01944732666061,9.609444608541772],[121.0022201538088,9.609444608541772],[121.00416564941406,9.61499976143039],[121.01145935058648,9.61437415107912]]],[[[121.00583648681695,5.7366700110613325],[121.01860809326226,5.725279801874469],[121.01481909938465,5.72060471431005],[121.01499938964864,5.720560067687588],[121.01389312744142,5.719439977203839],[121.01387512096636,5.719439977203839],[121.01027679443358,5.715000146428298],[120.99472045898472,5.723609918148306],[121.00583648681695,5.7366700110613325]]],[[[121.01690673828148,5.692679875912424],[121.01627349853548,5.690869802061641],[121.01458740234385,5.691150182310143],[121.0152664184576,5.694439881861575],[121.01690673828148,5.692679875912424]]],[[[121.01421356201185,10.909049977126733],[121.01358032226608,10.910710324110402],[121.01609039306639,10.911190022290976],[121.01643371582051,10.90987967378094],[121.01421356201185,10.909049977126733]]],[[[121.01220703125013,5.690659993711945],[121.01435852050817,5.688020223207193],[121.01228332519577,5.683289998602041],[121.00807189941442,5.686349862643619],[121.01220703125013,5.690659993711945]]],[[[120.99388885498092,5.698060029562604],[121.01191711425791,5.671720021807469],[121.01011657714898,5.666860097495315],[120.99527740478561,5.678329938487936],[120.99388885498092,5.698060029562604]]],[[[121.00527954101631,6.17222022349091],[121.00472259521518,6.159170144157832],[120.98555755615266,6.164720051836751],[120.98944091796898,6.168610089369449],[121.00527954101631,6.17222022349091]]],[[[120.9897232055666,6.14056014356563],[121.0016632080085,6.133609765154768],[120.9822235107425,6.120560162658435],[120.99333190918023,6.134719842057862],[120.98055267334043,6.137499802686967],[120.9897232055666,6.14056014356563]]],[[[120.96611022949254,6.206389897377136],[120.99223327636751,6.193610184712032],[120.98638916015648,6.1777801447499785],[120.96333312988313,6.172780030313852],[120.96611022949254,6.206389897377136]]],[[[120.98166656494139,11.173890102977543],[120.98773956298893,11.154589642174946],[120.96600341796906,11.133660305642342],[120.94509887695334,11.135210026405428],[120.93859863281307,11.15408038009091],[120.98166656494139,11.173890102977543]]],[[[120.98583221435612,6.131110184773324],[120.98444366455125,6.129169934378573],[120.9822235107425,6.130559914693686],[120.98278045654365,6.131669991596934],[120.98583221435612,6.131110184773324]]],[[[120.98236083984386,10.828515995861146],[120.98559570312509,10.811756123436833],[120.95803070068403,10.819111813433889],[120.96175384521497,10.8272781265989],[120.98236083984386,10.828515995861146]]],[[[120.98059844970736,6.121059888000302],[120.9777908325201,6.119989865418106],[120.97194671630905,6.12075995742795],[120.97918701171876,6.121580117339403],[120.98059844970736,6.121059888000302]]],[[[120.97972106933662,6.134719842057862],[120.9766693115241,6.126939766992094],[120.96527862548874,6.125830166926246],[120.9738922119143,6.135280125718213],[120.97972106933662,6.134719842057862]]],[[[120.97176361084028,6.166349881241515],[120.974197387696,6.168920033521993],[120.97653961181652,6.169390194959506],[120.97595214843797,6.168300145216924],[120.97176361084028,6.166349881241515]]],[[[120.92906054881844,5.489654444380168],[120.9268417358403,5.491972917343163],[120.92713928222665,5.4933128297564435],[120.92933654785166,5.4910030305643405],[120.92933654785166,5.489638366995809],[120.95951843261753,5.4878802240183076],[120.96947479248094,5.503520959628322],[120.96744537353547,5.493615144514421],[120.96466064453192,5.4905228555465255],[120.96172332763706,5.48842000368051],[120.95947265625009,5.487592214375119],[120.95520019531271,5.487139219075285],[120.92882537841797,5.487811082630328],[120.90934753418034,5.490802758957612],[120.92906054881844,5.489654444380168]]],[[[120.96701049804744,5.5006790101685645],[120.9667510986335,5.500790113226619],[120.9667510986335,5.50123595596914],[120.96704864501999,5.501277917638805],[120.96701049804744,5.5006790101685645]]],[[[120.96527099609419,6.115250104070446],[120.96701812744197,6.112599843147295],[120.96488952636763,6.112639897468733],[120.96518707275402,6.106309884199786],[120.96167755127007,6.102859967363865],[120.96527099609419,6.115250104070446]]],[[[120.95276641845703,10.998609532116696],[120.96584320068402,10.980560292016829],[120.94555664062557,10.973609913604257],[120.93805694580125,10.989170063739365],[120.95276641845703,10.998609532116696]]],[[[120.9648742675781,5.51339196563098],[120.96452331542982,5.513869756462461],[120.96546173095749,5.514406198264864],[120.96583557128908,5.5139732301260995],[120.9648742675781,5.51339196563098]]],[[[120.96416473388695,10.70166682145349],[120.96270751953136,10.702014912578788],[120.9637527465825,10.705117215127554],[120.96575927734384,10.704166401834904],[120.96416473388695,10.70166682145349]]],[[[120.96466827392612,5.515979760885366],[120.96414947509824,5.516892904042708],[120.96458435058625,5.519350045916511],[120.96540069580136,5.516490930318382],[120.96466827392612,5.515979760885366]]],[[[120.9636764526373,5.520397180315072],[120.96327972412121,5.521218770737507],[120.96343994140659,5.521609777207013],[120.96389770507882,5.5212931573342345],[120.9636764526373,5.520397180315072]]],[[[120.96126556396527,5.52730082868448],[120.95980072021528,5.527884954202704],[120.95964050293016,5.528112882364158],[120.96129608154354,5.528309816110206],[120.96126556396527,5.52730082868448]]],[[[120.95976257324273,5.529787057624522],[120.9594116210942,5.5300359666207815],[120.95968627929712,5.530450814948513],[120.96008300781315,5.53010987638062],[120.95976257324273,5.529787057624522]]],[[[120.95558166503929,6.104720109115747],[120.95997619628929,6.1049899989468335],[120.95971679687533,6.102429860247074],[120.95142364501989,6.103579991471791],[120.95558166503929,6.104720109115747]]],[[[120.9578170776367,5.525619977703526],[120.95697021484422,5.525221818676758],[120.95586395263729,5.525746816387481],[120.95774841308605,5.5261239945792076],[120.9578170776367,5.525619977703526]]],[[[120.95663452148459,5.524256223432355],[120.95589447021517,5.524891847363502],[120.95726776123092,5.525156015148479],[120.95727539062509,5.524674886456741],[120.95663452148459,5.524256223432355]]],[[[120.95594787597713,5.518562787769209],[120.95566558837945,5.5192708909484995],[120.95594024658216,5.519571775194973],[120.95617675781295,5.51888608336219],[120.95594787597713,5.518562787769209]]],[[[120.95589447021517,5.519754880663517],[120.9537734985354,5.519645208117005],[120.9533843994146,5.519365781542658],[120.95362854003905,5.5200791299302745],[120.955673217774,5.520808213944756],[120.95589447021517,5.519754880663517]]],[[[120.95513916015658,5.51656102538054],[120.9533538818364,5.517486089466777],[120.95414733886777,5.519097799060299],[120.95542907714875,5.5177330911148195],[120.95513916015658,5.51656102538054]]],[[[120.95539093017601,10.938083637994483],[120.95193481445321,10.929626454162609],[120.94194793701192,10.93306731109357],[120.94656372070311,10.936893452448707],[120.95539093017601,10.938083637994483]]],[[[120.94943303598914,5.515720515139524],[120.9491806030279,5.515752786398752],[120.94928741455102,5.516280168295296],[120.95207214355534,5.516326898336251],[120.95091195952766,5.515572596300936],[120.951065063477,5.515557283164199],[120.95357513427793,5.511663907771293],[120.94920349121159,5.510523790127175],[120.94573974609386,5.51608991026892],[120.94943303598914,5.515720515139524]]],[[[120.9508438110355,6.170829766338928],[120.94889068603571,6.172780030313852],[120.94999694824219,6.175829880774558],[120.9522171020509,6.173610203805489],[120.9508438110355,6.170829766338928]]],[[[120.94869995117242,5.502814763798208],[120.94614410400415,5.504672998201949],[120.94673156738351,5.508851999052207],[120.9512329101566,5.505750173340681],[120.94869995117242,5.502814763798208]]],[[[120.94882202148506,11.093150128058314],[120.94761657714844,11.096190441776411],[120.9493637084962,11.096850384403089],[120.95069122314463,11.094719875981943],[120.94882202148506,11.093150128058314]]],[[[120.94692993164098,6.158840172844591],[120.94666290283203,6.1605601244727115],[120.9496917724614,6.165160172533495],[120.95044708252,6.163619988513451],[120.94692993164098,6.158840172844591]]],[[[120.94943237304685,5.493580812238799],[120.94860839843804,5.493206971907294],[120.94771575927734,5.494689935467865],[120.9483108520509,5.494787210247671],[120.94943237304685,5.493580812238799]]],[[[120.9465255737307,5.491147989060225],[120.94552612304732,5.491987222457562],[120.94546508789118,5.493385785841441],[120.94593048095712,5.493343824171596],[120.9465255737307,5.491147989060225]]],[[[120.94585418701193,5.493985170148694],[120.94374847412166,5.495227807781834],[120.94386291503972,5.497338765878909],[120.9453735351568,5.495862001201324],[120.94585418701193,5.493985170148694]]],[[[120.94244384765668,5.508241170653061],[120.94483947753938,5.506083005677342],[120.943183898926,5.501323217168924],[120.93983459472713,5.508768075712267],[120.94244384765668,5.508241170653061]]],[[[120.92999267578169,11.230560291841286],[120.92415618896483,11.244720448081896],[120.93788146972692,11.258460033949076],[120.944747924805,11.24310015541961],[120.92999267578169,11.230560291841286]]],[[[120.94235992431675,5.495238775035942],[120.94191741943372,5.495693200847323],[120.94244384765668,5.495995992442747],[120.94277954101574,5.495287889263233],[120.94235992431675,5.495238775035942]]],[[[120.94233703613351,5.493175023817278],[120.94107818603572,5.494173043988716],[120.94155883789117,5.49495696427591],[120.94244384765668,5.493634218000671],[120.94233703613351,5.493175023817278]]],[[[120.94194793701192,6.166669838974728],[120.93840026855527,6.164340012621933],[120.93554687500057,6.165559762071474],[120.93639373779308,6.167220109054369],[120.94194793701192,6.166669838974728]]],[[[120.9408416748047,5.4951338708616575],[120.9404144287115,5.495491021892718],[120.9407653808598,5.495843881388997],[120.94104766845749,5.495433801433626],[120.9408416748047,5.4951338708616575]]],[[[120.93653106689499,10.87215613254854],[120.93582916259821,10.875971783485681],[120.9407653808598,10.874928463784524],[120.94027709960936,10.873332966653884],[120.93653106689499,10.87215613254854]]],[[[120.94058990478526,5.494878762982364],[120.94027709960936,5.493936055921383],[120.94030761718804,5.493111127638524],[120.93920898437534,5.494774812481981],[120.94058990478526,5.494878762982364]]],[[[120.93965911865256,5.496154779216318],[120.93905639648447,5.496562951823477],[120.93932342529297,5.497183793802647],[120.93984222412165,5.496408933421347],[120.93965911865256,5.496154779216318]]],[[[120.93875885009808,5.495917791148997],[120.93869781494195,5.49529790284396],[120.93692779541048,5.497025960703345],[120.9384689331059,5.497268193979321],[120.93875885009808,5.495917791148997]]],[[[120.93611145019588,6.1747198038713],[120.93805694580125,6.1697201662727155],[120.93694305419969,6.168610089369449],[120.93332672119185,6.177219861089669],[120.93611145019588,6.1747198038713]]],[[[120.93769836425783,5.494005197309261],[120.93663787841831,5.493904107831928],[120.93751525878953,5.495975965282183],[120.93787384033234,5.494397157453029],[120.93769836425783,5.494005197309261]]],[[[120.93785858154342,5.498408788460705],[120.93679046630915,5.499684804695007],[120.93677520751962,5.501174920812918],[120.93776702880928,5.5009999215757714],[120.93785858154342,5.498408788460705]]],[[[120.93723297119185,5.501293176427493],[120.93692779541048,5.50163506867005],[120.93747711181683,5.502441877140652],[120.93773651123105,5.50182580353312],[120.93723297119185,5.501293176427493]]],[[[120.93583679199273,5.502726072087011],[120.93361663818403,5.5060300767525066],[120.9345474243164,5.507644170531104],[120.93585968017645,5.505613797914151],[120.93583679199273,5.502726072087011]]],[[[120.89454319262424,6.148845607858926],[120.88385772705136,6.143400185677233],[120.90389251709009,6.164999955247827],[120.930557250977,6.178060048161628],[120.93332672119185,6.168610089369449],[120.89779316508573,6.150501826954953],[120.89806365966852,6.149169915285845],[120.89527893066452,6.14611005124478],[120.89454319262424,6.148845607858926]]],[[[120.92081451416013,5.7564229903202],[120.93294525146528,5.7170300422089095],[120.88954925537153,5.695004933893411],[120.88726043701215,5.7427377638933885],[120.92081451416013,5.7564229903202]]],[[[120.93129730224643,5.497679227609496],[120.93251800537152,5.497674936074946],[120.93241882324284,5.4962749421799195],[120.93148803710972,5.49683999421204],[120.93129730224643,5.497679227609496]]],[[[120.93009185791027,5.503201955569911],[120.93175506591842,5.500397199408528],[120.93038177490244,5.4995589196853825],[120.92857360839852,5.503395074619204],[120.93009185791027,5.503201955569911]]],[[[120.93104553222666,5.497798913735665],[120.93094635009811,5.498439782876072],[120.9314498901373,5.498720163124951],[120.93152618408214,5.497918123025108],[120.93104553222666,5.497798913735665]]],[[[120.93084716796922,5.493898862623036],[120.93070983886787,5.4944257676825625],[120.93113708496139,5.494864934704115],[120.93105316162121,5.494084829114663],[120.93084716796922,5.493898862623036]]],[[[120.9303512573242,5.495569223186583],[120.93006896972656,5.496092790385246],[120.93036651611372,5.496370786448842],[120.93058013916072,5.495800012371117],[120.9303512573242,5.495569223186583]]],[[[120.92999267578169,5.49414395692215],[120.92964172363305,5.494897836468657],[120.93012237548848,5.495108121655207],[120.93032836914132,5.49504088761595],[120.92999267578169,5.49414395692215]]],[[[120.92951965332043,5.495538228771058],[120.92923736572274,5.4962239206036445],[120.92990875244153,5.496298784037782],[120.92997741699216,5.495790952465059],[120.92951965332043,5.495538228771058]]],[[[120.92960357666058,5.491984838272116],[120.92925262451227,5.4920048654325955],[120.92798614502,5.494264119885689],[120.92889404296918,5.493652814649814],[120.92960357666058,5.491984838272116]]],[[[120.92554473876974,5.502661222232908],[120.92619323730523,5.50260877014582],[120.92959594726562,5.497938150186331],[120.9251937866214,5.498892778175909],[120.92554473876974,5.502661222232908]]],[[[120.92819976806695,5.550406926836299],[120.91983795166084,5.546368116110444],[120.91020202636761,5.555168145855871],[120.9242477416992,5.552530759536399],[120.92819976806695,5.550406926836299]]],[[[120.92721557617233,5.493509763502484],[120.92678833007835,5.493732923292335],[120.92713165283247,5.494216913007169],[120.92760467529344,5.494029039167146],[120.92721557617233,5.493509763502484]]],[[[120.92640686035179,5.495926851054895],[120.92614746093783,5.4960007608142325],[120.9263229370124,5.496372216960382],[120.92649078369197,5.496112817546498],[120.92640686035179,5.495926851054895]]],[[[120.92629241943418,5.491355890060858],[120.92607879638715,5.491915220047016],[120.92629241943418,5.492328161025614],[120.9264221191411,5.491728776718374],[120.92629241943418,5.491355890060858]]],[[[120.92622375488324,5.492977136397094],[120.92601013183652,5.493272775435177],[120.92622375488324,5.493569844983917],[120.92639160156305,5.493384832166952],[120.92622375488324,5.492977136397094]]],[[[120.92547607421909,5.491689199233955],[120.9254302978521,5.492392057204735],[120.92560577392624,5.492465966964243],[120.92577362060544,5.492022031570302],[120.92547607421909,5.491689199233955]]],[[[120.92491149902378,5.4930782258741715],[120.92388153076217,5.493968004011087],[120.92456817626966,5.494787210247671],[120.92538452148472,5.493935102246552],[120.92491149902378,5.4930782258741715]]],[[[120.92446899414075,5.496604913493089],[120.92425537109375,5.497012132425394],[120.92442321777376,5.497384065409001],[120.92468261718773,5.497346872110626],[120.92446899414075,5.496604913493089]]],[[[120.92300415039092,5.492328161025614],[120.9229202270508,5.492550843978222],[120.92296600341818,5.493112081312809],[120.92326354980536,5.492852205062068],[120.92300415039092,5.492328161025614]]],[[[120.92317199707077,5.493987077496929],[120.92299652099643,5.494061940930908],[120.92299652099643,5.494618886730918],[120.9232559204104,5.494506829999122],[120.92317199707077,5.493987077496929]]],[[[120.92195892333983,5.495571130534834],[120.92195892333983,5.496163839122229],[120.9224319458011,5.495942109843592],[120.92234802246091,5.495645993968985],[120.92195892333983,5.495571130534834]]],[[[120.91996765136763,5.497190946359579],[120.91975402832065,5.497673028726508],[120.92040252685614,5.498044961709624],[120.92053222656251,5.49748896958311],[120.91996765136763,5.497190946359579]]],[[[120.9182052612307,5.49953078629306],[120.9182052612307,5.499679082648906],[120.91838073730524,5.499752992408584],[120.91842651367222,5.499641889350525],[120.9182052612307,5.49953078629306]]],[[[120.91782379150413,5.49810695053994],[120.9177322387702,5.498365873116725],[120.91786193847658,5.498439782876072],[120.91799163818415,5.498180860299605],[120.91782379150413,5.49810695053994]]],[[[120.91769409179699,5.496800893565113],[120.91751861572321,5.496874803324193],[120.91751861572321,5.497320169229716],[120.91777801513717,5.497282975931352],[120.91769409179699,5.496800893565113]]],[[[120.91542053222715,5.700046056324809],[120.913787841797,5.697769158896674],[120.91234588623092,5.700716012531657],[120.91651153564487,5.701234811359215],[120.91542053222715,5.700046056324809]]],[[[120.89888763427732,6.130829804524776],[120.90028381347702,6.129439824209689],[120.91319274902344,6.12714003859846],[120.8958435058598,6.12222003280462],[120.89888763427732,6.130829804524776]]],[[[120.91285705566429,5.696667188225376],[120.9126815795903,5.696900838432067],[120.91280364990233,5.697173112449531],[120.91318511962892,5.69679688793205],[120.91285705566429,5.696667188225376]]],[[[120.91204833984374,5.695495122491596],[120.9120025634768,5.696413034020202],[120.91235351562511,5.696588033257202],[120.9125213623047,5.6960101066218405],[120.91204833984374,5.695495122491596]]],[[[120.911170959473,5.696454995689861],[120.9108810424808,5.696876042900425],[120.91156768798825,5.697432988700486],[120.9116821289067,5.6966948447802634],[120.911170959473,5.696454995689861]]],[[[120.91059875488317,5.701562875323641],[120.90998077392636,5.702148908190097],[120.91119384765668,5.702486985735094],[120.911170959473,5.701845162921177],[120.91059875488317,5.701562875323641]]],[[[120.90927886962892,5.523880952589358],[120.90742492675801,5.525310987224722],[120.90904998779321,5.526586049784957],[120.91072082519575,5.525269025555064],[120.90927886962892,5.523880952589358]]],[[[120.90922546386777,5.694371217310981],[120.90902709960994,5.694925778925365],[120.90946960449217,5.6950979171393366],[120.90955352783236,5.694591992914989],[120.90922546386777,5.694371217310981]]],[[[120.899169921875,10.739444722121364],[120.90932464599668,10.73328398604244],[120.90305328369209,10.722222317654296],[120.8922424316412,10.730829228353606],[120.899169921875,10.739444722121364]]],[[[120.9075164794924,5.506934160003919],[120.90673065185558,5.50981902480814],[120.9080352783203,5.510448926693245],[120.90895080566428,5.508987897641898],[120.9075164794924,5.506934160003919]]],[[[120.85157012939484,5.58638095252649],[120.90583801269564,5.540219777798503],[120.88273620605513,5.500575059667863],[120.85796356201203,5.489297860887705],[120.81394958496152,5.545317167014297],[120.82307434082077,5.574573987663738],[120.85157012939484,5.58638095252649]]],[[[120.90438842773503,5.491005891587053],[120.90554809570347,5.490603917863274],[120.9027786254886,5.490900033738273],[120.90376281738327,5.491299146439183],[120.90438842773503,5.491005891587053]]],[[[120.90493011474665,5.696032994805565],[120.90393829345702,5.695162766992694],[120.89915466308629,5.695850843011308],[120.9054031372076,5.698200219686863],[120.90493011474665,5.696032994805565]]],[[[120.89971923828168,6.137499802686967],[120.90249633789097,6.1361098223726245],[120.90139007568371,6.133890145403492],[120.8972167968752,6.136939995864415],[120.89971923828168,6.137499802686967]]],[[[120.90114593505928,5.490725034501106],[120.90113067626977,5.489762777116478],[120.89869689941406,5.4908637941138325],[120.89989471435571,5.4914941728362985],[120.90114593505928,5.490725034501106]]],[[[120.90051269531294,5.504316800845029],[120.8944549560549,5.503553861392643],[120.89091491699276,5.50746583343473],[120.9006729125981,5.50879001022114],[120.90051269531294,5.504316800845029]]],[[[120.89526367187499,5.49138402345277],[120.89730834960996,5.491517061020451],[120.89785003662152,5.490718835618301],[120.89330291748104,5.491321080948282],[120.89526367187499,5.49138402345277]]],[[[120.89561462402412,5.497969144601511],[120.89533233642622,5.498034948129249],[120.89539337158261,5.4992971360858265],[120.89597320556695,5.498797887581602],[120.89561462402412,5.497969144601511]]],[[[120.89221954345747,6.124440186611152],[120.89083099365257,6.123889916531527],[120.8883438110357,6.1263899737495136],[120.89026641845768,6.127500050652431],[120.89221954345747,6.124440186611152]]],[[[120.8909683227539,10.70506762406297],[120.89027404785223,10.704166401834904],[120.88777923584004,10.707500447242696],[120.88999938964876,10.707777966468385],[120.8909683227539,10.70506762406297]]],[[[120.86936950683616,5.699569219167093],[120.88899993896541,5.691895955625217],[120.86090087890693,5.6661391197133195],[120.79787445068395,5.666038030236005],[120.80977630615304,5.701535218768621],[120.86936950683616,5.699569219167093]]],[[[120.88639068603514,10.692707051257058],[120.88555908203135,10.69305514238273],[120.88694763183628,10.69527911088646],[120.88756561279307,10.693263997057816],[120.88639068603514,10.692707051257058]]],[[[120.88507080078169,10.816251744160827],[120.88583374023484,10.8161134613853],[120.88722229003973,10.814999569784016],[120.88458251953125,10.814096440207173],[120.88507080078169,10.816251744160827]]],[[[120.88585662841854,6.129030221091608],[120.88115692138717,6.133779996019935],[120.88144683837936,6.1357998782200855],[120.88612365722702,6.130090230093439],[120.88585662841854,6.129030221091608]]],[[[120.88327789306695,6.137599938490521],[120.88272094726585,6.139269822216714],[120.88439178466797,6.140379899119953],[120.88439178466797,6.138160222150873],[120.88327789306695,6.137599938490521]]],[[[120.88253021240257,5.490166181352345],[120.88138580322287,5.489560121324443],[120.87305450439499,5.488041871814658],[120.8755264282231,5.489783757952057],[120.88253021240257,5.490166181352345]]],[[[120.86277770996148,6.343060009853753],[120.87555694580132,6.3205599717286445],[120.84194183349645,6.309440129210073],[120.84638977050804,6.337220185182805],[120.86277770996148,6.343060009853753]]],[[[120.87481689453195,5.599929803525713],[120.87406921386754,5.591711038275583],[120.85788726806688,5.589626783059097],[120.85642242431688,5.602899068507236],[120.87481689453195,5.599929803525713]]],[[[120.87000274658249,11.04333304282677],[120.87305450439499,11.039443958967095],[120.86944580078134,11.03694437858619],[120.86528015136784,11.040276516645138],[120.87000274658249,11.04333304282677]]],[[[120.87090301513695,5.486211770802998],[120.86878967285213,5.485688203604345],[120.86783599853571,5.486321920186529],[120.87043762207098,5.4867811143697525],[120.87090301513695,5.486211770802998]]],[[[120.86341094970702,5.485081189902363],[120.8618164062501,5.4859380662750725],[120.86809539794966,5.487414830952499],[120.86828613281294,5.4869809091387225],[120.86341094970702,5.485081189902363]]],[[[120.85940551757812,5.472733014866258],[120.85416412353561,5.475872987549594],[120.85421752929753,5.477501863280221],[120.86035156249997,5.477211946288735],[120.85940551757812,5.472733014866258]]],[[[120.85749816894531,6.218060009974967],[120.86000061035169,6.207779877691694],[120.84555816650426,6.206940167457087],[120.84805297851564,6.215280049346012],[120.85749816894531,6.218060009974967]]],[[[120.858810424805,5.484695905479003],[120.85818481445325,5.484827989371847],[120.85713958740247,5.485254758627784],[120.85985565185592,5.4856691301177465],[120.858810424805,5.484695905479003]]],[[[120.85170745849621,11.23639010293407],[120.84944152832051,11.24028014046757],[120.85281372070348,11.24275015694573],[120.855323791504,11.239319790432088],[120.85170745849621,11.23639010293407]]],[[[120.85270690918003,5.486270898610983],[120.85451507568405,5.485552781851364],[120.85019683837949,5.4864320695700695],[120.85090637207064,5.486782068044006],[120.85270690918003,5.486270898610983]]],[[[120.83339691162121,11.447190273687545],[120.85285186767587,11.428420055805278],[120.8347091674809,11.417539585536618],[120.82227325439499,11.445429790901112],[120.83339691162121,11.447190273687545]]],[[[120.84754943847722,5.478154176512314],[120.84111785888683,5.481078141963099],[120.8392944335942,5.485740178854492],[120.84947204589875,5.482160085473863],[120.84754943847722,5.478154176512314]]],[[[120.84463500976608,5.488974088458012],[120.84804534912143,5.486711019307057],[120.8387603759768,5.488923066882308],[120.83889007568395,5.489910119798416],[120.84463500976608,5.488974088458012]]],[[[120.82157897949273,5.516261094808707],[120.83801269531318,5.4823641717774425],[120.81084442138706,5.4581351221196055],[120.8038406372076,5.481554025446926],[120.82157897949273,5.516261094808707]]],[[[120.831436157227,5.504613870394469],[120.82964324951172,5.506412023315936],[120.83071136474652,5.507843011626515],[120.83235931396541,5.506525987396828],[120.831436157227,5.504613870394469]]],[[[120.82546234130905,11.00373743891213],[120.81896972656249,11.002896298165973],[120.81643676757868,11.009433735600247],[120.82824707031259,11.013654698121467],[120.82546234130905,11.00373743891213]]],[[[120.82463836669977,11.42621039241568],[120.82292938232445,11.427619923054293],[120.82346343994188,11.429409969744752],[120.82534790039098,11.428279865680828],[120.82463836669977,11.42621039241568]]],[[[120.81333160400426,11.464170444879931],[120.82444763183652,11.458609569945004],[120.81984710693368,11.451259601993055],[120.81511688232489,11.457169521727707],[120.81333160400426,11.464170444879931]]],[[[120.82389068603585,9.282221784709334],[120.81388854980513,9.274722089891398],[120.8066635131836,9.275555601243251],[120.81555175781294,9.280833234905906],[120.82389068603585,9.282221784709334]]],[[[120.82250213623092,11.399720180946936],[120.82055664062547,11.400560368018834],[120.82166290283214,11.403329838231846],[120.8233337402347,11.401670444922605],[120.82250213623092,11.399720180946936]]],[[[120.82149505615257,5.664784902185428],[120.82199096679756,5.665706151574159],[120.823097229004,5.665480130760933],[120.8229980468751,5.6648998199404605],[120.82149505615257,5.664784902185428]]],[[[120.82199859619172,5.522119992965864],[120.82157897949273,5.52287291883752],[120.82199096679756,5.523151868575057],[120.82227325439499,5.522718900435923],[120.82199859619172,5.522119992965864]]],[[[120.8187637329105,11.423859585226772],[120.81861114501964,11.425559986532319],[120.82026672363347,11.426939953267134],[120.82074737548875,11.425200451314954],[120.8187637329105,11.423859585226772]]],[[[120.8203735351567,5.521326059097982],[120.81787109375023,5.523118013136991],[120.81732940673864,5.524054044477575],[120.82025146484432,5.524490827314015],[120.8203735351567,5.521326059097982]]],[[[120.81519317627007,11.421959865990331],[120.81582641601607,11.412219990203214],[120.80832672119199,11.423060406150586],[120.81115722656295,11.436459530287026],[120.81519317627007,11.421959865990331]]],[[[120.77642059326203,5.475912088196188],[120.78784179687567,5.510837072139601],[120.79611363607015,5.518986769875718],[120.76105499267625,5.497806066293305],[120.7451248168952,5.5180811822398415],[120.7596817016607,5.5521860062718895],[120.79624176025456,5.5678329407647595],[120.8112869262701,5.555631154736433],[120.80165152697546,5.524442888631515],[120.806991577149,5.529704087959365],[120.80111694335972,5.476007932465517],[120.77642059326203,5.475912088196188]]],[[[120.8072128295903,11.449219692631615],[120.8036117553711,11.456939686217956],[120.80777740478561,11.460000027097387],[120.80909729003929,11.45553015557915],[120.8072128295903,11.449219692631615]]],[[[120.80201721191415,11.445300091194216],[120.80082702636754,11.44639014093658],[120.80166625976587,11.44832991449516],[120.8027801513673,11.447500217840155],[120.80201721191415,11.445300091194216]]],[[[120.80081176757878,5.456591123402547],[120.79603576660178,5.455639833273296],[120.79177093505892,5.456371778310272],[120.79821777343807,5.457641118824365],[120.80081176757878,5.456591123402547]]],[[[120.7988739013673,5.471080774114479],[120.7962646484375,5.468777173805411],[120.7940368652346,5.472907060428771],[120.79668426513729,5.473350995822402],[120.7988739013673,5.471080774114479]]],[[[120.79748535156297,5.467298024942374],[120.79517364501973,5.4644708574339145],[120.79167938232455,5.4664959848427],[120.79470062255879,5.469425195502905],[120.79748535156297,5.467298024942374]]],[[[120.79083251953124,10.726943959191168],[120.79638671875011,10.72472189803582],[120.79621124267635,10.719477642973578],[120.79006195068393,10.723748196559448],[120.79083251953124,10.726943959191168]]],[[[120.78138732910156,6.440279953759784],[120.79389190673872,6.42361020356227],[120.79277801513726,6.418059819046074],[120.77861022949251,6.433889859008243],[120.78138732910156,6.440279953759784]]],[[[120.77770996093805,11.426250446736933],[120.76936340332064,11.432239521439787],[120.76777648925794,11.447219837591543],[120.77884674072277,11.43179034083718],[120.77770996093805,11.426250446736933]]],[[[120.7762756347662,10.719725598295767],[120.77502441406259,10.719932545622452],[120.77474212646496,10.720693577726113],[120.77642059326203,10.720831860501983],[120.7762756347662,10.719725598295767]]],[[[120.77465057373057,10.717290867767613],[120.7742385864258,10.718887318572385],[120.77590179443413,10.719230641325966],[120.77618408203182,10.718608845672167],[120.77465057373057,10.717290867767613]]],[[[120.77278137207101,11.005833615058357],[120.77360534668026,10.998886097668318],[120.7635421752933,10.997228611707284],[120.76624298095746,11.00201033472639],[120.77278137207101,11.005833615058357]]],[[[120.76249694824253,11.427579868733051],[120.75972747802766,11.428620327411208],[120.75821685791016,11.430509556230957],[120.7621765136721,11.429670322833216],[120.76249694824253,11.427579868733051]]],[[[120.755966186524,11.218512524210652],[120.762069702149,11.217635143840624],[120.76136016845702,11.212210644332382],[120.75255584716865,11.212340344039289],[120.755966186524,11.218512524210652]]],[[[120.75392150878906,5.5515217721108385],[120.75305938720734,5.553625100813888],[120.75617980957098,5.556163781840996],[120.7570037841798,5.5525460183256525],[120.75392150878906,5.5515217721108385]]],[[[120.7318572998049,11.356069553840058],[120.73535919189463,11.351920116892611],[120.73866271972658,11.34591006135423],[120.7218933105473,11.362050045474588],[120.7318572998049,11.356069553840058]]],[[[120.7299652099614,10.971047390717432],[120.73472595214886,10.965277661107264],[120.7261123657232,10.95277785185135],[120.71778106689452,10.96555518033353],[120.7299652099614,10.971047390717432]]],[[[120.71111297607467,6.437779896541721],[120.71111297607467,6.3966698578240795],[120.66972351074263,6.404439919309551],[120.66999816894531,6.418059819046074],[120.71111297607467,6.437779896541721]]],[[[120.69595336914105,11.10111235491988],[120.69372558593795,11.103514660521553],[120.69515991210972,11.105409611386833],[120.6980056762702,11.102910031005571],[120.69595336914105,11.10111235491988]]],[[[120.69517517089844,11.30815981723991],[120.68540954589866,11.291837681325987],[120.671424865723,11.305179585003179],[120.68572998046909,11.321343410981033],[120.69517517089844,11.30815981723991]]],[[[120.68746948242233,11.208455074877255],[120.68591308593783,11.210764874070081],[120.68739318847712,11.213526714887816],[120.6896820068365,11.211649883835014],[120.68746948242233,11.208455074877255]]],[[[120.67964172363327,5.21141480834351],[120.67195129394585,5.213623994895691],[120.66085815429734,5.226652139718797],[120.68402099609374,5.215526098317305],[120.67964172363327,5.21141480834351]]],[[[120.65556335449243,6.3205599717286445],[120.66333007812497,6.278329842527896],[120.63276672363301,6.249999993312307],[120.62082672119196,6.266940110177636],[120.6452789306645,6.293610089247214],[120.65471649169992,6.274169915163521],[120.65416717529298,6.304440014774025],[120.63722229003916,6.290279858537412],[120.65556335449243,6.3205599717286445]]],[[[120.65277862548885,6.29778003019202],[120.65139007568392,6.299170010506166],[120.65183258056697,6.300970070776623],[120.65305328369152,6.300280087409457],[120.65277862548885,6.29778003019202]]],[[[120.65023803710982,6.290790074296701],[120.64943695068413,6.291940205521059],[120.65139007568392,6.29639004987724],[120.65194702148482,6.291669838852516],[120.65023803710982,6.290790074296701]]],[[[120.64237213134777,5.225721830423843],[120.63085174560604,5.228052133613279],[120.62992858886751,5.23660993008277],[120.65074920654342,5.231828207065693],[120.64237213134777,5.225721830423843]]],[[[120.60114288330078,5.213286871025013],[120.58313751220746,5.204915994721372],[120.5689926147464,5.20985602767506],[120.60947418212903,5.221570962966189],[120.60114288330078,5.213286871025013]]],[[[120.5889358520508,5.400609010574506],[120.56961822509821,5.418223852018282],[120.58059692382837,5.437820905526505],[120.60725402832031,5.414612764222797],[120.5889358520508,5.400609010574506]]],[[[120.59841918945367,5.202464098056152],[120.59498596191462,5.200061792455264],[120.58938598632857,5.201687807163512],[120.59455871582067,5.20406007202318],[120.59841918945367,5.202464098056152]]],[[[120.59694671630857,6.394720070686169],[120.5783309936528,6.250559800135241],[120.5330581665039,6.238890164373744],[120.47860717773484,6.253890030844912],[120.48055267334038,6.271940224614188],[120.51972198486372,6.265279763194734],[120.55610656738348,6.373330109463617],[120.59694671630857,6.394720070686169]]],[[[120.58482360839875,5.446359151672612],[120.57666778564464,5.4625511110373814],[120.5853729248049,5.469717973517808],[120.58900451660199,5.449691766567592],[120.58482360839875,5.446359151672612]]],[[[120.57841491699287,5.329548829982672],[120.57472229003942,5.329813951442493],[120.57439422607477,5.332478040642163],[120.57674407959031,5.333518022483258],[120.57841491699287,5.329548829982672]]],[[[120.5736846923828,5.302856916405202],[120.57188415527389,5.295010084137675],[120.56447601318416,5.300741189936161],[120.56762695312523,5.307145112964555],[120.5736846923828,5.302856916405202]]],[[[120.53806304931665,6.144999974341315],[120.55695343017602,6.127220147241144],[120.54332733154365,6.111939900520837],[120.5297164916992,6.126110070337854],[120.53806304931665,6.144999974341315]]],[[[120.52616882324253,5.178396219357807],[120.52323150634763,5.179100031002277],[120.52282714843793,5.182185167412889],[120.52632141113335,5.1814942303714115],[120.52616882324253,5.178396219357807]]],[[[120.51635742187534,5.201228136143429],[120.52433776855489,5.190658086868229],[120.52318572998067,5.189084047410334],[120.50851440429732,5.200058931432766],[120.51635742187534,5.201228136143429]]],[[[120.5058364868166,6.112500184181156],[120.51365661621116,6.10520982087724],[120.51361083984418,6.098330014365388],[120.50389099121139,6.103330128801395],[120.5058364868166,6.112500184181156]]],[[[120.50495147705091,5.163268083691858],[120.50873565673828,5.173131937136456],[120.51068878173882,5.172896856417362],[120.50823211669992,5.166228765603707],[120.50495147705091,5.163268083691858]]],[[[120.50871276855511,5.174255842316881],[120.49877929687523,5.184781068899399],[120.49975585937533,5.188600057695533],[120.50631713867257,5.183692926505083],[120.50871276855511,5.174255842316881]]],[[[120.50400543212945,5.17302083407886],[120.49778747558639,5.159512991074824],[120.48831176757848,5.167726987953864],[120.48202514648473,5.1958470288186875],[120.50400543212945,5.17302083407886]]],[[[120.48777770996105,6.047220223613612],[120.47944641113314,6.0536098415272415],[120.48249816894567,6.060279839689742],[120.48860931396483,6.056670182405404],[120.48777770996105,6.047220223613612]]],[[[120.48082733154354,6.149169915285845],[120.48249816894567,6.140830033396743],[120.47915649414094,6.136390202621456],[120.47416687011741,6.14110993680857],[120.48082733154354,6.149169915285845]]],[[[120.47789001464865,5.29201506994989],[120.47598266601587,5.293797964082665],[120.47948455810558,5.296202177031966],[120.47946166992188,5.2936000766624325],[120.47789001464865,5.29201506994989]]],[[[120.45609283447264,5.164504999279185],[120.4558410644537,5.166890138741683],[120.45828247070312,5.170392984502681],[120.45910644531271,5.166966909524427],[120.45609283447264,5.164504999279185]]],[[[120.45777893066453,6.1730599337250895],[120.45249938964855,6.1333298617431256],[120.41471862793011,6.153059952818746],[120.43055725097666,6.167779915877999],[120.45777893066453,6.1730599337250895]]],[[[120.45458984375011,5.155327791341727],[120.45394134521543,5.156719202167753],[120.45509338378926,5.158504003648682],[120.4554595947271,5.157248014575666],[120.45458984375011,5.155327791341727]]],[[[120.45117950439507,5.136754030374005],[120.45066070556639,5.138568872596376],[120.45182037353563,5.13972186484406],[120.45205688476607,5.137969965126158],[120.45117950439507,5.136754030374005]]],[[[120.44995880126997,5.157680029040669],[120.45013427734398,5.159441942338536],[120.45096588134774,5.159673208359917],[120.45155334472712,5.158140176897568],[120.44995880126997,5.157680029040669]]],[[[120.44715881347665,5.147067064421128],[120.44547271728581,5.152019018303756],[120.45047760009811,5.1558637563069345],[120.45127105712947,5.150679105890866],[120.44715881347665,5.147067064421128]]],[[[120.44882202148484,5.136345857766869],[120.44913482666016,5.138112062599585],[120.4502487182624,5.138068193580759],[120.44882202148484,5.136345857766869]]],[[[120.44645690917967,5.136149877695645],[120.44669342041072,5.138545984413158],[120.44765472412129,5.139060968542814],[120.4476394653326,5.136318201212186],[120.44645690917967,5.136149877695645]]],[[[120.41882324218795,5.303699010825563],[120.4160842895513,5.3051109256495605],[120.42066955566429,5.309227937669333],[120.42160797119195,5.30756186864036],[120.41882324218795,5.303699010825563]]],[[[120.40708160400436,5.8008060392872665],[120.41072845458993,5.775181764105324],[120.41133880615303,5.796162122207974],[120.4203109741214,5.786344998804291],[120.41454315185555,5.771665090067053],[120.40305328369173,5.782123082610165],[120.39479827880871,5.808705800479295],[120.40708160400436,5.8008060392872665]]],[[[120.4161453247075,5.761043065541273],[120.41817474365291,5.76024579381382],[120.41789245605523,5.7567200598689405],[120.40964508056642,5.744054788123068],[120.4161453247075,5.761043065541273]]],[[[120.40536499023482,5.233483785677418],[120.40338897705134,5.2352662029727375],[120.40319824218805,5.238004201932389],[120.40705108642621,5.236688131377195],[120.40536499023482,5.233483785677418]]],[[[120.40129089355524,5.722487443478667],[120.40217590332101,5.726090901879851],[120.40578460693416,5.734100812455535],[120.4057312011722,5.7329549727656355],[120.40129089355524,5.722487443478667]]],[[[120.40048217773473,5.720539086852607],[120.39630889892625,5.716199868717297],[120.39942169189496,5.727901929405092],[120.4011230468752,5.726031774072541],[120.40048217773473,5.720539086852607]]],[[[120.37860870361351,5.258941167853448],[120.36957550048862,5.269556993496006],[120.3730163574222,5.271818155297462],[120.3835220336914,5.264119142549101],[120.37860870361351,5.258941167853448]]],[[[120.37805175781295,6.1055598193510034],[120.381942749024,6.101940148486646],[120.38249969482433,6.097499840873773],[120.37587738037143,6.108210080273109],[120.37805175781295,6.1055598193510034]]],[[[120.36904907226574,5.257917875313271],[120.36563873291036,5.2582378330458015],[120.36406707763672,5.259663099310241],[120.36756896972702,5.261269086857613],[120.36904907226574,5.257917875313271]]],[[[120.36558532714844,5.25487517740972],[120.35158538818405,5.199195856176988],[120.34041595458986,5.183632845023658],[120.33217620849679,5.226735109384012],[120.34639739990278,5.252242082624901],[120.36558532714844,5.25487517740972]]],[[[120.35264587402355,5.19139384660221],[120.35384368896518,5.198266977394111],[120.35708618164094,5.200178140722169],[120.35798645019543,5.1957511845499305],[120.35264587402355,5.19139384660221]]],[[[120.35710906982465,5.170993799321084],[120.35609436035213,5.171412939182909],[120.35772705078149,5.172823900332193],[120.35774993896516,5.171566003910353],[120.35710906982465,5.170993799321084]]],[[[120.35070037841828,5.171627039066594],[120.3475265502932,5.175157064545233],[120.34709930419965,5.1768698636156865],[120.35337066650423,5.1758141461486415],[120.35070037841828,5.171627039066594]]],[[[120.35247039794977,5.664329045862704],[120.34526062011753,5.669764035786145],[120.34468078613325,5.673079007707003],[120.3496398925786,5.672749036393208],[120.35247039794977,5.664329045862704]]],[[[120.3471145629884,5.145449155945211],[120.33769226074274,5.121089929743029],[120.32120513916038,5.128034109270621],[120.32465362548872,5.156376833088681],[120.34042358398484,5.16326379215739],[120.3471145629884,5.145449155945211]]],[[[120.32189941406286,5.385179036988219],[120.33438110351608,5.381833070652565],[120.31128692626973,5.364902013693363],[120.28727722168003,5.37174891844092],[120.32189941406286,5.385179036988219]]],[[[120.32986450195371,5.221828931868356],[120.32888793945357,5.222642892896239],[120.32955169677778,5.224499219951571],[120.33081054687513,5.223632806836097],[120.32986450195371,5.221828931868356]]],[[[120.33039093017612,5.245542997395664],[120.32514190673861,5.24855708506999],[120.32559204101584,5.253399843243884],[120.32835388183616,5.252117151289318],[120.33039093017612,5.245542997395664]]],[[[120.32764434814496,5.23242711453532],[120.3264923095703,5.233823770570642],[120.32908630371107,5.235596174285948],[120.32870483398447,5.2332920971400165],[120.32764434814496,5.23242711453532]]],[[[120.3271026611334,5.217632764880418],[120.32438659667967,5.2205967846526296],[120.32617950439499,5.22377919584353],[120.32843017578182,5.221238130629917],[120.3271026611334,5.217632764880418]]],[[[120.3232421875,5.235853189513974],[120.3210525512695,5.237207883879223],[120.32620239257812,5.244838232076472],[120.32689666748058,5.237558836026949],[120.3232421875,5.235853189513974]]],[[[120.32520294189473,5.2276368084492475],[120.32299041748057,5.229207986884035],[120.32491302490288,5.2312011662032045],[120.32646942138706,5.230459207585989],[120.32520294189473,5.2276368084492475]]],[[[120.32441711425793,5.23373889355684],[120.32305908203122,5.234290117311122],[120.32523345947298,5.236230844542976],[120.32611846923872,5.235136026428457],[120.32441711425793,5.23373889355684]]],[[[120.31950378418014,5.2481579723687455],[120.32254028320332,5.245639795338699],[120.31111145019577,5.22633313566023],[120.29920196533236,5.244878763235184],[120.31950378418014,5.2481579723687455]]],[[[120.32138824462915,5.231314176609774],[120.31940460205148,5.231581205418169],[120.31951904296906,5.233686918306649],[120.32186889648457,5.233075136232837],[120.32138824462915,5.231314176609774]]],[[[120.31832885742243,5.252708906201904],[120.3170700073243,5.254111761120369],[120.31984710693416,5.255012983348392],[120.31987762451216,5.2534351291934955],[120.31832885742243,5.252708906201904]]],[[[120.31637573242189,5.201290124974168],[120.31134796142587,5.204864973145517],[120.31519317626974,5.211285108636664],[120.31951904296906,5.2047481480413555],[120.31637573242189,5.201290124974168]]],[[[120.31246948242186,5.122737878960204],[120.31853485107445,5.103364938916461],[120.30232238769554,5.091779226495514],[120.26699829101608,5.093719953727586],[120.31246948242186,5.122737878960204]]],[[[120.31649780273449,5.127254003681156],[120.31666564941406,5.129901880418017],[120.3182983398442,5.130606168899979],[120.31800079345702,5.12735080162422],[120.31649780273449,5.127254003681156]]],[[[120.31530761718793,5.21747493178112],[120.31474304199253,5.21804809004488],[120.31604003906308,5.219326967301876],[120.31656646728514,5.218149179522355],[120.31530761718793,5.21747493178112]]],[[[120.31448364257857,5.21949719816682],[120.31281280517601,5.22113990217532],[120.31340026855513,5.22436284452436],[120.31626129150438,5.220852846206573],[120.31448364257857,5.21949719816682]]],[[[120.31209564209028,5.125961774983887],[120.31272125244209,5.1292500440228],[120.3156204223633,5.129802221452025],[120.3138504028326,5.1272020284309585],[120.31209564209028,5.125961774983887]]],[[[120.30767059326217,5.2763271274609655],[120.30323028564496,5.281297201155926],[120.30671691894577,5.284788125987399],[120.31539916992256,5.278488153459406],[120.30767059326217,5.2763271274609655]]],[[[120.31502532959016,5.226625913674717],[120.31364440917982,5.226784223611449],[120.31281280517601,5.22773122220664],[120.31407165527376,5.228297227912889],[120.31502532959016,5.226625913674717]]],[[[120.31075286865236,5.1293358747117415],[120.31079864502007,5.130087846909286],[120.31287384033214,5.13089608589175],[120.3129043579104,5.130250925217275],[120.31075286865236,5.1293358747117415]]],[[[120.28317370584001,5.179548865889457],[120.2748184204106,5.174555772889397],[120.26866149902412,5.188550943468402],[120.24725341796922,5.183763975242014],[120.2701034545903,5.256083005930197],[120.30913543701169,5.222660059034445],[120.30747985839886,5.194074148266132],[120.28522925862752,5.180777257943954],[120.28571319580135,5.179211134060338],[120.28336334228551,5.17821216021442],[120.28317370584001,5.179548865889457]]],[[[120.30470275878929,5.126516813435106],[120.30542755126997,5.1277651731143425],[120.30670928955102,5.128255838549245],[120.30699157714868,5.126930231251105],[120.30470275878929,5.126516813435106]]],[[[120.29823303222722,5.247876161608705],[120.2971420288087,5.24912595179916],[120.29834747314486,5.2515220585166675],[120.29980468750044,5.2493181171737575],[120.29823303222722,5.247876161608705]]],[[[120.29836273193406,5.271347993860353],[120.29654693603516,5.273251050956791],[120.29741668701219,5.275031084065931],[120.29951477050824,5.2721037807553754],[120.29836273193406,5.271347993860353]]],[[[120.29746246337957,5.727232926872889],[120.29450988769578,5.726411813287207],[120.29354858398457,5.726924890068596],[120.2935714721683,5.729216092611894],[120.2992172241211,5.733975881120168],[120.29746246337957,5.727232926872889]]],[[[120.29629516601621,5.271724218377438],[120.29302215576219,5.272099012383739],[120.2902297973636,5.2765030803720565],[120.29270172119209,5.277038091662963],[120.29629516601621,5.271724218377438]]],[[[120.29537963867222,5.268637174618485],[120.29289245605537,5.262896055239778],[120.28435516357467,5.274250024801812],[120.28680419921906,5.276080125812913],[120.29537963867222,5.268637174618485]]],[[[120.28853607177732,5.16481685078026],[120.2843017578132,5.165788168070602],[120.28336334228551,5.16842793857531],[120.28959655761763,5.169672006719975],[120.28853607177732,5.16481685078026]]],[[[120.2834625244144,5.152264112603371],[120.27842712402342,5.157518858081007],[120.28447723388727,5.161899084212322],[120.28868865966862,5.157229894763326],[120.2834625244144,5.152264112603371]]],[[[120.28762054443418,5.24879121211423],[120.28000640869163,5.253707880047495],[120.28045654296888,5.259123796484751],[120.28759002685591,5.256993764901501],[120.28762054443418,5.24879121211423]]],[[[120.28324890136739,5.174565786469367],[120.28221893310581,5.175239080536342],[120.2828521728521,5.177025789366198],[120.28460693359406,5.17566203509542],[120.28324890136739,5.174565786469367]]],[[[120.28207397460949,5.627674096710962],[120.27640533447297,5.6219201027289945],[120.27155303955077,5.620448106423022],[120.26750946044943,5.625264161716057],[120.26808929443428,5.632995122554189],[120.28207397460949,5.627674096710962]]],[[[120.28029632568425,5.6573500572217155],[120.27815246582078,5.658799165344639],[120.2779769897462,5.660671228025574],[120.27943420410179,5.660080903624522],[120.28029632568425,5.6573500572217155]]],[[[120.27846527099665,5.641595834368136],[120.27379608154354,5.643708222976748],[120.27351379394555,5.6442499099880274],[120.27581024169943,5.645438188184472],[120.27846527099665,5.641595834368136]]],[[[120.27277374267624,5.341567987380302],[120.26605987548886,5.343862050946013],[120.2651748657231,5.345989221506773],[120.27406311035168,5.346587175302483],[120.27277374267624,5.341567987380302]]],[[[120.27168273925791,5.107501978096931],[120.27323150634787,5.107777113136886],[120.27223968505906,5.104598039806678],[120.27067565918013,5.10636376780176],[120.27168273925791,5.107501978096931]]],[[[120.26492309570371,5.254543775585193],[120.26194763183604,5.25637816813071],[120.26965332031247,5.2654218616641835],[120.27185821533247,5.260701173802749],[120.26492309570371,5.254543775585193]]],[[[120.26934051513717,5.10798406046349],[120.26773071289095,5.108389848884227],[120.26862335205087,5.109778875525025],[120.27001953125031,5.1089820806347435],[120.26934051513717,5.10798406046349]]],[[[120.2688217163087,5.084259981355599],[120.26050567626999,5.066818231800675],[120.24337005615288,5.075283045024592],[120.257675170899,5.090425962642154],[120.2688217163087,5.084259981355599]]],[[[120.2675857543951,5.180918211084431],[120.26627349853538,5.18107079897543],[120.26609039306688,5.182515138726069],[120.2666397094732,5.182694906334345],[120.2675857543951,5.180918211084431]]],[[[120.26437377929733,5.1654329243876],[120.25907897949264,5.166071886179197],[120.25965118408249,5.172214025607872],[120.26665496826193,5.1713647786298775],[120.26437377929733,5.1654329243876]]],[[[120.26277160644564,5.0970439855536736],[120.26184082031297,5.098015779681456],[120.26277923583986,5.099584097093328],[120.26406860351618,5.099001878923382],[120.26277160644564,5.0970439855536736]]],[[[120.26332855224679,5.093960756492066],[120.26079559326219,5.095125192831495],[120.26095581054722,5.098773950761929],[120.26343536376986,5.095427984426705],[120.26332855224679,5.093960756492066]]],[[[119.9338607788086,5.073679918500451],[119.93206024169969,5.07861995145411],[119.93954300203688,5.084804122302431],[119.93099975585938,5.087860101896341],[119.8895874023442,5.064179891807119],[119.88033294677804,5.071869844649383],[119.88128662109442,5.059500211941254],[119.85072326660169,5.0621399824465545],[119.86077880859419,5.047130102395758],[119.8203582763675,5.0560197775266245],[119.82514190673825,5.111080164128691],[119.81107330322321,5.125060075918463],[119.83013153076185,5.14925002492922],[119.85751342773494,5.146540159362206],[119.94146728515668,5.188879961106779],[119.97939300537166,5.237199777647084],[120.02971649169967,5.23222016720944],[120.06971740722679,5.270279878627118],[120.07888793945381,5.257500165963041],[120.09166717529364,5.267499917997038],[120.07721710205121,5.26193999673832],[120.07749938964888,5.280560010910387],[120.17182159423874,5.343220228131339],[120.21083068847669,5.348889821936903],[120.21527862548864,5.301939958550722],[120.2538909912114,5.276110166554385],[120.23049926757871,5.233769887972037],[120.23944091796885,5.182219976525566],[120.21888732910223,5.147220129149182],[120.22360992431649,5.124440187613437],[120.16610717773446,5.144720071930908],[120.19339752197322,5.183549875357769],[120.16972351074261,5.1936101857118615],[120.15805816650423,5.163609975934147],[120.1180572509771,5.214439863271976],[120.12416839599634,5.241109842340401],[120.1149978637701,5.218609804216704],[120.12222290039108,5.186669820881025],[120.09722137451173,5.151110166681776],[120.0866699218751,5.16083001530407],[120.07195281982419,5.1461100522459295],[120.07444763183636,5.168330186958148],[120.04222106933604,5.1500000897783815],[120.05944824218783,5.162499899030897],[120.05708312988327,5.1802101079055145],[120.04000091552732,5.181389803034007],[119.99610137939521,5.154940122732543],[120.00026702880868,5.131360048445671],[119.98770904541081,5.14021014609352],[119.96130371093794,5.077020162789978],[119.94231110938757,5.083813950721081],[119.94342803955087,5.079870218481571],[119.9338607788086,5.073679918500451]]],[[[120.25325012207033,5.4468440950617465],[120.24842834472713,5.450038904018479],[120.24942779541014,5.453804010216073],[120.25139617919945,5.45367621785762],[120.25325012207033,5.4468440950617465]]],[[[120.24076332514774,5.449582302107651],[120.24186706543014,5.449536794491331],[120.24151126746752,5.448839952208516],[120.24919891357445,5.4412097872062795],[120.22695922851621,5.443947786166004],[120.2323074340826,5.467711919594883],[120.24787139892646,5.458944791613599],[120.23089599609442,5.459375852403928],[120.24076332514774,5.449582302107651]]],[[[120.24720764160202,5.324759954407883],[120.22716522216817,5.340923780379943],[120.22394561767622,5.358200067441404],[120.2449111938479,5.347495073250562],[120.24720764160202,5.324759954407883]]],[[[120.24444580078193,5.31160783192351],[120.24262237548851,5.3136029185913864],[120.24449920654307,5.3143420161858455],[120.24539184570381,5.3128061237011055],[120.24444580078193,5.31160783192351]]],[[[120.24413299560604,5.194670194713268],[120.24359893798864,5.194775098887997],[120.2433624267584,5.195434087840099],[120.24431610107479,5.195267194834925],[120.24413299560604,5.194670194713268]]],[[[120.24317932128963,5.192831033796144],[120.24299621582053,5.193809026806336],[120.24372863769575,5.194014066784529],[120.24407196044955,5.193313116162028],[120.24317932128963,5.192831033796144]]],[[[120.24025726318393,5.451951974695472],[120.23995208740257,5.454452985587151],[120.2432327270508,5.453599923912666],[120.24288177490244,5.452197068994587],[120.24025726318393,5.451951974695472]]],[[[120.24217987060547,5.195865148630646],[120.24132537841797,5.196957105721923],[120.24292755126984,5.197394842232718],[120.24217987060547,5.195865148630646]]],[[[120.24200439453172,5.192940229505038],[120.24175262451227,5.193385118573463],[120.24208068847688,5.194009775250128],[120.24247741699263,5.193519109814549],[120.24200439453172,5.192940229505038]]],[[[120.24143981933639,5.19455098542387],[120.2413024902348,5.195133203593662],[120.24210357666061,5.194760793773523],[120.24143981933639,5.19455098542387]]],[[[120.23988342285192,5.295090192780336],[120.23899841308618,5.295752996429326],[120.24039459228524,5.296351903899563],[120.24109649658224,5.295556062683422],[120.23988342285192,5.295090192780336]]],[[[120.23713684082077,5.298558229428092],[120.22164916992234,5.305442804310999],[120.22849273681699,5.322700971560674],[120.24080657959007,5.305986875508534],[120.23713684082077,5.298558229428092]]],[[[120.23102569580077,5.296444887145384],[120.22964477539085,5.296707147582153],[120.22771453857432,5.297863000852243],[120.23227691650433,5.297591203672163],[120.23102569580077,5.296444887145384]]],[[[120.221916198731,5.023596758151358],[120.21383666992233,5.016033167155658],[120.18482971191428,5.023868078493985],[120.20911407470714,5.045417780162415],[120.22841644287178,5.034895891439879],[120.221916198731,5.023596758151358]]],[[[120.2167434692384,5.7017450271175845],[120.22014617919957,5.700764173084458],[120.21880340576206,5.696912759361015],[120.21416473388717,5.700446122700383],[120.2167434692384,5.7017450271175845]]],[[[120.19023132324229,5.443387979342897],[120.17969512939499,5.452568048303202],[120.19021606445355,5.462387079055055],[120.19296517684992,5.455849152055496],[120.19205474853571,5.4589419305905125],[120.19459533691405,5.460881227310526],[120.1965179443364,5.454860204520536],[120.19384679781157,5.45375248496537],[120.19663238525447,5.447127813170739],[120.19023132324229,5.443387979342897]]],[[[120.12290954589857,5.029438967007111],[120.13887786865278,5.016758913309641],[120.13420104980538,5.004694933219446],[120.09870910644555,5.032802099480532],[120.12290954589857,5.029438967007111]]],[[[120.12693786621118,5.002314085290847],[120.12554931640625,5.003397936150544],[120.12612152099607,5.004074091239754],[120.12833404541063,5.002912039086186],[120.12693786621118,5.002314085290847]]],[[[120.12177276611384,5.952561848920705],[120.11018371582063,5.9533810551571005],[120.12238311767611,5.916316979724234],[120.08966827392624,5.97491216017768],[120.09989166259764,5.990022176032191],[120.11801910400389,5.980444901719061],[120.12177276611384,5.952561848920705]]],[[[120.07937622070344,5.871652119996865],[120.06958770752,5.878245824214046],[120.07158660888717,5.893002026897222],[120.07695770263726,5.890983098371386],[120.07937622070344,5.871652119996865]]],[[[120.07133483886743,5.062281126244687],[120.07042694091794,5.065721983175162],[120.07601928711007,5.062854761345508],[120.07133483886743,5.062281126244687]]],[[[120.05034637451229,5.047328943490568],[120.04775238037122,5.049996847388185],[120.04814910888727,5.050567144628447],[120.0506820678711,5.050226206060391],[120.05034637451229,5.047328943490568]]],[[[119.97242736816462,5.890629762037519],[119.97084808349645,5.868919843082519],[120.02101135253942,5.885489934313659],[119.97268676757858,5.860720151318897],[119.96437072753942,5.880599969261786],[119.97242736816462,5.890629762037519]]],[[[119.98770904541081,5.007770056049518],[119.9902796554162,5.006067113300784],[119.99029541015669,5.006298059743746],[120.02021789550805,5.009349817553133],[120.00644683837936,4.962053770390928],[119.98699951171919,4.957983965249952],[119.98966621924222,4.997074841895081],[119.98719024658247,4.99877976827763],[119.98964691162111,5.0005598013878165],[119.98988775319873,5.0003222758531995],[119.99022669269571,5.005290740505529],[119.98950958251977,5.003950113579045],[119.98790740966864,5.004429811759819],[119.98770904541081,5.007770056049518]]],[[[120.01416015624999,5.0335068647996755],[120.0126800537115,5.033738130821454],[120.0142898559576,5.0370430891611395],[120.0156555175786,5.036125177632508],[120.01416015624999,5.0335068647996755]]],[[[120.01399993896496,5.029455179470622],[120.0126876831057,5.031293863550894],[120.01418304443371,5.031866068140172],[120.0148239135742,5.0304579680133665],[120.01399993896496,5.029455179470622]]],[[[119.99907684326207,5.93911980944431],[119.9934387207038,5.927360051460277],[120.01444244384766,5.892220013958415],[119.99642181396484,5.921209805799874],[119.99542236328146,5.909470074976202],[119.97667694091797,5.9194397862703045],[119.99907684326207,5.93911980944431]]],[[[120.01045989990281,5.019060129432467],[120.00963592529317,5.020387167242659],[120.01069641113325,5.0228500311621955],[120.01147460937534,5.020487779882574],[120.01045989990281,5.019060129432467]]],[[[120.00967407226564,5.035065168631432],[120.00833892822266,5.0365858023274495],[120.00980377197278,5.038341039904377],[120.0112152099614,5.036559099446511],[120.00967407226564,5.035065168631432]]],[[[120.00976562500033,5.0281529371927975],[120.00808715820324,5.02994679858037],[120.00804901123081,5.031242841975218],[120.01096343994196,5.02983283449968],[120.00976562500033,5.0281529371927975]]],[[[120.00886535644587,5.041227812057853],[120.008506774903,5.043228143934241],[120.00912475585983,5.043375963452852],[120.0099487304691,5.042221063856934],[120.00886535644587,5.041227812057853]]],[[[120.00834655761714,5.02320098331022],[120.00725555419945,5.024195188783757],[120.00721740722703,5.025489801667266],[120.00943756103572,5.024281019472584],[120.00834655761714,5.02320098331022]]],[[[120.00661468505892,5.016620153696737],[120.00714111328182,5.018930906563067],[120.00883483886764,5.017654890328725],[120.00855255126999,5.017148966104478],[120.00661468505892,5.016620153696737]]],[[[120.00655364990246,5.019645208625312],[120.00643920898436,5.0212039892939435],[120.0076522827153,5.023142809177055],[120.0088272094731,5.021886820103452],[120.00655364990246,5.019645208625312]]],[[[120.00719451904295,5.031795019403763],[120.00624847412111,5.032264227166559],[120.00842285156281,5.034251207603213],[120.00853729248045,5.0326919500969565],[120.00719451904295,5.031795019403763]]],[[[120.00522613525402,5.037486070880978],[120.00375366210973,5.037630075702378],[120.00275421142635,5.039050096758129],[120.0061874389654,5.039606088883826],[120.00522613525402,5.037486070880978]]],[[[119.99349212646497,5.0091929381281215],[119.99647521972679,5.011837953842049],[119.99874114990244,5.011662000930239],[119.99808502197324,5.010479921616673],[119.99349212646497,5.0091929381281215]]],[[[119.9923629760748,5.1014199201505255],[119.9963073730472,5.091680044367008],[119.98417663574239,5.085780138214168],[119.98750305175835,5.099329942887656],[119.9923629760748,5.1014199201505255]]],[[[119.98618316650459,5.020770067480351],[119.98790740966864,5.018959993629625],[119.98583984374996,5.016670221597755],[119.98361968994185,5.021880144383587],[119.98618316650459,5.020770067480351]]],[[[119.98787689209038,5.904230111450257],[119.98455810546895,5.904369824737454],[119.98262023925791,5.906459801999666],[119.98636627197287,5.908130162563241],[119.98787689209038,5.904230111450257]]],[[[119.98674011230526,5.0136098807201295],[119.98770904541081,5.012839788710484],[119.98722076416037,5.010550016678805],[119.98555755615278,5.0113801901702],[119.98674011230526,5.0136098807201295]]],[[[119.9828109741212,4.98085879737973],[119.98169708251976,4.98383902961543],[119.98497772216794,4.987336153330126],[119.98651123046919,4.983994001691703],[119.9828109741212,4.98085879737973]]],[[[119.98246765136763,4.976554865193579],[119.9804916381836,4.979568952867869],[119.98408508300847,4.9799461310594815],[119.98497772216794,4.978110784839732],[119.98246765136763,4.976554865193579]]],[[[119.98236083984398,4.970960134822763],[119.97937011718794,4.973050112084399],[119.9815368652347,4.97495078499571],[119.98405456542979,4.972019190149928],[119.98236083984398,4.970960134822763]]],[[[119.9822006225589,4.9627499526410705],[119.97821044921876,4.9634251540562335],[119.97608947753938,4.964976782167775],[119.98274993896554,4.965578073823591],[119.9822006225589,4.9627499526410705]]],[[[119.98082733154355,5.906129830686642],[119.98235321044979,5.905300134032229],[119.98249053955112,5.903769963593079],[119.97930145263729,5.905720227568148],[119.98082733154355,5.906129830686642]]],[[[119.98139190673886,4.950829977372751],[119.97888946533246,4.946109766348412],[119.97360992431676,4.947780126911928],[119.97833251953135,4.952779764510261],[119.98139190673886,4.950829977372751]]],[[[119.97776794433649,5.883379929890694],[119.9763793945316,5.8865699704762084],[119.97831726074261,5.887410157548347],[119.9785995483403,5.885879987109006],[119.97776794433649,5.883379929890694]]],[[[119.97634124755916,5.92833995181932],[119.97467803955078,5.930490010563512],[119.97772979736327,5.934460156738835],[119.97557830810605,5.930009835545433],[119.97634124755916,5.92833995181932]]],[[[119.97338104248102,5.883429997792842],[119.97393798828138,5.886079781877991],[119.97490692138726,5.886350148546855],[119.97518157958996,5.883709901204473],[119.97338104248102,5.883429997792842]]],[[[119.97222137451182,4.933889860507206],[119.97138977050804,4.937499994628645],[119.97277832031295,4.9380598014520665],[119.97334289550781,4.934999937410427],[119.97222137451182,4.933889860507206]]],[[[119.96971893310548,4.932219976781462],[119.96971893310548,4.939439768186392],[119.97028350830111,4.939720148435049],[119.97194671630916,4.933060163853399],[119.96971893310548,4.932219976781462]]],[[[119.96513366699253,5.247010225330451],[119.96111297607465,5.2438898029702985],[119.95834350586006,5.244999879873528],[119.96714782714844,5.250490182906958],[119.96513366699253,5.247010225330451]]],[[[119.95665740966794,4.9205598777640285],[119.95999908447308,4.92582988203091],[119.96305847168016,4.92555999219924],[119.95971679687544,4.9213900512555915],[119.95665740966794,4.9205598777640285]]],[[[119.93860626220747,5.88556002937635],[119.95527648925803,5.8783302243909406],[119.96250152587903,5.862780087840051],[119.91986083984422,5.870969766024061],[119.93860626220747,5.88556002937635]]],[[[119.95417785644531,5.881710046164903],[119.95529174804756,5.881710046164903],[119.95585632324284,5.880849831932418],[119.95385742187544,5.881130212180929],[119.95417785644531,5.881710046164903]]],[[[119.95443725585983,5.23971986202594],[119.94110870361327,5.228059763008353],[119.93694305419932,5.2283301296768565],[119.94194793701206,5.239309782069993],[119.95443725585983,5.23971986202594]]],[[[119.94526672363301,4.910560125729391],[119.94526672363301,4.911940092463695],[119.94805908203159,4.914720053093426],[119.94860839843817,4.913060182947451],[119.94526672363301,4.910560125729391]]],[[[119.93833160400422,4.904170030979031],[119.9402770996095,4.908060068511184],[119.94416809082078,4.909170145414397],[119.94444274902341,4.905000204470589],[119.93833160400422,4.904170030979031]]],[[[119.93444824218794,5.2405600490975015],[119.93360900878965,5.245279783284804],[119.9363937377932,5.247220033679792],[119.93444824218794,5.244979852712265],[119.93444824218794,5.2405600490975015]]],[[[119.93250274658249,4.900279993446126],[119.93417358398447,4.90082978668901],[119.9308319091798,4.894720072187474],[119.92888641357455,4.900279993446126],[119.93250274658249,4.900279993446126]]],[[[119.92474365234433,5.225689882334351],[119.92376708984422,5.226250165994674],[119.92391204834028,5.228469842964075],[119.9251632690433,5.227779859596556],[119.92474365234433,5.225689882334351]]],[[[119.92220306396528,5.071139806960763],[119.92497253418,5.071199888443122],[119.92282104492196,5.066339964131394],[119.91921997070368,5.068349832751433],[119.92220306396528,5.071139806960763]]],[[[119.91986083984422,5.237050050779932],[119.91764068603547,5.237609857603034],[119.92318725585983,5.239689821284653],[119.92041778564453,5.238299840970374],[119.91986083984422,5.237050050779932]]],[[[119.9188919067383,5.2283301296768565],[119.919998168946,5.226940149361809],[119.91805267333994,5.221670145094958],[119.9169464111335,5.224999898967174],[119.9188919067383,5.2283301296768565]]],[[[119.91166687011729,5.233610147523752],[119.91242980957043,5.235909933135672],[119.91610717773472,5.236670011565287],[119.91295623779331,5.235000127838769],[119.91166687011729,5.233610147523752]]],[[[119.91055297851584,5.224440092143579],[119.90972137451206,5.220829958022829],[119.90361022949251,5.218890184465394],[119.90556335449229,5.225560182627512],[119.91055297851584,5.224440092143579]]],[[[119.90638732910188,5.233329767275242],[119.90693664550827,5.230830186894753],[119.88944244384776,5.224999898967174],[119.89694213867223,5.230830186894753],[119.90638732910188,5.233329767275242]]],[[[119.90000152587889,5.221109861434611],[119.89721679687547,5.213890070029052],[119.89111328125047,5.214719766683747],[119.89167022705098,5.218329900805107],[119.90000152587889,5.221109861434611]]],[[[119.87299346923874,5.2036099377463785],[119.87429046630915,5.208380216672154],[119.87928009033249,5.214220041342815],[119.87516021728572,5.205649847107023],[119.87299346923874,5.2036099377463785]]],[[[119.87626647949263,5.198979848944509],[119.87751770019575,5.201479906162773],[119.87918090820382,5.200510019383816],[119.87904357910199,5.199540132604816],[119.87626647949263,5.198979848944509]]],[[[119.87391662597715,5.196700090493365],[119.87079620361396,5.196489805306956],[119.86888885498112,5.20056008728559],[119.8700027465826,5.201109880528485],[119.87391662597715,5.196700090493365]]],[[[119.87207794189497,4.942900175439749],[119.86916351318382,4.939499849667973],[119.86723327636773,4.938590044371187],[119.87304687500011,4.946730131490176],[119.87207794189497,4.942900175439749]]],[[[119.82694244384798,4.822780127040831],[119.86611175537132,4.805280203352856],[119.86750030517625,4.795000071069603],[119.81555175781305,4.797220224876019],[119.80805206298864,4.8169398255329945],[119.82694244384798,4.822780127040831]]],[[[119.8519134521491,5.159570211534008],[119.85059356689484,5.160480016830883],[119.85314941406297,5.16083001530407],[119.85314941406297,5.15998982823252],[119.8519134521491,5.159570211534008]]],[[[119.80249786376976,4.924930090314428],[119.85221862793001,4.899439806373992],[119.85250091552768,4.864170069166848],[119.80278015136741,4.856669897513603],[119.78916931152378,4.915830129996602],[119.80249786376976,4.924930090314428]]],[[[119.83083343505905,4.956389898631745],[119.8305587768558,4.957779878946411],[119.8336105346683,4.958819860787144],[119.8336105346683,4.957849974008532],[119.83083343505905,4.956389898631745]]],[[[119.80889129638693,5.118060106443308],[119.8108026748058,5.104549400327575],[119.81694793701213,5.101109975998009],[119.8152923583991,5.091690057946792],[119.81234580630303,5.09364167219213],[119.81722259521484,5.059169763790602],[119.80139160156251,5.0519399588058524],[119.79110717773482,5.065000051718489],[119.78555297851597,5.041940206771366],[119.74194335937523,5.03556012560092],[119.76860809326219,5.098609918779792],[119.80889129638693,5.118060106443308]]],[[[119.80473327636719,5.126669878162966],[119.80548095703159,5.1304898206328575],[119.81108856201239,5.133329862744325],[119.81111145019563,5.131390089187124],[119.80473327636719,5.126669878162966]]],[[[119.7872772216797,5.039690012224241],[119.80281066894565,5.036560053120567],[119.80474853515669,5.032040113703008],[119.77812957763673,5.036560053120567],[119.7872772216797,5.039690012224241]]],[[[119.80055236816449,5.126389974751322],[119.7988586425787,5.128300184405225],[119.80222320556685,5.131390089187124],[119.80007171630906,5.128399843371203],[119.80055236816449,5.126389974751322]]],[[[119.79965209961006,4.860690111590211],[119.79750061035202,4.866940016216166],[119.79750061035202,4.869999880257332],[119.79915618896504,4.866670126385076],[119.79965209961006,4.860690111590211]]],[[[119.7774963378912,5.030000204342261],[119.77166748046885,5.012219900405445],[119.7363891601568,5.014999861034257],[119.74083709716797,5.034170145285895],[119.7774963378912,5.030000204342261]]],[[[119.73860931396553,5.845829957394285],[119.74749755859408,5.8363900121827745],[119.74694824218797,5.833610051552634],[119.73528289794967,5.844439977079232],[119.73860931396553,5.845829957394285]]],[[[119.73291015625034,5.8189997610404465],[119.7364425659183,5.829420083448194],[119.7378311157232,5.830259793682884],[119.73449707031273,5.820040219718604],[119.73291015625034,5.8189997610404465]]],[[[119.7363891601568,5.846389764217577],[119.73082733154295,5.851940148733337],[119.73110961914064,5.852499955556403],[119.73750305175781,5.847219937709192],[119.7363891601568,5.846389764217577]]],[[[119.72833251953158,5.810860150757694],[119.7272872924808,5.813089841307349],[119.72923278808605,5.813360207975994],[119.72950744628952,5.812670224608824],[119.72833251953158,5.810860150757694]]],[[[119.72250366210984,5.793330186328337],[119.72416687011761,5.800280087902248],[119.72721862793014,5.8033299383631345],[119.72611236572288,5.796110146957785],[119.72250366210984,5.793330186328337]]],[[[119.69172668457028,5.773890012245025],[119.72070312500031,5.792220109425072],[119.72334289550801,5.7908301291100095],[119.7022171020508,5.777780049777544],[119.69172668457028,5.773890012245025]]],[[[119.71861267089844,5.793330186328337],[119.71916961669953,5.792220109425072],[119.7166671752932,5.790559762442036],[119.71639251709027,5.792779916248374],[119.71861267089844,5.793330186328337]]],[[[119.70916748046909,5.785830014674483],[119.70834350585949,5.786670201746463],[119.71056365966821,5.78888987871534],[119.71138763427778,5.787219994989203],[119.70916748046909,5.785830014674483]]],[[[119.67533111572311,5.769909852489516],[119.67500305175825,5.771389955026696],[119.6899337768556,5.774720185736468],[119.68551635742223,5.771719926339994],[119.67533111572311,5.769909852489516]]],[[[119.67706298828134,5.774079793433275],[119.67561340332077,5.773250096779134],[119.6736679077153,5.774429791907236],[119.67588806152344,5.775050157049544],[119.67706298828134,5.774079793433275]]],[[[119.65778350830124,5.8280601438745006],[119.65833282470737,5.825829976487327],[119.65165710449251,5.833059781473032],[119.65334320068379,5.833889954964432],[119.65778350830124,5.8280601438745006]]],[[[119.6391372680666,5.838739865696096],[119.63893890380882,5.841030114564764],[119.63983917236325,5.842000001343563],[119.6404571533209,5.841450208100649],[119.6391372680666,5.838739865696096]]],[[[119.45639038085994,4.9136099761903775],[119.49500274658214,4.835559839704171],[119.50721740722665,4.7602801271053075],[119.48194122314463,4.668330187472318],[119.45889282226582,4.6419401118162416],[119.46584320068418,4.790830130125277],[119.44471740722656,4.902219767004041],[119.45639038085994,4.9136099761903775]]],[[[119.47165679931696,4.598609919295736],[119.46721649169953,4.599170202956054],[119.46943664550827,4.6027798602395364],[119.4713897705085,4.601389879925093],[119.47165679931696,4.598609919295736]]],[[[119.46639251708993,4.5869398066977345],[119.46555328369199,4.5883297870127615],[119.46806335449264,4.593609804859518],[119.47083282470736,4.5900001475762595],[119.46639251708993,4.5869398066977345]]],[[[119.42111206054743,4.761943811948031],[119.4111099243166,4.689167017590461],[119.40110778808639,4.667222017918088],[119.39333343505905,4.702221865293913],[119.4075012207038,4.728054995150195],[119.38833618164108,4.744443888260068],[119.42166900634774,4.788054937867274],[119.42111206054743,4.761943811948031]]],[[[119.41333007812533,4.8655557579472815],[119.416877746582,4.8520140595057],[119.4161148071289,4.846110815493178],[119.40888977050791,4.857222074942004],[119.41333007812533,4.8655557579472815]]],[[[119.39952850341842,4.9038648551981465],[119.40403256981115,4.900686441319886],[119.40277862548872,4.904444212344707],[119.40361022949249,4.904722208407199],[119.40721893310591,4.901111120612359],[119.40528106689507,4.89694499436518],[119.40491642175704,4.898037748572487],[119.40969848632855,4.874581808505784],[119.38755035400415,4.898367876443997],[119.39952850341842,4.9038648551981465]]],[[[119.39333343505905,4.648889059715908],[119.40000152587936,4.644721979794486],[119.3958358764654,4.639999861421651],[119.38972473144543,4.649445051841801],[119.39333343505905,4.648889059715908]]],[[[119.39493560791013,4.6609768816638155],[119.39248657226574,4.6612458178206255],[119.3933029174808,4.6650609919189705],[119.3963546752933,4.66478013483374],[119.39493560791013,4.6609768816638155]]],[[[119.39472961425815,4.64958476512903],[119.39334869384776,4.650072092703977],[119.3926544189453,4.650907034567317],[119.39514923095746,4.650698179892324],[119.39472961425815,4.64958476512903]]],[[[119.3921508789067,4.659031862897033],[119.39015960693395,4.659570212048581],[119.39028930664074,4.6601228663143734],[119.39285278320358,4.659962172191982],[119.3921508789067,4.659031862897033]]],[[[119.38583374023457,4.625277991014875],[119.39194488525415,4.622499937733795],[119.390274047852,4.615555758206309],[119.38277435302788,4.61805486174967],[119.38583374023457,4.625277991014875]]],[[[119.3850021362308,4.636388773626683],[119.38416290283202,4.637221808141117],[119.38666534423838,4.640277857484862],[119.3874969482422,4.638610834781479],[119.3850021362308,4.636388773626683]]],[[[119.38471984863314,4.629445070936044],[119.38111114501952,4.6311111399649905],[119.38555908203193,4.634722227759798],[119.38639068603572,4.633333201119642],[119.38471984863314,4.629445070936044]]],[[[118.38895081278821,4.7015408924822895],[118.38897705078189,4.701636786101589],[118.38941955566465,4.702106947538915],[118.39006042480513,4.702380175230419],[118.39075469970757,4.702573771116607],[118.39141845703135,4.702863211271151],[118.39196014404297,4.70322799169693],[118.39244079589844,4.7035112329686415],[118.39277648925801,4.703610891934621],[118.3930587768557,4.703610891934621],[118.39333343505916,4.703332895871191],[118.39360809326183,4.703332895871191],[118.39416503906293,4.70277881109371],[118.39499664306676,4.7027811952800755],[118.39527893066442,4.703059191342984],[118.39555358886763,4.703054899808714],[118.39583587646554,4.703332895871191],[118.39611053466817,4.703332895871191],[118.39648437500058,4.703709120389016],[118.39694213867199,4.704166884060508],[118.3962020874029,4.704177851314598],[118.36445617675803,4.70469617330525],[118.36438751220734,4.7087998338846075],[118.39256467541351,4.708744260947615],[118.39828491210936,4.72014618097078],[118.4559631347656,4.73383238104359],[118.487548828125,4.725620693436252],[118.47930908203124,4.699616374964958],[118.49304199218749,4.684560799394572],[118.54153517631292,4.664520705125932],[118.54127502441453,4.664330000556849],[118.54172515869197,4.664659971869525],[118.5422592163086,4.664752001441269],[118.54280090332077,4.664676184333045],[118.54309082031318,4.664466852821148],[118.54326629638696,4.664339060462898],[118.54360198974652,4.663742060340896],[118.5438308715826,4.6630830713893],[118.54363259833708,4.663653933107469],[118.5493469238281,4.66129245440511],[118.59878540039062,4.638023338927375],[118.58367919921872,4.601064934202032],[118.597412109375,4.583269461505653],[118.61938476562499,4.562735673307945],[118.59878540039062,4.536725365509484],[118.61251831054688,4.51892829895319],[118.66058349609375,4.513452190494546],[118.707275390625,4.49565455292783],[118.76907348632812,4.4669036055102325],[118.78143310546875,4.427198064773673],[118.77044677734375,4.412136784083529],[118.71414184570311,4.416244436429904],[118.65509033203125,4.373797602606774],[118.61663818359374,4.350519283960433],[118.553466796875,4.328609620821363],[118.47656249999997,4.331348363460945],[118.37081909179686,4.303960491901921],[118.2417297363281,4.273832695392855],[118.07144165039061,4.239595126333178],[117.96707153320314,4.1848118661739],[117.90390014648436,4.167006478932424],[117.64297485351562,4.161527817057824],[117.61688232421875,4.149200688548766],[117.59490966796875,4.171115450293807],[117.54135131835936,4.169745795560145],[117.47406005859375,4.175224400165097],[117.44247436523435,4.197138435666303],[117.43286132812499,4.228638783326341],[117.3834228515625,4.283418941282242],[117.3065185546875,4.303960491901921],[117.23510742187501,4.376536180847922],[117.22626928048192,4.36799876855416],[117.22746049488921,4.369275414843046],[117.22847857632857,4.370635515507581],[117.22931344941809,4.37206561079898],[117.22995685188634,4.373551548215272],[117.23040241633944,4.3750786225468286],[117.23064573327548,4.37663172139447],[117.23068439472304,4.378195474720463],[117.23051801807135,4.3797544069527135],[117.23014824985704,4.381293090137024],[117.22957874946903,4.3827962966218355],[117.22881515293369,4.384249149764256],[117.22786501713837,4.3856372711657015],[117.22673774504494,4.386946922979656],[117.22544449263404,4.388165143882694],[117.22399805850053,4.389279877362537],[117.22241275719298,4.390280091052885],[117.22070427755074,4.391155885933294],[117.21888952744,4.3918985943126705],[117.21698646642639,4.39250086562598],[117.21501392803894,4.3929567391943625],[117.21299143338554,4.393261703227998],[117.27242310734094,4.3866110993194365],[117.20193397467345,4.394499076359769],[117.1515062751947,4.389890960992264],[117.09272985619826,4.409086243608434],[117.04457712223689,4.4640806949837115],[117.01121156566147,4.501763503659012],[116.98909631294461,4.520470472391215],[116.96469764018431,4.536929433685975],[116.93612507980902,4.538453575909734],[116.88987211870335,4.546362749970409],[116.8471690641013,4.557732607891266],[116.79037156009998,4.5740548713361715],[116.6971757283775,4.576843487335],[116.64878117211367,4.603177960664946],[116.55377804661963,4.641064720291858],[116.48653536131816,4.6576841692027555],[116.38103334521313,4.654127397279194],[116.33177840035319,4.703164222317707],[116.30277829238482,4.747240934642513],[116.2930270819346,4.7711500056644995],[116.23146580880005,4.785257561768727],[116.18935708016535,4.8074521499553615],[116.14907789722722,4.842651672359177],[116.09373590908514,4.859609725013631],[116.05639340023535,4.870197464135641],[116.00547875743904,4.890101984492449],[115.94979693887808,4.913659332461372],[115.89278320638024,4.935717387374005],[115.83891327982418,4.960375369728509],[115.8106684683752,4.983155319440003],[115.80253490895916,5.016318814505238],[115.75490682419068,5.043749086566601],[115.69562372985158,5.077317673153168],[115.67395935404147,5.091180609164626],[115.65163603687391,5.112407932425332],[115.63103485757291,5.1381448584173075],[115.61219011268369,5.152203024654307],[115.58408777273277,5.155773809814064],[115.56803795169034,5.156880469657613],[115.56805284780509,5.156961985624952],[115.56794520817313,5.157673169490061],[115.5676195841871,5.159177730453748],[115.5671037586679,5.160651310609707],[115.56640257248947,5.1620800805772085],[115.56552260608218,5.163450631424566],[115.56447211767745,5.164750100520708],[115.56326096580648,5.16596629226245],[115.56190051678074,5.16708779254395],[115.56040353802268,5.168104075893418],[115.55878407824687,5.169005604270944],[115.55705733561705,5.169783916599511],[115.55523951511553,5.170431708188281],[115.55334767646433,5.170942899302048],[115.55139957402442,5.1713126922327435],[115.54941349017628,5.17153761633683],[115.54740806374498,5.171615560615429],[115.54540211508002,5.171545793531115],[115.54341446943216,5.171328969875172],[115.5414637802834,5.170967124620781],[115.53956835428971,5.170463653819921],[115.5377459794783,5.169823282723418],[115.53601375831202,5.169052021423734],[115.53438794718771,5.1681571084371525],[115.5328838038747,5.167146942755462],[115.53151544432484,5.1660310050053875],[115.53029571019843,5.1648197684564],[115.52923604834916,5.163524600712777],[115.52834640339826,5.162157657013249],[115.52763512440747,5.160731766140248],[115.52710888652533,5.159260310010169],[115.52677262834277,5.15775709807517],[115.52810668945312,5.166172791478253],[115.40451049804685,5.231819569086904],[115.33584594726562,5.285152509107181],[115.33035278320311,5.324807362052404],[115.34545898437499,5.375397768656294],[115.37017822265625,5.441022297833205],[115.52947998046874,5.561315280645884],[115.60913085937499,5.758105070327092],[115.71899414062496,5.744441287681362],[115.6640625,5.574983391914833],[115.83160400390626,5.59411821284591],[115.86456298828124,5.763570491428142],[115.9881591796875,5.8564745589997305],[115.95794677734375,6.017653635480685],[116.0540771484375,6.107783887924608],[116.15570068359374,6.219742743048446],[116.23535156249996,6.337137388215448],[116.3319473266606,6.391992437959209],[116.3319473266606,6.392220013467786],[116.33139038085994,6.392780773965395],[116.33139038085994,6.393061154214443],[116.33055877685617,6.393890850868872],[116.33027648925825,6.393890850868872],[116.33000183105504,6.394171231117384],[116.32944488525392,6.394166939583152],[116.32917022705124,6.394444935645644],[116.32888793945358,6.394444935645644],[116.32861328125009,6.3947229317090635],[116.32749938964864,6.394720070686169],[116.327217102051,6.395000927771954],[116.32694244384835,6.395000927771954],[116.32666778564489,6.3952808311832054],[116.32638549804723,6.395278923834983],[116.32583618164107,6.395830147589435],[116.32583618164107,6.396670811498298],[116.32666778564489,6.397500984989757],[116.32694244384835,6.397500984989757],[116.327217102051,6.397221081577937],[116.32917022705124,6.397222988926936],[116.32944488525392,6.396944992864036],[116.33000183105504,6.396944992864036],[116.33027648925825,6.396666996801003],[116.33055877685617,6.396670811498298],[116.33082580566462,6.396390908086469],[116.3319473266606,6.396389000738277],[116.33249664306639,6.396944992864036],[116.33249664306639,6.397222988926936],[116.33222198486371,6.397500984989757],[116.3333358764653,6.398611061893042],[116.3333358764653,6.398889057956276],[116.33361053466864,6.39916705401879],[116.33361053466864,6.399439804872987],[116.33389282226587,6.399730198702206],[116.33471679687511,6.400559895356948],[116.33528137207075,6.400555126985512],[116.33583068847688,6.401111119111403],[116.33611297607456,6.401111119111403],[116.33721923828182,6.402223103362961],[116.33750152587949,6.402223103362961],[116.33777618408216,6.401945107300245],[116.33805847167979,6.401945107300245],[116.33833312988325,6.401667111237168],[116.3388900756836,6.401667111237168],[116.33916473388703,6.401945107300245],[116.33972167968818,6.401945107300245],[116.33999633789085,6.402223103362961],[116.34027862548851,6.402223103362961],[116.34083557128962,6.401667111237168],[116.34083557128962,6.401111119111403],[116.34111022949232,6.400833123047812],[116.34083557128962,6.400555126985512],[116.34083557128962,6.400277130922099],[116.34055328369197,6.400001042208127],[116.34055328369197,6.39916705401879],[116.34084320068416,6.398890965304876],[116.34084320068416,6.398058884464645],[116.34111022949232,6.397780888401575],[116.34084320068416,6.397500984989757],[116.34055328369197,6.397500984989757],[116.34027862548851,6.397221081577937],[116.33916473388703,6.397222988926936],[116.33833312988325,6.396389000738277],[116.33833312988325,6.396111004674686],[116.33805847167979,6.395833008612313],[116.33805847167979,6.3954628506313815],[116.40838623046876,6.43540075826392],[116.46881103515621,6.56911752985174],[116.60614013671872,6.69461487840382],[116.61712646484372,6.850077647519744],[116.72012329101561,7.038201538638664],[116.74896240234374,7.054556564069723],[116.80664062499997,7.010941882672443],[116.86294555664061,6.956417791689586],[116.89315795898438,6.855531568211074],[116.87393188476561,6.755987740309038],[116.81625366210936,6.680975414161075],[116.78878784179688,6.604587407261757],[116.82861328125001,6.589581230148619],[116.86294555664061,6.634598395329448],[116.94808959960935,6.717801092570565],[116.97006225585936,6.769625099039367],[117.0208740234375,6.869166096767822],[117.01263427734374,6.923700294849295],[117.03872680664062,6.980954419068965],[117.13211059570312,7.034112692166658],[117.17880249023435,7.010941882672443],[117.24197387695312,6.968686265923366],[117.27081298828122,6.938696096504571],[117.27905273437499,6.8637123322049565],[117.30926513671871,6.840533136270712],[117.26806640625,6.772352524574201],[117.31613159179685,6.749168916695667],[117.28454589843747,6.695978803879837],[117.31887817382812,6.6987066433957],[117.39166259765624,6.6987066433957],[117.36831665039062,6.73143952607857],[117.39166259765624,6.7628064677886535],[117.45483398437499,6.7655339318417225],[117.50015258789061,6.758715242842242],[117.53311157226562,6.655059384883867],[117.5482177734375,6.614136555835809],[117.59353637695314,6.541831287258337],[117.72125244140625,6.491347814359971],[117.75421142578122,6.427212866032968],[117.73498535156249,6.364434658691353],[117.76657104492188,6.2702529836883025],[117.73223876953124,6.204725247347754],[117.67730712890622,6.2142818850994574],[117.62786865234372,6.173323647401807],[117.67868041992185,6.066817458559048],[117.73910522460935,6.042236105191614],[117.72537231445312,5.958924354447499],[117.850341796875,5.957558482206594],[117.8846740722656,5.987606885227679],[117.96569824218749,6.084569961419491],[118.01788330078125,6.069548650939862],[118.06594848632812,6.039504774714435],[118.06594848632812,5.995801617733237],[118.12774658203125,5.93024032484543],[118.16894531249999,5.86876953314357],[118.32550048828124,5.844179314228399],[118.38180541992188,5.827785234525423],[118.51226806640624,5.745807680709763],[118.65097045898433,5.650152294386182],[118.71551513671876,5.574983391914833],[118.93249511718749,5.45879437944723],[119.00115966796875,5.4246168333263425],[119.09317016601562,5.4177810913830085],[119.10140991210936,5.471097819769726],[119.15222167968749,5.472464853084691],[119.22225952148435,5.43418674191864],[119.27719116210939,5.345317490397682],[119.27032470703125,5.271477832215307],[119.28268432617185,5.234554702633121],[119.2510986328125,5.15523099835703],[119.13436889648436,5.08273687602841],[118.90914916992188,5.004762396286964],[118.76358032226562,4.941828839762514],[118.55072021484372,4.913096311193565],[118.47793579101558,4.903518526064567],[118.43124389648436,4.955510558795984],[118.39828491210936,4.971928247651909],[118.33648681640624,4.940460652309128],[118.26232910156249,4.915832795963796],[118.19641113281249,4.896677166858795],[118.16894531249999,4.861100973016963],[118.21014404296875,4.799522359348229],[118.23486328125,4.746149729668687],[118.30078125,4.688666897653557],[118.33236694335938,4.681823387157737],[118.38317871093749,4.690035591711094],[118.38895081278821,4.7015408924822895]]],[[[119.24639129638729,4.773334021134492],[119.24639129638729,4.77138995604274],[119.24444580078126,4.771944040819504],[119.2447204589847,4.773612017197724],[119.24639129638729,4.773334021134492]]],[[[119.23777770996095,4.726109976383952],[119.23500061035192,4.725561136814825],[119.23416900634811,4.726666922183984],[119.23832702636753,4.728058809847215],[119.23777770996095,4.726109976383952]]],[[[119.20805358886777,4.670557016999331],[119.20888519287152,4.669166083009857],[119.20694732666058,4.66833400217005],[119.20610809326169,4.670278067261866],[119.20805358886777,4.670557016999331]]],[[[119.14749908447322,4.716666216475285],[119.14527893066449,4.7208337732338],[119.1461105346683,4.722221846199319],[119.14805603027355,4.7208337732338],[119.14749908447322,4.716666216475285]]],[[[119.03221893310571,4.707777018181229],[119.03028106689462,4.709721083272981],[119.03083038330075,4.71194600545068],[119.03305816650446,4.709166998496056],[119.03221893310571,4.707777018181229]]],[[[118.95027923584041,4.570830816999247],[118.9466629028326,4.578055853612409],[118.94679260253939,4.582361216309526],[118.95022583007847,4.576564783820636],[118.95027923584041,4.570830816999247]]],[[[118.94555664062536,4.587778086421288],[118.94495391845727,4.591025824302036],[118.94578552246105,4.5913748691018945],[118.94599151611385,4.58879899477595],[118.94555664062536,4.587778086421288]]],[[[118.9391479492192,4.466966147307376],[118.9322586059576,4.472815985558434],[118.93208312988304,4.476281161182866],[118.93722534179712,4.472290034173441],[118.9391479492192,4.466966147307376]]],[[[118.9211120605471,4.552499766145523],[118.9204864501953,4.5537390659181485],[118.91992187500047,4.557712073116351],[118.92110443115288,4.557014937191884],[118.9211120605471,4.552499766145523]]],[[[118.91618347168,4.576834196814139],[118.91390991210939,4.579471106296837],[118.91519927978536,4.583830828429753],[118.9165954589848,4.577312941321136],[118.91618347168,4.576834196814139]]],[[[118.87455749511776,4.315750117345157],[118.8750457763674,4.310934062052342],[118.8672180175787,4.312298769997746],[118.86952972412152,4.317922110598353],[118.87455749511776,4.315750117345157]]],[[[118.86559295654351,4.592501158467859],[118.86181640625033,4.594061846485617],[118.86373901367186,4.599634165510182],[118.86766052246136,4.594824785937959],[118.86559295654351,4.592501158467859]]],[[[118.86115264892611,4.305028910691345],[118.85340881347724,4.306081767135343],[118.85916900634766,4.313059802100778],[118.86261749267625,4.306125159316684],[118.86115264892611,4.305028910691345]]],[[[118.8533325195316,4.526944155515334],[118.8495559692384,4.524768824402023],[118.84055328369175,4.53290080528913],[118.84636688232456,4.531939024742298],[118.8533325195316,4.526944155515334]]],[[[118.79271697998057,4.6335091540307065],[118.7914428710941,4.635138983436068],[118.7923202514653,4.636489863103828],[118.79406738281305,4.635289187140887],[118.79271697998057,4.6335091540307065]]],[[[118.79138946533213,4.597795004593243],[118.78412628173875,4.586131090878446],[118.76618194580077,4.599890227064096],[118.78281402587946,4.612812037200935],[118.79138946533213,4.597795004593243]]],[[[118.75222015380882,4.630833143902144],[118.7822189331059,4.613609785765588],[118.74787902832078,4.5852580020425675],[118.73284912109432,4.6013350436518206],[118.76801300048871,4.616460795131124],[118.74856567382824,4.624080176074473],[118.72166442871138,4.605556006171632],[118.75222015380882,4.630833143902144]]],[[[118.72091674804746,4.595574850786831],[118.71839904785158,4.598209852919858],[118.72174072265625,4.601259226543911],[118.7227554321296,4.597606177078393],[118.72091674804746,4.595574850786831]]],[[[118.69599914550827,4.572850222362154],[118.69376373291082,4.574820990334345],[118.69690704345724,4.579551214939301],[118.70026397705112,4.577202791937633],[118.69599914550827,4.572850222362154]]],[[[118.68680572509811,4.601127142651088],[118.68621826171896,4.601584906322208],[118.6874313354493,4.608291144108737],[118.68962860107433,4.606201166846074],[118.68680572509811,4.601127142651088]]],[[[118.66689300537142,4.562541003011851],[118.66887664794966,4.559651846673727],[118.65985870361372,4.554887766630673],[118.66168212890636,4.562004084372728],[118.66689300537142,4.562541003011851]]],[[[118.66500091552734,7.958888999281715],[118.6675033569337,7.958333007155737],[118.66860961914097,7.957221976577714],[118.66416931152355,7.956110946000258],[118.66500091552734,7.958888999281715]]],[[[118.65765380859372,4.64890193431878],[118.65698242187499,4.6503658243931225],[118.65892791748105,4.652654165912687],[118.65933227539082,4.650760168722308],[118.65765380859372,4.64890193431878]]],[[[118.63305664062544,4.252986903299458],[118.63285064697298,4.254311080086722],[118.63388824462923,4.254169936287817],[118.63361358642611,4.253126139749784],[118.63305664062544,4.252986903299458]]],[[[118.63183593750013,4.243091101765599],[118.62724304199264,4.246938223954299],[118.62823486328146,4.248926158064626],[118.63316345214889,4.246294970628086],[118.63183593750013,4.243091101765599]]],[[[118.62905883789107,4.111977095861409],[118.62703704833984,4.114940161959402],[118.62788391113314,4.117459769500707],[118.63076019287108,4.114447112338533],[118.62905883789107,4.111977095861409]]],[[[118.50639343261754,7.049170009789179],[118.52722167968763,7.028329841809111],[118.50971984863315,6.9924998209384235],[118.53572082519588,6.963920109051358],[118.43055725097724,6.988890163654484],[118.4300003051761,7.007219783998489],[118.40805816650422,7.020559780323875],[118.45361328125054,7.036389820286695],[118.47693634033203,7.0286102220582025],[118.50639343261754,7.049170009789179]]],[[[118.52471923828168,7.75777815961849],[118.51750183105524,7.751389018541367],[118.51361083984396,7.750555984026778],[118.52194213867188,7.759167186259203],[118.52471923828168,7.75777815961849]]],[[[118.52157592773483,6.5110740592211656],[118.51116943359375,6.497457974181407],[118.49745178222702,6.50556086800327],[118.51587677002011,6.520059101784353],[118.52157592773483,6.5110740592211656]]],[[[118.51569366455135,4.743663782670651],[118.5142974853519,4.744211191727346],[118.51674652099665,4.749711031504576],[118.51907348632847,4.746764177870097],[118.51569366455135,4.743663782670651]]],[[[118.51555633544923,7.769443980683346],[118.5169448852541,7.768054954042224],[118.51667022705125,7.765832892887268],[118.51472473144543,7.76833295010583],[118.51555633544923,7.769443980683346]]],[[[118.48741149902379,6.223004811301359],[118.48336029052791,6.2346658639931425],[118.4929275512702,6.24108790683391],[118.49751281738315,6.227079861651119],[118.48741149902379,6.223004811301359]]],[[[118.49029541015668,4.751403803414412],[118.48897552490246,4.75297212082619],[118.4907226562502,4.75463389832087],[118.49227905273473,4.752610201423658],[118.49029541015668,4.751403803414412]]],[[[118.48660278320368,4.760361189421721],[118.48484802246094,4.760791773375187],[118.48461151123071,4.761764998013887],[118.48725128173872,4.762170786435745],[118.48660278320368,4.760361189421721]]],[[[118.47846984863324,6.967989914193019],[118.47992706298882,6.968120090736735],[118.48034667968784,6.9676399157192215],[118.47688293457085,6.968120090736735],[118.47846984863324,6.967989914193019]]],[[[118.47678375244197,4.290057177613793],[118.46441650390672,4.284607882575359],[118.45464324951185,4.318830962220515],[118.46102905273447,4.319090838471978],[118.47678375244197,4.290057177613793]]],[[[118.47398376464889,6.153286927305891],[118.46880340576215,6.139192097760201],[118.45713043212946,6.138167851545578],[118.45803833007844,6.150911801423123],[118.47398376464889,6.153286927305891]]],[[[118.45889282226595,7.080560199884297],[118.4580535888672,7.076940052182505],[118.45417022705088,7.07806014266619],[118.45665740966852,7.082220070029802],[118.45889282226595,7.080560199884297]]],[[[118.44725036621136,6.100276940480174],[118.44428253173896,6.104788773666321],[118.45032501220702,6.10660790742336],[118.44969940185602,6.1011400157359335],[118.44725036621136,6.100276940480174]]],[[[118.43833160400403,7.088329784532652],[118.44139099121102,7.086110107563421],[118.43945312499999,7.082779876853469],[118.43554687499999,7.085559837483418],[118.43833160400403,7.088329784532652]]],[[[118.42458343505906,7.097080223214691],[118.42597198486393,7.100140087255586],[118.42680358886776,7.099999897131313],[118.42582702636761,7.097499839913591],[118.42458343505906,7.097080223214691]]],[[[118.42421722412122,7.121439926255295],[118.4206390380866,7.124430172071983],[118.42445373535224,7.12632989130867],[118.4266433715825,7.123360149490118],[118.42421722412122,7.121439926255295]]],[[[118.4171066284184,7.169300071780124],[118.4142303466799,7.174880020200052],[118.42220306396527,7.1791400833670505],[118.42411041259813,7.176420204219602],[118.4171066284184,7.169300071780124]]],[[[118.42096710205125,7.0097598955376315],[118.42253112792991,7.009510032867082],[118.42333221435545,7.0076198503738425],[118.41974639892636,7.008069984650647],[118.42096710205125,7.0097598955376315]]],[[[118.42278289794966,7.097080223214691],[118.42082977294992,7.098330013405225],[118.42111206054732,7.101109974034635],[118.42318725585994,7.098609916816733],[118.42278289794966,7.097080223214691]]],[[[118.36416625976585,4.803891176712334],[118.39864349365278,4.800144190326762],[118.41777801513739,4.7836108155578],[118.37972259521527,4.779723162210927],[118.36416625976585,4.803891176712334]]],[[[118.4076919555664,6.883639805172293],[118.40564727783224,6.887269966454347],[118.40837860107465,6.889890186636131],[118.41076660156295,6.887320034355603],[118.4076919555664,6.883639805172293]]],[[[118.40139007568393,6.87943982348687],[118.40055847168013,6.873060219153361],[118.3947219848633,6.870279781686548],[118.39389038085946,6.87750004992895],[118.40139007568393,6.87943982348687]]],[[[118.38333129882834,4.777222151318781],[118.39129638671876,4.763709063106403],[118.39065551757824,4.756331915439074],[118.3800964355471,4.763584131770847],[118.38333129882834,4.777222151318781]]],[[[118.37878417968784,6.226308815967084],[118.36569976806709,6.230154984481233],[118.37052154541061,6.246509068480112],[118.38581848144554,6.2345747880961895],[118.37878417968784,6.226308815967084]]],[[[118.33707427978571,6.071389191790086],[118.32453918457031,6.089804165984505],[118.33686065673841,6.106439107069764],[118.34860229492244,6.0889830523989845],[118.33707427978571,6.071389191790086]]],[[[118.31251525878905,4.809449190622695],[118.320869445801,4.8059258408639725],[118.3262405395511,4.7975201554478035],[118.3031158447271,4.797743792074669],[118.31251525878905,4.809449190622695]]],[[[118.3092880249028,6.070741170092551],[118.31373596191452,6.084818833500928],[118.31951141357432,6.086695187716665],[118.31801605224678,6.074518197219384],[118.3092880249028,6.070741170092551]]],[[[118.31334686279341,4.786431784182791],[118.31349182128953,4.784259790928858],[118.30995178222702,4.783209795508166],[118.3113861083989,4.790318007018166],[118.31334686279341,4.786431784182791]]],[[[118.30364227294957,4.768859858083818],[118.30364227294957,4.773306841416847],[118.31169128417977,4.775250906508833],[118.30586242675827,4.768859858083818],[118.30364227294957,4.768859858083818]]],[[[118.29369354248067,4.790152067687268],[118.2893295288089,4.7834649033875785],[118.28502655029367,4.785410875828178],[118.28805541992244,4.790861124540681],[118.29369354248067,4.790152067687268]]],[[[118.28472137451196,4.818890089507596],[118.28971862793004,4.8125009484320405],[118.27443695068406,4.822218889705712],[118.27694702148438,4.823060030452283],[118.28472137451196,4.818890089507596]]],[[[118.1711044311528,6.213398926758076],[118.17045593261776,6.223902218832069],[118.17786407470703,6.223835938467156],[118.17510986328168,6.214056962036342],[118.1711044311528,6.213398926758076]]],[[[118.1563873291019,6.201665871655451],[118.15666961669955,6.204443924936457],[118.15805816650449,6.2055611543968805],[118.15860748291061,6.20389079383344],[118.1563873291019,6.201665871655451]]],[[[118.15004730224665,6.203113072429237],[118.14836883544967,6.205080025704887],[118.14900970459043,6.206662171394102],[118.15106201171875,6.204770081552338],[118.15004730224665,6.203113072429237]]],[[[118.14155578613294,6.188848965692293],[118.1343917846684,6.194117062611196],[118.14273071289132,6.201850884472418],[118.14884185791084,6.197979920426088],[118.14155578613294,6.188848965692293]]],[[[118.12139129638707,6.190833085105978],[118.12194824218817,6.18499898248082],[118.11444091796875,6.185276978543865],[118.11860656738327,6.190001957940043],[118.12139129638707,6.190833085105978]]],[[[118.10497283935617,6.277054779967796],[118.10211944580111,6.292869084304494],[118.11458587646507,6.292499058670044],[118.11263275146486,6.280196183162763],[118.10497283935617,6.277054779967796]]],[[[118.11052703857423,6.165040009569255],[118.10872650146527,6.166777127335237],[118.11006164550827,6.1680011683192415],[118.11169433593795,6.1671562128756365],[118.11052703857423,6.165040009569255]]],[[[118.08733367919963,6.237911217688849],[118.08234405517635,6.242987149233474],[118.0901641845709,6.249077790249084],[118.0927124023442,6.2448911600042845],[118.08733367919963,6.237911217688849]]],[[[118.08004760742246,6.2819209031627885],[118.07354736328168,6.28054904265977],[118.07042694091854,6.281980984644526],[118.07941436767645,6.290761940904412],[118.08004760742246,6.2819209031627885]]],[[[118.07102203369206,6.231023781782569],[118.06540679931673,6.227931015977904],[118.064315795899,6.228621953018841],[118.06992340087933,6.236010067941457],[118.07102203369206,6.231023781782569]]],[[[118.0600967407231,6.172342770640259],[118.05899810791082,6.176051133216165],[118.05980682373092,6.177588933049838],[118.06186676025456,6.175174229682687],[118.0600967407231,6.172342770640259]]],[[[118.05278015136773,6.1475000315589465],[118.05249786377009,6.150000088777296],[118.05472564697301,6.151110165680544],[118.05444335937533,6.149166100588679],[118.05278015136773,6.1475000315589465]]],[[[118.04888916015693,6.1247200900229615],[118.04805755615267,6.122777932279662],[118.04666900634822,6.12305688201684],[118.04805755615267,6.125280850520021],[118.04888916015693,6.1247200900229615]]],[[[118.02416992187557,6.1236100131197],[118.03166961669967,6.119165890809826],[118.01361083984443,6.108331196911469],[118.00945281982467,6.113059991004807],[118.02416992187557,6.1236100131197]]],[[[118.02639007568429,6.124444954982421],[118.0255584716797,6.126389020075032],[118.02722167968807,6.128060811150159],[118.02805328369186,6.126667016138088],[118.02639007568429,6.124444954982421]]],[[[117.91789245605467,6.504920952537347],[117.91674804687497,6.506999962545375],[117.91819763183604,6.508572094654378],[117.91889190673852,6.5073599745989466],[117.91789245605467,6.504920952537347]]],[[[117.76721954345749,6.612781040781848],[117.76889038086007,6.611939900035945],[117.76777648925781,6.610833160992728],[117.76555633544966,6.61222314130771],[117.76721954345749,6.612781040781848]]],[[[117.7193984985356,6.546699993787622],[117.71698760986385,6.54940985935486],[117.71766662597676,6.551221840554263],[117.72109985351584,6.5497808386638114],[117.7193984985356,6.546699993787622]]],[[[117.47410583496114,6.893692009294398],[117.48212432861374,6.888687126486955],[117.48046112060558,6.88325118288861],[117.46958923339852,6.885050766321679],[117.47410583496114,6.893692009294398]]],[[[117.40593719482456,6.929570190718601],[117.40558624267622,6.930193893720337],[117.40579223632824,6.931862823772469],[117.4069061279297,6.930193893720337],[117.40593719482456,6.929570190718601]]],[[[117.30194091796886,7.07861088958289],[117.34834289550815,7.048611156640351],[117.30527496337902,7.01444482061254],[117.26471710205078,7.042221061889036],[117.28111267089878,7.048333160576922],[117.26110839843794,7.060555927442137],[117.30194091796886,7.07861088958289]]],[[[117.3394470214846,7.273056022610843],[117.3461074829107,7.268055908174945],[117.34194183349656,7.260279170969032],[117.33444213867233,7.2686119003009155],[117.3394470214846,7.273056022610843]]],[[[117.32971954345727,7.205832950621729],[117.34388732910202,7.200561039005605],[117.34278106689476,7.1969442291639405],[117.3191680908203,7.19916581348139],[117.32971954345727,7.205832950621729]]],[[[117.33528137207064,7.237220756531227],[117.33916473388737,7.236945144653816],[117.33972167968807,7.2352771682757595],[117.33528137207064,7.234167091372456],[117.33528137207064,7.237220756531227]]],[[[117.33878326416084,6.927775852493698],[117.33509826660153,6.928887836745736],[117.33303833007867,6.930779926587544],[117.3368301391606,6.931595794964405],[117.33878326416084,6.927775852493698]]],[[[117.33499908447266,7.232221118931495],[117.33361053466855,7.219999782578819],[117.31805419921888,7.223333827985409],[117.32166290283249,7.231670848851847],[117.33499908447266,7.232221118931495]]],[[[117.32943725586007,7.34000109853746],[117.33222198486362,7.335556976227712],[117.3302764892584,7.33222197714625],[117.32805633544967,7.333610050111949],[117.32943725586007,7.34000109853746]]],[[[117.3261108398442,7.371110908384684],[117.32749938964852,7.371110908384684],[117.32888793945344,7.369444839355583],[117.3261108398442,7.369166843292305],[117.3261108398442,7.371110908384684]]],[[[117.32083129882867,7.31999921028088],[117.31888580322264,7.320830814283903],[117.32026672363338,7.323890201488682],[117.32250213623081,7.322220794599087],[117.32083129882867,7.31999921028088]]],[[[117.31999969482466,7.243889801019434],[117.31194305419969,7.207777015713498],[117.30416870117232,7.203888885529534],[117.29138946533249,7.227222911844228],[117.31999969482466,7.243889801019434]]],[[[117.31194305419969,7.262220851875407],[117.31445312500023,7.265000812505163],[117.31666564941472,7.261666767098023],[117.31027984619186,7.257777206402336],[117.31194305419969,7.262220851875407]]],[[[117.3147201538087,7.318055145188938],[117.3161087036136,7.317221157000232],[117.31500244140638,7.315277091907521],[117.3130569458011,7.316945068285935],[117.3147201538087,7.318055145188938]]],[[[117.30860900878918,7.266941062899991],[117.30777740478537,7.268609039278005],[117.30999755859406,7.270559780090245],[117.31138610839902,7.26833390423747],[117.30860900878918,7.266941062899991]]],[[[117.30472564697286,7.257777206402336],[117.30416870117232,7.258611194591175],[117.30610656738281,7.262500755287062],[117.30694580078159,7.259720794657096],[117.30472564697286,7.257777206402336]]],[[[117.30222320556649,7.261388771035157],[117.30139160156271,7.26305484006426],[117.30278015136764,7.265560142491229],[117.30361175537143,7.263332836127098],[117.30222320556649,7.261388771035157]]],[[[117.29638671875047,7.306390754636058],[117.29972076416016,7.299166194858734],[117.29028320312544,7.285000793412769],[117.28583526611384,7.293333045907902],[117.29638671875047,7.306390754636058]]],[[[117.29722595214876,7.2863888663793475],[117.29528045654354,7.284444801286952],[117.29416656494172,7.2855591697248885],[117.29611206054733,7.286944858505274],[117.29722595214876,7.2863888663793475]]],[[[117.20260068465532,7.184968513160493],[117.17250061035158,7.185832969713844],[117.0897216796875,7.138611785980695],[117.09249877929732,7.118609897724315],[117.07332611084031,7.100831024297624],[117.07555389404354,7.11805390559851],[117.05860900878942,7.128611080271409],[117.0747222900395,7.175560943660803],[117.05222320556673,7.190834037824382],[117.06583404541037,7.2061109466844195],[117.05416870117199,7.209444992091759],[117.06916809082055,7.260832778908627],[117.06083679199264,7.292501918741622],[117.12277984619185,7.315277091907521],[117.15139007568406,7.352781764877049],[117.16583251953169,7.341667167566575],[117.18277740478551,7.359170905954353],[117.23694610595737,7.362501136664161],[117.27722167968793,7.353059760940477],[117.29555511474663,7.325555793680352],[117.26277923584027,7.276110164606701],[117.2777786254883,7.263060085272923],[117.26194763183594,7.246111862174326],[117.28138732910189,7.248889915455692],[117.28333282470747,7.232501022343341],[117.2605590820318,7.189719192549576],[117.2408370971682,7.185554973650421],[117.25166320800827,7.225834838878039],[117.22083282470736,7.184444896747108],[117.20278958846416,7.184963087953437],[117.20388793945358,7.183125965168925],[117.20166778564489,7.181669227652325],[117.19999694824276,7.184444896747108],[117.20260068465532,7.184968513160493]]],[[[117.29333496093797,7.282501213032199],[117.29166412353536,7.278888217887528],[117.28333282470747,7.2741660995141375],[117.28749847412143,7.281671039540552],[117.29333496093797,7.282501213032199]]],[[[117.29083251953159,7.276666156732635],[117.29277801513685,7.2741660995141375],[117.2883300781252,7.271666042296256],[117.2889328002933,7.276153079950655],[117.29083251953159,7.276666156732635]]],[[[117.289169311524,7.236111156465111],[117.2883300781252,7.237499229431385],[117.2894363403325,7.238749973296174],[117.29055786132812,7.237499229431385],[117.289169311524,7.236111156465111]]],[[[117.28639221191419,7.234167091372456],[117.28500366211003,7.236945144653816],[117.28749847412143,7.238889209745798],[117.28861236572288,7.2352771682757595],[117.28639221191419,7.234167091372456]]],[[[117.28298950195335,7.284770957903027],[117.28367614746129,7.286089889481244],[117.28452301025435,7.286229125931416],[117.28437805175828,7.284839145616621],[117.28298950195335,7.284770957903027]]],[[[117.28138732910189,7.090278141159215],[117.28028106689497,7.081111900475845],[117.26944732666036,7.075554840239232],[117.27666473388683,7.088888160844076],[117.28138732910189,7.090278141159215]]],[[[117.27530670166016,7.285665981247982],[117.27384948730513,7.286776058151503],[117.27466583251963,7.2880091590412235],[117.27648925781308,7.2872600478659635],[117.27530670166016,7.285665981247982]]],[[[117.2729339599614,7.2816958350721706],[117.27112579345749,7.281417839009666],[117.27110290527344,7.284121028857073],[117.273262023926,7.283961765246373],[117.2729339599614,7.2816958350721706]]],[[[117.2622222900394,7.073610775147227],[117.26139068603558,7.071667186892145],[117.25583648681675,7.071389190829227],[117.26083374023447,7.074722759398918],[117.2622222900394,7.073610775147227]]],[[[117.23278045654342,7.3755559843694565],[117.23055267334027,7.378056041587429],[117.2352752685548,7.380556098805186],[117.23555755615246,7.37889002977608],[117.23278045654342,7.3755559843694565]]],[[[117.22611236572311,7.183891765644375],[117.22499847412132,7.185276977587885],[117.2269439697269,7.186110965776222],[117.22777557373112,7.184998981524629],[117.22611236572311,7.183891765644375]]],[[[117.21639251708994,7.175001136838214],[117.21639251708994,7.172500125945247],[117.21333312988328,7.173057071745877],[117.2138900756836,7.174445144712283],[117.21639251708994,7.175001136838214]]],[[[117.21506500244195,7.1804680748516665],[117.21568298339879,7.179357997948544],[117.21353149414075,7.177346221980077],[117.2123565673828,7.1803998871383],[117.21506500244195,7.1804680748516665]]],[[[117.19777679443403,7.177776805933405],[117.19944763183614,7.160555831980854],[117.1627807617192,7.148054115378966],[117.17055511474678,7.171110145630661],[117.19777679443403,7.177776805933405]]],[[[117.15333557128952,7.168888084475229],[117.16083526611396,7.163889877387968],[117.15165710449276,7.159998886180759],[117.14888763427788,7.1641659661019075],[117.15333557128952,7.168888084475229]]],[[[117.14904022216797,7.154600135880698],[117.14138793945347,7.125000946149752],[117.11611175537155,7.13555621347424],[117.13804626464886,7.154169075089975],[117.14904022216797,7.154600135880698]]],[[[117.12889099121139,7.333055965334966],[117.12972259521543,7.332499973208593],[117.12611389160222,7.328887931738549],[117.12583160400435,7.331940166386011],[117.12889099121139,7.333055965334966]]],[[[117.11222076416016,7.1344408913618285],[117.10415649414117,7.125831119641271],[117.09722137451215,7.125555030927298],[117.09999847412143,7.13194607935278],[117.11222076416016,7.1344408913618285]]],[[[117.09361267089875,7.108609192015023],[117.09527587890638,7.105555050019168],[117.08750152587933,7.101110927709284],[117.086669921875,7.10472106183054],[117.09361267089875,7.108609192015023]]],[[[117.04360961914087,7.092501155988881],[117.05416870117199,7.090832225936741],[117.05860900878942,7.08443879332491],[117.04582977294953,7.079998962549619],[117.04360961914087,7.092501155988881]]],[[[117.05139160156294,7.103054992801468],[117.05055236816418,7.100831024297624],[117.04916381835982,7.1016669198352185],[117.05000305175801,7.103059761173077],[117.05139160156294,7.103054992801468]]],[[[117.04750061035166,7.337777130034201],[117.04666900634788,7.341111175440798],[117.04777526855513,7.346388809103279],[117.04944610595768,7.339170925045998],[117.04750061035166,7.337777130034201]]],[[[117.02805328369197,7.076944820553793],[117.03055572509832,7.075832836302235],[117.02388763427803,7.073330871735562],[117.02610778808591,7.076388828428003],[117.02805328369197,7.076944820553793]]],[[[117.00166320800827,7.3575000685536],[117.02222442626963,7.320833198470297],[117.02138519287163,7.272778026548293],[116.98000335693382,7.307781211788089],[116.96499633789105,7.277500144921333],[116.98750305175824,7.243470184320602],[116.90305328369183,7.238889209745798],[116.89778137207087,7.224171154034572],[116.88027954101598,7.228061191567835],[116.86833190917993,7.219999782578819],[116.88527679443371,7.223609916699932],[116.890274047852,7.1988878174190445],[116.85472106933626,7.1961097641378755],[116.88680267333994,7.288750163983998],[116.91443634033203,7.301390163362551],[116.93250274658257,7.2922210616560275],[116.98139190673874,7.319169990464062],[117.00166320800827,7.3575000685536]]],[[[116.86208343505905,7.189167968795285],[116.86068725585993,7.1888899727316575],[116.86107635498071,7.190750114484711],[116.8627471923828,7.190890781446024],[116.86208343505905,7.189167968795285]]],[[[116.84387969970746,7.202819816621626],[116.84254455566452,7.204444877655354],[116.84336090087933,7.206631176023361],[116.8459243774421,7.205399982482377],[116.84387969970746,7.202819816621626]]],[[[116.34860992431676,6.719439976227028],[116.34944152832097,6.715557091251312],[116.37027740478563,6.7091660428259585],[116.34471893310594,6.7091660428259585],[116.34860992431676,6.719439976227028]]],[[[116.3038864135742,6.713332169073447],[116.31777954101631,6.708889954111864],[116.32083129882881,6.705829136396208],[116.30638885498092,6.709720127603522],[116.3038864135742,6.713332169073447]]],[[[115.60472106933639,6.211111062075768],[115.60610961914071,6.19361209206134],[115.59084320068403,6.1877789431104215],[115.58388519287156,6.204443924936457],[115.60472106933639,6.211111062075768]]],[[[115.32621002197276,5.26391076471148],[115.30811309814476,5.267086500181756],[115.31446075439499,5.281060689925972],[115.32843780517645,5.276614660267117],[115.32621002197276,5.26391076471148]]],[[[115.26808929443392,5.251206869155065],[115.26999664306672,5.255335802103944],[115.27476501464879,5.253429883984593],[115.27062988281308,5.252477163343612],[115.26808929443392,5.251206869155065]]],[[[115.25570678710935,5.384596818818755],[115.24300384521516,5.348708623817139],[115.26873016357442,5.290271276464491],[115.25379943847658,5.273120874412754],[115.23633575439484,5.285507196421708],[115.24141693115278,5.2410440388128565],[115.2074356079105,5.279790395737232],[115.15820312500021,5.250254148514311],[115.20044708251974,5.347438329628922],[115.23506164550803,5.387454980742172],[115.25570678710935,5.384596818818755]]],[[[115.14613342285155,5.1994390431277235],[115.14677429199263,5.20229720505097],[115.14899444580077,5.200074190221982],[115.14613342285155,5.1994390431277235]]],[[[115.1397857666021,5.186100000477813],[115.1381988525394,5.1873702946656355],[115.14137268066452,5.189911359879261],[115.14328002929734,5.186100000477813],[115.1397857666021,5.186100000477813]]],[[[115.12993621826217,5.227704996162394],[115.13565826416058,5.2286577168040775],[115.14073944091855,5.21944760710283],[115.12104797363281,5.231515878727495],[115.12993621826217,5.227704996162394]]]]}}]}
