{
  "type": "FeatureCollection",
  "features": [
    {
      "id": "4",
      "type": "Feature",
      "properties": {
        "NAME_FULL": "Republic of Himaldesh",
        "NAME_SHORT": "Himaldesh",
        "CODE": "RoH",
        "DEMONYM": "Himaldeshi",
        "LANGUAGE": "Hindi",
        "STATUS": "NOTIONAL",
        "REGION": "Indo-Pacific"
      },
      "geometry": {
        "type": "MultiPolygon",
        "coordinates": [
          [
            [
              [
                93.68360436300004,
                18.868963934000025
              ],
              [
                93.70753014400002,
                18.868231512000108
              ],
              [
                93.74244225400012,
                18.872300522999975
              ],
              [
                93.74952233200008,
                18.865179755000035
              ],
              [
                93.751638217,
                18.840887762000225
              ],
              [
                93.74586022200003,
                18.81098053600006
              ],
              [
                93.74537194100004,
                18.799994208000086
              ],
              [
                93.74805748800003,
                18.787909247000186
              ],
              [
                93.75709069100004,
                18.765204169000054
              ],
              [
                93.759043816,
                18.755560613999993
              ],
              [
                93.75603274800008,
                18.731512762000133
              ],
              [
                93.74683678500001,
                18.708807684000085
              ],
              [
                93.73194420700005,
                18.689683335000115
              ],
              [
                93.71127363400004,
                18.676459052
              ],
              [
                93.69312584700006,
                18.673773505000106
              ],
              [
                93.66773522200002,
                18.674872137000126
              ],
              [
                93.64527428500004,
                18.679348049000108
              ],
              [
                93.63550865999999,
                18.68667226800012
              ],
              [
                93.63038170700005,
                18.699204820000126
              ],
              [
                93.6185001960001,
                18.71149323100017
              ],
              [
                93.59400475400008,
                18.73102448100014
              ],
              [
                93.49781334700005,
                18.840887762000225
              ],
              [
                93.49317467500002,
                18.849310613999993
              ],
              [
                93.484141472,
                18.874986070000222
              ],
              [
                93.57715904999999,
                18.881903387000136
              ],
              [
                93.5998641290001,
                18.890448309000057
              ],
              [
                93.61109459700002,
                18.905259507000036
              ],
              [
                93.62175540500006,
                18.91034577000006
              ],
              [
                93.64177493600002,
                18.889349677000023
              ],
              [
                93.66334069100003,
                18.873195705000143
              ],
              [
                93.67302493600008,
                18.870510158
              ],
              [
                93.68360436300004,
                18.868963934000025
              ]
            ]
          ],
          [
            [
              [
                93.8030705090001,
                19.487372137000115
              ],
              [
                93.81999759200008,
                19.471502997000087
              ],
              [
                93.83659915500004,
                19.479396877000067
              ],
              [
                93.85808353000007,
                19.482489325000138
              ],
              [
                93.88021894600006,
                19.4791934270001
              ],
              [
                93.89926191500004,
                19.46775950700014
              ],
              [
                93.91773522200006,
                19.454006252000042
              ],
              [
                93.95622806100005,
                19.43252187700011
              ],
              [
                93.970713738,
                19.41693756700012
              ],
              [
                93.97364342500003,
                19.40273672100001
              ],
              [
                93.97234134200002,
                19.38182200700005
              ],
              [
                93.96583092500002,
                19.363023179000102
              ],
              [
                93.95394941500008,
                19.35488515800009
              ],
              [
                93.94019616000006,
                19.348618882000125
              ],
              [
                93.91716556100009,
                19.318304755000128
              ],
              [
                93.90088951900006,
                19.305405992000125
              ],
              [
                93.89893639400002,
                19.30329010600004
              ],
              [
                93.89551842500009,
                19.30117422100002
              ],
              [
                93.88941491000003,
                19.299627997000062
              ],
              [
                93.88355553499997,
                19.301499742000043
              ],
              [
                93.88103274800005,
                19.3068708350001
              ],
              [
                93.87916100400017,
                19.312201239000157
              ],
              [
                93.87517337300011,
                19.31391022300006
              ],
              [
                93.86280358200007,
                19.307766018000084
              ],
              [
                93.86280358200007,
                19.299750067000126
              ],
              [
                93.86638431100003,
                19.29108307500014
              ],
              [
                93.86491946700008,
                19.28286367400005
              ],
              [
                93.85694420700013,
                19.278876044000153
              ],
              [
                93.84555097700007,
                19.27802155200007
              ],
              [
                93.82357832100006,
                19.279120184000117
              ],
              [
                93.80274498800007,
                19.276678778000075
              ],
              [
                93.79688561300003,
                19.27850983300006
              ],
              [
                93.78565514400003,
                19.286566473000086
              ],
              [
                93.77377363400008,
                19.298773505000156
              ],
              [
                93.7498478520001,
                19.33331940300007
              ],
              [
                93.74537194100004,
                19.344916082999987
              ],
              [
                93.74317467500008,
                19.35545482000013
              ],
              [
                93.73340905000002,
                19.367865302000077
              ],
              [
                93.73121178500004,
                19.379055080000093
              ],
              [
                93.72999108200011,
                19.38174062700006
              ],
              [
                93.72779381600012,
                19.38373444200009
              ],
              [
                93.72535241000008,
                19.38686757999999
              ],
              [
                93.72437584700002,
                19.39272695500012
              ],
              [
                93.72673587300008,
                19.39667389500001
              ],
              [
                93.73194420700005,
                19.39642975500006
              ],
              [
                93.73666425900007,
                19.396958726000047
              ],
              [
                93.73804772200003,
                19.403265692000073
              ],
              [
                93.7304793630001,
                19.41925690300008
              ],
              [
                93.71631920700007,
                19.427394924000104
              ],
              [
                93.683360222,
                19.437445380000078
              ],
              [
                93.66911868600009,
                19.44647858300008
              ],
              [
                93.65894616000006,
                19.457505601000136
              ],
              [
                93.64177493600002,
                19.492010809000142
              ],
              [
                93.65219160200012,
                19.493312893000052
              ],
              [
                93.6565861340001,
                19.497381903000104
              ],
              [
                93.65552819100004,
                19.504095770000156
              ],
              [
                93.64918053500013,
                19.513128973000057
              ],
              [
                93.68816165500009,
                19.55947500200004
              ],
              [
                93.69695071700005,
                19.56028880400005
              ],
              [
                93.70492597700002,
                19.558294989000018
              ],
              [
                93.72364342500008,
                19.556382553999953
              ],
              [
                93.73121178500004,
                19.554103908000087
              ],
              [
                93.74048912900017,
                19.54669830900009
              ],
              [
                93.74537194100004,
                19.53921133000012
              ],
              [
                93.74927819100003,
                19.531317450000053
              ],
              [
                93.75538170700014,
                19.52301666900016
              ],
              [
                93.8030705090001,
                19.487372137000115
              ]
            ]
          ],
          [
            [
              [
                93.51832116,
                19.761948959999998
              ],
              [
                93.51197350400017,
                19.745835679000002
              ],
              [
                93.45679772200003,
                19.78876373900016
              ],
              [
                93.44068444100006,
                19.81093984600004
              ],
              [
                93.40674889400003,
                19.920477606000087
              ],
              [
                93.40284264400003,
                19.953070380000135
              ],
              [
                93.4220483730001,
                19.95136139500004
              ],
              [
                93.44263756600002,
                19.938137111000106
              ],
              [
                93.45337975400001,
                19.92845286700014
              ],
              [
                93.46119225400011,
                19.919501044000103
              ],
              [
                93.46412194100013,
                19.913478908000087
              ],
              [
                93.47055097700014,
                19.905218817000115
              ],
              [
                93.48471113400007,
                19.897162177000002
              ],
              [
                93.49878991000003,
                19.887030341000024
              ],
              [
                93.50521894600013,
                19.87221914300006
              ],
              [
                93.50114993600009,
                19.8253848330001
              ],
              [
                93.50521894600013,
                19.807318427000084
              ],
              [
                93.51685631600003,
                19.77716705900005
              ],
              [
                93.51832116,
                19.761948959999998
              ]
            ]
          ],
          [
            [
              [
                93.02491295700008,
                19.827826239000025
              ],
              [
                93.01856530000005,
                19.827826239000025
              ],
              [
                93.01319420700008,
                19.84650299700009
              ],
              [
                93.00855553500008,
                19.889878648000078
              ],
              [
                93.00123131600014,
                19.90664297100001
              ],
              [
                92.98747806100005,
                19.925197658000098
              ],
              [
                92.92579186300003,
                20.033758856000073
              ],
              [
                92.922373894,
                20.050604559000163
              ],
              [
                92.9197697270001,
                20.055731512000097
              ],
              [
                92.91431725400008,
                20.05963776200009
              ],
              [
                92.90943444100003,
                20.06509023600012
              ],
              [
                92.90870201900009,
                20.074855861000156
              ],
              [
                92.91195722700012,
                20.084702867000075
              ],
              [
                92.9168400400001,
                20.08893463700011
              ],
              [
                92.92269941500003,
                20.08763255400009
              ],
              [
                92.92920983200013,
                20.081040757000117
              ],
              [
                92.94646243600003,
                20.070502020000166
              ],
              [
                92.95289147200005,
                20.06305573100008
              ],
              [
                92.95850670700005,
                20.05487702
              ],
              [
                92.96257571700002,
                20.046087958000115
              ],
              [
                92.96404056100008,
                20.036688544000082
              ],
              [
                92.96753990999997,
                20.022202867000054
              ],
              [
                93.01465905000006,
                19.905585028000132
              ],
              [
                93.02198326900005,
                19.87018463700012
              ],
              [
                93.02491295700008,
                19.827826239000025
              ]
            ]
          ],
          [
            [
              [
                88.90796959700005,
                21.530707098000136
              ],
              [
                88.89576256600006,
                21.528469142999963
              ],
              [
                88.87973066500007,
                21.529974677000016
              ],
              [
                88.86247806100016,
                21.523586330000185
              ],
              [
                88.83871504000007,
                21.53192780200015
              ],
              [
                88.83082115999999,
                21.57737864800014
              ],
              [
                88.84131920700017,
                21.613999742000065
              ],
              [
                88.87289472700004,
                21.595526434000146
              ],
              [
                88.88851972700004,
                21.58954498900004
              ],
              [
                88.90202884200009,
                21.58026764500007
              ],
              [
                88.91130618600008,
                21.566880600999976
              ],
              [
                88.91391035200007,
                21.54840729400014
              ],
              [
                88.90796959700005,
                21.530707098000136
              ]
            ]
          ],
          [
            [
              [
                91.93873131600006,
                21.71482982000012
              ],
              [
                91.97486412900008,
                21.648749091000024
              ],
              [
                91.9838973320001,
                21.609198309000085
              ],
              [
                91.9817000660001,
                21.58808014499998
              ],
              [
                91.97242272200005,
                21.546087958000072
              ],
              [
                91.97022545700015,
                21.523586330000185
              ],
              [
                91.96111087300007,
                21.506170966000123
              ],
              [
                91.93921959700003,
                21.50535716400011
              ],
              [
                91.91407311300006,
                21.509466864000146
              ],
              [
                91.89454186299999,
                21.506781317000076
              ],
              [
                91.89454186299999,
                21.501410223000025
              ],
              [
                91.89918053500001,
                21.49384186400008
              ],
              [
                91.89966881600009,
                21.48602936400008
              ],
              [
                91.88770592500006,
                21.480129299000055
              ],
              [
                91.87712649800011,
                21.481024481000045
              ],
              [
                91.86841881600012,
                21.48676178600001
              ],
              [
                91.86255944100006,
                21.49494049700003
              ],
              [
                91.85824629000007,
                21.51264069200003
              ],
              [
                91.85523522200008,
                21.51947663000015
              ],
              [
                91.85547936300003,
                21.526678778000154
              ],
              [
                91.8711043630001,
                21.547674872000105
              ],
              [
                91.87370853,
                21.558010158000112
              ],
              [
                91.87403405000012,
                21.581854559000114
              ],
              [
                91.86890709700002,
                21.622219143000052
              ],
              [
                91.84791100400007,
                21.688788153000154
              ],
              [
                91.85352623800007,
                21.725816148000096
              ],
              [
                91.86296634200008,
                21.745591539000106
              ],
              [
                91.87232506600002,
                21.754828191999987
              ],
              [
                91.88331139400006,
                21.7538923200001
              ],
              [
                91.89795983200008,
                21.743312893000052
              ],
              [
                91.90284264400006,
                21.73029205900006
              ],
              [
                91.89820397200003,
                21.71482982000012
              ],
              [
                91.89087975400011,
                21.698960679000102
              ],
              [
                91.88770592500006,
                21.684963283000137
              ],
              [
                91.90333092500005,
                21.70286692900012
              ],
              [
                91.9095158210001,
                21.726792710000076
              ],
              [
                91.90837649800008,
                21.75218333500008
              ],
              [
                91.90121504000004,
                21.774318752000063
              ],
              [
                91.919118686,
                21.776841539000177
              ],
              [
                91.93555748800009,
                21.781154690000093
              ],
              [
                91.93588300900011,
                21.76512278900018
              ],
              [
                91.93555748800009,
                21.759995835000066
              ],
              [
                91.93873131600006,
                21.71482982000012
              ]
            ]
          ],
          [
            [
              [
                88.13941491000011,
                21.630316473
              ],
              [
                88.13005618600006,
                21.625921942000012
              ],
              [
                88.11850019600013,
                21.627671617000093
              ],
              [
                88.09156334700008,
                21.636542059000135
              ],
              [
                88.06348717499998,
                21.636664130000113
              ],
              [
                88.05176842500008,
                21.641587631999986
              ],
              [
                88.04314212300008,
                21.657619533000076
              ],
              [
                88.04224694100009,
                21.66815827000013
              ],
              [
                88.04395592500009,
                21.68085358300009
              ],
              [
                88.05054772200006,
                21.705389716000106
              ],
              [
                88.09001712300004,
                21.808661200000113
              ],
              [
                88.11931399800005,
                21.85952383000004
              ],
              [
                88.14673912900001,
                21.869859117000143
              ],
              [
                88.16700280000002,
                21.765448309000018
              ],
              [
                88.16342207100014,
                21.705471096000185
              ],
              [
                88.13257897199999,
                21.684963283000137
              ],
              [
                88.14437910200014,
                21.65778229400013
              ],
              [
                88.14600670700008,
                21.64374420800008
              ],
              [
                88.13941491000011,
                21.630316473
              ]
            ]
          ],
          [
            [
              [
                89.14470462300014,
                21.73932526200015
              ],
              [
                89.13249759200009,
                21.721625067000048
              ],
              [
                89.10230553499997,
                21.73676178600006
              ],
              [
                89.05152428500001,
                21.793198960000094
              ],
              [
                89.05144290500012,
                21.797105209999998
              ],
              [
                89.05779056100008,
                21.803290106000063
              ],
              [
                89.06421959700008,
                21.8220889340001
              ],
              [
                89.06381269600007,
                21.841457424000037
              ],
              [
                89.05372155000012,
                21.87474192900003
              ],
              [
                89.0511173840001,
                21.890326239000025
              ],
              [
                89.04468834700009,
                21.907782294000164
              ],
              [
                89.04566491000007,
                21.917059637000037
              ],
              [
                89.05738366000004,
                21.917669988999997
              ],
              [
                89.06153405000009,
                21.91494375200012
              ],
              [
                89.06495201900002,
                21.910223700000113
              ],
              [
                89.06763756600009,
                21.90436432500006
              ],
              [
                89.07154381600009,
                21.890326239000025
              ],
              [
                89.08130944100012,
                21.822943427000023
              ],
              [
                89.09278405000006,
                21.793402411000052
              ],
              [
                89.11573326900006,
                21.781154690000093
              ],
              [
                89.13900800900007,
                21.766831773000007
              ],
              [
                89.14470462300014,
                21.73932526200015
              ]
            ]
          ],
          [
            [
              [
                88.64918053500003,
                21.842352606000105
              ],
              [
                88.64633222700009,
                21.787909247000115
              ],
              [
                88.63624108200003,
                21.792669989000107
              ],
              [
                88.599619988,
                21.80365631700008
              ],
              [
                88.59180748800001,
                21.80438873900001
              ],
              [
                88.59050540500012,
                21.81289297100004
              ],
              [
                88.58497155000009,
                21.826605536000066
              ],
              [
                88.58432050900004,
                21.83576080900013
              ],
              [
                88.58627363400011,
                21.84300364800007
              ],
              [
                88.59864342500003,
                21.869859117000143
              ],
              [
                88.6164656910001,
                21.89793528900006
              ],
              [
                88.63624108200003,
                21.921372789000127
              ],
              [
                88.650157097,
                21.927435614000032
              ],
              [
                88.66325931100008,
                21.921291408000066
              ],
              [
                88.67058353000007,
                21.90741608299998
              ],
              [
                88.6670028,
                21.890326239000025
              ],
              [
                88.65528405000002,
                21.86660390800002
              ],
              [
                88.64918053500003,
                21.842352606000105
              ]
            ]
          ],
          [
            [
              [
                91.84107506600006,
                21.73541901200008
              ],
              [
                91.8325301440001,
                21.725816148000096
              ],
              [
                91.8239852220001,
                21.742621161000013
              ],
              [
                91.83985436300001,
                21.825506903000026
              ],
              [
                91.8325301440001,
                21.876695054000066
              ],
              [
                91.83619225400008,
                21.894110419000132
              ],
              [
                91.8434350920001,
                21.906968492000164
              ],
              [
                91.86719811300001,
                21.931952216000074
              ],
              [
                91.8711043630001,
                21.928859768000002
              ],
              [
                91.87273196700012,
                21.92560455900015
              ],
              [
                91.87403405000012,
                21.917669988999997
              ],
              [
                91.88607832100014,
                21.88027578300014
              ],
              [
                91.88770592500006,
                21.866156317000115
              ],
              [
                91.88445071700009,
                21.850287177000073
              ],
              [
                91.87037194100007,
                21.824611721000036
              ],
              [
                91.86280358200011,
                21.789984442000037
              ],
              [
                91.84107506600006,
                21.73541901200008
              ]
            ]
          ],
          [
            [
              [
                88.10499108200015,
                21.861151434000156
              ],
              [
                88.08090254000012,
                21.849351304000095
              ],
              [
                88.07227623800004,
                21.856756903000093
              ],
              [
                88.07105553500013,
                21.873602606000173
              ],
              [
                88.07390384200015,
                21.892157294000096
              ],
              [
                88.07732181100008,
                21.904608466000102
              ],
              [
                88.08472741000004,
                21.921576239000093
              ],
              [
                88.09424889400006,
                21.937892971000107
              ],
              [
                88.1057235040001,
                21.947577216000152
              ],
              [
                88.11890709700005,
                21.945013738999968
              ],
              [
                88.13257897199999,
                21.92047760600013
              ],
              [
                88.12501061300004,
                21.888657945000105
              ],
              [
                88.10499108200015,
                21.861151434000156
              ]
            ]
          ],
          [
            [
              [
                90.59083092499998,
                21.935126044000047
              ],
              [
                90.58082116000001,
                21.912502346000082
              ],
              [
                90.57252037900011,
                21.917669988999997
              ],
              [
                90.56560306100012,
                21.917669988999997
              ],
              [
                90.55713951899999,
                21.897528387000055
              ],
              [
                90.54078209700006,
                21.875921942000062
              ],
              [
                90.521250847,
                21.861476955
              ],
              [
                90.50359134200008,
                21.862453518000066
              ],
              [
                90.50359134200008,
                21.869859117000143
              ],
              [
                90.51075280000002,
                21.87140534100001
              ],
              [
                90.52344811300009,
                21.875677802000023
              ],
              [
                90.53150475400011,
                21.876695054000066
              ],
              [
                90.5229598320002,
                21.88808828300014
              ],
              [
                90.51791425900008,
                21.893255927000048
              ],
              [
                90.51042728000009,
                21.897853908000087
              ],
              [
                90.51693769600008,
                21.904486395000134
              ],
              [
                90.51685631600002,
                21.91217682500006
              ],
              [
                90.51539147200003,
                21.921291408000066
              ],
              [
                90.51783287900008,
                21.931952216000074
              ],
              [
                90.52198326900003,
                21.93878815300001
              ],
              [
                90.5263778000001,
                21.943589585000097
              ],
              [
                90.59351647199998,
                21.986558335000048
              ],
              [
                90.59351647199998,
                21.96613190300016
              ],
              [
                90.59734134200008,
                21.961330471000085
              ],
              [
                90.60084069100007,
                21.95457591400014
              ],
              [
                90.60661868600003,
                21.93878815300001
              ],
              [
                90.59083092499998,
                21.935126044000047
              ]
            ]
          ],
          [
            [
              [
                90.33220462300012,
                21.84951406500007
              ],
              [
                90.32292727999999,
                21.843898830000064
              ],
              [
                90.31861412900008,
                21.846258856000112
              ],
              [
                90.31861412900008,
                21.892808335000122
              ],
              [
                90.32252037900015,
                21.9166934270001
              ],
              [
                90.33220462300012,
                21.93878815300001
              ],
              [
                90.35401451900009,
                21.976752020000017
              ],
              [
                90.37142988400007,
                21.994777736000124
              ],
              [
                90.39429772199998,
                22.00023021000008
              ],
              [
                90.39063561300003,
                21.978257553999978
              ],
              [
                90.36548912900012,
                21.938706773000018
              ],
              [
                90.34156334700008,
                21.860296942000073
              ],
              [
                90.33220462300012,
                21.84951406500007
              ]
            ]
          ],
          [
            [
              [
                90.34595787900014,
                21.972316799000048
              ],
              [
                90.33961022200003,
                21.972316799000048
              ],
              [
                90.34587649800008,
                21.99359772300002
              ],
              [
                90.35865319100003,
                22.022691147999996
              ],
              [
                90.3738712900001,
                22.04555898600009
              ],
              [
                90.38746178500004,
                22.04804108300004
              ],
              [
                90.38111412900011,
                22.023098049000097
              ],
              [
                90.35279381600007,
                21.99298737200005
              ],
              [
                90.34595787900014,
                21.972316799000048
              ]
            ]
          ],
          [
            [
              [
                90.43189537900007,
                21.907782294000164
              ],
              [
                90.41553795700005,
                21.900539455000057
              ],
              [
                90.4023543630001,
                21.906887111000003
              ],
              [
                90.39454186300001,
                21.921454169000103
              ],
              [
                90.39429772199998,
                21.93878815300001
              ],
              [
                90.39975019600011,
                21.952948309000032
              ],
              [
                90.40642337300007,
                21.963364976000012
              ],
              [
                90.411875847,
                21.976019598000097
              ],
              [
                90.41423587300004,
                21.99713776200011
              ],
              [
                90.411875847,
                22.028713283000098
              ],
              [
                90.41553795700005,
                22.03831614800006
              ],
              [
                90.42847741000006,
                22.04804108300004
              ],
              [
                90.43523196700009,
                22.04120514500002
              ],
              [
                90.47331790500007,
                22.003648179000002
              ],
              [
                90.48617597700009,
                21.976792710000012
              ],
              [
                90.47632897200009,
                21.945013738999968
              ],
              [
                90.45484459700006,
                21.93305084800012
              ],
              [
                90.43189537900007,
                21.907782294000164
              ]
            ]
          ],
          [
            [
              [
                90.61345462300014,
                22.164048570000165
              ],
              [
                90.59351647199998,
                22.102606512000094
              ],
              [
                90.59343509200008,
                22.112534898000092
              ],
              [
                90.59180748800004,
                22.11908600500007
              ],
              [
                90.58619225400015,
                22.130560614000125
              ],
              [
                90.57455488400007,
                22.096136786000084
              ],
              [
                90.56869550900011,
                22.05809153900009
              ],
              [
                90.55974368600008,
                22.02374909100014
              ],
              [
                90.53834069100003,
                22.00023021000008
              ],
              [
                90.5195418630001,
                21.99469635600016
              ],
              [
                90.50904381600002,
                21.999416408000155
              ],
              [
                90.50464928500013,
                22.01048411700011
              ],
              [
                90.50359134200008,
                22.024115302000144
              ],
              [
                90.50896243600012,
                22.033148505000057
              ],
              [
                90.54444420700003,
                22.061672268000073
              ],
              [
                90.53834069100003,
                22.068508205000086
              ],
              [
                90.495371941,
                22.044989325000117
              ],
              [
                90.48991946700006,
                22.03497955900005
              ],
              [
                90.48365319100009,
                22.03497955900005
              ],
              [
                90.48560631600004,
                22.058335679000038
              ],
              [
                90.49170983200011,
                22.080145575000167
              ],
              [
                90.50310306099998,
                22.09634023600004
              ],
              [
                90.52084394600008,
                22.102606512000094
              ],
              [
                90.53345787900007,
                22.11005280199998
              ],
              [
                90.5600692070001,
                22.137681382000075
              ],
              [
                90.57252037900011,
                22.13739655200004
              ],
              [
                90.58106530000013,
                22.148871161000095
              ],
              [
                90.59278405000003,
                22.159409898000135
              ],
              [
                90.60450280000003,
                22.165594794000008
              ],
              [
                90.61345462300014,
                22.164048570000165
              ]
            ]
          ],
          [
            [
              [
                90.9541121750001,
                22.208075262000076
              ],
              [
                90.9567163420001,
                22.198879299000016
              ],
              [
                90.9567163420001,
                22.144842841000024
              ],
              [
                90.94898522200008,
                22.121649481000084
              ],
              [
                90.92937259200005,
                22.116888739000068
              ],
              [
                90.91920006600009,
                22.132147528000054
              ],
              [
                90.92025800900007,
                22.160060940000104
              ],
              [
                90.92750084700008,
                22.190252997000115
              ],
              [
                90.935557488,
                22.21246979400008
              ],
              [
                90.94174238400008,
                22.20502350500008
              ],
              [
                90.94711347700004,
                22.21161530199998
              ],
              [
                90.951182488,
                22.21246979400008
              ],
              [
                90.9541121750001,
                22.208075262000076
              ]
            ]
          ],
          [
            [
              [
                90.98780358200011,
                22.19537995000002
              ],
              [
                90.97641035200014,
                22.185777085000044
              ],
              [
                90.977061394,
                22.23920319199998
              ],
              [
                90.98292076900003,
                22.25918203300006
              ],
              [
                90.99691816500011,
                22.253485419000082
              ],
              [
                90.99781334700002,
                22.235093492000033
              ],
              [
                90.9948022800001,
                22.213812567000055
              ],
              [
                90.98780358200011,
                22.19537995000002
              ]
            ]
          ],
          [
            [
              [
                90.99008222700009,
                22.281398830000114
              ],
              [
                90.95289147200009,
                22.226752020000063
              ],
              [
                90.93718509200004,
                22.232733466000074
              ],
              [
                90.94019616000003,
                22.246812242000217
              ],
              [
                90.95053144600004,
                22.263617255000035
              ],
              [
                90.9567163420001,
                22.27765534100008
              ],
              [
                90.960215691,
                22.32298411700009
              ],
              [
                90.96615644600014,
                22.347398179000052
              ],
              [
                90.97641035200014,
                22.36334870000005
              ],
              [
                90.98389733200011,
                22.35590241099999
              ],
              [
                90.98951256600003,
                22.34076569199998
              ],
              [
                90.99350019600011,
                22.32233307500005
              ],
              [
                90.99439537900018,
                22.302069403000118
              ],
              [
                90.99008222700009,
                22.281398830000114
              ]
            ]
          ],
          [
            [
              [
                91.08240771900009,
                22.101382523000073
              ],
              [
                91.06329364900007,
                22.08984755200009
              ],
              [
                91.03858483200014,
                22.09113190300005
              ],
              [
                91.02247155000009,
                22.094875393
              ],
              [
                91.01125716900009,
                22.10209066500005
              ],
              [
                91.00511111500005,
                22.11682194300006
              ],
              [
                91.03395508300018,
                22.148779882000078
              ],
              [
                91.0522567070001,
                22.175441799000126
              ],
              [
                91.05909264400005,
                22.192043361000085
              ],
              [
                91.06827393900002,
                22.240732781000084
              ],
              [
                91.0691195340001,
                22.31102963700005
              ],
              [
                91.07480066300005,
                22.388589827000054
              ],
              [
                91.09225698400012,
                22.391338292000164
              ],
              [
                91.12689879300008,
                22.374864818000145
              ],
              [
                91.1488471540001,
                22.357056968000045
              ],
              [
                91.1564502760001,
                22.332078852000127
              ],
              [
                91.17139733200001,
                22.319647528000157
              ],
              [
                91.181407097,
                22.28359609600009
              ],
              [
                91.1818953790001,
                22.260321356000084
              ],
              [
                91.18678466200006,
                22.227757465000124
              ],
              [
                91.17057633900005,
                22.197170808000056
              ],
              [
                91.16089928499996,
                22.18207428600011
              ],
              [
                91.15430748800009,
                22.169663804000074
              ],
              [
                91.14146765000008,
                22.146201361000067
              ],
              [
                91.12071197100002,
                22.13030138800017
              ],
              [
                91.10637395300003,
                22.12165790000008
              ],
              [
                91.09368931800006,
                22.118858822000018
              ],
              [
                91.08240771900009,
                22.101382523000073
              ]
            ]
          ],
          [
            [
              [
                90.6331486340001,
                22.431626695000137
              ],
              [
                90.64771569100003,
                22.407212632000093
              ],
              [
                90.65870201899997,
                22.37954336100009
              ],
              [
                90.6611434250001,
                22.35590241099999
              ],
              [
                90.65015709699998,
                22.376166083000072
              ],
              [
                90.64747154999999,
                22.383775132000025
              ],
              [
                90.640391472,
                22.36603424700003
              ],
              [
                90.64673912900007,
                22.326076565000072
              ],
              [
                90.64014733200017,
                22.30874258000016
              ],
              [
                90.63502037900005,
                22.31761302300003
              ],
              [
                90.63404381600009,
                22.328355210000048
              ],
              [
                90.63428795700013,
                22.339544989000057
              ],
              [
                90.63331139400006,
                22.349676825000124
              ],
              [
                90.64014733200017,
                22.349676825000124
              ],
              [
                90.63379967500005,
                22.367621161000063
              ],
              [
                90.62614993600002,
                22.406968492000054
              ],
              [
                90.6196395190001,
                22.424750067000048
              ],
              [
                90.61361738400011,
                22.428615627000145
              ],
              [
                90.60694420700015,
                22.42743561400004
              ],
              [
                90.60141035200004,
                22.42918528900002
              ],
              [
                90.59913170700007,
                22.44212474200003
              ],
              [
                90.60157311300011,
                22.448309637000175
              ],
              [
                90.60759524800001,
                22.450344143000017
              ],
              [
                90.61443118600002,
                22.449042059000032
              ],
              [
                90.6196395190001,
                22.445257880000096
              ],
              [
                90.6331486340001,
                22.431626695000137
              ]
            ]
          ],
          [
            [
              [
                90.65365644600014,
                22.431057033000172
              ],
              [
                90.64747154999999,
                22.424750067000048
              ],
              [
                90.65349368600008,
                22.48346588700015
              ],
              [
                90.656016472,
                22.48069896000009
              ],
              [
                90.6611434250001,
                22.48004791900014
              ],
              [
                90.66529381600004,
                22.469142971000156
              ],
              [
                90.66700280000006,
                22.458441473000054
              ],
              [
                90.66732832100008,
                22.439032294000036
              ],
              [
                90.65707441500005,
                22.433661200000085
              ],
              [
                90.65365644600014,
                22.431057033000172
              ]
            ]
          ],
          [
            [
              [
                91.1595332410001,
                22.45067424700005
              ],
              [
                91.1341632880001,
                22.449480400000137
              ],
              [
                91.1137096600001,
                22.46141485000004
              ],
              [
                91.12356215000003,
                22.489145564000143
              ],
              [
                91.1586186050001,
                22.503423074000107
              ],
              [
                91.19998796600007,
                22.514694415000108
              ],
              [
                91.2108304860001,
                22.49552145700002
              ],
              [
                91.20101719800014,
                22.47219599599999
              ],
              [
                91.1802444540001,
                22.459238753000104
              ],
              [
                91.1595332410001,
                22.45067424700005
              ]
            ]
          ],
          [
            [
              [
                91.55517907800004,
                22.402031244000117
              ],
              [
                91.50751921700007,
                22.396796588000143
              ],
              [
                91.47605216500007,
                22.41331725700008
              ],
              [
                91.44651727100008,
                22.453242453000115
              ],
              [
                91.42965828600005,
                22.4930029010001
              ],
              [
                91.42378639900004,
                22.5253019500001
              ],
              [
                91.44676458700012,
                22.5763039830001
              ],
              [
                91.46755661400005,
                22.58630965100011
              ],
              [
                91.5563606250001,
                22.478210170000033
              ],
              [
                91.56363308400009,
                22.43562105200014
              ],
              [
                91.55517907800004,
                22.402031244000117
              ]
            ]
          ],
          [
            [
              [
                90.82789147200012,
                22.15241120000015
              ],
              [
                90.77475019600011,
                22.075913804000063
              ],
              [
                90.75733483200014,
                22.061672268000073
              ],
              [
                90.755869988,
                22.065985419000068
              ],
              [
                90.75001061300006,
                22.075995184000053
              ],
              [
                90.72706139400006,
                22.05369700700002
              ],
              [
                90.71778404999999,
                22.048407294000032
              ],
              [
                90.69166100400004,
                22.00702545800001
              ],
              [
                90.68287194100009,
                22.003973700000113
              ],
              [
                90.67042076900006,
                21.997707424000073
              ],
              [
                90.6577254570001,
                21.992865302000077
              ],
              [
                90.64747154999999,
                21.994045315000097
              ],
              [
                90.63941491000004,
                22.01609935100011
              ],
              [
                90.65121504000011,
                22.0446231140001
              ],
              [
                90.66993248800009,
                22.074937242000182
              ],
              [
                90.68181399800004,
                22.102606512000094
              ],
              [
                90.62598717500005,
                22.02716705900014
              ],
              [
                90.61003665500004,
                22.024115302000144
              ],
              [
                90.60352623800004,
                22.044012762000154
              ],
              [
                90.60775800900015,
                22.07233307500009
              ],
              [
                90.61898847700007,
                22.101304429000088
              ],
              [
                90.63331139400006,
                22.12311432500014
              ],
              [
                90.62224368600002,
                22.14508698100014
              ],
              [
                90.63184655,
                22.18211497599999
              ],
              [
                90.67351321700004,
                22.266424872000076
              ],
              [
                90.67847741000001,
                22.28278229400009
              ],
              [
                90.68181399800004,
                22.30190664300006
              ],
              [
                90.6818953790002,
                22.36041901200013
              ],
              [
                90.68799889400009,
                22.37763092700004
              ],
              [
                90.67994225400007,
                22.407171942000023
              ],
              [
                90.67774498800007,
                22.42670319200007
              ],
              [
                90.68181399800004,
                22.439032294000036
              ],
              [
                90.68181399800004,
                22.445257880000096
              ],
              [
                90.67058353000002,
                22.46385325700001
              ],
              [
                90.65894616000003,
                22.52440013200007
              ],
              [
                90.64747154999999,
                22.548285223000057
              ],
              [
                90.631358269,
                22.561590887000072
              ],
              [
                90.57496178500006,
                22.598863022999968
              ],
              [
                90.55876712300011,
                22.60293203300002
              ],
              [
                90.55396569100002,
                22.639797268000066
              ],
              [
                90.55632571699998,
                22.674709377000084
              ],
              [
                90.57862389400002,
                22.757025458000143
              ],
              [
                90.58545983200003,
                22.768052476000086
              ],
              [
                90.59620201900005,
                22.775376695000094
              ],
              [
                90.61345462300014,
                22.781683661000134
              ],
              [
                90.63103274800008,
                22.78563060100011
              ],
              [
                90.65056399800007,
                22.7874209660001
              ],
              [
                90.6606194490001,
                22.757804896000053
              ],
              [
                90.67154649400004,
                22.722410315000097
              ],
              [
                90.68409525200013,
                22.694372801000085
              ],
              [
                90.70136948700006,
                22.661898417000145
              ],
              [
                90.71550702300009,
                22.63828356000007
              ],
              [
                90.73127161300008,
                22.620527278000036
              ],
              [
                90.74697855800007,
                22.59690680300011
              ],
              [
                90.75450738500017,
                22.548434354000047
              ],
              [
                90.76694021600007,
                22.51753139100011
              ],
              [
                90.79055251900012,
                22.495333023000086
              ],
              [
                90.8346368800001,
                22.45829561000006
              ],
              [
                90.85502409100012,
                22.434665140000092
              ],
              [
                90.8350220090001,
                22.33961596400007
              ],
              [
                90.8361922540001,
                22.178168036000102
              ],
              [
                90.82789147200012,
                22.15241120000015
              ]
            ]
          ],
          [
            [
              [
                90.60661868600003,
                22.877264716000106
              ],
              [
                90.62676027600007,
                22.857215927000023
              ],
              [
                90.64525350300005,
                22.84928934900009
              ],
              [
                90.66362959200012,
                22.828918033000075
              ],
              [
                90.67823326900006,
                22.808335679000066
              ],
              [
                90.66236412900012,
                22.80548737200013
              ],
              [
                90.62805225200005,
                22.812082197000077
              ],
              [
                90.5909556340001,
                22.813918922000095
              ],
              [
                90.56177819100002,
                22.788804429000095
              ],
              [
                90.54656009200005,
                22.783677476000076
              ],
              [
                90.53155868500015,
                22.76923674900012
              ],
              [
                90.52967723600007,
                22.74436306800014
              ],
              [
                90.53461211700008,
                22.72877529100012
              ],
              [
                90.52099282900005,
                22.71176534400002
              ],
              [
                90.51096129300004,
                22.722723883000096
              ],
              [
                90.49822024800002,
                22.733832098000025
              ],
              [
                90.49675540500006,
                22.743150132000064
              ],
              [
                90.49284915500004,
                22.753241278000022
              ],
              [
                90.48292076900006,
                22.759751695000016
              ],
              [
                90.45573978000004,
                22.76740143400013
              ],
              [
                90.46420332100008,
                22.778876044000103
              ],
              [
                90.46566816500014,
                22.78807200700006
              ],
              [
                90.46265709700005,
                22.815822658000048
              ],
              [
                90.46314537900012,
                22.834051825000113
              ],
              [
                90.46607506600006,
                22.85175202000004
              ],
              [
                90.47339928500007,
                22.865139065000033
              ],
              [
                90.48682701900006,
                22.87042877800018
              ],
              [
                90.52116946700002,
                22.86465078300005
              ],
              [
                90.53760826900009,
                22.866766669000047
              ],
              [
                90.54444420700003,
                22.880682684000117
              ],
              [
                90.552744988,
                22.881740627000084
              ],
              [
                90.59229576900003,
                22.881903387000055
              ],
              [
                90.60661868600003,
                22.877264716000106
              ]
            ]
          ],
          [
            [
              [
                90.64535566500008,
                22.97483958500004
              ],
              [
                90.66732832100008,
                22.959173895000067
              ],
              [
                90.66732832100008,
                22.953029690000005
              ],
              [
                90.64161217500003,
                22.95229726800006
              ],
              [
                90.63331139400006,
                22.953029690000005
              ],
              [
                90.64470462300004,
                22.945990302000112
              ],
              [
                90.65463300900002,
                22.93732330900011
              ],
              [
                90.66236412900012,
                22.927801825000113
              ],
              [
                90.66732832100008,
                22.918198960000048
              ],
              [
                90.63624108200008,
                22.921332098000114
              ],
              [
                90.627126498,
                22.92503489799998
              ],
              [
                90.6196395190001,
                22.932521877000045
              ],
              [
                90.60767662900008,
                22.952582098000093
              ],
              [
                90.59913170700007,
                22.959173895000067
              ],
              [
                90.58871504000007,
                22.962062893000006
              ],
              [
                90.5847274100001,
                22.960394598000082
              ],
              [
                90.5812280610001,
                22.956529039000163
              ],
              [
                90.57252037900011,
                22.953029690000005
              ],
              [
                90.56169681100003,
                22.951564846000114
              ],
              [
                90.53451582100011,
                22.951239325000092
              ],
              [
                90.52409915500003,
                22.953029690000005
              ],
              [
                90.50806725400004,
                22.975775458000033
              ],
              [
                90.52800540500003,
                23.007635809000146
              ],
              [
                90.56128991000003,
                23.03261953300007
              ],
              [
                90.58619225400015,
                23.03489817900005
              ],
              [
                90.60726972700007,
                23.018133856000112
              ],
              [
                90.64535566500008,
                22.97483958500004
              ]
            ]
          ],
          [
            [
              [
                90.47779381600004,
                23.012396552000048
              ],
              [
                90.46949303500008,
                23.007635809000146
              ],
              [
                90.46094811300004,
                23.048488674000087
              ],
              [
                90.45573978000004,
                23.062811591000084
              ],
              [
                90.4943953790001,
                23.06293366100006
              ],
              [
                90.50245201900005,
                23.064886786000006
              ],
              [
                90.51042728000009,
                23.069037177000144
              ],
              [
                90.51710045700004,
                23.059312242000168
              ],
              [
                90.51563561299999,
                23.051947333000097
              ],
              [
                90.50017337300007,
                23.038031317000115
              ],
              [
                90.47779381600004,
                23.012396552000048
              ]
            ]
          ],
          [
            [
              [
                90.5393986340001,
                23.350002346000107
              ],
              [
                90.57764733200004,
                23.323635158000016
              ],
              [
                90.58619225400015,
                23.301743881999997
              ],
              [
                90.54957116000004,
                23.326239325000106
              ],
              [
                90.52955162900017,
                23.333563544000118
              ],
              [
                90.52409915500003,
                23.322251695000123
              ],
              [
                90.50611412900018,
                23.314195054000102
              ],
              [
                90.48707116000008,
                23.319037177000077
              ],
              [
                90.46876061300004,
                23.331610419000082
              ],
              [
                90.43726647200003,
                23.36180247600008
              ],
              [
                90.4266056650001,
                23.375962632000103
              ],
              [
                90.42969811300007,
                23.38515859600008
              ],
              [
                90.45573978000004,
                23.38495514500011
              ],
              [
                90.49187259200008,
                23.373032945000173
              ],
              [
                90.5393986340001,
                23.350002346000107
              ]
            ]
          ],
          [
            [
              [
                94.6577677752626,
                39.28532847792699
              ],
              [
                94.6683097676816,
                39.27889476218353
              ],
              [
                94.68417443180455,
                39.26334015642315
              ],
              [
                94.70215783121887,
                39.24889659290337
              ],
              [
                94.72463707913786,
                39.23683014619435
              ],
              [
                94.84953901591275,
                39.205462551355616
              ],
              [
                94.91237755657896,
                39.1982020133123
              ],
              [
                94.91987064041768,
                39.19616079418533
              ],
              [
                94.92653690015781,
                39.193499457434
              ],
              [
                94.93769900930181,
                39.1873758000531
              ],
              [
                94.95521731982342,
                39.17269969343609
              ],
              [
                94.97588789261212,
                39.159573880430244
              ],
              [
                94.98193403472798,
                39.15683502931316
              ],
              [
                95.00596357625798,
                39.15120229834741
              ],
              [
                95.04632286990446,
                39.147274888825095
              ],
              [
                95.05717492068601,
                39.14745575597836
              ],
              [
                95.11784305191541,
                39.1612792018736
              ],
              [
                95.13582645132966,
                39.16363047936311
              ],
              [
                95.21856041932786,
                39.16040070183092
              ],
              [
                95.2356136409568,
                39.16246776027889
              ],
              [
                95.25054812999221,
                39.1658267281209
              ],
              [
                95.29256107003734,
                39.179986069901204
              ],
              [
                95.30532514873664,
                39.18277659786164
              ],
              [
                95.3136967308195,
                39.18127798109398
              ],
              [
                95.32098310728453,
                39.176782131690025
              ],
              [
                95.35452111156006,
                39.13456248606983
              ],
              [
                95.46092288588247,
                39.04660919915519
              ],
              [
                95.47627078696719,
                39.037591661026354
              ],
              [
                95.49601118376918,
                39.03033112208358
              ],
              [
                95.56577436659373,
                39.01524160431664
              ],
              [
                95.57828006377393,
                39.00811025658306
              ],
              [
                95.58386111879551,
                39.001030584793625
              ],
              [
                95.58892540898043,
                38.988989977405616
              ],
              [
                95.59424808068435,
                38.9804892032142
              ],
              [
                95.60194787009806,
                38.97095490204715
              ],
              [
                95.65383100809458,
                38.92883860921443
              ],
              [
                95.68700727716404,
                38.895533148935684
              ],
              [
                95.7028202662423,
                38.88323415822981
              ],
              [
                95.72163048705731,
                38.87473338493776
              ],
              [
                95.73883873921643,
                38.872201240295006
              ],
              [
                95.7581140480249,
                38.87354482743193
              ],
              [
                95.7719116563978,
                38.870547593896354
              ],
              [
                95.78818973167076,
                38.862331041444406
              ],
              [
                95.85614424026447,
                38.81484040006436
              ],
              [
                95.88100060409454,
                38.789880683446825
              ],
              [
                95.89185265487608,
                38.783653673278344
              ],
              [
                96.0076078632123,
                38.751691799237065
              ],
              [
                96.01861494272536,
                38.745904039539774
              ],
              [
                96.0252812033648,
                38.74021963083132
              ],
              [
                96.03106896396145,
                38.73148631444188
              ],
              [
                96.03861372284506,
                38.6992918973032
              ],
              [
                96.0451766297976,
                38.687974758528284
              ],
              [
                96.05478844622981,
                38.67882803008945
              ],
              [
                96.07277184384557,
                38.669758816016554
              ],
              [
                96.08553592344408,
                38.66743337694875
              ],
              [
                96.09855838366252,
                38.668208523304656
              ],
              [
                96.11018558079986,
                38.67006887527838
              ],
              [
                96.1264636578715,
                38.66991384474819
              ],
              [
                96.14093305891353,
                38.665237128190874
              ],
              [
                96.18248091006593,
                38.64348134978445
              ],
              [
                96.20904259623879,
                38.6351614454443
              ],
              [
                96.23276207940651,
                38.632525947114864
              ],
              [
                96.28335330621009,
                38.63531647417594
              ],
              [
                96.30056155836921,
                38.63299103420885
              ],
              [
                96.31549604740464,
                38.62694489209317
              ],
              [
                96.39445763461207,
                38.582399807405196
              ],
              [
                96.43962283692443,
                38.565346584876956
              ],
              [
                96.50261640812072,
                38.54901683186129
              ],
              [
                96.50835249187395,
                38.54483104081988
              ],
              [
                96.51238325418383,
                38.537389634723844
              ],
              [
                96.51300337090882,
                38.5289146998536
              ],
              [
                96.50308149611416,
                38.49969167692942
              ],
              [
                96.50246137938917,
                38.495841783571535
              ],
              [
                96.5023063497582,
                38.489382229406274
              ],
              [
                96.50432173136281,
                38.47992544170571
              ],
              [
                96.5103678725792,
                38.470106919698544
              ],
              [
                96.53243371024755,
                38.45765290026114
              ],
              [
                96.56793541928418,
                38.44426870393753
              ],
              [
                96.67624922062501,
                38.41527822501013
              ],
              [
                96.69826338055056,
                38.406312363724545
              ],
              [
                96.70699669783929,
                38.39925853125619
              ],
              [
                96.72353315643001,
                38.389982612507616
              ],
              [
                96.74916466661605,
                38.37938894324508
              ],
              [
                96.84507612536288,
                38.3564187689111
              ],
              [
                96.91225548670133,
                38.3508377138894
              ],
              [
                96.92703494700518,
                38.351716213932164
              ],
              [
                96.93799034967492,
                38.354351712261696
              ],
              [
                96.94548343261431,
                38.358227444041276
              ],
              [
                96.95013431164918,
                38.362878323076174
              ],
              [
                96.95354495633461,
                38.36882111330383
              ],
              [
                96.95866092336284,
                38.38719208454709
              ],
              [
                96.97121829558783,
                38.56725861279473
              ],
              [
                96.97090823812465,
                38.576767076439346
              ],
              [
                96.96966800287603,
                38.58426015937891
              ],
              [
                96.96672244708324,
                38.59506053331694
              ],
              [
                96.96315677276681,
                38.60312205703734
              ],
              [
                96.94935916529327,
                38.624206040976
              ],
              [
                96.9423828471907,
                38.63911469248903
              ],
              [
                96.93985070164857,
                38.65345490232189
              ],
              [
                96.94145267120379,
                38.6616197779304
              ],
              [
                96.94827395967546,
                38.66942291923231
              ],
              [
                96.96269168477336,
                38.67707103090329
              ],
              [
                96.96641238782142,
                38.6786730013579
              ],
              [
                96.96904788615095,
                38.680429998745396
              ],
              [
                96.97054650291878,
                38.68301382113104
              ],
              [
                96.97137332611811,
                38.68776805295331
              ],
              [
                96.9701330908695,
                38.70523468753083
              ],
              [
                96.97054650291878,
                38.715466619788664
              ],
              [
                96.97400882444764,
                38.72523346585177
              ],
              [
                96.97834964422069,
                38.73479360633982
              ],
              [
                96.98119184812526,
                38.74430206998463
              ],
              [
                96.98150190558854,
                38.75484406240364
              ],
              [
                96.9758691746227,
                38.77923533824032
              ],
              [
                96.97447391244107,
                38.79437653285069
              ],
              [
                96.97896976094569,
                38.83173859296178
              ],
              [
                96.97741946823386,
                38.8419188501748
              ],
              [
                96.97323367719238,
                38.8523058129629
              ],
              [
                96.97090823812465,
                38.86419139341804
              ],
              [
                96.97214847157464,
                38.87633535449309
              ],
              [
                96.98036502492593,
                38.89979645434287
              ],
              [
                96.98315555198711,
                38.91209544504885
              ],
              [
                96.98398237518643,
                38.924549465385525
              ],
              [
                96.98346561124893,
                38.94201609996306
              ],
              [
                96.99111372292002,
                38.99679311780815
              ],
              [
                96.99121707570743,
                39.00056549680027
              ],
              [
                96.99018354693311,
                39.01410472275478
              ],
              [
                96.9837756687121,
                39.0407697617152
              ],
              [
                96.96253665604173,
                39.10324656807463
              ],
              [
                96.961606480055,
                39.112083238150916
              ],
              [
                96.96315677276681,
                39.11921458588449
              ],
              [
                96.96625735908988,
                39.12443390570022
              ],
              [
                96.9752490578977,
                39.129963283878475
              ],
              [
                96.9805717314003,
                39.134407457338305
              ],
              [
                96.98615278462321,
                39.142934068152776
              ],
              [
                96.99018354693311,
                39.15223582622244
              ],
              [
                96.99452436670619,
                39.17197622302434
              ],
              [
                96.99762495302915,
                39.1789525420262
              ],
              [
                97.00103559771465,
                39.1832416858551
              ],
              [
                97.00584150638036,
                39.18758250652744
              ],
              [
                97.01328291157701,
                39.19207835503211
              ],
              [
                97.02646040232564,
                39.196212470129296
              ],
              [
                97.08278771378191,
                39.20347300907208
              ],
              [
                97.1374613788396,
                39.20316294981026
              ],
              [
                97.36256391819022,
                39.15042715109214
              ],
              [
                97.37486290889609,
                39.14575043453492
              ],
              [
                97.67494795088716,
                39.00500967115945
              ],
              [
                97.67928877155958,
                39.00159902647383
              ],
              [
                97.69758222933635,
                38.981031806472714
              ],
              [
                98.02050825355302,
                38.83623444326492
              ],
              [
                98.06861901165806,
                38.801843777368454
              ],
              [
                98.10288048724472,
                38.814607856067674
              ],
              [
                98.19367597896323,
                38.875405178506185
              ],
              [
                98.26256066264446,
                38.931680813119016
              ],
              [
                98.2724825383384,
                38.947519639719616
              ],
              [
                98.27868371008506,
                38.970489814053686
              ],
              [
                98.284006381789,
                38.983434759906274
              ],
              [
                98.30152469320994,
                39.00787771348566
              ],
              [
                98.31113650874288,
                39.017308660965874
              ],
              [
                98.32431399859215,
                39.02325145119361
              ],
              [
                98.33656131425323,
                39.02314809840603
              ],
              [
                98.35149580328863,
                39.02108104085736
              ],
              [
                98.36839399618594,
                39.01632680903499
              ],
              [
                98.38348351395298,
                39.00919546220088
              ],
              [
                98.39557579998315,
                39.00020376249358
              ],
              [
                98.41707319507194,
                38.97317698832737
              ],
              [
                98.42875206905272,
                38.96351349505173
              ],
              [
                98.4445650572316,
                38.957312324204345
              ],
              [
                98.46229007422743,
                38.95558116344001
              ],
              [
                98.52714399559889,
                38.95715729457344
              ],
              [
                98.54140669106596,
                38.95511607544647
              ],
              [
                98.55752973760723,
                38.94987091720903
              ],
              [
                98.57494469624068,
                38.94609853821691
              ],
              [
                98.60222985192611,
                38.94759715408538
              ],
              [
                98.62786136301142,
                38.956795559367634
              ],
              [
                98.65204593327314,
                38.96955963806687
              ],
              [
                98.69643598833012,
                39.000513820856206
              ],
              [
                98.70589277513142,
                39.00911794693574
              ],
              [
                98.7139542988518,
                39.01854889621458
              ],
              [
                98.72144738179126,
                39.02986603409014
              ],
              [
                98.72795861190039,
                39.04226837848294
              ],
              [
                98.7352449892648,
                39.062267157703154
              ],
              [
                98.73912072104442,
                39.066840522372175
              ],
              [
                98.74702721603316,
                39.070612901364285
              ],
              [
                98.78190880744543,
                39.06769318309393
              ],
              [
                98.81451663573407,
                39.057202867518356
              ],
              [
                98.83048465444323,
                39.04981313736637
              ],
              [
                98.8492948752583,
                39.0438703480381
              ],
              [
                98.8863985529508,
                39.03916779215979
              ],
              [
                98.90190148276722,
                39.035576280321024
              ],
              [
                98.91662926622767,
                39.028599962218436
              ],
              [
                98.92872155225784,
                39.01984080740738
              ],
              [
                98.96210452690237,
                38.98175527598518
              ],
              [
                98.973421664778,
                38.97599335381024
              ],
              [
                98.98840783065683,
                38.974288032366715
              ],
              [
                99.04122114464018,
                38.9780345729372
              ],
              [
                99.06406212776496,
                38.97560578108202
              ],
              [
                99.0818904966491,
                38.96862946207998
              ],
              [
                99.0947579281359,
                38.95777741129842
              ],
              [
                99.09987389516405,
                38.94821727081036
              ],
              [
                99.0986336608147,
                38.93963898405185
              ],
              [
                99.08809166929515,
                38.923515937510516
              ],
              [
                99.08555952375292,
                38.91364573776053
              ],
              [
                99.08855675728852,
                38.90305207029684
              ],
              [
                99.09925377843915,
                38.88964203555154
              ],
              [
                99.35980634998307,
                38.7056480977815
              ],
              [
                99.42791588730833,
                38.63960561800483
              ],
              [
                99.44589928582337,
                38.62544627532534
              ],
              [
                99.49633548389548,
                38.60110667633208
              ],
              [
                99.50145145092372,
                38.59635244450981
              ],
              [
                99.50785932824546,
                38.58821340642356
              ],
              [
                99.51137332571838,
                38.580384425800574
              ],
              [
                99.51540408712889,
                38.56648346643884
              ],
              [
                99.52036502542558,
                38.55516632676455
              ],
              [
                99.52940840017747,
                38.54188548412782
              ],
              [
                99.55715864475562,
                38.515375474798375
              ],
              [
                99.79988284741549,
                38.36572052698076
              ],
              [
                99.83259402939098,
                38.352129625082185
              ],
              [
                99.9145528501339,
                38.33830617918685
              ],
              [
                100.00064578687349,
                38.314405828865965
              ],
              [
                100.07903893419936,
                38.278439032735164
              ],
              [
                100.11557417201047,
                38.25120555299387
              ],
              [
                100.14647667795629,
                38.21402436003616
              ],
              [
                100.15334964417076,
                38.20862417306711
              ],
              [
                100.15846561119896,
                38.207435615561174
              ],
              [
                100.1648218116772,
                38.2108462593474
              ],
              [
                100.16823245636272,
                38.21560049116978
              ],
              [
                100.17024783706798,
                38.221491604553904
              ],
              [
                100.17035118985547,
                38.2280028355624
              ],
              [
                100.16993777870555,
                38.23469493282488
              ],
              [
                100.1671472507449,
                38.24696808510904
              ],
              [
                100.15738040558116,
                38.267380276378724
              ],
              [
                100.15608849528776,
                38.27190196420431
              ],
              [
                100.15552005360763,
                38.275080063993784
              ],
              [
                100.15505496561418,
                38.28027354628707
              ],
              [
                100.15676028795689,
                38.29730093039359
              ],
              [
                100.15552005360763,
                38.30277863172852
              ],
              [
                100.1519543801904,
                38.3074295107633
              ],
              [
                100.14683841316216,
                38.311666979547525
              ],
              [
                100.12714969320378,
                38.32195058954812
              ],
              [
                100.12280887163207,
                38.325567938909245
              ],
              [
                100.11557417201047,
                38.333965359413895
              ],
              [
                100.10570397315979,
                38.35461009378081
              ],
              [
                100.08524010594613,
                38.38887156846809
              ],
              [
                100.08306969560996,
                38.39450429943391
              ],
              [
                100.08461998922112,
                38.41768117934297
              ],
              [
                100.09082116096779,
                38.451115830831014
              ],
              [
                100.09857262632568,
                38.47726410585375
              ],
              [
                100.10368859335388,
                38.485532335149124
              ],
              [
                100.1122152041683,
                38.4905707869123
              ],
              [
                100.12570275327946,
                38.49093252211817
              ],
              [
                100.1407922710464,
                38.485842394410945
              ],
              [
                100.20347578298097,
                38.44134898476781
              ],
              [
                100.21789350807894,
                38.4239598663547
              ],
              [
                100.23577355290713,
                38.394607652221396
              ],
              [
                100.24616051569522,
                38.38701121739383
              ],
              [
                100.26507409109637,
                38.380706691960306
              ],
              [
                100.28042199128188,
                38.371637477887326
              ],
              [
                100.29623497856139,
                38.354920152143336
              ],
              [
                100.30884402942837,
                38.33812531203351
              ],
              [
                100.33023807172964,
                38.32071035429931
              ],
              [
                100.35783328667681,
                38.30704193803509
              ],
              [
                100.41168012943444,
                38.29208161147724
              ],
              [
                100.44180748902444,
                38.289911201141074
              ],
              [
                100.48247684103337,
                38.2908413762286
              ],
              [
                100.49735965412472,
                38.289446113147626
              ],
              [
                100.51053714397398,
                38.28469188132526
              ],
              [
                100.53012251204424,
                38.27420156485031
              ],
              [
                100.55430708230605,
                38.25208405213727
              ],
              [
                100.57001671769737,
                38.23017324499929
              ],
              [
                100.57993859339129,
                38.20893423142964
              ],
              [
                100.60195275331685,
                38.12744049688141
              ],
              [
                100.63574913911148,
                38.10540049943343
              ],
              [
                100.93216515489792,
                38.0008074002413
              ],
              [
                100.99918948840418,
                37.98558869126508
              ],
              [
                101.04978071520785,
                37.96372956007115
              ],
              [
                101.29291832901765,
                37.7989334167437
              ],
              [
                101.64654015540381,
                37.61186473197176
              ],
              [
                101.69253218001612,
                37.59837718376005
              ],
              [
                101.70710493384563,
                37.58778351539688
              ],
              [
                101.73221968009418,
                37.55228180636026
              ],
              [
                101.74648237466198,
                37.53695974369727
              ],
              [
                101.76560265473879,
                37.52497081225314
              ],
              [
                101.78544640522738,
                37.52050080037168
              ],
              [
                101.8017244813997,
                37.52608185539337
              ],
              [
                101.81293826738722,
                37.54375519554586
              ],
              [
                101.81867435114037,
                37.604009914725786
              ],
              [
                101.82751102121665,
                37.617704169411844
              ],
              [
                101.83603763203104,
                37.62731598584412
              ],
              [
                101.85696658723825,
                37.64496348757482
              ],
              [
                101.93706505690672,
                37.73069468820925
              ],
              [
                101.94745201969502,
                37.73749013915856
              ],
              [
                101.95628868977113,
                37.74004812312232
              ],
              [
                101.96559044784088,
                37.73485464082905
              ],
              [
                101.9719983260619,
                37.720385239787
              ],
              [
                101.98016320167049,
                37.6671585155531
              ],
              [
                101.99587283706171,
                37.61450023030138
              ],
              [
                102.05390547086076,
                37.57925690458242
              ],
              [
                102.06212202421207,
                37.56576935547133
              ],
              [
                102.06723799034094,
                37.5483027208938
              ],
              [
                102.05943484903912,
                37.53119782242151
              ],
              [
                102.03680057238857,
                37.50119965314142
              ],
              [
                102.03494022041487,
                37.49789236124349
              ],
              [
                102.0336999860655,
                37.49238882148695
              ],
              [
                102.03266645729121,
                37.47890127237586
              ],
              [
                102.04010786338715,
                37.46484528338312
              ],
              [
                102.05344038286741,
                37.45244293899048
              ],
              [
                102.14201378830569,
                37.406657619953144
              ],
              [
                102.15379601417469,
                37.40658010468799
              ],
              [
                102.16749026886075,
                37.40890554555455
              ],
              [
                102.18795413607457,
                37.40782033993673
              ],
              [
                102.21281049990465,
                37.39911286106972
              ],
              [
                102.24552168188009,
                37.38087108013619
              ],
              [
                102.3505798690657,
                37.30283966711692
              ],
              [
                102.37879520073793,
                37.29255605711639
              ],
              [
                102.40318647657469,
                37.28738841414402
              ],
              [
                102.42664757732385,
                37.27806081855201
              ],
              [
                102.4438558285837,
                37.26235118316061
              ],
              [
                102.46106408074276,
                37.24242991830618
              ],
              [
                102.51801150892402,
                37.19979686153596
              ],
              [
                102.55061933811191,
                37.163830064505866
              ],
              [
                102.55837080257048,
                37.14889557636975
              ],
              [
                102.55914594892639,
                37.13447785127186
              ],
              [
                102.54984419175601,
                37.11884573024625
              ],
              [
                102.53568484907652,
                37.10652090111865
              ],
              [
                102.51971683126673,
                37.09752920231082
              ],
              [
                102.49584232026692,
                37.089105943384645
              ],
              [
                102.4932068219372,
                37.05675649751441
              ],
              [
                102.47966759598279,
                37.00278046354757
              ],
              [
                102.46013390475585,
                36.95565155737349
              ],
              [
                102.46075402238021,
                36.951465766332056
              ],
              [
                102.46633507740191,
                36.94684072481963
              ],
              [
                102.47718712818346,
                36.940251980344634
              ],
              [
                102.53682173063838,
                36.911442369469746
              ],
              [
                102.54271284402252,
                36.90937531192117
              ],
              [
                102.54819054625672,
                36.90673981449091
              ],
              [
                102.55558027461004,
                36.90002187790728
              ],
              [
                102.58880822142231,
                36.85744049708129
              ],
              [
                102.59666303866837,
                36.851135973446404
              ],
              [
                102.63004601421218,
                36.83614980756749
              ],
              [
                102.66296390176271,
                36.812947089236815
              ],
              [
                102.67474612763169,
                36.801629951361086
              ],
              [
                102.67862186120995,
                36.79504120508745
              ],
              [
                102.6814123882711,
                36.785119330292886
              ],
              [
                102.68156741700264,
                36.76468130150086
              ],
              [
                102.67645145087378,
                36.74995351804042
              ],
              [
                102.66745975116649,
                36.741426907226035
              ],
              [
                102.6525769389745,
                36.73713776339704
              ],
              [
                102.63841759629503,
                36.73499319148269
              ],
              [
                102.6151632020202,
                36.72876618131421
              ],
              [
                102.605396355957,
                36.72308177350504
              ],
              [
                102.59624962841771,
                36.71383169227871
              ],
              [
                102.59170210217022,
                36.701842759935474
              ],
              [
                102.591908806846,
                36.68727000610595
              ],
              [
                102.5985233906419,
                36.672387193014515
              ],
              [
                102.61082238224705,
                36.65719432246
              ],
              [
                102.6322164254478,
                36.64355174371801
              ],
              [
                102.66559940009223,
                36.630735989074616
              ],
              [
                102.68342776897627,
                36.6211241735418
              ],
              [
                102.69815555243679,
                36.608876857880695
              ],
              [
                102.70983442641759,
                36.587431138736086
              ],
              [
                102.72053144666886,
                36.55539175122839
              ],
              [
                102.73587934775364,
                36.52893341694366
              ],
              [
                102.769727411291,
                36.497565823004294
              ],
              [
                102.79065636559882,
                36.41741567649237
              ],
              [
                102.80119835801784,
                36.388580227195696
              ],
              [
                102.80801964738887,
                36.353026842215
              ],
              [
                102.81256717273689,
                36.33762726518614
              ],
              [
                102.81856163890852,
                36.32605174399284
              ],
              [
                102.82290245958086,
                36.32336456971916
              ],
              [
                102.82977542489596,
                36.32258942336316
              ],
              [
                102.85328820158925,
                36.323467923405936
              ],
              [
                102.85576867118723,
                36.32310618730069
              ],
              [
                102.89447431843506,
                36.30941193351401
              ],
              [
                102.92408491408747,
                36.28142914493917
              ],
              [
                102.93359337773218,
                36.273961900421426
              ],
              [
                102.94211998944601,
                36.2692593454425
              ],
              [
                102.94863121865585,
                36.267579861521405
              ],
              [
                102.97002526185634,
                36.2641950552576
              ],
              [
                102.98103234316818,
                36.260732733728744
              ],
              [
                102.98506310367924,
                36.25840729376167
              ],
              [
                102.98971398271411,
                36.25504832591938
              ],
              [
                103.00015262234564,
                36.24548818633071
              ],
              [
                103.01038455640219,
                36.23789175150314
              ],
              [
                103.01519046416851,
                36.235152900386126
              ],
              [
                103.04035688726056,
                36.21649770830267
              ],
              [
                103.02833437006527,
                36.20901805013402
              ],
              [
                102.53878981800061,
                36.070346047000506
              ],
              [
                102.26173902100041,
                35.96028813700005
              ],
              [
                102.08476560000034,
                35.83779710000019
              ],
              [
                102.0768665000001,
                35.84565300000005
              ],
              [
                102.07554270000037,
                35.85060640000009
              ],
              [
                102.07892640000037,
                35.85692320000014
              ],
              [
                102.0754454000003,
                35.86451960000019
              ],
              [
                102.06570850000041,
                35.87153040000029
              ],
              [
                102.06399460000037,
                35.87557640000021
              ],
              [
                102.06251840000027,
                35.88242720000001
              ],
              [
                102.06193190000005,
                35.88514910000017
              ],
              [
                102.06582120000031,
                35.89057830000016
              ],
              [
                102.06774270000034,
                35.89326040000038
              ],
              [
                102.06811170000032,
                35.89656490000006
              ],
              [
                102.06673840000019,
                35.902405200000125
              ],
              [
                102.06296190000037,
                35.90351760000015
              ],
              [
                102.05952870000016,
                35.90727180000008
              ],
              [
                102.05746870000009,
                35.90796700000022
              ],
              [
                102.05190930000035,
                35.908504900000324
              ],
              [
                102.0487399000003,
                35.91340990000027
              ],
              [
                102.04383290000035,
                35.916328400000346
              ],
              [
                102.04210690000019,
                35.92028040000013
              ],
              [
                102.0396159000003,
                35.92603990000007
              ],
              [
                102.04012610000026,
                35.92749620000031
              ],
              [
                102.04429450000035,
                35.92980870000015
              ],
              [
                102.04961110000025,
                35.93223600000008
              ],
              [
                102.0483707000003,
                35.935352900000225
              ],
              [
                102.04594220000027,
                35.93847690000025
              ],
              [
                102.04617950000036,
                35.94565660000012
              ],
              [
                102.0448188000004,
                35.947689700000105
              ],
              [
                102.04434020000024,
                35.95154720000007
              ],
              [
                102.04373580000032,
                35.95258580000021
              ],
              [
                102.04219090000004,
                35.953975400000076
              ],
              [
                102.03257780000027,
                35.95508710000022
              ],
              [
                102.02897290000026,
                35.956615600000205
              ],
              [
                102.02725630000015,
                35.9618956000001
              ],
              [
                102.02965960000023,
                35.96578600000011
              ],
              [
                102.03412280000003,
                35.970092900000125
              ],
              [
                102.03583940000031,
                35.9753721000003
              ],
              [
                102.03549610000033,
                35.97815040000014
              ],
              [
                102.03360780000041,
                35.97995630000017
              ],
              [
                102.03068950000036,
                35.98134540000036
              ],
              [
                102.02468140000028,
                35.983290100000325
              ],
              [
                102.01935990000032,
                35.98759610000026
              ],
              [
                102.01901660000016,
                35.99287410000035
              ],
              [
                102.01832990000037,
                35.9948185000001
              ],
              [
                102.01438170000037,
                35.997596200000075
              ],
              [
                102.01026180000035,
                35.99856830000003
              ],
              [
                102.0080302000003,
                36.000373800000204
              ],
              [
                102.00013380000027,
                35.99898500000005
              ],
              [
                101.99086410000032,
                36.000790400000206
              ],
              [
                101.98846080000025,
                36.00245690000026
              ],
              [
                101.98674420000015,
                36.00592860000009
              ],
              [
                101.98245270000035,
                36.00842820000033
              ],
              [
                101.98107940000023,
                36.01273280000033
              ],
              [
                101.98159440000038,
                36.01745370000013
              ],
              [
                101.98022110000026,
                36.0198140000002
              ],
              [
                101.98130550000027,
                36.02439530000019
              ],
              [
                101.98031550000007,
                36.028292400000225
              ],
              [
                101.97507130000014,
                36.03230880000037
              ],
              [
                101.97283970000024,
                36.03272530000019
              ],
              [
                101.96765020000038,
                36.03128500000021
              ],
              [
                101.96082340000025,
                36.02939360000004
              ],
              [
                101.95721850000038,
                36.02939360000004
              ],
              [
                101.95054960000016,
                36.03224380000014
              ],
              [
                101.95010020000028,
                36.03503200000008
              ],
              [
                101.95395690000035,
                36.03952720000006
              ],
              [
                101.95327030000038,
                36.040082400000166
              ],
              [
                101.94966540000019,
                36.03980480000011
              ],
              [
                101.94640380000033,
                36.03980480000011
              ],
              [
                101.94378930000035,
                36.04167060000012
              ],
              [
                101.94184150000032,
                36.045227400000066
              ],
              [
                101.94305480000034,
                36.04809670000033
              ],
              [
                101.94537380000037,
                36.04910430000022
              ],
              [
                101.94543930000029,
                36.05030530000028
              ],
              [
                101.94609460000034,
                36.052864200000094
              ],
              [
                101.94615010000031,
                36.05615750000009
              ],
              [
                101.9450305000002,
                36.059235300000374
              ],
              [
                101.93455240000029,
                36.06261200000016
              ],
              [
                101.93061130000034,
                36.06544630000038
              ],
              [
                101.9263276000003,
                36.067310300000244
              ],
              [
                101.90743670000026,
                36.07283390000002
              ],
              [
                101.89730870000017,
                36.07325010000036
              ],
              [
                101.89370380000034,
                36.07533130000025
              ],
              [
                101.89250210000036,
                36.07768990000036
              ],
              [
                101.89318880000037,
                36.080325900000155
              ],
              [
                101.89713700000037,
                36.08240690000037
              ],
              [
                101.89936860000026,
                36.08559770000023
              ],
              [
                101.90503340000036,
                36.08573640000018
              ],
              [
                101.90882310000039,
                36.08692750000013
              ],
              [
                101.91219950000016,
                36.08883650000017
              ],
              [
                101.91305830000016,
                36.09028150000036
              ],
              [
                101.91230610000027,
                36.09230270000008
              ],
              [
                101.91121320000028,
                36.09364340000017
              ],
              [
                101.90829500000041,
                36.09392080000003
              ],
              [
                101.90503340000036,
                36.09225630000031
              ],
              [
                101.89971190000006,
                36.09086910000013
              ],
              [
                101.8943904000003,
                36.091146500000335
              ],
              [
                101.88872560000037,
                36.094059500000306
              ],
              [
                101.88579810000027,
                36.09666810000014
              ],
              [
                101.8856007000003,
                36.09963300000013
              ],
              [
                101.89354900000032,
                36.103796900000226
              ],
              [
                101.89450310000038,
                36.10470690000021
              ],
              [
                101.89473370000027,
                36.10654250000003
              ],
              [
                101.89198720000041,
                36.10806810000031
              ],
              [
                101.88941220000015,
                36.10820680000024
              ],
              [
                101.88288910000027,
                36.107790700000116
              ],
              [
                101.87928420000044,
                36.1091776000001
              ],
              [
                101.8732174000001,
                36.11132770000036
              ],
              [
                101.8725841000001,
                36.11159940000029
              ],
              [
                101.8692492000004,
                36.1130303000002
              ],
              [
                101.8619464000003,
                36.11278330000018
              ],
              [
                101.85937150000024,
                36.11417010000017
              ],
              [
                101.85662490000036,
                36.12193550000036
              ],
              [
                101.8518391000003,
                36.12396100000009
              ],
              [
                101.84841800000024,
                36.12351240000027
              ],
              [
                101.8465187000003,
                36.12174930000005
              ],
              [
                101.84510330000006,
                36.117773600000255
              ],
              [
                101.84443580000026,
                36.116339200000056
              ],
              [
                101.84426530000019,
                36.11597280000029
              ],
              [
                101.84272030000027,
                36.11583420000018
              ],
              [
                101.83774220000028,
                36.116527500000366
              ],
              [
                101.83308630000036,
                36.11703490000006
              ],
              [
                101.82761410000037,
                36.11819160000003
              ],
              [
                101.82601520000041,
                36.118234300000175
              ],
              [
                101.82298000000029,
                36.11870480000003
              ],
              [
                101.81897550000024,
                36.119394100000214
              ],
              [
                101.81631910000037,
                36.119427100000294
              ],
              [
                101.81130630000038,
                36.11902360000011
              ],
              [
                101.81003570000024,
                36.11888790000008
              ],
              [
                101.8080901000004,
                36.118385300000256
              ],
              [
                101.80775320000004,
                36.11825380000019
              ],
              [
                101.80668870000024,
                36.11636510000006
              ],
              [
                101.8045426000003,
                36.11269710000033
              ],
              [
                101.8013038000002,
                36.112463000000155
              ],
              [
                101.79447520000008,
                36.117691800000074
              ],
              [
                101.79022770000039,
                36.12350830000011
              ],
              [
                101.78170060000039,
                36.15308870000031
              ],
              [
                101.77293610000015,
                36.15689940000013
              ],
              [
                101.76645800000027,
                36.15566090000033
              ],
              [
                101.7583604000003,
                36.15070710000008
              ],
              [
                101.75445450000007,
                36.15013550000021
              ],
              [
                101.75178700000015,
                36.152231400000076
              ],
              [
                101.74692850000034,
                36.154422500000365
              ],
              [
                101.72679640000027,
                36.157724500000015
              ],
              [
                101.72415980000025,
                36.15956690000022
              ],
              [
                101.71701490000027,
                36.16356800000016
              ],
              [
                101.71041080000025,
                36.16381780000003
              ],
              [
                101.70811320000038,
                36.16341820000038
              ],
              [
                101.70554100000038,
                36.16266900000019
              ],
              [
                101.69600000000038,
                36.16325000000014
              ],
              [
                101.69004900000039,
                36.16286600000016
              ],
              [
                101.68489910000025,
                36.1623116000003
              ],
              [
                101.67683100000025,
                36.163143200000185
              ],
              [
                101.67202450000029,
                36.16203450000011
              ],
              [
                101.66756130000029,
                36.16120290000023
              ],
              [
                101.65829160000035,
                36.16050990000026
              ],
              [
                101.65640330000025,
                36.15815380000019
              ],
              [
                101.64644700000034,
                36.15801520000028
              ],
              [
                101.64438700000025,
                36.15385720000031
              ],
              [
                101.63649060000004,
                36.151085000000265
              ],
              [
                101.63065410000013,
                36.1480355000002
              ],
              [
                101.62601930000017,
                36.1480355000002
              ],
              [
                101.62498930000021,
                36.14734240000021
              ],
              [
                101.62361600000008,
                36.144847300000194
              ],
              [
                101.62207110000034,
                36.14318380000022
              ],
              [
                101.61829450000033,
                36.14318380000022
              ],
              [
                101.61589980000026,
                36.14389630000019
              ],
              [
                101.61503290000029,
                36.144154200000216
              ],
              [
                101.61279670000036,
                36.144072700000216
              ],
              [
                101.61063760000042,
                36.14225230000024
              ],
              [
                101.60713650000028,
                36.13791590000009
              ],
              [
                101.60250170000032,
                36.13084530000001
              ],
              [
                101.59731440000027,
                36.126160500000175
              ],
              [
                101.59409030000032,
                36.12474460000008
              ],
              [
                101.5846489000004,
                36.12238740000027
              ],
              [
                101.58052900000038,
                36.11822740000033
              ],
              [
                101.5764091000002,
                36.11753410000018
              ],
              [
                101.57285030000008,
                36.11866430000006
              ],
              [
                101.56207910000026,
                36.1245958000002
              ],
              [
                101.55683970000035,
                36.12363530000013
              ],
              [
                101.55220490000039,
                36.121555400000176
              ],
              [
                101.5506599000001,
                36.11822740000033
              ],
              [
                101.55100320000025,
                36.115454000000355
              ],
              [
                101.54636840000029,
                36.10893610000019
              ],
              [
                101.54001690000038,
                36.104220700000134
              ],
              [
                101.53170110000013,
                36.100350300000166
              ],
              [
                101.52461640000034,
                36.097709200000125
              ],
              [
                101.51873090000025,
                36.094789000000105
              ],
              [
                101.5156410000004,
                36.09201470000022
              ],
              [
                101.51059610000024,
                36.090889800000056
              ],
              [
                101.50328140000022,
                36.08507870000029
              ],
              [
                101.49492870000013,
                36.082872000000314
              ],
              [
                101.48942130000007,
                36.07922580000025
              ],
              [
                101.48517210000038,
                36.07390980000024
              ],
              [
                101.48251040000042,
                36.07189850000008
              ],
              [
                101.47717530000006,
                36.06632990000011
              ],
              [
                101.46980740000026,
                36.05927120000015
              ],
              [
                101.4651726000003,
                36.0560794000002
              ],
              [
                101.45889950000031,
                36.05602820000023
              ],
              [
                101.4548729000004,
                36.05760590000021
              ],
              [
                101.45034410000031,
                36.061299400000095
              ],
              [
                101.44096830000029,
                36.06343430000034
              ],
              [
                101.43337290000031,
                36.06115870000018
              ],
              [
                101.42892080000018,
                36.05999740000019
              ],
              [
                101.41954340000038,
                36.05484610000012
              ],
              [
                101.41796570000022,
                36.052609900000185
              ],
              [
                101.41707650000038,
                36.04770310000027
              ],
              [
                101.4144365000001,
                36.04553510000012
              ],
              [
                101.40337450000015,
                36.04247800000031
              ],
              [
                101.39903550000034,
                36.041361600000315
              ],
              [
                101.39582140000033,
                36.0405347000001
              ],
              [
                101.39049990000038,
                36.04136750000027
              ],
              [
                101.38414840000029,
                36.044004800000344
              ],
              [
                101.38250260000018,
                36.045960400000155
              ],
              [
                101.3828807000004,
                36.049079800000314
              ],
              [
                101.38043490000034,
                36.05050780000035
              ],
              [
                101.37814020000019,
                36.05052810000026
              ],
              [
                101.37470700000017,
                36.04969530000009
              ],
              [
                101.37061320000038,
                36.047803700000074
              ],
              [
                101.3680562000004,
                36.04416280000026
              ],
              [
                101.3661167000003,
                36.0425119000001
              ],
              [
                101.36011580000027,
                36.04220040000026
              ],
              [
                101.35752240000011,
                36.04168380000014
              ],
              [
                101.35478510000029,
                36.040172100000305
              ],
              [
                101.35203830000039,
                36.039609100000085
              ],
              [
                101.34655450000032,
                36.0405347000001
              ],
              [
                101.34288500000031,
                36.04034800000028
              ],
              [
                101.33938970000028,
                36.04047750000017
              ],
              [
                101.33608320000027,
                36.04039590000017
              ],
              [
                101.32818680000008,
                36.04428240000022
              ],
              [
                101.32372360000028,
                36.04428240000022
              ],
              [
                101.30964740000019,
                36.04775230000025
              ],
              [
                101.30456260000011,
                36.04807740000016
              ],
              [
                101.30123590000036,
                36.04664190000004
              ],
              [
                101.29711610000038,
                36.047335900000085
              ],
              [
                101.29488450000031,
                36.049001400000044
              ],
              [
                101.29316790000038,
                36.05177720000022
              ],
              [
                101.29385450000035,
                36.05455280000036
              ],
              [
                101.29145120000028,
                36.05829980000006
              ],
              [
                101.28544310000018,
                36.05982630000024
              ],
              [
                101.27754670000036,
                36.06204660000028
              ],
              [
                101.27188180000041,
                36.06246290000025
              ],
              [
                101.27119610000015,
                36.06271880000011
              ],
              [
                101.26965030000034,
                36.06329550000024
              ],
              [
                101.26772180000012,
                36.06324370000004
              ],
              [
                101.2671035000003,
                36.063227100000255
              ],
              [
                101.26501540000037,
                36.06398940000027
              ],
              [
                101.26106720000018,
                36.0677359000001
              ],
              [
                101.24922250000036,
                36.068707200000354
              ],
              [
                101.24613260000012,
                36.06801340000015
              ],
              [
                101.23995280000022,
                36.07037220000009
              ],
              [
                101.2368701000004,
                36.07094920000005
              ],
              [
                101.23042530000026,
                36.06883850000022
              ],
              [
                101.22755160000034,
                36.067897300000126
              ],
              [
                101.22238830000035,
                36.06526460000008
              ],
              [
                101.21713360000022,
                36.06482110000016
              ],
              [
                101.21623640000006,
                36.06567320000013
              ],
              [
                101.21580270000025,
                36.067083900000156
              ],
              [
                101.21641680000026,
                36.068107900000335
              ],
              [
                101.21749980000016,
                36.068488800000225
              ],
              [
                101.21787260000029,
                36.06900580000036
              ],
              [
                101.2165946000004,
                36.070677000000074
              ],
              [
                101.21468430000027,
                36.07133730000018
              ],
              [
                101.21148110000027,
                36.07117250000022
              ],
              [
                101.20790490000013,
                36.07020700000028
              ],
              [
                101.20493390000033,
                36.069401000000205
              ],
              [
                101.20096770000026,
                36.069488900000366
              ],
              [
                101.19875510000034,
                36.07058340000034
              ],
              [
                101.19688440000029,
                36.072143900000306
              ],
              [
                101.19293090000036,
                36.072994900000374
              ],
              [
                101.19102630000035,
                36.07269160000033
              ],
              [
                101.18631090000028,
                36.07117340000012
              ],
              [
                101.18381960000038,
                36.07064980000014
              ],
              [
                101.18021470000036,
                36.06856840000023
              ],
              [
                101.16682510000024,
                36.056773300000245
              ],
              [
                101.1630183000002,
                36.05574100000009
              ],
              [
                101.15962570000016,
                36.05793590000015
              ],
              [
                101.15750570000026,
                36.0577314000001
              ],
              [
                101.15257720000032,
                36.05052810000026
              ],
              [
                101.14948730000029,
                36.050250500000196
              ],
              [
                101.14656900000023,
                36.051083200000335
              ],
              [
                101.1450241000001,
                36.052471100000076
              ],
              [
                101.1426208000004,
                36.056912100000176
              ],
              [
                101.1409042000003,
                36.058854900000156
              ],
              [
                101.13815760000006,
                36.05913250000021
              ],
              [
                101.13300780000029,
                36.058854900000156
              ],
              [
                101.12562640000027,
                36.061630300000274
              ],
              [
                101.11861980000033,
                36.06889700000007
              ],
              [
                101.1159982000003,
                36.07655070000008
              ],
              [
                101.11189340000033,
                36.077587100000386
              ],
              [
                101.10705670000037,
                36.07990980000035
              ],
              [
                101.10245210000038,
                36.085633600000186
              ],
              [
                101.10078400000003,
                36.08568500000035
              ],
              [
                101.09847330000034,
                36.08239720000011
              ],
              [
                101.08751750000033,
                36.082165400000115
              ],
              [
                101.08459930000029,
                36.08272030000019
              ],
              [
                101.08012150000033,
                36.08209780000003
              ],
              [
                101.07581730000037,
                36.079274000000154
              ],
              [
                101.07307610000004,
                36.07927180000014
              ],
              [
                101.0682915000003,
                36.07994560000012
              ],
              [
                101.06434320000028,
                36.07897450000006
              ],
              [
                101.0556043000002,
                36.07465520000009
              ],
              [
                101.05318530000025,
                36.07370220000009
              ],
              [
                101.05043870000037,
                36.074396000000135
              ],
              [
                101.0444609000003,
                36.077981700000166
              ],
              [
                101.04254220000034,
                36.08383010000036
              ],
              [
                101.04040510000027,
                36.09222320000008
              ],
              [
                101.03785560000017,
                36.093384200000216
              ],
              [
                101.03363040000016,
                36.096126200000235
              ],
              [
                101.03115630000028,
                36.0970178000003
              ],
              [
                101.02760770000029,
                36.095621200000025
              ],
              [
                101.02510090000035,
                36.09557580000036
              ],
              [
                101.02273530000039,
                36.096710400000084
              ],
              [
                101.02067670000022,
                36.10208310000037
              ],
              [
                101.01552690000028,
                36.10653290000012
              ],
              [
                101.01301650000005,
                36.109074800000116
              ],
              [
                101.01387480000037,
                36.123358000000295
              ],
              [
                101.0118149000001,
                36.12557650000018
              ],
              [
                100.98572230000036,
                36.13264760000028
              ],
              [
                100.98366240000028,
                36.13347950000036
              ],
              [
                100.9788559000003,
                36.13431130000027
              ],
              [
                100.9771038000003,
                36.134195100000255
              ],
              [
                100.97139790000035,
                36.12973200000008
              ],
              [
                100.96891820000033,
                36.129526000000105
              ],
              [
                100.96536240000029,
                36.128655700000216
              ],
              [
                100.96175940000006,
                36.12830980000036
              ],
              [
                100.95539460000032,
                36.12895650000006
              ],
              [
                100.95058100000013,
                36.1283194000001
              ],
              [
                100.94810370000029,
                36.12769430000007
              ],
              [
                100.94378080000037,
                36.12474460000008
              ],
              [
                100.94160540000034,
                36.12405130000009
              ],
              [
                100.93233560000037,
                36.12529920000032
              ],
              [
                100.92963450000036,
                36.1256520000002
              ],
              [
                100.92699550000013,
                36.126470600000246
              ],
              [
                100.92595570000009,
                36.126489300000195
              ],
              [
                100.9237398000004,
                36.12473980000022
              ],
              [
                100.92156800000032,
                36.123160100000256
              ],
              [
                100.92058770000037,
                36.123045800000206
              ],
              [
                100.9182143000003,
                36.12297380000012
              ],
              [
                100.91664090000032,
                36.1210985000002
              ],
              [
                100.91078910000037,
                36.116911600000165
              ],
              [
                100.89943040000043,
                36.1121050000002
              ],
              [
                100.87457500000036,
                36.11414780000011
              ],
              [
                100.83386080000034,
                36.125652900000276
              ],
              [
                100.77272760000034,
                36.12197120000012
              ],
              [
                100.6939317000003,
                35.98279520000023
              ],
              [
                100.60398190000024,
                35.897745500000234
              ],
              [
                100.52032400000027,
                35.871358300000075
              ],
              [
                100.49954220000012,
                35.84720560000008
              ],
              [
                100.47125320000036,
                35.837896300000054
              ],
              [
                100.45412460000031,
                35.82742630000008
              ],
              [
                100.43056940000038,
                35.812843300000345
              ],
              [
                100.41610570000037,
                35.789679600000106
              ],
              [
                100.38733800000026,
                35.79115730000016
              ],
              [
                100.38087770000024,
                35.79268480000007
              ],
              [
                100.37774010000015,
                35.79206170000002
              ],
              [
                100.3754049000002,
                35.789544100000086
              ],
              [
                100.37323450000022,
                35.787782300000146
              ],
              [
                100.36945800000038,
                35.78638970000021
              ],
              [
                100.3653381000002,
                35.78513650000026
              ],
              [
                100.3596733000003,
                35.78541500000021
              ],
              [
                100.35581840000035,
                35.785450900000164
              ],
              [
                100.35170880000032,
                35.78145230000025
              ],
              [
                100.34904220000031,
                35.77834190000028
              ],
              [
                100.34645540000034,
                35.77497020000002
              ],
              [
                100.34370880000026,
                35.77037410000023
              ],
              [
                100.33306580000038,
                35.76452410000026
              ],
              [
                100.31933290000026,
                35.764942000000374
              ],
              [
                100.30215310000025,
                35.76876800000022
              ],
              [
                100.29324030000035,
                35.76173830000034
              ],
              [
                100.29341200000016,
                35.75867370000008
              ],
              [
                100.29642900000022,
                35.75416800000014
              ],
              [
                100.2969014000004,
                35.7517462000003
              ],
              [
                100.29676310000033,
                35.75057730000022
              ],
              [
                100.29650220000042,
                35.75008540000021
              ],
              [
                100.2963067000004,
                35.74986060000007
              ],
              [
                100.29594820000023,
                35.74963580000012
              ],
              [
                100.29563450000039,
                35.74946390000011
              ],
              [
                100.2952964000003,
                35.74942420000038
              ],
              [
                100.29484010000037,
                35.74933820000037
              ],
              [
                100.29445310000034,
                35.749182800000135
              ],
              [
                100.29413940000032,
                35.749060500000134
              ],
              [
                100.29371570000006,
                35.74893820000013
              ],
              [
                100.2935446000003,
                35.748855500000225
              ],
              [
                100.29322200000007,
                35.748627400000174
              ],
              [
                100.29301830000028,
                35.748538100000246
              ],
              [
                100.29277180000032,
                35.748491800000146
              ],
              [
                100.29249680000028,
                35.74852490000004
              ],
              [
                100.29212410000036,
                35.748470400000336
              ],
              [
                100.29162500000028,
                35.74828020000005
              ],
              [
                100.29122380000013,
                35.7481761000003
              ],
              [
                100.29098140000013,
                35.74806040000034
              ],
              [
                100.29057400000036,
                35.7478719000002
              ],
              [
                100.29048440000022,
                35.74774300000037
              ],
              [
                100.2904131000002,
                35.747633900000224
              ],
              [
                100.29025010000021,
                35.74748010000011
              ],
              [
                100.28999350000029,
                35.74725700000012
              ],
              [
                100.2897287000004,
                35.747085000000105
              ],
              [
                100.28925410000022,
                35.74682710000025
              ],
              [
                100.28848010000013,
                35.746418800000214
              ],
              [
                100.28659030000026,
                35.7461685000003
              ],
              [
                100.2860281000003,
                35.74603630000037
              ],
              [
                100.2854741000001,
                35.745454300000354
              ],
              [
                100.28401560000003,
                35.74413180000018
              ],
              [
                100.28253280000027,
                35.74313320000034
              ],
              [
                100.28179050000031,
                35.741496600000104
              ],
              [
                100.28076400000029,
                35.73994920000015
              ],
              [
                100.28037290000009,
                35.73945980000016
              ],
              [
                100.27925670000027,
                35.737032700000064
              ],
              [
                100.2780427000004,
                35.73522060000021
              ],
              [
                100.2777820000001,
                35.73328280000012
              ],
              [
                100.27703240000028,
                35.731173000000176
              ],
              [
                100.27441710000025,
                35.72721620000035
              ],
              [
                100.27238920000013,
                35.72493380000033
              ],
              [
                100.27011930000009,
                35.723062900000244
              ],
              [
                100.2695316000003,
                35.72239870000019
              ],
              [
                100.26934730000018,
                35.72182810000023
              ],
              [
                100.26920900000027,
                35.720069400000185
              ],
              [
                100.26930120000026,
                35.71840430000026
              ],
              [
                100.26960870000032,
                35.71627890000026
              ],
              [
                100.26948770000041,
                35.71539950000034
              ],
              [
                100.26931490000032,
                35.714248800000156
              ],
              [
                100.2690729000002,
                35.71382780000013
              ],
              [
                100.26813460000038,
                35.712880200000086
              ],
              [
                100.26729130000041,
                35.712489800000114
              ],
              [
                100.26608140000032,
                35.71205980000023
              ],
              [
                100.26562100000041,
                35.71174230000007
              ],
              [
                100.26529510000026,
                35.71142810000019
              ],
              [
                100.26519330000036,
                35.711173400000256
              ],
              [
                100.26520140000014,
                35.71087230000021
              ],
              [
                100.26527480000036,
                35.71064410000015
              ],
              [
                100.26539700000035,
                35.71041260000018
              ],
              [
                100.26584510000029,
                35.70982050000022
              ],
              [
                100.26660280000009,
                35.70902000000025
              ],
              [
                100.26840750000002,
                35.7070881000001
              ],
              [
                100.26895750000007,
                35.70605600000014
              ],
              [
                100.26927110000025,
                35.70506700000002
              ],
              [
                100.26943410000024,
                35.704273000000235
              ],
              [
                100.26943000000024,
                35.70357170000029
              ],
              [
                100.26931590000024,
                35.702493300000064
              ],
              [
                100.26901040000035,
                35.70182830000028
              ],
              [
                100.26884750000036,
                35.70132550000007
              ],
              [
                100.26870490000029,
                35.69967800000036
              ],
              [
                100.26879350000036,
                35.698340600000186
              ],
              [
                100.26968190000014,
                35.697288400000346
              ],
              [
                100.27129120000006,
                35.69500640000036
              ],
              [
                100.27160230000004,
                35.693272100000044
              ],
              [
                100.27042210000027,
                35.69210290000012
              ],
              [
                100.26903610000016,
                35.69192070000032
              ],
              [
                100.26775140000028,
                35.69125720000013
              ],
              [
                100.26515320000024,
                35.686893300000364
              ],
              [
                100.26429690000008,
                35.68616030000011
              ],
              [
                100.26106540000025,
                35.6856684000001
              ],
              [
                100.25659490000035,
                35.684979300000094
              ],
              [
                100.25370640000028,
                35.681978700000165
              ],
              [
                100.25198120000036,
                35.679418400000245
              ],
              [
                100.24731610000038,
                35.67757550000036
              ],
              [
                100.24321010000028,
                35.67676900000006
              ],
              [
                100.24155390000038,
                35.67799390000014
              ],
              [
                100.23865200000026,
                35.677838300000076
              ],
              [
                100.23769210000006,
                35.67842430000006
              ],
              [
                100.23752460000041,
                35.67968890000006
              ],
              [
                100.23537060000017,
                35.67955230000031
              ],
              [
                100.23275520000033,
                35.67718450000015
              ],
              [
                100.22835230000035,
                35.67616500000017
              ],
              [
                100.22388910000036,
                35.67644390000033
              ],
              [
                100.22182920000029,
                35.675328300000224
              ],
              [
                100.22097090000034,
                35.67365490000032
              ],
              [
                100.22234420000026,
                35.671702600000074
              ],
              [
                100.22715070000025,
                35.67016860000016
              ],
              [
                100.23453210000008,
                35.67002920000017
              ],
              [
                100.23624880000038,
                35.669192400000206
              ],
              [
                100.23676370000015,
                35.66598480000003
              ],
              [
                100.23470380000042,
                35.66417180000012
              ],
              [
                100.23470380000042,
                35.66263770000021
              ],
              [
                100.23590540000038,
                35.65942980000034
              ],
              [
                100.23470380000042,
                35.65761660000006
              ],
              [
                100.23144220000039,
                35.65524550000017
              ],
              [
                100.22629240000009,
                35.65482700000035
              ],
              [
                100.22217250000027,
                35.6523163000001
              ],
              [
                100.21770930000028,
                35.645062700000345
              ],
              [
                100.22114260000032,
                35.64241210000023
              ],
              [
                100.22234420000026,
                35.64018000000029
              ],
              [
                100.22097090000034,
                35.637947900000164
              ],
              [
                100.21856760000041,
                35.636831800000195
              ],
              [
                100.21564940000039,
                35.63613420000021
              ],
              [
                100.21204450000036,
                35.6366923000002
              ],
              [
                100.21067120000023,
                35.63766890000036
              ],
              [
                100.20912630000032,
                35.63780840000017
              ],
              [
                100.20569300000027,
                35.6319487000001
              ],
              [
                100.20431970000016,
                35.63097200000011
              ],
              [
                100.20397640000036,
                35.62901860000014
              ],
              [
                100.20517810000013,
                35.627344300000175
              ],
              [
                100.20946960000029,
                35.62511180000036
              ],
              [
                100.21084290000024,
                35.62246060000021
              ],
              [
                100.2113579000004,
                35.620227900000394
              ],
              [
                100.21067120000023,
                35.61771610000004
              ],
              [
                100.20878290000033,
                35.61618110000004
              ],
              [
                100.20483470000033,
                35.61743700000005
              ],
              [
                100.2012298000003,
                35.61673930000005
              ],
              [
                100.19985650000018,
                35.61325050000004
              ],
              [
                100.20140150000029,
                35.6099011000002
              ],
              [
                100.2015732000003,
                35.60641200000016
              ],
              [
                100.20243150000024,
                35.60445810000015
              ],
              [
                100.2017448000003,
                35.60236450000012
              ],
              [
                100.1989982000004,
                35.601666600000286
              ],
              [
                100.19728160000011,
                35.60041040000008
              ],
              [
                100.19745330000028,
                35.59873550000006
              ],
              [
                100.19848330000025,
                35.59482710000033
              ],
              [
                100.19796830000027,
                35.592314500000086
              ],
              [
                100.19419170000043,
                35.58924350000037
              ],
              [
                100.19384840000008,
                35.58673070000011
              ],
              [
                100.19213180000034,
                35.58421780000021
              ],
              [
                100.19196010000036,
                35.58100680000009
              ],
              [
                100.19161680000019,
                35.577237200000305
              ],
              [
                100.18852690000033,
                35.57249010000027
              ],
              [
                100.18835520000033,
                35.56913900000029
              ],
              [
                100.18749690000037,
                35.56760300000021
              ],
              [
                100.18423540000033,
                35.56690490000018
              ],
              [
                100.18028720000034,
                35.56676520000018
              ],
              [
                100.17822720000024,
                35.56508960000027
              ],
              [
                100.17582400000035,
                35.565508500000114
              ],
              [
                100.17410730000006,
                35.564949900000066
              ],
              [
                100.1672409000002,
                35.564949900000066
              ],
              [
                100.16465150000036,
                35.564804100000096
              ],
              [
                100.16320350000026,
                35.56249660000013
              ],
              [
                100.16300210000031,
                35.560189700000215
              ],
              [
                100.16218110000005,
                35.559127100000225
              ],
              [
                100.16280070000016,
                35.55693550000026
              ],
              [
                100.16363690000043,
                35.55552030000022
              ],
              [
                100.16643440000007,
                35.551028400000355
              ],
              [
                100.1661964000001,
                35.54952180000022
              ],
              [
                100.1642342000003,
                35.54879850000006
              ],
              [
                100.16217420000038,
                35.54768120000016
              ],
              [
                100.1572429000002,
                35.5439418000002
              ],
              [
                100.15195800000009,
                35.54144240000035
              ],
              [
                100.14877460000031,
                35.53717180000031
              ],
              [
                100.15022310000026,
                35.53377710000011
              ],
              [
                100.1510580000004,
                35.531070000000284
              ],
              [
                100.14893310000026,
                35.52848500000027
              ],
              [
                100.14847800000028,
                35.52658780000016
              ],
              [
                100.1486812000004,
                35.52022730000022
              ],
              [
                100.15331300000028,
                35.51348100000017
              ],
              [
                100.15676950000011,
                35.51256820000013
              ],
              [
                100.16036820000033,
                35.509139500000295
              ],
              [
                100.16559160000034,
                35.50795690000014
              ],
              [
                100.16878580000032,
                35.505441600000225
              ],
              [
                100.16858570000025,
                35.50261270000028
              ],
              [
                100.1680942000001,
                35.50020310000021
              ],
              [
                100.16562590000032,
                35.498809800000046
              ],
              [
                100.16174770000026,
                35.497475900000346
              ],
              [
                100.15860720000029,
                35.498257100000146
              ],
              [
                100.15556790000015,
                35.49901320000017
              ],
              [
                100.15260990000039,
                35.499402600000245
              ],
              [
                100.14626130000035,
                35.499287400000306
              ],
              [
                100.14388030000038,
                35.49881540000016
              ],
              [
                100.14244150000033,
                35.49723030000009
              ],
              [
                100.1411616000003,
                35.4920971000001
              ],
              [
                100.13388180000015,
                35.483971200000276
              ],
              [
                100.13350180000015,
                35.48044280000021
              ],
              [
                100.13565520000034,
                35.47469230000012
              ],
              [
                100.13565520000034,
                35.470777900000236
              ],
              [
                100.13634180000031,
                35.46840120000005
              ],
              [
                100.13874510000038,
                35.46658370000013
              ],
              [
                100.14097670000028,
                35.46616430000025
              ],
              [
                100.14801480000033,
                35.46616430000025
              ],
              [
                100.15453790000004,
                35.46546520000014
              ],
              [
                100.15762790000008,
                35.46378750000023
              ],
              [
                100.15959430000024,
                35.460726400000084
              ],
              [
                100.15959430000024,
                35.457510500000105
              ],
              [
                100.15959430000024,
                35.45527320000026
              ],
              [
                100.16277770000038,
                35.45204210000025
              ],
              [
                100.16569590000026,
                35.450084400000286
              ],
              [
                100.16947250000008,
                35.44924540000014
              ],
              [
                100.17393570000007,
                35.44868600000022
              ],
              [
                100.17668230000031,
                35.446868100000266
              ],
              [
                100.17712720000034,
                35.44471740000031
              ],
              [
                100.17651060000014,
                35.44337190000017
              ],
              [
                100.17425250000036,
                35.4424963000002
              ],
              [
                100.16957910000038,
                35.44025040000001
              ],
              [
                100.1677691000004,
                35.43855300000025
              ],
              [
                100.16796420000036,
                35.43641300000011
              ],
              [
                100.17033080000024,
                35.4348405000002
              ],
              [
                100.17599560000033,
                35.4333020000001
              ],
              [
                100.17652380000035,
                35.43179740000013
              ],
              [
                100.1757955000003,
                35.42855040000023
              ],
              [
                100.17721560000038,
                35.42621720000011
              ],
              [
                100.17960050000036,
                35.425748800000235
              ],
              [
                100.18869860000032,
                35.42518920000013
              ],
              [
                100.19178850000037,
                35.42434990000015
              ],
              [
                100.19117500000003,
                35.422951100000226
              ],
              [
                100.19036850000029,
                35.420856900000146
              ],
              [
                100.18749690000037,
                35.41911440000021
              ],
              [
                100.18617520000025,
                35.41251060000022
              ],
              [
                100.18612360000026,
                35.40725500000022
              ],
              [
                100.1892135000001,
                35.403504600000055
              ],
              [
                100.18951520000037,
                35.39971840000013
              ],
              [
                100.18702030000038,
                35.398152000000024
              ],
              [
                100.18525520000034,
                35.3946063000001
              ],
              [
                100.18612360000026,
                35.389791300000155
              ],
              [
                100.18818360000033,
                35.38797200000007
              ],
              [
                100.19247510000034,
                35.38699230000002
              ],
              [
                100.19522170000039,
                35.387692100000194
              ],
              [
                100.19779660000027,
                35.38951140000009
              ],
              [
                100.19621820000022,
                35.39742810000017
              ],
              [
                100.19841830000038,
                35.401981900000365
              ],
              [
                100.20022320000032,
                35.40309310000011
              ],
              [
                100.20225980000026,
                35.403084800000144
              ],
              [
                100.2053497000001,
                35.403084800000144
              ],
              [
                100.20706630000039,
                35.40196540000007
              ],
              [
                100.20675450000036,
                35.398887100000096
              ],
              [
                100.20555800000031,
                35.39528440000008
              ],
              [
                100.20912630000032,
                35.381674100000346
              ],
              [
                100.20689470000042,
                35.37117660000025
              ],
              [
                100.2032844000003,
                35.362307500000234
              ],
              [
                100.20388850000036,
                35.35271750000007
              ],
              [
                100.20483470000033,
                35.348917400000225
              ],
              [
                100.20653440000027,
                35.34520470000036
              ],
              [
                100.20794830000035,
                35.342134100000315
              ],
              [
                100.20998460000008,
                35.34107620000018
              ],
              [
                100.21069040000023,
                35.3392786000003
              ],
              [
                100.21063130000032,
                35.338433900000226
              ],
              [
                100.2113579000004,
                35.33785540000032
              ],
              [
                100.21314680000026,
                35.33707750000026
              ],
              [
                100.21597760000036,
                35.3377790000002
              ],
              [
                100.21806660000036,
                35.3372666000001
              ],
              [
                100.21910740000033,
                35.33595450000025
              ],
              [
                100.22114260000032,
                35.335614900000046
              ],
              [
                100.22215210000036,
                35.33783480000004
              ],
              [
                100.22303080000023,
                35.33883570000025
              ],
              [
                100.22732240000005,
                35.340656100000224
              ],
              [
                100.23058390000025,
                35.34079610000027
              ],
              [
                100.23298720000034,
                35.339395800000055
              ],
              [
                100.23247220000034,
                35.335614900000046
              ],
              [
                100.23384550000029,
                35.333094200000204
              ],
              [
                100.23710710000033,
                35.33169370000031
              ],
              [
                100.24809340000039,
                35.330433300000124
              ],
              [
                100.25598980000038,
                35.32819250000034
              ],
              [
                100.25804980000031,
                35.32987310000013
              ],
              [
                100.26148300000033,
                35.330153200000204
              ],
              [
                100.26251300000028,
                35.32959300000022
              ],
              [
                100.26131130000033,
                35.32595170000021
              ],
              [
                100.26131130000033,
                35.323990900000155
              ],
              [
                100.26282070000033,
                35.32351010000017
              ],
              [
                100.26786380000014,
                35.323253900000296
              ],
              [
                100.26867580000038,
                35.32098950000015
              ],
              [
                100.27062080000019,
                35.319347900000224
              ],
              [
                100.27254380000032,
                35.3175602000001
              ],
              [
                100.27394490000026,
                35.31517040000008
              ],
              [
                100.2738875000001,
                35.31202080000007
              ],
              [
                100.27348730000023,
                35.310291500000154
              ],
              [
                100.27345650000035,
                35.31013080000018
              ],
              [
                100.27259450000024,
                35.30577560000008
              ],
              [
                100.2704556000004,
                35.30270980000007
              ],
              [
                100.26855400000025,
                35.300597300000085
              ],
              [
                100.2650499000004,
                35.29773900000002
              ],
              [
                100.26064390000036,
                35.29698180000007
              ],
              [
                100.25818410000022,
                35.29475990000026
              ],
              [
                100.25510490000036,
                35.29286850000008
              ],
              [
                100.25278990000031,
                35.29193210000024
              ],
              [
                100.24846970000024,
                35.29038930000031
              ],
              [
                100.24740680000042,
                35.28966950000007
              ],
              [
                100.24345850000023,
                35.288128200000095
              ],
              [
                100.24063250000034,
                35.28730010000014
              ],
              [
                100.23747770000026,
                35.28575640000031
              ],
              [
                100.23541410000041,
                35.282718800000154
              ],
              [
                100.23582970000032,
                35.28039050000025
              ],
              [
                100.23505260000033,
                35.27589140000014
              ],
              [
                100.23593430000028,
                35.27252970000016
              ],
              [
                100.23570130000019,
                35.27171380000035
              ],
              [
                100.2325273000003,
                35.26939910000013
              ],
              [
                100.23212890000018,
                35.26780830000031
              ],
              [
                100.23118720000008,
                35.263941900000155
              ],
              [
                100.23142340000027,
                35.260748100000036
              ],
              [
                100.23008270000035,
                35.25808640000025
              ],
              [
                100.22809210000014,
                35.255433000000274
              ],
              [
                100.22342730000035,
                35.24746240000017
              ],
              [
                100.22298660000013,
                35.24489700000017
              ],
              [
                100.22487960000026,
                35.24374140000013
              ],
              [
                100.22634690000034,
                35.243203600000214
              ],
              [
                100.22833020000029,
                35.241729500000105
              ],
              [
                100.22894710000037,
                35.24031150000038
              ],
              [
                100.22779160000033,
                35.23704400000021
              ],
              [
                100.22539460000041,
                35.23512200000036
              ],
              [
                100.21999630000032,
                35.23293260000037
              ],
              [
                100.21841070000005,
                35.230907700000344
              ],
              [
                100.21813240000012,
                35.22900620000023
              ],
              [
                100.22011260000036,
                35.22841510000017
              ],
              [
                100.22347170000012,
                35.2279453000002
              ],
              [
                100.23144220000039,
                35.22757380000037
              ],
              [
                100.23350220000032,
                35.22659220000033
              ],
              [
                100.23512800000036,
                35.22401520000009
              ],
              [
                100.23483650000041,
                35.22249900000005
              ],
              [
                100.23225520000034,
                35.21871800000038
              ],
              [
                100.22924950000015,
                35.215084900000164
              ],
              [
                100.22679120000015,
                35.21361890000019
              ],
              [
                100.22686570000027,
                35.211475500000304
              ],
              [
                100.23179850000002,
                35.206680200000186
              ],
              [
                100.23466820000033,
                35.20270520000011
              ],
              [
                100.23517990000039,
                35.20051390000016
              ],
              [
                100.23481330000027,
                35.19901980000018
              ],
              [
                100.23607710000037,
                35.19812130000026
              ],
              [
                100.23830870000027,
                35.19699910000032
              ],
              [
                100.24586180000011,
                35.19615740000031
              ],
              [
                100.24675570000036,
                35.19530770000034
              ],
              [
                100.2471541000001,
                35.192780000000106
              ],
              [
                100.24463420000033,
                35.18835170000035
              ],
              [
                100.24431030000036,
                35.18574170000005
              ],
              [
                100.2450714000001,
                35.18306270000008
              ],
              [
                100.24471840000038,
                35.18218120000014
              ],
              [
                100.24257430000026,
                35.179888800000356
              ],
              [
                100.24201390000023,
                35.1777841000003
              ],
              [
                100.24291090000003,
                35.1739774000001
              ],
              [
                100.24370140000023,
                35.17262150000018
              ],
              [
                100.24613710000034,
                35.166907900000304
              ],
              [
                100.24665850000014,
                35.1638259000002
              ],
              [
                100.2454666000001,
                35.158265300000195
              ],
              [
                100.24563160000008,
                35.156342600000094
              ],
              [
                100.24494190000038,
                35.15536570000008
              ],
              [
                100.24728690000028,
                35.148996700000154
              ],
              [
                100.24751680000028,
                35.14598560000007
              ],
              [
                100.24882850000027,
                35.14293460000022
              ],
              [
                100.24820350000024,
                35.14115750000026
              ],
              [
                100.2453273000003,
                35.13757920000014
              ],
              [
                100.24499700000032,
                35.13538330000034
              ],
              [
                100.2466099000004,
                35.13401400000003
              ],
              [
                100.25080760000043,
                35.1311187000001
              ],
              [
                100.25255660000036,
                35.13019960000025
              ],
              [
                100.25547480000023,
                35.12907640000022
              ],
              [
                100.25786510000012,
                35.12804070000032
              ],
              [
                100.25963360000041,
                35.12626850000007
              ],
              [
                100.26000600000015,
                35.12470030000016
              ],
              [
                100.2599413000003,
                35.121780900000026
              ],
              [
                100.25904720000023,
                35.12125100000023
              ],
              [
                100.2554198000003,
                35.1209544000002
              ],
              [
                100.25204480000029,
                35.119261500000285
              ],
              [
                100.25178900000009,
                35.11664130000021
              ],
              [
                100.25142290000035,
                35.112804900000214
              ],
              [
                100.25051930000038,
                35.11215050000006
              ],
              [
                100.2477339000003,
                35.11186170000016
              ],
              [
                100.24591030000005,
                35.110380600000184
              ],
              [
                100.24389250000007,
                35.10706590000037
              ],
              [
                100.24648690000016,
                35.102839700000104
              ],
              [
                100.24663910000031,
                35.09809370000035
              ],
              [
                100.24650950000006,
                35.089374800000314
              ],
              [
                100.24763020000007,
                35.08848960000009
              ],
              [
                100.24935330000018,
                35.08704260000027
              ],
              [
                100.24980350000028,
                35.08508660000025
              ],
              [
                100.24884800000028,
                35.08118250000016
              ],
              [
                100.24919130000026,
                35.078993100000204
              ],
              [
                100.25066180000026,
                35.07855580000008
              ],
              [
                100.25085620000037,
                35.077156300000105
              ],
              [
                100.24974520000026,
                35.075692600000316
              ],
              [
                100.24725450000027,
                35.07456660000023
              ],
              [
                100.24596540000016,
                35.070988100000264
              ],
              [
                100.2424415000001,
                35.06670950000011
              ],
              [
                100.2415637000003,
                35.06274350000005
              ],
              [
                100.24333230000008,
                35.061470900000096
              ],
              [
                100.24490310000039,
                35.06040250000016
              ],
              [
                100.2449355000004,
                35.05746760000015
              ],
              [
                100.24570630000021,
                35.05603850000021
              ],
              [
                100.24959940000028,
                35.05523260000014
              ],
              [
                100.25178580000036,
                35.052998700000224
              ],
              [
                100.25355090000038,
                35.05127390000016
              ],
              [
                100.25382620000025,
                35.04936220000026
              ],
              [
                100.2522489000003,
                35.04628110000023
              ],
              [
                100.25094360000031,
                35.04436130000019
              ],
              [
                100.24818730000014,
                35.04307790000005
              ],
              [
                100.24527530000027,
                35.042736700000056
              ],
              [
                100.24149570000036,
                35.0431388000003
              ],
              [
                100.23912150000038,
                35.04063280000007
              ],
              [
                100.23955880000032,
                35.03907090000016
              ],
              [
                100.2414666000001,
                35.03735780000035
              ],
              [
                100.24491610000038,
                35.035530500000135
              ],
              [
                100.24877680000026,
                35.034297400000256
              ],
              [
                100.25066820000026,
                35.03293960000018
              ],
              [
                100.25313950000009,
                35.02858730000031
              ],
              [
                100.25312010000029,
                35.02715780000034
              ],
              [
                100.25060030000014,
                35.025683200000195
              ],
              [
                100.24988770000016,
                35.024534700000196
              ],
              [
                100.25059060000041,
                35.022908800000145
              ],
              [
                100.25198010000008,
                35.02207610000034
              ],
              [
                100.25564970000029,
                35.0218876000002
              ],
              [
                100.25846100000038,
                35.01946860000007
              ],
              [
                100.25916060000036,
                35.01432770000032
              ],
              [
                100.26140850000039,
                35.01305970000021
              ],
              [
                100.26422960000039,
                35.01274680000008
              ],
              [
                100.26721910000029,
                35.01269640000017
              ],
              [
                100.26862790000033,
                35.01163260000009
              ],
              [
                100.27950740000006,
                35.01120020000037
              ],
              [
                100.28191070000013,
                35.01021600000011
              ],
              [
                100.28330130000026,
                35.00849400000029
              ],
              [
                100.28441110000026,
                35.00767980000024
              ],
              [
                100.28688890000028,
                35.005435500000175
              ],
              [
                100.29203870000042,
                35.00459190000018
              ],
              [
                100.29325650000027,
                35.0030001000001
              ],
              [
                100.29502650000035,
                34.99873050000016
              ],
              [
                100.29585090000035,
                34.99437450000033
              ],
              [
                100.29600310000032,
                34.99126480000026
              ],
              [
                100.29714960000031,
                34.98964080000018
              ],
              [
                100.29654720000039,
                34.98642210000031
              ],
              [
                100.2948274000004,
                34.983922400000075
              ],
              [
                100.29318840000013,
                34.980501700000204
              ],
              [
                100.29183460000039,
                34.97540630000014
              ],
              [
                100.29213260000017,
                34.97177830000034
              ],
              [
                100.29151400000033,
                34.969312600000066
              ],
              [
                100.2921974000004,
                34.9683837000003
              ],
              [
                100.29225570000006,
                34.96688140000017
              ],
              [
                100.2963561000004,
                34.959433300000136
              ],
              [
                100.2963140000001,
                34.9582866000001
              ],
              [
                100.2946169000004,
                34.953091600000164
              ],
              [
                100.29476580000028,
                34.951782900000055
              ],
              [
                100.29375520000013,
                34.9505352000002
              ],
              [
                100.2921424000001,
                34.94996700000026
              ],
              [
                100.28838520000028,
                34.94915730000024
              ],
              [
                100.2863674000003,
                34.94744490000012
              ],
              [
                100.28380540000023,
                34.94639890000026
              ],
              [
                100.28252930000033,
                34.94249610000011
              ],
              [
                100.28252930000033,
                34.93841000000006
              ],
              [
                100.28443060000026,
                34.934060700000266
              ],
              [
                100.2894800000001,
                34.928617200000176
              ],
              [
                100.29100870000028,
                34.92454630000032
              ],
              [
                100.29026370000008,
                34.921197600000184
              ],
              [
                100.29209700000007,
                34.91564430000007
              ],
              [
                100.29650190000038,
                34.91159660000018
              ],
              [
                100.2985618000003,
                34.90821810000024
              ],
              [
                100.29752060000031,
                34.9053880000002
              ],
              [
                100.29642090000026,
                34.89940460000038
              ],
              [
                100.29773590000033,
                34.89716520000037
              ],
              [
                100.29910920000029,
                34.895914000000055
              ],
              [
                100.30216670000033,
                34.89399870000021
              ],
              [
                100.30597240000024,
                34.893358500000176
              ],
              [
                100.30877410000025,
                34.89327880000015
              ],
              [
                100.31130680000038,
                34.89387120000014
              ],
              [
                100.31230120000023,
                34.89497100000019
              ],
              [
                100.3153847000001,
                34.89428030000023
              ],
              [
                100.31813120000032,
                34.893013100000374
              ],
              [
                100.31796600000033,
                34.8914643000003
              ],
              [
                100.31628830000025,
                34.886708700000284
              ],
              [
                100.3150024000001,
                34.883826000000155
              ],
              [
                100.31207450000029,
                34.87989900000013
              ],
              [
                100.31263810000038,
                34.87794610000019
              ],
              [
                100.31366800000035,
                34.87583360000037
              ],
              [
                100.31572800000026,
                34.87470700000024
              ],
              [
                100.32036280000023,
                34.87245370000015
              ],
              [
                100.32156450000036,
                34.87062280000018
              ],
              [
                100.32207940000033,
                34.86766510000005
              ],
              [
                100.32207940000033,
                34.864707300000106
              ],
              [
                100.31727290000036,
                34.8569603000002
              ],
              [
                100.31580570000011,
                34.854887700000134
              ],
              [
                100.31555300000034,
                34.8518515000001
              ],
              [
                100.31568070000043,
                34.850720000000265
              ],
              [
                100.31789640000025,
                34.84549190000006
              ],
              [
                100.32012800000035,
                34.84182890000021
              ],
              [
                100.32287460000003,
                34.83999730000018
              ],
              [
                100.32802440000034,
                34.839715600000325
              ],
              [
                100.32991270000007,
                34.84013820000012
              ],
              [
                100.33231600000016,
                34.839856400000066
              ],
              [
                100.33351760000009,
                34.83844750000038
              ],
              [
                100.33317430000032,
                34.83478420000014
              ],
              [
                100.33351760000009,
                34.832811600000355
              ],
              [
                100.33592090000036,
                34.83140250000012
              ],
              [
                100.34021240000035,
                34.8298525000003
              ],
              [
                100.34398900000036,
                34.82858440000036
              ],
              [
                100.34656390000025,
                34.82534330000008
              ],
              [
                100.35240040000036,
                34.8213976000001
              ],
              [
                100.35961010000038,
                34.818860900000345
              ],
              [
                100.36441670000036,
                34.818860900000345
              ],
              [
                100.36819320000018,
                34.82012930000031
              ],
              [
                100.37368640000031,
                34.82069300000023
              ],
              [
                100.38003780000018,
                34.818860900000345
              ],
              [
                100.38398610000039,
                34.81787440000008
              ],
              [
                100.3874193000004,
                34.81745170000029
              ],
              [
                100.39136750000006,
                34.81857910000013
              ],
              [
                100.39548740000022,
                34.81857910000013
              ],
              [
                100.40012220000038,
                34.81716980000023
              ],
              [
                100.40166720000015,
                34.81533770000034
              ],
              [
                100.40372710000022,
                34.81392830000008
              ],
              [
                100.4064737000001,
                34.812800800000225
              ],
              [
                100.4117952000004,
                34.81209620000019
              ],
              [
                100.41763170000031,
                34.812519000000364
              ],
              [
                100.42449810000038,
                34.812519000000364
              ],
              [
                100.42981960000013,
                34.80998200000023
              ],
              [
                100.44561250000035,
                34.80927730000037
              ],
              [
                100.4502473000003,
                34.809841100000114
              ],
              [
                100.45951710000008,
                34.80955920000006
              ],
              [
                100.46483860000039,
                34.80744500000011
              ],
              [
                100.47548160000028,
                34.80490800000016
              ],
              [
                100.48183300000017,
                34.80378030000011
              ],
              [
                100.48663960000033,
                34.80011550000011
              ],
              [
                100.49230440000025,
                34.798564900000066
              ],
              [
                100.4953943000003,
                34.79687330000026
              ],
              [
                100.49882750000032,
                34.793490100000284
              ],
              [
                100.5015741000002,
                34.78911990000035
              ],
              [
                100.50432070000025,
                34.78742820000018
              ],
              [
                100.50672390000032,
                34.78686420000005
              ],
              [
                100.51221710000027,
                34.78587730000012
              ],
              [
                100.51530700000012,
                34.78390360000023
              ],
              [
                100.51650860000007,
                34.781224800000096
              ],
              [
                100.51788190000018,
                34.7744569000002
              ],
              [
                100.52492000000024,
                34.76853450000028
              ],
              [
                100.52646500000034,
                34.76331690000004
              ],
              [
                100.52852490000026,
                34.76134250000012
              ],
              [
                100.53367480000004,
                34.758945100000346
              ],
              [
                100.53556300000031,
                34.75654750000021
              ],
              [
                100.53693630000025,
                34.75302160000016
              ],
              [
                100.5398546000003,
                34.75090600000009
              ],
              [
                100.54723600000032,
                34.7499187000001
              ],
              [
                100.55093520000034,
                34.74835990000026
              ],
              [
                100.5541959000003,
                34.746557300000156
              ],
              [
                100.55615910000037,
                34.745836200000184
              ],
              [
                100.55711800000032,
                34.74491450000013
              ],
              [
                100.55910960000027,
                34.7421468000001
              ],
              [
                100.55970620000005,
                34.740490300000175
              ],
              [
                100.55966590000007,
                34.73949000000019
              ],
              [
                100.5600760000001,
                34.73796500000014
              ],
              [
                100.5607892000003,
                34.73556510000033
              ],
              [
                100.56337220000033,
                34.73214510000016
              ],
              [
                100.56526050000025,
                34.73214510000016
              ],
              [
                100.57195530000013,
                34.73242720000023
              ],
              [
                100.58088170000028,
                34.73228610000011
              ],
              [
                100.58963640000024,
                34.73031100000011
              ],
              [
                100.59118130000036,
                34.729464600000234
              ],
              [
                100.59409960000005,
                34.725514200000234
              ],
              [
                100.59478620000037,
                34.72241030000028
              ],
              [
                100.59804780000042,
                34.71521430000032
              ],
              [
                100.59753280000007,
                34.71055770000013
              ],
              [
                100.59856280000002,
                34.70420740000033
              ],
              [
                100.60027940000032,
                34.7005381000003
              ],
              [
                100.60405590000032,
                34.69475160000026
              ],
              [
                100.43414044100034,
                34.65261656199991
              ],
              [
                100.04575748900021,
                34.35638865300017
              ],
              [
                99.7683444340006,
                34.18845643500041
              ],
              [
                99.57476009500031,
                33.88127539500008
              ],
              [
                99.32774529400018,
                33.51760672500022
              ],
              [
                99.12498244700039,
                33.184639937000135
              ],
              [
                98.93323901300029,
                32.99751043900041
              ],
              [
                98.57803901400013,
                32.75661295900026
              ],
              [
                98.34518656800039,
                32.5391460830004
              ],
              [
                98.24409861700022,
                32.28111545200007
              ],
              [
                97.91592243100035,
                32.080574990000585
              ],
              [
                97.50371262900019,
                31.81869474000016
              ],
              [
                97.44003443300011,
                31.433230736000507
              ],
              [
                97.43039492800038,
                31.1972384000003
              ],
              [
                97.44062575300018,
                30.72888673700057
              ],
              [
                97.54591812100051,
                30.44024266400036
              ],
              [
                97.7748240990004,
                30.242712536000028
              ],
              [
                98.01448548500042,
                29.95556179700027
              ],
              [
                98.29652955900013,
                29.67296147900019
              ],
              [
                98.62296635200022,
                29.150174432000387
              ],
              [
                98.58230373100047,
                29.045890693000114
              ],
              [
                98.62497846300016,
                28.973527012000023
              ],
              [
                98.63791777247073,
                28.94638840184542
              ],
              [
                98.63530276910745,
                28.941386216800478
              ],
              [
                98.63824832579962,
                28.930534166018944
              ],
              [
                98.6387134128937,
                28.87865102802259
              ],
              [
                98.64165896958576,
                28.87102875387393
              ],
              [
                98.65452640197185,
                28.85516408885163
              ],
              [
                98.6550948427528,
                28.850254828297732
              ],
              [
                98.65297610926004,
                28.844983832537867
              ],
              [
                98.65158084527978,
                28.835940456886604
              ],
              [
                98.65307946204753,
                28.82557933252021
              ],
              [
                98.65669681230801,
                28.81906810241108
              ],
              [
                98.66114098486847,
                28.81322866497091
              ],
              [
                98.6652234231224,
                28.804908758832212
              ],
              [
                98.67814253055336,
                28.757056383145564
              ],
              [
                98.67865929628942,
                28.749124049735176
              ],
              [
                98.67752241382837,
                28.74235443810684
              ],
              [
                98.67235477085599,
                28.73620494230423
              ],
              [
                98.61871463367348,
                28.7042430691624
              ],
              [
                98.60734581895434,
                28.694863795827505
              ],
              [
                98.59757897289131,
                28.683210761167704
              ],
              [
                98.58920739080838,
                28.670291652837577
              ],
              [
                98.58450483582953,
                28.649155992055416
              ],
              [
                98.58502159976695,
                28.626547552927292
              ],
              [
                98.59401330037352,
                28.583165188222885
              ],
              [
                98.61282352118855,
                28.539421088312597
              ],
              [
                98.6357678571009,
                28.500302029015483
              ],
              [
                98.64021202966144,
                28.485858466395158
              ],
              [
                98.64289920483439,
                28.47314606453925
              ],
              [
                98.64444949664693,
                28.459400133009694
              ],
              [
                98.6442944679153,
                28.44389720319335
              ],
              [
                98.64041873613569,
                28.424130967969827
              ],
              [
                98.62956668535425,
                28.397362576221997
              ],
              [
                98.61354699070101,
                28.367571113416165
              ],
              [
                98.57582319538416,
                28.31754832649407
              ],
              [
                98.55721968014413,
                28.299874986341564
              ],
              [
                98.4898852882754,
                28.248069362710986
              ],
              [
                98.47960167827478,
                28.242643338219565
              ],
              [
                98.44756228986773,
                28.23171377217288
              ],
              [
                98.43154259611399,
                28.236623032726868
              ],
              [
                98.40999352418177,
                28.250601508253116
              ],
              [
                98.37366499194574,
                28.28984975786006
              ],
              [
                98.34575971863612,
                28.32602326136448
              ],
              [
                98.3367680198282,
                28.33542837222163
              ],
              [
                98.32601932183422,
                28.344445909451263
              ],
              [
                98.29976769402381,
                28.354807033817647
              ],
              [
                98.28292117707065,
                28.31535207773619
              ],
              [
                98.27082889193974,
                28.26189280950559
              ],
              [
                98.26147545792594,
                28.23967194310579
              ],
              [
                98.24767784955313,
                28.220034898192008
              ],
              [
                98.2301595399308,
                28.202878322876384
              ],
              [
                98.21196943584071,
                28.19158702252309
              ],
              [
                98.13626346188923,
                28.15644704779305
              ],
              [
                98.11517947795049,
                28.14399302835564
              ],
              [
                98.11500227600014,
                28.143888357000147
              ],
              [
                98.04861942600009,
                28.199623515000095
              ],
              [
                98.03135949800001,
                28.208330994000153
              ],
              [
                97.99105188000006,
                28.214015401000008
              ],
              [
                97.98485070800007,
                28.224221497000165
              ],
              [
                97.99384240800012,
                28.25254018200017
              ],
              [
                97.99291223200007,
                28.268921611000117
              ],
              [
                97.97875288900019,
                28.280600484000097
              ],
              [
                97.94474979700016,
                28.298842265000072
              ],
              [
                97.89751753800013,
                28.355324605000188
              ],
              [
                97.8590702720001,
                28.370129903000112
              ],
              [
                97.7972652590001,
                28.34392995200011
              ],
              [
                97.76532922400011,
                28.352430725000207
              ],
              [
                97.74000777200004,
                28.382609762000104
              ],
              [
                97.69959680200006,
                28.48802968300015
              ],
              [
                97.67045129400013,
                28.511284079000166
              ],
              [
                97.64109908100006,
                28.49836497000016
              ],
              [
                97.6136072180001,
                28.48198354100019
              ],
              [
                97.58993941300007,
                28.494695943000163
              ],
              [
                97.56751184100018,
                28.52549509700004
              ],
              [
                97.54622115100017,
                28.538465881000064
              ],
              [
                97.52772098800015,
                28.529525859000135
              ],
              [
                97.51397505800011,
                28.494695943000163
              ],
              [
                97.50301965300005,
                28.47772023600015
              ],
              [
                97.48813684100001,
                28.44193430600012
              ],
              [
                97.47459761600004,
                28.426198832000058
              ],
              [
                97.47149703000015,
                28.414959209000195
              ],
              [
                97.4657092700001,
                28.406690979000153
              ],
              [
                97.45010298699998,
                28.391911520000132
              ],
              [
                97.44534875500017,
                28.3829714970002
              ],
              [
                97.44679569500016,
                28.374005636000163
              ],
              [
                97.4502063400002,
                28.364858906999988
              ],
              [
                97.45237674900008,
                28.355479635000048
              ],
              [
                97.45237674900008,
                28.317678324000074
              ],
              [
                97.44782922400006,
                28.297602031000107
              ],
              [
                97.43666711400012,
                28.286414083000075
              ],
              [
                97.41672001200001,
                28.28605234800017
              ],
              [
                97.39821984900007,
                28.288894552000148
              ],
              [
                97.38437056500011,
                28.284837952000142
              ],
              [
                97.37785933500014,
                28.263598939000158
              ],
              [
                97.36959110600007,
                28.25347035700013
              ],
              [
                97.33383101400008,
                28.23525441500008
              ],
              [
                97.32349572800015,
                28.21747772300014
              ],
              [
                97.32866337100008,
                28.190011699000177
              ],
              [
                97.29889774600007,
                28.129240214000163
              ],
              [
                97.29290328000015,
                28.09508209200009
              ],
              [
                97.30654585800018,
                28.06965728800017
              ],
              [
                97.35512170500009,
                28.023045146000122
              ],
              [
                97.3622530520001,
                27.99488149000015
              ],
              [
                97.35677535000019,
                27.980567118000174
              ],
              [
                97.34003218600004,
                27.95180918400007
              ],
              [
                97.33569136600006,
                27.935608622000053
              ],
              [
                97.33631148300006,
                27.91318105100016
              ],
              [
                97.33817183500005,
                27.901553853000113
              ],
              [
                97.3335209560001,
                27.894164124000103
              ],
              [
                97.31491744000013,
                27.884603983000183
              ],
              [
                97.29290328000015,
                27.87755015099999
              ],
              [
                97.2886658130002,
                27.884345602000124
              ],
              [
                97.28804569500005,
                27.897755636000173
              ],
              [
                97.27636682200016,
                27.91033884700009
              ],
              [
                97.2606571860001,
                27.912044170000147
              ],
              [
                97.24122684700002,
                27.90785837900002
              ],
              [
                97.22293339000005,
                27.899719341000107
              ],
              [
                97.21094445800007,
                27.88951324500005
              ],
              [
                97.19802535100017,
                27.87326100700011
              ],
              [
                97.18210900900014,
                27.85726715100016
              ],
              [
                97.13177616400007,
                27.816856181000098
              ],
              [
                97.12319787600005,
                27.812153625000104
              ],
              [
                97.11244917900011,
                27.80920806900012
              ],
              [
                97.10604130000017,
                27.805539043000113
              ],
              [
                97.09818648300006,
                27.791017965000076
              ],
              [
                97.09219201700003,
                27.785488587000167
              ],
              [
                97.07234826700004,
                27.779184062000148
              ],
              [
                97.06532027200004,
                27.77399058100013
              ],
              [
                97.06201298100012,
                27.763345235000152
              ],
              [
                97.0603593340001,
                27.750451965000053
              ],
              [
                97.05674198400011,
                27.74678293900015
              ],
              [
                97.05054081200011,
                27.74678293900015
              ],
              [
                97.0361747640001,
                27.742920068000103
              ],
              [
                97.00403202400007,
                27.734277242000157
              ],
              [
                96.99090621,
                27.72662913000008
              ],
              [
                96.95700647000018,
                27.688078512000097
              ],
              [
                96.93953983600014,
                27.674022522000175
              ],
              [
                96.89974898300004,
                27.6494762170002
              ],
              [
                96.88352258400003,
                27.636324565000123
              ],
              [
                96.8701900640001,
                27.619090475000156
              ],
              [
                96.86212854000011,
                27.599298401000173
              ],
              [
                96.86202518800017,
                27.578369446000192
              ],
              [
                96.86615930200001,
                27.568447571000103
              ],
              [
                96.87732141200013,
                27.55307383200012
              ],
              [
                96.88031864400013,
                27.54384958900012
              ],
              [
                96.88104211500014,
                27.534392802000138
              ],
              [
                96.88465946500003,
                27.515840963000095
              ],
              [
                96.88848352100017,
                27.50718516000015
              ],
              [
                96.89024051900016,
                27.492483215000068
              ],
              [
                96.87701135200007,
                27.463079325000166
              ],
              [
                96.88135217300004,
                27.44411407500003
              ],
              [
                96.90512333200019,
                27.4084056600002
              ],
              [
                97.06790409400011,
                27.217099508000043
              ],
              [
                97.09549930900003,
                27.19126129200011
              ],
              [
                97.10128706900018,
                27.18330312100014
              ],
              [
                97.1017004810002,
                27.16526804600015
              ],
              [
                97.10438765500012,
                27.15601796500005
              ],
              [
                97.11172570800012,
                27.148834941000192
              ],
              [
                97.1208207610001,
                27.14392568000015
              ],
              [
                97.12929569600001,
                27.137879537000106
              ],
              [
                97.13477339700009,
                27.127337545000138
              ],
              [
                97.13301639900011,
                27.119586080000133
              ],
              [
                97.12288781700016,
                27.093696188000198
              ],
              [
                97.11916711400015,
                27.08728831000016
              ],
              [
                97.10604130000017,
                27.082585754000092
              ],
              [
                97.09797977800018,
                27.085893046000173
              ],
              [
                97.08991825400012,
                27.0921975710001
              ],
              [
                97.07720585100014,
                27.09648671500007
              ],
              [
                97.06697391800007,
                27.095246480000128
              ],
              [
                97.05882660700019,
                27.09207563500014
              ],
              [
                97.04785363800016,
                27.08780507400019
              ],
              [
                97.0380351160001,
                27.087029928000007
              ],
              [
                97.02676965400005,
                27.091474101000188
              ],
              [
                97.0189148360001,
                27.098708802000168
              ],
              [
                97.0118868410001,
                27.10702870700013
              ],
              [
                97.00299849500007,
                27.114521790000058
              ],
              [
                96.86533247900026,
                27.171624248000175
              ],
              [
                96.84269820200004,
                27.18852244100016
              ],
              [
                96.84176802600015,
                27.20438710600007
              ],
              [
                96.85127649000006,
                27.22118194600014
              ],
              [
                96.85964807200004,
                27.240715637000054
              ],
              [
                96.85375695800022,
                27.24872548500004
              ],
              [
                96.82171757000003,
                27.273065084000145
              ],
              [
                96.80993534400012,
                27.285777487000185
              ],
              [
                96.78916141700017,
                27.317971904000135
              ],
              [
                96.77634566300001,
                27.33063263000017
              ],
              [
                96.75887902800007,
                27.341743063000198
              ],
              [
                96.72415246600012,
                27.356264140000143
              ],
              [
                96.70523889200018,
                27.360759989000083
              ],
              [
                96.68725549300018,
                27.36174184200013
              ],
              [
                96.67588667900002,
                27.35765940400012
              ],
              [
                96.65924686700009,
                27.341433004000116
              ],
              [
                96.64901493300003,
                27.33621368500019
              ],
              [
                96.63640588400008,
                27.335541891000123
              ],
              [
                96.62927453600015,
                27.33869415300017
              ],
              [
                96.62317671800018,
                27.343655091000127
              ],
              [
                96.61418501800006,
                27.34840932300011
              ],
              [
                96.58689986200012,
                27.353576966000123
              ],
              [
                96.57604781100015,
                27.345412089000092
              ],
              [
                96.56746952400016,
                27.328307191000047
              ],
              [
                96.54731571500017,
                27.30644805900011
              ],
              [
                96.53181278500016,
                27.298541565000157
              ],
              [
                96.51093550700008,
                27.292495422000115
              ],
              [
                96.49005822700012,
                27.29073842400006
              ],
              [
                96.47465865100013,
                27.295389303000114
              ],
              [
                96.40778934700016,
                27.298179830000063
              ],
              [
                96.1425858970001,
                27.257510478000203
              ],
              [
                96.07416630100012,
                27.229863586000192
              ],
              [
                96.01318811100015,
                27.190796204000083
              ],
              [
                95.97484419800011,
                27.14289215100017
              ],
              [
                95.93836063700012,
                27.079898580000147
              ],
              [
                95.91644983000008,
                27.051373189000014
              ],
              [
                95.88885461500016,
                27.02703359000019
              ],
              [
                95.86146610500012,
                27.01421783500011
              ],
              [
                95.80493208800007,
                27.004761048000137
              ],
              [
                95.77795699100004,
                26.995149231000127
              ],
              [
                95.73496219900015,
                26.94729685500004
              ],
              [
                95.70922733600007,
                26.907454326000114
              ],
              [
                95.69930546100016,
                26.896188863000138
              ],
              [
                95.68607629400007,
                26.891279603000104
              ],
              [
                95.63998091600006,
                26.88642201800018
              ],
              [
                95.62427128100026,
                26.880737610000054
              ],
              [
                95.61331587700002,
                26.867921855000073
              ],
              [
                95.60339400200019,
                26.84425404900013
              ],
              [
                95.59130171700012,
                26.823738505000158
              ],
              [
                95.57476525900003,
                26.816142070000176
              ],
              [
                95.55440474400018,
                26.81660715700012
              ],
              [
                95.53135705600013,
                26.820276185000026
              ],
              [
                95.48980920400005,
                26.810716044000117
              ],
              [
                95.46273075300017,
                26.777178040000194
              ],
              [
                95.43999312400011,
                26.735371806000146
              ],
              [
                95.41064091000013,
                26.701627096000095
              ],
              [
                95.39265751100014,
                26.69175689800009
              ],
              [
                95.31596968600012,
                26.669070943000044
              ],
              [
                95.27896936100015,
                26.65294789700005
              ],
              [
                95.26057255100015,
                26.6476252240002
              ],
              [
                95.24693311796896,
                26.648903921478848
              ],
              [
                95.23907515500011,
                26.649640605000148
              ],
              [
                95.22326216700012,
                26.670362854000167
              ],
              [
                95.20486535700012,
                26.667572327000027
              ],
              [
                95.19556359900017,
                26.660751038000086
              ],
              [
                95.18161096200001,
                26.64168243500017
              ],
              [
                95.17323938000014,
                26.633827617000154
              ],
              [
                95.16342085800015,
                26.62974517800013
              ],
              [
                95.14140669800017,
                26.62499094600016
              ],
              [
                95.13262170500019,
                26.62080515500011
              ],
              [
                95.12280318300012,
                26.611606751000025
              ],
              [
                95.11908247900003,
                26.604217021000025
              ],
              [
                95.11587854000004,
                26.575639954000145
              ],
              [
                95.11618859900013,
                26.569335429000127
              ],
              [
                95.11494836400009,
                26.562565816000188
              ],
              [
                95.10957401600002,
                26.551300354000126
              ],
              [
                95.09923872900012,
                26.53610748400001
              ],
              [
                95.06988651600014,
                26.506238506000006
              ],
              [
                95.05438358600013,
                26.49486969000019
              ],
              [
                95.04063765500018,
                26.47559438100015
              ],
              [
                95.04260135900013,
                26.45967804000005
              ],
              [
                95.06172163900013,
                26.426605123000147
              ],
              [
                95.06606245900011,
                26.40743316700014
              ],
              [
                95.0642021080001,
                26.3926020310002
              ],
              [
                95.05045617700017,
                26.359064026000006
              ],
              [
                95.04363488800001,
                26.32769643200009
              ],
              [
                95.041774536,
                26.28759552000017
              ],
              [
                95.04632206200004,
                26.247959697000116
              ],
              [
                95.05872440600011,
                26.217677307000177
              ],
              [
                95.06637251800001,
                26.211011047000163
              ],
              [
                95.0745373950001,
                26.208323873000147
              ],
              [
                95.08280562300007,
                26.20661855100018
              ],
              [
                95.09076379400011,
                26.202691142000116
              ],
              [
                95.09448449700012,
                26.19504303000013
              ],
              [
                95.08973026500004,
                26.1876016240002
              ],
              [
                95.08239221200004,
                26.17979848300018
              ],
              [
                95.07836145100013,
                26.171323548000185
              ],
              [
                95.0881799730001,
                26.10409250900012
              ],
              [
                95.10171919800018,
                26.09339548800012
              ],
              [
                95.13747928900003,
                26.082956848
              ],
              [
                95.15008833800013,
                26.070967916000118
              ],
              [
                95.15122522000004,
                26.049935608000105
              ],
              [
                95.13954634600007,
                26.029936829000086
              ],
              [
                95.10823042800016,
                25.995106913000203
              ],
              [
                95.06585575400005,
                25.953817444000094
              ],
              [
                95.04942264900009,
                25.94374054000005
              ],
              [
                95.01200891200003,
                25.931441549000112
              ],
              [
                95.00064009600013,
                25.922036438000152
              ],
              [
                94.99402551300014,
                25.900435690000098
              ],
              [
                94.99319869000003,
                25.880953674000178
              ],
              [
                95.01345585200002,
                25.777704163000138
              ],
              [
                95.01531620300011,
                25.755121562000014
              ],
              [
                95.00880497300015,
                25.737138163000115
              ],
              [
                94.99991662700005,
                25.73155710900009
              ],
              [
                94.97862593600006,
                25.72907664000013
              ],
              [
                94.96901412000007,
                25.72561431900008
              ],
              [
                94.9614693610001,
                25.717966207000014
              ],
              [
                94.87165572100007,
                25.59802520800011
              ],
              [
                94.8680383710001,
                25.59471791600004
              ],
              [
                94.85749637900005,
                25.589343567000164
              ],
              [
                94.85346561700014,
                25.586036275000158
              ],
              [
                94.85294885300011,
                25.58076528000014
              ],
              [
                94.8610103760001,
                25.571411846000096
              ],
              [
                94.8602869060001,
                25.56717437800013
              ],
              [
                94.85077844300011,
                25.56278188100014
              ],
              [
                94.83103804600015,
                25.562471823000074
              ],
              [
                94.82235640500008,
                25.55911285400015
              ],
              [
                94.80799035600018,
                25.542628072000163
              ],
              [
                94.78235884600012,
                25.504594219000133
              ],
              [
                94.76437544800004,
                25.491675110000042
              ],
              [
                94.74577193200008,
                25.48661082000006
              ],
              [
                94.71114872200016,
                25.482786764000114
              ],
              [
                94.69202844200008,
                25.47632721000014
              ],
              [
                94.65947229000004,
                25.45550160800019
              ],
              [
                94.65036003700014,
                25.446649705000173
              ],
              [
                94.63053348800008,
                25.427389629000146
              ],
              [
                94.60800256400016,
                25.39462677000007
              ],
              [
                94.55012496000012,
                25.245281880999993
              ],
              [
                94.55332889800019,
                25.204147440000106
              ],
              [
                94.57689335200018,
                25.1736066700002
              ],
              [
                94.6129635010002,
                25.161359355000172
              ],
              [
                94.65327111800015,
                25.154124654000025
              ],
              [
                94.6891345630001,
                25.138518372000075
              ],
              [
                94.70680790300018,
                25.109941305000117
              ],
              [
                94.7138358970002,
                25.068264262000174
              ],
              [
                94.70856490100007,
                25.025889587000155
              ],
              [
                94.68975467900006,
                24.995090434000183
              ],
              [
                94.67352828000006,
                24.974807434000184
              ],
              [
                94.65482141100007,
                24.889153748000037
              ],
              [
                94.63911177600009,
                24.86279876700006
              ],
              [
                94.59901086400009,
                24.813473612000145
              ],
              [
                94.59322310400005,
                24.78378550200018
              ],
              [
                94.59322310400005,
                24.76593129500014
              ],
              [
                94.58950240100012,
                24.747250264000062
              ],
              [
                94.58154423100015,
                24.730119528000092
              ],
              [
                94.56945194600019,
                24.716399434000095
              ],
              [
                94.55570601400015,
                24.70885467600013
              ],
              [
                94.5434070230001,
                24.707330220000117
              ],
              [
                94.53100468000012,
                24.707485250000154
              ],
              [
                94.51632857300005,
                24.70495310500008
              ],
              [
                94.50795699100016,
                24.68901092500014
              ],
              [
                94.48707971200018,
                24.62046213800011
              ],
              [
                94.47498742700002,
                24.59738861100005
              ],
              [
                94.43023563600006,
                24.57090443900014
              ],
              [
                94.41845341000004,
                24.560310771000157
              ],
              [
                94.41080529800016,
                24.545944723000158
              ],
              [
                94.39705936700004,
                24.49506927500014
              ],
              [
                94.38186649600003,
                24.48631012000007
              ],
              [
                94.37039432800009,
                24.47773183300012
              ],
              [
                94.36367639200016,
                24.465820415000024
              ],
              [
                94.36119592300017,
                24.425409444000202
              ],
              [
                94.35220422300014,
                24.413937277000084
              ],
              [
                94.34000858600012,
                24.406004944000127
              ],
              [
                94.32874312400008,
                24.394481100000014
              ],
              [
                94.32832971200008,
                24.38848663400017
              ],
              [
                94.33174035600008,
                24.371097514000137
              ],
              [
                94.3307068280001,
                24.362855123000205
              ],
              [
                94.3236788330001,
                24.354664408000097
              ],
              [
                94.30280155400006,
                24.34102183100018
              ],
              [
                94.29536014800003,
                24.332598572000094
              ],
              [
                94.28998580000014,
                24.316759746000102
              ],
              [
                94.2868852130001,
                24.28306671200013
              ],
              [
                94.28275109900008,
                24.26642690100012
              ],
              [
                94.23396854600011,
                24.160335185000182
              ],
              [
                94.22218632100014,
                24.122637228000144
              ],
              [
                94.21846561700002,
                24.08667043100016
              ],
              [
                94.21412479700012,
                24.069177959000026
              ],
              [
                94.2036861570001,
                24.057757467000123
              ],
              [
                94.19913863200006,
                24.048093974000086
              ],
              [
                94.19386763500003,
                24.009672547000147
              ],
              [
                94.19025028500013,
                23.995280660000052
              ],
              [
                94.14487837800003,
                23.938875834000115
              ],
              [
                94.13505985500004,
                23.919006246000116
              ],
              [
                94.13361291500007,
                23.89916249600003
              ],
              [
                94.13505985500004,
                23.87730336500001
              ],
              [
                94.13185591700007,
                23.856968689000073
              ],
              [
                94.12885926694159,
                23.85390487351111
              ],
              [
                94.13454389778266,
                23.843557847816466
              ],
              [
                94.14012495280434,
                23.77831635191814
              ],
              [
                94.14549930225107,
                23.760462143713013
              ],
              [
                94.16399946470352,
                23.721033026952707
              ],
              [
                94.17009728366273,
                23.694962267194853
              ],
              [
                94.15697146975752,
                23.600575262738197
              ],
              [
                94.1509770035858,
                23.57310923900025
              ],
              [
                94.14250206871549,
                23.49928945634339
              ],
              [
                94.14177859920301,
                23.49729991316046
              ],
              [
                94.13940148329178,
                23.491408799776334
              ],
              [
                94.13537072098188,
                23.485621039179602
              ],
              [
                94.12813602136029,
                23.47851552986781
              ],
              [
                94.12348514232542,
                23.475854194015852
              ],
              [
                94.11418338425575,
                23.476577664427786
              ],
              [
                94.09950727673939,
                23.480918484200757
              ],
              [
                94.06684777160734,
                23.500012925855867
              ],
              [
                94.06622765488234,
                23.500219631430827
              ],
              [
                94.05981977666133,
                23.501382351414406
              ],
              [
                94.05372195770214,
                23.500607205058422
              ],
              [
                94.05031131391607,
                23.499392809130875
              ],
              [
                94.04452355331924,
                23.490556139054664
              ],
              [
                94.04452355331924,
                23.46117808739885
              ],
              [
                94.05165490105283,
                23.436890164349638
              ],
              [
                94.05413536975153,
                23.423015042510155
              ],
              [
                94.04907107866727,
                23.347955023705403
              ],
              [
                94.04442020143114,
                23.339790147197604
              ],
              [
                94.03542850082457,
                23.335604356156104
              ],
              [
                94.01052046105036,
                23.337309679398178
              ],
              [
                94.00028852699388,
                23.330540065971366
              ],
              [
                94.01052046105036,
                23.294960842568788
              ],
              [
                94.01145063703724,
                23.277959295984708
              ],
              [
                93.99925499911888,
                23.231011256964056
              ],
              [
                93.9981181166578,
                23.220004177450786
              ],
              [
                94.00173546781757,
                23.166854967582733
              ],
              [
                94.01940880707082,
                23.071822007979367
              ],
              [
                94.02002892469507,
                23.052004095912324
              ],
              [
                94.01548139844778,
                23.011541449478283
              ],
              [
                93.99346723762294,
                22.932554022949848
              ],
              [
                93.99253706343468,
                22.92025503224397
              ],
              [
                93.99801476387023,
                22.909118761521594
              ],
              [
                94.0021488789676,
                22.8956312124106
              ],
              [
                94.00917687391362,
                22.88139435536525
              ],
              [
                94.01393110573588,
                22.814964301061718
              ],
              [
                94.00545617086554,
                22.779772651286912
              ],
              [
                94.00049523256894,
                22.77160777387965
              ],
              [
                93.99439741360975,
                22.743159898210735
              ],
              [
                94.00700646357744,
                22.678021755099902
              ],
              [
                94.0153780456602,
                22.623787340513395
              ],
              [
                94.02612674365416,
                22.590275172860935
              ],
              [
                94.02747033079109,
                22.573092760022885
              ],
              [
                94.02333621569375,
                22.53640249348033
              ],
              [
                94.03542850082457,
                22.43315298142494
              ],
              [
                94.03398156090033,
                22.41912282995463
              ],
              [
                94.02374962774314,
                22.39511912684634
              ],
              [
                94.02560997881749,
                22.387961940691067
              ],
              [
                94.03873579272259,
                22.385791531254174
              ],
              [
                94.04721072759301,
                22.382535916199647
              ],
              [
                94.050724725066,
                22.374396878113487
              ],
              [
                94.04721072759301,
                22.360030828959644
              ],
              [
                94.02540327324242,
                22.32579519269408
              ],
              [
                94.02147586461939,
                22.312798569998087
              ],
              [
                94.02178592298193,
                22.294298407545536
              ],
              [
                94.049691197191,
                22.15978465433837
              ],
              [
                94.05031131391607,
                22.13978587511807
              ],
              [
                94.04628055160619,
                22.115678819222193
              ],
              [
                94.0259200380793,
                22.07046194096581
              ],
              [
                94.02147586461939,
                22.049429632971215
              ],
              [
                94.04390343569497,
                21.981371772489375
              ],
              [
                94.05155154826534,
                21.962613226719057
              ],
              [
                94.05341190023906,
                21.95907339082435
              ],
              [
                94.05372195770214,
                21.952019558355904
              ],
              [
                94.049691197191,
                21.945146593040896
              ],
              [
                94.03336144417533,
                21.937240098951417
              ],
              [
                94.02374962774314,
                21.930108751217926
              ],
              [
                94.01692833927137,
                21.921943874710138
              ],
              [
                94.00731652193988,
                21.89106720628657
              ],
              [
                94.00369917167941,
                21.827918606358644
              ],
              [
                94.00700646357744,
                21.7900914582542
              ],
              [
                94.02178592298193,
                21.756062527563614
              ],
              [
                94.06054324707318,
                21.688288886123242
              ],
              [
                94.10705203742164,
                21.614985867403895
              ],
              [
                94.12524214061227,
                21.585504462061316
              ],
              [
                94.13030643079709,
                21.572998765780476
              ],
              [
                94.1302030780096,
                21.555402939993655
              ],
              [
                94.12534549429914,
                21.53860809988391
              ],
              [
                94.07552941295202,
                21.43662466149895
              ],
              [
                94.05775272001202,
                21.320378525848387
              ],
              [
                94.0279870947286,
                21.265834051999896
              ],
              [
                94.05217166499034,
                21.24273468735589
              ],
              [
                94.09258263458095,
                21.219531969025223
              ],
              [
                94.10601850774789,
                21.208731594187814
              ],
              [
                94.1126330906446,
                21.195890001122724
              ],
              [
                94.11625044090508,
                21.177234809039255
              ],
              [
                94.1191443216531,
                21.111373196415936
              ],
              [
                94.11666385295439,
                21.086826890948345
              ],
              [
                94.10973921079595,
                21.065510362113624
              ],
              [
                94.04628055160619,
                20.957403266347708
              ],
              [
                94.03945926313443,
                20.916630561551194
              ],
              [
                94.04162967257132,
                20.906786200223028
              ],
              [
                94.07418582581518,
                20.842294013158185
              ],
              [
                94.08204064306122,
                20.818832913308402
              ],
              [
                94.0902055195691,
                20.776277370903962
              ],
              [
                94.0958899273782,
                20.760335191515964
              ],
              [
                94.10395145109857,
                20.746511746519925
              ],
              [
                94.13247684113325,
                20.712121079724064
              ],
              [
                94.13547407376947,
                20.70610077603002
              ],
              [
                94.13764448410564,
                20.70077810342681
              ],
              [
                94.13826460172993,
                20.692949123703187
              ],
              [
                94.13030643079709,
                20.682484646549224
              ],
              [
                94.10818891808405,
                20.67230438933619
              ],
              [
                94.02302615823056,
                20.651556301282323
              ],
              [
                93.99522423680908,
                20.65302908052764
              ],
              [
                93.97786095591842,
                20.655664577957985
              ],
              [
                93.90458377472139,
                20.701914984988594
              ],
              [
                93.90396365799641,
                20.581069648045847
              ],
              [
                93.91378218000364,
                20.564352322301865
              ],
              [
                93.92659793464695,
                20.55861623854864
              ],
              [
                93.96762902186184,
                20.551433213971638
              ],
              [
                93.98385542209002,
                20.544689438966554
              ],
              [
                94.00018517510568,
                20.532106228319847
              ],
              [
                94.01165734261232,
                20.517946886539534
              ],
              [
                94.02281945175632,
                20.50112620710881
              ],
              [
                94.0265401548043,
                20.492108669879254
              ],
              [
                94.15593794098314,
                20.28739248337644
              ],
              [
                94.16989057808773,
                20.25938385727918
              ],
              [
                94.19355838441197,
                20.191506863051316
              ],
              [
                94.2076143743039,
                20.166676336743595
              ],
              [
                94.25619022040232,
                20.1113567165393
              ],
              [
                94.2526762229293,
                20.04869904212717
              ],
              [
                94.25805057237594,
                20.032731025216655
              ],
              [
                94.26518191921014,
                20.016943875459496
              ],
              [
                94.28378543534954,
                20.00185435589382
              ],
              [
                94.28657596241078,
                19.999864814509646
              ],
              [
                94.31685835163161,
                19.97084849716043
              ],
              [
                94.33391157415984,
                19.949557806747425
              ],
              [
                94.34135298115515,
                19.933073025000134
              ],
              [
                94.34310997944202,
                19.9192495791048
              ],
              [
                94.34000939311903,
                19.90571035404968
              ],
              [
                94.32977745996175,
                19.874187730479484
              ],
              [
                94.32429975772764,
                19.847729397094035
              ],
              [
                94.32481652166516,
                19.831968084859295
              ],
              [
                94.32791710798814,
                19.81809296301991
              ],
              [
                94.36977501840227,
                19.730578924777635
              ],
              [
                94.40873904806857,
                19.55916819945285
              ],
              [
                94.43013309126913,
                19.45134532272853
              ],
              [
                94.43943484933887,
                19.432199205129294
              ],
              [
                94.53152225135088,
                19.30579865248585
              ],
              [
                94.55550011603745,
                19.264095770803262
              ],
              [
                94.56066775900983,
                19.24626740191912
              ],
              [
                94.55953087834735,
                19.23644887901258
              ],
              [
                94.55301964733884,
                19.233787543160638
              ],
              [
                94.54268436139417,
                19.233089911170495
              ],
              [
                94.53493289603631,
                19.220997626039683
              ],
              [
                94.53358930889947,
                19.1978982613956
              ],
              [
                94.54929894429078,
                19.1402273628026
              ],
              [
                94.55953087834735,
                19.114931749400718
              ],
              [
                94.57120975142885,
                19.099247952431128
              ],
              [
                94.58443891812153,
                19.095372218852773
              ],
              [
                94.6018021990123,
                19.09250417742593
              ],
              [
                94.63446170414436,
                19.075502630841758
              ],
              [
                94.68231408073021,
                19.02498891930324
              ],
              [
                94.71848758333525,
                18.9437277287517
              ],
              [
                94.73440392520098,
                18.92383230231888
              ],
              [
                94.74649621033181,
                18.923858140740695
              ],
              [
                94.78949100140852,
                18.869959622038916
              ],
              [
                94.79600223241711,
                18.857841498486373
              ],
              [
                94.80468387196312,
                18.837170924798464
              ],
              [
                94.80396040155128,
                18.823424994168178
              ],
              [
                94.79724246586709,
                18.8130638698018
              ],
              [
                94.78473676958633,
                18.805984198012364
              ],
              [
                94.76809695820805,
                18.80091990782746
              ],
              [
                94.73554080586358,
                18.79665660242027
              ],
              [
                94.72282840400757,
                18.791359768238777
              ],
              [
                94.72014122883462,
                18.783789170933474
              ],
              [
                94.72107140482144,
                18.776502794468424
              ],
              [
                94.72437869671957,
                18.771283473753325
              ],
              [
                94.72871951739181,
                18.765934962728412
              ],
              [
                94.77233442609288,
                18.727487697899004
              ],
              [
                94.79186811731974,
                18.69715363183475
              ],
              [
                94.790937941333,
                18.684622097132106
              ],
              [
                94.78597700393551,
                18.67237478326966
              ],
              [
                94.75528120266529,
                18.644004421067237
              ],
              [
                94.7440157407338,
                18.623566392275205
              ],
              [
                94.7467029150075,
                18.605376288185198
              ],
              [
                94.77274783724292,
                18.553984075704626
              ],
              [
                94.77584842266653,
                18.535974840566535
              ],
              [
                94.77274783724292,
                18.52114370431851
              ],
              [
                94.76840701657049,
                18.507888699204212
              ],
              [
                94.76334272728496,
                18.485073554500946
              ],
              [
                94.76303266802324,
                18.47432485650697
              ],
              [
                94.76365278474813,
                18.466315008730728
              ],
              [
                94.80861128058615,
                18.389110418910697
              ],
              [
                94.82091027219128,
                18.373039049212796
              ],
              [
                94.83651655479512,
                18.35776866339314
              ],
              [
                94.83659530932601,
                18.35762035709382
              ],
              [
                94.87920128840867,
                18.27738597288436
              ],
              [
                94.89005333919032,
                18.236535752822725
              ],
              [
                94.89150027911455,
                18.180518499728993
              ],
              [
                94.87403364543638,
                18.101272690782075
              ],
              [
                94.87537723167385,
                17.998850002825396
              ],
              [
                94.85822065635821,
                17.957534694770413
              ],
              [
                94.8579105979957,
                17.94236766173814
              ],
              [
                94.85946089070758,
                17.927975775961325
              ],
              [
                94.8632849474423,
                17.91738210669889
              ],
              [
                94.86638553286602,
                17.911103419687066
              ],
              [
                94.87537723167385,
                17.89828766504378
              ],
              [
                94.90266238825863,
                17.85082286208543
              ],
              [
                94.90297244662109,
                17.833743801135505
              ],
              [
                94.90173221227174,
                17.81542450583629
              ],
              [
                94.88912316320341,
                17.78346263269436
              ],
              [
                94.88292199055745,
                17.729977525142697
              ],
              [
                94.8689693543522,
                17.696930447282337
              ],
              [
                94.81791303865579,
                17.64130076691692
              ],
              [
                94.80954145657286,
                17.623989162869673
              ],
              [
                94.80706098787425,
                17.606574205135473
              ],
              [
                94.8072676943486,
                17.577247830323092
              ],
              [
                94.80210005137621,
                17.540531725358907
              ],
              [
                94.79941287620326,
                17.465394192188363
              ],
              [
                94.78783735590922,
                17.42971161509901
              ],
              [
                94.75435102667848,
                17.371653143777596
              ],
              [
                94.74422244720814,
                17.366666367958484
              ],
              [
                94.73657433463778,
                17.369431057497383
              ],
              [
                94.7299597508418,
                17.3739785828453
              ],
              [
                94.71476688028727,
                17.38852549915248
              ],
              [
                94.69595665857291,
                17.401289577851806
              ],
              [
                94.67962690555716,
                17.40488108969066
              ],
              [
                94.6559591001324,
                17.407180691235947
              ],
              [
                94.63621870333048,
                17.416249905308923
              ],
              [
                94.56810916510587,
                17.46275869385865
              ],
              [
                94.56771864799717,
                17.462880298387056
              ],
              [
                94.56657962300008,
                17.47662995000014
              ],
              [
                94.5700789720001,
                17.493963934000124
              ],
              [
                94.57032311300004,
                17.50519440300013
              ],
              [
                94.56657962300008,
                17.51886627800007
              ],
              [
                94.55933678500008,
                17.532904364000043
              ],
              [
                94.55543053500008,
                17.538397528000054
              ],
              [
                94.55388431100005,
                17.54360586100014
              ],
              [
                94.55347741000004,
                17.55638255400009
              ],
              [
                94.56031334700006,
                17.58209870000005
              ],
              [
                94.57691491000003,
                17.576239325000095
              ],
              [
                94.59701582100016,
                17.557766018000066
              ],
              [
                94.615000847,
                17.545558986000025
              ],
              [
                94.60922285200004,
                17.559556382000075
              ],
              [
                94.59066816500011,
                17.59324778900006
              ],
              [
                94.59107506600003,
                17.604193427000038
              ],
              [
                94.595225457,
                17.615464585000122
              ],
              [
                94.58952884200008,
                17.626410223
              ],
              [
                94.57398522200018,
                17.64179108300013
              ],
              [
                94.56299889400003,
                17.661688544000118
              ],
              [
                94.55689537900014,
                17.682440497000215
              ],
              [
                94.55347741000004,
                17.727362372000123
              ],
              [
                94.54395592500003,
                17.74803294500014
              ],
              [
                94.5017195970001,
                17.786607164000117
              ],
              [
                94.49219811300003,
                17.81679922100003
              ],
              [
                94.48951256600004,
                17.87620677300008
              ],
              [
                94.48340905000003,
                17.902289130000057
              ],
              [
                94.44743899800008,
                17.973334052000087
              ],
              [
                94.44434655000009,
                17.988104559000078
              ],
              [
                94.45085696700008,
                18.002427476000076
              ],
              [
                94.48178144600013,
                18.0152041690001
              ],
              [
                94.49219811300003,
                18.025946356000045
              ],
              [
                94.49488365999999,
                18.048814195000126
              ],
              [
                94.49057050900008,
                18.072495835000066
              ],
              [
                94.48096764400002,
                18.094224351000026
              ],
              [
                94.46192467500005,
                18.121771552000045
              ],
              [
                94.46062259200002,
                18.13279857000009
              ],
              [
                94.46062259200002,
                18.144191799000065
              ],
              [
                94.45785566500007,
                18.155707098000192
              ],
              [
                94.45232181100005,
                18.165106512000033
              ],
              [
                94.44109134200012,
                18.176418361000103
              ],
              [
                94.43677819100004,
                18.18235911700013
              ],
              [
                94.43018639400006,
                18.22215403900012
              ],
              [
                94.42286217500008,
                18.242499091000013
              ],
              [
                94.40650475400014,
                18.251288153000164
              ],
              [
                94.36060631600007,
                18.246079820000087
              ],
              [
                94.34156334700008,
                18.247503973000054
              ],
              [
                94.3276473320001,
                18.25873444200006
              ],
              [
                94.3258569670001,
                18.26772695500008
              ],
              [
                94.32618248800004,
                18.28164297100006
              ],
              [
                94.32797285200012,
                18.295111395000134
              ],
              [
                94.3310653,
                18.303127346000082
              ],
              [
                94.33920332100011,
                18.30597565300012
              ],
              [
                94.35027103000007,
                18.29291413000005
              ],
              [
                94.36589603000004,
                18.298570054000134
              ],
              [
                94.37859134200002,
                18.28709544500018
              ],
              [
                94.38917076900006,
                18.28603750200005
              ],
              [
                94.39698326900006,
                18.291449286000006
              ],
              [
                94.40902754000007,
                18.30882396000006
              ],
              [
                94.41700280000012,
                18.313950914000173
              ],
              [
                94.40528405000003,
                18.330308335000105
              ],
              [
                94.39958743600005,
                18.348211981000137
              ],
              [
                94.38965905000005,
                18.36269765800009
              ],
              [
                94.36548912900004,
                18.36859772300004
              ],
              [
                94.35059655000009,
                18.375230209999998
              ],
              [
                94.34400475400011,
                18.39126211100009
              ],
              [
                94.33920332100011,
                18.410223700000092
              ],
              [
                94.3310653,
                18.425970770000053
              ],
              [
                94.27963300900011,
                18.480210679000017
              ],
              [
                94.25896243600009,
                18.509019273000042
              ],
              [
                94.24496504000014,
                18.539252020000127
              ],
              [
                94.25896243600009,
                18.535711981000063
              ],
              [
                94.26221764400005,
                18.54511139500008
              ],
              [
                94.25294029999999,
                18.627997137000108
              ],
              [
                94.24878991000006,
                18.63886139500008
              ],
              [
                94.14893639400006,
                18.73102448100014
              ],
              [
                94.14893639400006,
                18.73851146000012
              ],
              [
                94.15642337300002,
                18.73851146000012
              ],
              [
                94.17457116000004,
                18.725043036000123
              ],
              [
                94.21159915500006,
                18.72553131700013
              ],
              [
                94.27930748800009,
                18.73851146000012
              ],
              [
                94.263682488,
                18.745510158000005
              ],
              [
                94.252452019,
                18.752142645000166
              ],
              [
                94.22803795700005,
                18.735541083000015
              ],
              [
                94.21241295700007,
                18.741848049000055
              ],
              [
                94.18295332100008,
                18.78563060100003
              ],
              [
                94.153086785,
                18.82103099200012
              ],
              [
                94.14730879000011,
                18.839829820000084
              ],
              [
                94.14893639400006,
                18.868231512000108
              ],
              [
                94.13819420700004,
                18.86009349200009
              ],
              [
                94.13355553500011,
                18.846502997000037
              ],
              [
                94.13331139400007,
                18.83185455900012
              ],
              [
                94.13510175900007,
                18.820461330000057
              ],
              [
                94.11963951900002,
                18.81663646000013
              ],
              [
                94.09839928500006,
                18.821722723000065
              ],
              [
                94.07846113400007,
                18.833075262000147
              ],
              [
                94.06690514400005,
                18.84833405200001
              ],
              [
                94.057139519,
                18.843736070000165
              ],
              [
                94.0532332690001,
                18.840887762000225
              ],
              [
                94.03809655000009,
                18.859116929000102
              ],
              [
                94.0320744150001,
                18.888576565000108
              ],
              [
                94.03663170700005,
                18.918036200000074
              ],
              [
                94.0532332690001,
                18.936509507000014
              ],
              [
                94.04037519600007,
                18.971177476000083
              ],
              [
                94.03907311300009,
                18.984930731000183
              ],
              [
                94.04118899800007,
                18.997626044000164
              ],
              [
                94.05103600400011,
                19.01459381700004
              ],
              [
                94.0532332690001,
                19.02216217700008
              ],
              [
                94.06348717500002,
                19.040187893000112
              ],
              [
                94.06609134200004,
                19.042873439999994
              ],
              [
                94.06446373800001,
                19.049383856000087
              ],
              [
                94.06169681100005,
                19.057074286000102
              ],
              [
                94.06006920700001,
                19.06370677300016
              ],
              [
                94.0869246750001,
                19.080511786000002
              ],
              [
                94.0942488940001,
                19.08734772300009
              ],
              [
                94.080088738,
                19.08734772300009
              ],
              [
                94.05665123800001,
                19.080959377000074
              ],
              [
                94.04656009200006,
                19.081122137000133
              ],
              [
                94.03052819100006,
                19.087958075000063
              ],
              [
                94.0290633470001,
                19.095404364000032
              ],
              [
                94.03443444100006,
                19.105861721000018
              ],
              [
                94.03907311300009,
                19.122056382000068
              ],
              [
                94.03785241000006,
                19.13226959800009
              ],
              [
                94.03191165500013,
                19.15399811400006
              ],
              [
                94.03272545700005,
                19.169256903000136
              ],
              [
                94.0373641290001,
                19.181870835000034
              ],
              [
                94.05054772200003,
                19.208319403000115
              ],
              [
                94.0532332690001,
                19.221380927000077
              ],
              [
                94.04590905000009,
                19.30467357000018
              ],
              [
                94.04997806100015,
                19.320705471000004
              ],
              [
                94.05990644600006,
                19.329901434000156
              ],
              [
                94.0696720710001,
                19.350897528000004
              ],
              [
                94.07390384200004,
                19.37384674700009
              ],
              [
                94.06690514400005,
                19.38898346600009
              ],
              [
                94.05697675900005,
                19.363348700000035
              ],
              [
                94.03060957100013,
                19.315904039000106
              ],
              [
                94.02523847700006,
                19.286566473000086
              ],
              [
                94.03321373800004,
                19.235093492000104
              ],
              [
                94.0333764980001,
                19.20453522299998
              ],
              [
                94.02222741000008,
                19.190985419000196
              ],
              [
                94.01042728000002,
                19.179999091000145
              ],
              [
                93.99439537900011,
                19.159084377000084
              ],
              [
                93.97348066500007,
                19.14630768400015
              ],
              [
                93.94711347700016,
                19.15965403900015
              ],
              [
                93.94263756599999,
                19.169907945000176
              ],
              [
                93.94117272200003,
                19.194973048999977
              ],
              [
                93.93726647200005,
                19.20465729400014
              ],
              [
                93.92546634200008,
                19.210272528000136
              ],
              [
                93.91602623800006,
                19.203924872000115
              ],
              [
                93.91041100400005,
                19.190985419000196
              ],
              [
                93.90992272200006,
                19.17670319200012
              ],
              [
                93.91488691500011,
                19.169582424000065
              ],
              [
                93.94711347700016,
                19.1391462260001
              ],
              [
                93.95541425900014,
                19.126898505000042
              ],
              [
                93.9555770190001,
                19.118312893000038
              ],
              [
                93.95240319100004,
                19.109849351000094
              ],
              [
                93.95020592500005,
                19.098211981000066
              ],
              [
                93.95248457100013,
                19.03204987200009
              ],
              [
                93.9577742850001,
                19.012193101000086
              ],
              [
                93.96452884200002,
                19.001044012000076
              ],
              [
                93.98121178500008,
                18.98065826999998
              ],
              [
                93.98438561300013,
                18.967840887000136
              ],
              [
                93.98340905000006,
                18.95669179900013
              ],
              [
                93.97868899800014,
                18.941595770000024
              ],
              [
                93.97754967500002,
                18.93341705900021
              ],
              [
                93.97388756600007,
                18.922796942000076
              ],
              [
                93.95020592500005,
                18.895493882000086
              ],
              [
                93.94792728000009,
                18.894232489
              ],
              [
                93.93930097700007,
                18.89052969000013
              ],
              [
                93.93726647200005,
                18.889349677000023
              ],
              [
                93.93718509200005,
                18.883775132000014
              ],
              [
                93.93913821700002,
                18.876206772999954
              ],
              [
                93.94190514400005,
                18.869859117000125
              ],
              [
                93.94410240999997,
                18.868231512000108
              ],
              [
                93.93043053500003,
                18.858628648000032
              ],
              [
                93.9202580090001,
                18.86737702000001
              ],
              [
                93.90739993600006,
                18.881781317000062
              ],
              [
                93.86573326900009,
                18.895493882000086
              ],
              [
                93.81373131600003,
                18.94399648600008
              ],
              [
                93.793955925,
                18.95392487200007
              ],
              [
                93.7502547540001,
                18.970404364000157
              ],
              [
                93.73462975400012,
                18.98118724200015
              ],
              [
                93.72673587300008,
                18.99176666900011
              ],
              [
                93.72120201900005,
                19.001288153000104
              ],
              [
                93.71485436300001,
                19.010199286000056
              ],
              [
                93.70386803500007,
                19.01845937700004
              ],
              [
                93.69353274800005,
                19.020575262000147
              ],
              [
                93.68604576900007,
                19.018215235999996
              ],
              [
                93.67888431100005,
                19.019598700000152
              ],
              [
                93.66968834700006,
                19.032700914000046
              ],
              [
                93.66773522200002,
                19.043931382000043
              ],
              [
                93.67090905000008,
                19.06688060100012
              ],
              [
                93.66627037900014,
                19.077378648000103
              ],
              [
                93.66041100400011,
                19.08576080900015
              ],
              [
                93.65503991000006,
                19.09707265800004
              ],
              [
                93.65088951900002,
                19.108791408000037
              ],
              [
                93.64918053500013,
                19.118638414000056
              ],
              [
                93.642344597,
                19.13422272300015
              ],
              [
                93.60743248800007,
                19.162258205000136
              ],
              [
                93.59400475400008,
                19.17670319200012
              ],
              [
                93.56714928500008,
                19.231105861000035
              ],
              [
                93.55640709699999,
                19.238185940000083
              ],
              [
                93.49781334700005,
                19.31391022300006
              ],
              [
                93.48707116000003,
                19.33372630400007
              ],
              [
                93.48324629000011,
                19.350653387000154
              ],
              [
                93.484141472,
                19.39272695500012
              ],
              [
                93.49089603000003,
                19.407619533000076
              ],
              [
                93.50782311300003,
                19.422593492000118
              ],
              [
                93.53012129000007,
                19.432074286000027
              ],
              [
                93.55298912900005,
                19.430568752000077
              ],
              [
                93.56039472700006,
                19.42381419500012
              ],
              [
                93.56381269600007,
                19.41474030200012
              ],
              [
                93.56804446700008,
                19.406724351000086
              ],
              [
                93.57715904999999,
                19.403265692000073
              ],
              [
                93.61133873800007,
                19.403265692000073
              ],
              [
                93.63111412900018,
                19.372300523000057
              ],
              [
                93.63697350400004,
                19.349066473000033
              ],
              [
                93.62134850400005,
                19.334377346000036
              ],
              [
                93.66529381600009,
                19.30560944200008
              ],
              [
                93.68751061300004,
                19.296698309000142
              ],
              [
                93.71753990999999,
                19.293402411000105
              ],
              [
                93.72291100400012,
                19.268459376999985
              ],
              [
                93.75464928500003,
                19.247137762000115
              ],
              [
                93.79688561300003,
                19.235174872000083
              ],
              [
                93.83423912900008,
                19.238185940000083
              ],
              [
                93.86548912900005,
                19.254095770000017
              ],
              [
                93.92994225400014,
                19.299750067000126
              ],
              [
                93.95020592500005,
                19.320705471000004
              ],
              [
                93.95093834700008,
                19.325262762000037
              ],
              [
                93.94906660200002,
                19.337591864000068
              ],
              [
                93.95020592500005,
                19.34178294500019
              ],
              [
                93.95313561299997,
                19.343451239000135
              ],
              [
                93.96143639400005,
                19.34613678600009
              ],
              [
                93.96387780000008,
                19.348049221000053
              ],
              [
                93.98096764400003,
                19.37225983300006
              ],
              [
                93.98731530000006,
                19.38670482000011
              ],
              [
                93.988047722,
                19.40493398600011
              ],
              [
                93.98438561300013,
                19.437445380000078
              ],
              [
                93.99024498800007,
                19.449652411000052
              ],
              [
                93.99105879000011,
                19.457180080000104
              ],
              [
                93.98438561300013,
                19.464056708000026
              ],
              [
                93.97836347700004,
                19.463771877
              ],
              [
                93.94711347700016,
                19.457912502000035
              ],
              [
                93.92383873800006,
                19.462388414000184
              ],
              [
                93.914561394,
                19.47280508000008
              ],
              [
                93.91920006600003,
                19.484279690000037
              ],
              [
                93.93726647200005,
                19.492010809000142
              ],
              [
                93.92676842500006,
                19.497015691999998
              ],
              [
                93.91602623800006,
                19.498928127000138
              ],
              [
                93.89242597700012,
                19.498846747000073
              ],
              [
                93.88209069100002,
                19.501898505000057
              ],
              [
                93.85523522200012,
                19.526800848000086
              ],
              [
                93.8147078790001,
                19.553045966000216
              ],
              [
                93.79444420700008,
                19.571234442000105
              ],
              [
                93.78565514400003,
                19.59129466400008
              ],
              [
                93.77719160200009,
                19.60309479400004
              ],
              [
                93.73959394600008,
                19.617499091000017
              ],
              [
                93.73121178500004,
                19.63255442900003
              ],
              [
                93.73845462300014,
                19.651353256999993
              ],
              [
                93.75611412900007,
                19.661078192000122
              ],
              [
                93.77865644600004,
                19.662502345999993
              ],
              [
                93.80005944100009,
                19.656480209999987
              ],
              [
                93.79444420700008,
                19.67357005400011
              ],
              [
                93.80250084700005,
                19.68886953300009
              ],
              [
                93.81617272200006,
                19.70335521000002
              ],
              [
                93.82740319100006,
                19.71857330900011
              ],
              [
                93.81316165500006,
                19.73948802300007
              ],
              [
                93.80681399800012,
                19.745835679000002
              ],
              [
                93.79916425900001,
                19.7177188170001
              ],
              [
                93.78386478000013,
                19.691107489000075
              ],
              [
                93.7610783210001,
                19.674872137000026
              ],
              [
                93.73121178500004,
                19.67763906499999
              ],
              [
                93.7209578790001,
                19.68528880400003
              ],
              [
                93.71314537900011,
                19.697658596000053
              ],
              [
                93.70948326900006,
                19.71352773600008
              ],
              [
                93.71127363400004,
                19.7316348330001
              ],
              [
                93.7187606130001,
                19.74359772300012
              ],
              [
                93.74187259200006,
                19.754055080000107
              ],
              [
                93.751638217,
                19.76569245000011
              ],
              [
                93.72193444100006,
                19.768988348000132
              ],
              [
                93.7088322270001,
                19.753810940000143
              ],
              [
                93.70248457100008,
                19.73436107000015
              ],
              [
                93.69353274800005,
                19.72479889500007
              ],
              [
                93.64844811300009,
                19.725165106000087
              ],
              [
                93.6362410820001,
                19.735012111000103
              ],
              [
                93.63550865999999,
                19.75950755400006
              ],
              [
                93.62330162900008,
                19.733587958000047
              ],
              [
                93.6155705090001,
                19.723863023000096
              ],
              [
                93.60141035200007,
                19.71857330900011
              ],
              [
                93.60141035200007,
                19.783433335
              ],
              [
                93.60645592500009,
                19.796128648000074
              ],
              [
                93.66065514400006,
                19.87083567900007
              ],
              [
                93.67994225400008,
                19.88336823100017
              ],
              [
                93.70394941500014,
                19.885199286000063
              ],
              [
                93.73804772200003,
                19.882473049000165
              ],
              [
                93.72877037900008,
                19.893784898000057
              ],
              [
                93.72559655000005,
                19.905585028000132
              ],
              [
                93.7304793630001,
                19.914292710000026
              ],
              [
                93.74537194100004,
                19.916571356000095
              ],
              [
                93.740000847,
                19.925116278000118
              ],
              [
                93.73365319099997,
                19.932114976000094
              ],
              [
                93.72624759200009,
                19.936590887000147
              ],
              [
                93.71753990999999,
                19.937689520000095
              ],
              [
                93.71168053500006,
                19.93382396000001
              ],
              [
                93.71159915500007,
                19.919663804000077
              ],
              [
                93.70753014400002,
                19.916571356000095
              ],
              [
                93.65650475400011,
                19.916205145000077
              ],
              [
                93.64551842500005,
                19.913478908000087
              ],
              [
                93.63819420700005,
                19.91030508000013
              ],
              [
                93.62916100400005,
                19.90949127800013
              ],
              [
                93.61133873800007,
                19.910345770000124
              ],
              [
                93.60840905000005,
                19.90664297100001
              ],
              [
                93.60084069100007,
                19.88857656500017
              ],
              [
                93.59400475400008,
                19.882473049000165
              ],
              [
                93.58073978000004,
                19.881333726000054
              ],
              [
                93.5667423840001,
                19.88593170800001
              ],
              [
                93.55469811300007,
                19.89386627800014
              ],
              [
                93.54672285200012,
                19.90289948100015
              ],
              [
                93.5516056650001,
                19.90574778900011
              ],
              [
                93.55958092500005,
                19.91290924700004
              ],
              [
                93.56592858200008,
                19.916571356000095
              ],
              [
                93.52906334700002,
                19.930080471000156
              ],
              [
                93.51832116,
                19.93960195500007
              ],
              [
                93.53191165500006,
                19.95136139500004
              ],
              [
                93.51710045700008,
                19.95856354400007
              ],
              [
                93.51197350400017,
                19.970445054000038
              ],
              [
                93.51685631600003,
                19.981187242000125
              ],
              [
                93.53191165500006,
                19.98484935100008
              ],
              [
                93.5295516290001,
                19.992173570000176
              ],
              [
                93.52564537900008,
                19.999172268000073
              ],
              [
                93.51368248800007,
                19.993068752000077
              ],
              [
                93.50342858200004,
                19.986273505000074
              ],
              [
                93.49586022199999,
                19.977362372000123
              ],
              [
                93.49219811300004,
                19.964992580000086
              ],
              [
                93.48731530000006,
                19.97020091400009
              ],
              [
                93.47543379000011,
                19.979559637000108
              ],
              [
                93.47046959700006,
                19.98484935100008
              ],
              [
                93.46322675900004,
                19.961818752000024
              ],
              [
                93.45704186300007,
                19.954250393000155
              ],
              [
                93.44654381600009,
                19.95136139500004
              ],
              [
                93.4353133470001,
                19.955389716000113
              ],
              [
                93.423187696,
                19.965318101000094
              ],
              [
                93.41358483200013,
                19.977525132000093
              ],
              [
                93.40967858200004,
                19.988592841000024
              ],
              [
                93.40447024800005,
                20.012925523000007
              ],
              [
                93.38396243599999,
                20.064398505000085
              ],
              [
                93.38233483200007,
                20.0885277360001
              ],
              [
                93.3748478520001,
                20.0885277360001
              ],
              [
                93.37452233200007,
                20.050604559000163
              ],
              [
                93.37208092500002,
                20.030829169000054
              ],
              [
                93.36182701900002,
                20.026434637000065
              ],
              [
                93.35596764400007,
                20.038397528000203
              ],
              [
                93.3406681650001,
                20.102199611000128
              ],
              [
                93.33383222700009,
                20.102199611000128
              ],
              [
                93.32650800900008,
                20.08128489800007
              ],
              [
                93.31275475400008,
                20.065375067000055
              ],
              [
                93.29395592500002,
                20.054185289000042
              ],
              [
                93.2724715500001,
                20.047512111000096
              ],
              [
                93.24463951900012,
                20.04987213700013
              ],
              [
                93.21517988400005,
                20.059312242000164
              ],
              [
                93.19027754000011,
                20.06443919500017
              ],
              [
                93.17628014400006,
                20.053697007000146
              ],
              [
                93.161387566,
                20.060614325000156
              ],
              [
                93.14747155,
                20.07001373900007
              ],
              [
                93.13607832100014,
                20.081529039000113
              ],
              [
                93.12842858200011,
                20.09467194200009
              ],
              [
                93.1298934250001,
                20.07510000200011
              ],
              [
                93.13672936300001,
                20.059230861000167
              ],
              [
                93.1557723320001,
                20.026434637000065
              ],
              [
                93.17628014400006,
                19.957505601000104
              ],
              [
                93.23585045700015,
                19.847235419000135
              ],
              [
                93.2382918630001,
                19.8209903020001
              ],
              [
                93.21762129000008,
                19.837103582999994
              ],
              [
                93.20142662900012,
                19.862779039000056
              ],
              [
                93.17628014400006,
                19.916571356000095
              ],
              [
                93.16065514400007,
                19.966253973000004
              ],
              [
                93.14812259200005,
                19.994330145000088
              ],
              [
                93.13152103000002,
                20.006577867000164
              ],
              [
                93.109141472,
                19.993801174000115
              ],
              [
                93.10206139400005,
                19.964097398000003
              ],
              [
                93.10613040500009,
                19.930650132000036
              ],
              [
                93.12435957100007,
                19.89386627800014
              ],
              [
                93.1298934250001,
                19.86237213700004
              ],
              [
                93.13453209700003,
                19.8482933610001
              ],
              [
                93.14730879000004,
                19.833034572000216
              ],
              [
                93.15113366000007,
                19.830145575000092
              ],
              [
                93.1557723320001,
                19.827826239000025
              ],
              [
                93.15894616000006,
                19.823675848
              ],
              [
                93.16895592500005,
                19.809393622000183
              ],
              [
                93.16879316500008,
                19.807318427000084
              ],
              [
                93.14918053500001,
                19.828924872000076
              ],
              [
                93.13941491000008,
                19.831691799000037
              ],
              [
                93.13453209700003,
                19.834051825000085
              ],
              [
                93.12501061300004,
                19.846665756999972
              ],
              [
                93.11264082100007,
                19.874335028000065
              ],
              [
                93.0594181650001,
                19.951117255000103
              ],
              [
                93.05274498800004,
                19.96841054900019
              ],
              [
                93.04867597700007,
                19.994818427000084
              ],
              [
                93.03842207100006,
                20.012925523000007
              ],
              [
                93.01172936300003,
                20.040106512000108
              ],
              [
                92.9915470710001,
                20.067531643000063
              ],
              [
                92.98072350400011,
                20.07794830900014
              ],
              [
                92.97592207100011,
                20.087836005000064
              ],
              [
                92.97413170700013,
                20.117254950000135
              ],
              [
                92.97022545700004,
                20.129461981000134
              ],
              [
                92.98829186299997,
                20.124986070000066
              ],
              [
                93.04249108200011,
                20.129461981000134
              ],
              [
                93.05445397200005,
                20.134751695000105
              ],
              [
                93.06470787900008,
                20.147121486000124
              ],
              [
                93.08008873800001,
                20.170477606000137
              ],
              [
                93.0826929050001,
                20.165025132000082
              ],
              [
                93.08497155,
                20.16111888200001
              ],
              [
                93.086680535,
                20.156805731000095
              ],
              [
                93.08692467500003,
                20.149969794000082
              ],
              [
                93.09424889400003,
                20.149969794000082
              ],
              [
                93.11548912900011,
                20.2026227890001
              ],
              [
                93.12094160200004,
                20.21198151200003
              ],
              [
                93.12094160200004,
                20.218207098
              ],
              [
                93.0892033210001,
                20.210353908000016
              ],
              [
                93.04737389399997,
                20.16795482000012
              ],
              [
                93.01856530000005,
                20.149969794000082
              ],
              [
                92.99048912900014,
                20.154933986000128
              ],
              [
                92.98747806100005,
                20.186672268000102
              ],
              [
                93.00123131600014,
                20.239325262000104
              ],
              [
                93.01880944100009,
                20.25649648600004
              ],
              [
                93.0412703790001,
                20.33201732000014
              ],
              [
                93.05616295700014,
                20.349188544000075
              ],
              [
                93.08082116000006,
                20.358547268000112
              ],
              [
                93.09131920700011,
                20.381008205000015
              ],
              [
                93.1004337900001,
                20.431097723000025
              ],
              [
                93.0818791020001,
                20.416978257000075
              ],
              [
                93.07252037900015,
                20.37661367400004
              ],
              [
                93.05958092500006,
                20.36225006700006
              ],
              [
                93.04322350400005,
                20.36493561400003
              ],
              [
                93.03419030000005,
                20.38422272300007
              ],
              [
                93.03101647200005,
                20.409654039000085
              ],
              [
                93.03223717500009,
                20.431097723000025
              ],
              [
                93.07056725400011,
                20.496161200000156
              ],
              [
                93.08562259200005,
                20.53294505400004
              ],
              [
                93.07325280000002,
                20.55463288000003
              ],
              [
                93.06869550900014,
                20.535711981000013
              ],
              [
                93.06031334700009,
                20.513373114000085
              ],
              [
                93.04908287900008,
                20.49176666900017
              ],
              [
                93.0356551440001,
                20.475165106000116
              ],
              [
                93.0226343110001,
                20.45254140800014
              ],
              [
                93.020030144,
                20.42401764500006
              ],
              [
                93.02491295700008,
                20.36847565300002
              ],
              [
                93.01628665500007,
                20.324855861000014
              ],
              [
                92.99480228000004,
                20.28660716400014
              ],
              [
                92.93604576900006,
                20.21198151200003
              ],
              [
                92.89844811300006,
                20.13568756700008
              ],
              [
                92.89503014400003,
                20.13324616100014
              ],
              [
                92.88941491000004,
                20.127997137000065
              ],
              [
                92.8805444670001,
                20.123195705000168
              ],
              [
                92.86768639400006,
                20.122015692000048
              ],
              [
                92.86036217500006,
                20.12494538000007
              ],
              [
                92.85523522199996,
                20.130601304000066
              ],
              [
                92.84669030000003,
                20.14313385600015
              ],
              [
                92.78296959700008,
                20.18984609600005
              ],
              [
                92.77214603000007,
                20.20148346600014
              ],
              [
                92.77361087300012,
                20.216742255000128
              ],
              [
                92.77816816500008,
                20.231634833000083
              ],
              [
                92.78663170700013,
                20.245917059000153
              ],
              [
                92.79948978000014,
                20.25918203300011
              ],
              [
                92.86402428500003,
                20.300767320000073
              ],
              [
                92.9012150400001,
                20.308050847999993
              ],
              [
                92.94288170700007,
                20.321234442000133
              ],
              [
                92.93392988400004,
                20.325913804000056
              ],
              [
                92.92530358200004,
                20.32782623900011
              ],
              [
                92.90528404999998,
                20.328070380000074
              ],
              [
                92.89332116000013,
                20.329535223000114
              ],
              [
                92.88965904999999,
                20.33364492400008
              ],
              [
                92.88770592500003,
                20.340277411000137
              ],
              [
                92.88070722700007,
                20.349188544000075
              ],
              [
                92.85661868600003,
                20.36762116100011
              ],
              [
                92.84693444100007,
                20.37734609600006
              ],
              [
                92.84050540500006,
                20.3901227890001
              ],
              [
                92.83155358200013,
                20.478949286000045
              ],
              [
                92.82691491000003,
                20.495062567000026
              ],
              [
                92.8152775400001,
                20.504706122000165
              ],
              [
                92.79265384200004,
                20.506252346000114
              ],
              [
                92.79656009200012,
                20.483832098000114
              ],
              [
                92.78532962300004,
                20.46295807500004
              ],
              [
                92.76929772200013,
                20.455064195000073
              ],
              [
                92.75855553500003,
                20.472113348000132
              ],
              [
                92.77344811299999,
                20.477280992000125
              ],
              [
                92.77898196700009,
                20.4782575540001
              ],
              [
                92.75098717500008,
                20.498521226000115
              ],
              [
                92.74170983200003,
                20.52928294500019
              ],
              [
                92.73658287900011,
                20.563137111000156
              ],
              [
                92.72071373799999,
                20.59223053600003
              ],
              [
                92.69955488400008,
                20.619533596000096
              ],
              [
                92.66285240999999,
                20.679185289000092
              ],
              [
                92.63502037900012,
                20.697984117000065
              ],
              [
                92.65943444100006,
                20.6528181010001
              ],
              [
                92.70443769600016,
                20.589056708000058
              ],
              [
                92.70826256600007,
                20.57868073100015
              ],
              [
                92.71697024800004,
                20.49998607000007
              ],
              [
                92.7374780610001,
                20.444769598000057
              ],
              [
                92.73845462300008,
                20.42837148600005
              ],
              [
                92.73121178500006,
                20.38271719000001
              ],
              [
                92.73926842500009,
                20.279689846000068
              ],
              [
                92.73121178500006,
                20.25918203300011
              ],
              [
                92.72388756600004,
                20.271429754999982
              ],
              [
                92.706309441,
                20.292914130000103
              ],
              [
                92.69711347700004,
                20.30825429900005
              ],
              [
                92.65316816500011,
                20.418280341000084
              ],
              [
                92.63257897200008,
                20.44660065300004
              ],
              [
                92.53988691500004,
                20.52753327000011
              ],
              [
                92.5291447270001,
                20.54340241100004
              ],
              [
                92.52003014400002,
                20.589667059000025
              ],
              [
                92.50700931100005,
                20.60927969000008
              ],
              [
                92.47055097700016,
                20.643377997000087
              ],
              [
                92.46322675900005,
                20.653876044000057
              ],
              [
                92.4596460300001,
                20.662583725999973
              ],
              [
                92.45362389400007,
                20.66852448100007
              ],
              [
                92.43921959700003,
                20.670721747000073
              ],
              [
                92.42896569099999,
                20.67389557500012
              ],
              [
                92.40845787900007,
                20.687974350999987
              ],
              [
                92.39820397200002,
                20.691148179000034
              ],
              [
                92.38111412900007,
                20.700140692000144
              ],
              [
                92.37086022200005,
                20.72134023600015
              ],
              [
                92.3606876960001,
                20.7669131530001
              ],
              [
                92.30543053500008,
                20.917710679000017
              ],
              [
                92.28809655,
                20.943589585000034
              ],
              [
                92.28101647200002,
                20.959418036000148
              ],
              [
                92.27051842500006,
                21.049017645000035
              ],
              [
                92.26514733200001,
                21.061102606000123
              ],
              [
                92.25855553500006,
                21.022528387000044
              ],
              [
                92.257090691,
                20.981105861000042
              ],
              [
                92.26148522200006,
                20.94025299700009
              ],
              [
                92.27198326900012,
                20.903509833000086
              ],
              [
                92.30062910200012,
                20.86237213700012
              ],
              [
                92.30543053500008,
                20.851955471000018
              ],
              [
                92.30762780000008,
                20.833197333000065
              ],
              [
                92.32593834700005,
                20.78058502800013
              ],
              [
                92.33326256600014,
                20.767726955000114
              ],
              [
                92.33627363400014,
                20.757147528000164
              ],
              [
                92.333994988,
                20.74640534100013
              ],
              [
                92.32553144600013,
                20.73871491100004
              ],
              [
                92.31934655000006,
                20.742010809000064
              ],
              [
                92.31421959700006,
                20.749253648000007
              ],
              [
                92.30909264400005,
                20.75324127800007
              ],
              [
                92.3010360040001,
                20.762274481000084
              ],
              [
                92.27808678500003,
                20.814113674000076
              ],
              [
                92.20972741000004,
                20.930812892999988
              ],
              [
                92.19288170700013,
                20.995672919000068
              ],
              [
                92.18628991000006,
                21.005845445000094
              ],
              [
                92.13412519600013,
                21.04751211100007
              ],
              [
                92.12435957100008,
                21.060451565000072
              ],
              [
                92.10808353000006,
                21.089911200000063
              ],
              [
                92.09685306100006,
                21.105861721000164
              ],
              [
                92.05250084700005,
                21.154771226000044
              ],
              [
                92.04542076900006,
                21.170965887000182
              ],
              [
                92.043955925,
                21.192043361000035
              ],
              [
                92.05225670700008,
                21.256659247000066
              ],
              [
                92.05046634200008,
                21.28046295800006
              ],
              [
                92.0452580090001,
                21.299546617000125
              ],
              [
                91.98975670700014,
                21.394232489000036
              ],
              [
                91.98047936300009,
                21.403753973000118
              ],
              [
                91.96941165500004,
                21.40961334800016
              ],
              [
                91.95972741,
                21.42397695500004
              ],
              [
                91.95297285200007,
                21.441839911000102
              ],
              [
                91.949717644,
                21.45840078300007
              ],
              [
                91.95590254000007,
                21.45840078300007
              ],
              [
                91.95801842500009,
                21.455023505000156
              ],
              [
                91.9588322270001,
                21.454413153000196
              ],
              [
                91.96013431100002,
                21.454250393000034
              ],
              [
                91.96338951900006,
                21.452134507000114
              ],
              [
                91.97087649800002,
                21.470038153000097
              ],
              [
                91.98292076900003,
                21.488836981000123
              ],
              [
                91.99903405,
                21.499497789000156
              ],
              [
                92.01791425900012,
                21.493109442000044
              ],
              [
                92.00538170700011,
                21.504299221000142
              ],
              [
                91.99537194100004,
                21.522609768000024
              ],
              [
                91.98975670700014,
                21.543402411000017
              ],
              [
                91.99000084699999,
                21.561997789000102
              ],
              [
                91.9985457690001,
                21.57318756700009
              ],
              [
                92.01246178500008,
                21.58539459800008
              ],
              [
                92.02214603000004,
                21.59935130400006
              ],
              [
                92.01791425900012,
                21.61603424700009
              ],
              [
                92.03296959700012,
                21.63300202000016
              ],
              [
                92.03581790500007,
                21.640448309000142
              ],
              [
                92.03174889400012,
                21.6501325540001
              ],
              [
                92.03777103000003,
                21.659572658000126
              ],
              [
                92.03589928499999,
                21.66815827000013
              ],
              [
                92.02857506600006,
                21.67479075700009
              ],
              [
                92.02279707100008,
                21.676825262000026
              ],
              [
                92.02556399800014,
                21.68724192900012
              ],
              [
                92.02930748799999,
                21.696234442000137
              ],
              [
                92.02930748799999,
                21.704901434000032
              ],
              [
                92.02540123800009,
                21.712836005
              ],
              [
                92.02393639400013,
                21.704657294000185
              ],
              [
                92.02214603000004,
                21.701564846000103
              ],
              [
                92.01791425900012,
                21.69855377800009
              ],
              [
                92.02540123800009,
                21.69855377800009
              ],
              [
                92.0123804050001,
                21.66421133000005
              ],
              [
                92.000743035,
                21.649807033000165
              ],
              [
                91.9838973320001,
                21.6501325540001
              ],
              [
                91.9760848320001,
                21.66205475500004
              ],
              [
                91.97885175900005,
                21.677720445000023
              ],
              [
                91.98422285200012,
                21.693508205000057
              ],
              [
                91.9838973320001,
                21.705389716000106
              ],
              [
                91.97706139400007,
                21.705389716000106
              ],
              [
                91.97193444100006,
                21.688218492000182
              ],
              [
                91.96265709700002,
                21.689520575000085
              ],
              [
                91.953623894,
                21.70140208500014
              ],
              [
                91.949717644,
                21.715969143000066
              ],
              [
                91.95297285200007,
                21.738348700000078
              ],
              [
                91.96192467500008,
                21.743841864000025
              ],
              [
                91.97478274800001,
                21.74648672100001
              ],
              [
                91.99000084699999,
                21.759995835000066
              ],
              [
                91.9838973320001,
                21.766831773000007
              ],
              [
                91.96729576900005,
                21.755438544000032
              ],
              [
                91.96029707100016,
                21.763820705000107
              ],
              [
                91.9665633470001,
                21.778876044000114
              ],
              [
                91.99000084699999,
                21.787909247000115
              ],
              [
                91.99000084699999,
                21.794826565000022
              ],
              [
                91.9436955090001,
                21.79140859600002
              ],
              [
                91.92408287900004,
                21.785223700000135
              ],
              [
                91.90870201900009,
                21.781154690000093
              ],
              [
                91.89926191500008,
                21.789496161000145
              ],
              [
                91.9008895190001,
                21.81329987200005
              ],
              [
                91.91138756600007,
                21.834702867000093
              ],
              [
                91.92937259200002,
                21.843166408000133
              ],
              [
                91.9216414720001,
                21.85342031500006
              ],
              [
                91.925547722,
                21.862860419000153
              ],
              [
                91.93628991000011,
                21.870835679000127
              ],
              [
                91.949717644,
                21.876695054000066
              ],
              [
                91.949717644,
                21.884182033000133
              ],
              [
                91.93921959700003,
                21.8830427100001
              ],
              [
                91.92994225400008,
                21.878648179000024
              ],
              [
                91.92212975400008,
                21.871568101000072
              ],
              [
                91.91570071700008,
                21.862453518000066
              ],
              [
                91.91032962300011,
                21.874904690000083
              ],
              [
                91.90560957100011,
                21.895575262000097
              ],
              [
                91.90121504000004,
                21.935370184000096
              ],
              [
                91.89820397200003,
                21.944891669000185
              ],
              [
                91.884043816,
                21.960150458000054
              ],
              [
                91.88086998800004,
                21.96918366100007
              ],
              [
                91.88086998800004,
                22.00702545800001
              ],
              [
                91.85523522200008,
                22.109198309000067
              ],
              [
                91.85352623800007,
                22.143622137000097
              ],
              [
                91.86394290500006,
                22.139593817000037
              ],
              [
                91.86719811300001,
                22.13739655200004
              ],
              [
                91.86207116000007,
                22.150620835000083
              ],
              [
                91.85328209700003,
                22.14874909100012
              ],
              [
                91.8460392590001,
                22.13597239800007
              ],
              [
                91.8460392590001,
                22.116888739000068
              ],
              [
                91.83985436300001,
                22.116888739000068
              ],
              [
                91.82911217500002,
                22.134100653000193
              ],
              [
                91.81934655000008,
                22.15595123900006
              ],
              [
                91.81299889400005,
                22.180324611000028
              ],
              [
                91.81202233200005,
                22.20502350500008
              ],
              [
                91.81690514400005,
                22.220282294000157
              ],
              [
                91.82585696700008,
                22.230047919000093
              ],
              [
                91.83472741000003,
                22.23761627800014
              ],
              [
                91.83985436300001,
                22.24664948100014
              ],
              [
                91.83838951900009,
                22.263088283000055
              ],
              [
                91.82984459700005,
                22.271307684000146
              ],
              [
                91.81918379000011,
                22.2758242860001
              ],
              [
                91.81202233200005,
                22.281398830000114
              ],
              [
                91.80884850400011,
                22.306341864000043
              ],
              [
                91.82650800900012,
                22.318264064999994
              ],
              [
                91.85238691500012,
                22.325344143000052
              ],
              [
                91.87403405000012,
                22.336004950000078
              ],
              [
                91.8849389980001,
                22.353827216000145
              ],
              [
                91.90805097700004,
                22.424750067000048
              ],
              [
                91.90186608200008,
                22.424058335000108
              ],
              [
                91.88770592500006,
                22.424750067000048
              ],
              [
                91.88550865999997,
                22.409654039000124
              ],
              [
                91.87574303500003,
                22.37107982000015
              ],
              [
                91.87745201900003,
                22.36334870000005
              ],
              [
                91.87045332100006,
                22.35809967700007
              ],
              [
                91.85914147200006,
                22.346625067000023
              ],
              [
                91.84400475400008,
                22.334947007000036
              ],
              [
                91.82634524800005,
                22.32916901200015
              ],
              [
                91.82325280000008,
                22.32416413000002
              ],
              [
                91.79859459700008,
                22.31191640800006
              ],
              [
                91.79135175900015,
                22.30190664300006
              ],
              [
                91.79395592500006,
                22.28603750200014
              ],
              [
                91.80453535200009,
                22.278469143000095
              ],
              [
                91.81723066500007,
                22.274074611000014
              ],
              [
                91.82634524800005,
                22.267767645000067
              ],
              [
                91.82593834700006,
                22.24848053600005
              ],
              [
                91.8089298840001,
                22.23627350500015
              ],
              [
                91.78711998800004,
                22.237941799000073
              ],
              [
                91.77165774800011,
                22.260321356000084
              ],
              [
                91.75440514400003,
                22.37466054900002
              ],
              [
                91.7436629570002,
                22.41107819200009
              ],
              [
                91.67603600400004,
                22.534613348000118
              ],
              [
                91.54810631600006,
                22.700344143000052
              ],
              [
                91.51636803500008,
                22.712225653000107
              ],
              [
                91.49870853000007,
                22.727280992000036
              ],
              [
                91.48462975400004,
                22.745510158000013
              ],
              [
                91.47681725400005,
                22.761175848000086
              ],
              [
                91.46900475400014,
                22.757066148000035
              ],
              [
                91.4624129570001,
                22.761908270000106
              ],
              [
                91.458018425,
                22.772284247000126
              ],
              [
                91.45630944100009,
                22.784816799000097
              ],
              [
                91.4583439460001,
                22.79706452000017
              ],
              [
                91.46778405000002,
                22.809312242000043
              ],
              [
                91.4739689460001,
                22.838324286000024
              ],
              [
                91.490000847,
                22.880560614000142
              ],
              [
                91.49048912900008,
                22.904527085000094
              ],
              [
                91.4830835300001,
                22.904527085000094
              ],
              [
                91.47966556100009,
                22.88589101800011
              ],
              [
                91.4624129570001,
                22.833441473000054
              ],
              [
                91.45248457100007,
                22.822658596000064
              ],
              [
                91.430430535,
                22.81631094000003
              ],
              [
                91.41675866000006,
                22.799994208000104
              ],
              [
                91.41163170700013,
                22.777818101000033
              ],
              [
                91.41472415500002,
                22.753729559000103
              ],
              [
                91.399668816,
                22.76430898600005
              ],
              [
                91.38502037900008,
                22.770697333000072
              ],
              [
                91.36833743600016,
                22.773993231000016
              ],
              [
                91.34644616000003,
                22.774847723000025
              ],
              [
                91.34644616000003,
                22.76740143400013
              ],
              [
                91.36744225400005,
                22.76166413000007
              ],
              [
                91.37012780000003,
                22.752183335000066
              ],
              [
                91.36011803500004,
                22.743394273000096
              ],
              [
                91.34262129000008,
                22.739447333000015
              ],
              [
                91.29078209700002,
                22.738430080000057
              ],
              [
                91.30884850400011,
                22.733099677000084
              ],
              [
                91.32504316500007,
                22.726141669000093
              ],
              [
                91.33277428500007,
                22.72020091400007
              ],
              [
                91.32992597700003,
                22.70571523600002
              ],
              [
                91.31739342500005,
                22.69721100500009
              ],
              [
                91.30054772200005,
                22.693264065000008
              ],
              [
                91.28443444100007,
                22.69228750200011
              ],
              [
                91.2834578790001,
                22.693345445000165
              ],
              [
                91.2527775400001,
                22.6992862000001
              ],
              [
                91.24838300900011,
                22.698228257000146
              ],
              [
                91.24480228000004,
                22.69839101800012
              ],
              [
                91.24341881600013,
                22.70221588700013
              ],
              [
                91.24390709700005,
                22.717433986000106
              ],
              [
                91.24341881600013,
                22.72020091400007
              ],
              [
                91.23121178500008,
                22.724310614000018
              ],
              [
                91.216075066,
                22.726060289000113
              ],
              [
                91.1818953790001,
                22.726467190000022
              ],
              [
                91.1818953790001,
                22.72020091400007
              ],
              [
                91.19459069100006,
                22.709662177000105
              ],
              [
                91.199229363,
                22.69879791900003
              ],
              [
                91.19214928500004,
                22.69163646000007
              ],
              [
                91.168955925,
                22.69228750200011
              ],
              [
                91.168955925,
                22.684881903000047
              ],
              [
                91.22689863400008,
                22.67108795800004
              ],
              [
                91.25342858200005,
                22.660711981000123
              ],
              [
                91.26449629000008,
                22.640814520000134
              ],
              [
                91.26107832100007,
                22.62787506700005
              ],
              [
                91.25310306100012,
                22.613836981000166
              ],
              [
                91.24156880000004,
                22.575395765000096
              ],
              [
                91.22136457600004,
                22.557192605000047
              ],
              [
                91.2027430460001,
                22.543219639000064
              ],
              [
                91.1765656840001,
                22.536419414000054
              ],
              [
                91.12734345800007,
                22.527025948000087
              ],
              [
                91.08920058200009,
                22.54443025600004
              ],
              [
                91.06957967100006,
                22.57155686900007
              ],
              [
                91.05860436300003,
                22.614325262000158
              ],
              [
                91.04867597700003,
                22.626166083000044
              ],
              [
                91.0379337900001,
                22.64386627800003
              ],
              [
                91.02670332100011,
                22.674261786000013
              ],
              [
                91.01832116000006,
                22.683091539000063
              ],
              [
                91.00375410200003,
                22.678656317000062
              ],
              [
                91.01872806100006,
                22.664455471000057
              ],
              [
                91.03223717500003,
                22.636867580000132
              ],
              [
                91.04021243600009,
                22.6077334660001
              ],
              [
                91.0379337900001,
                22.588609117000207
              ],
              [
                91.01758873800001,
                22.579291082999987
              ],
              [
                90.98511803500003,
                22.57436758000011
              ],
              [
                90.95492597700012,
                22.575832424000154
              ],
              [
                90.94174238400008,
                22.585882880000153
              ],
              [
                90.935557488,
                22.599676825000067
              ],
              [
                90.90821373800003,
                22.61786530200014
              ],
              [
                90.90202884200006,
                22.627101955000107
              ],
              [
                90.89877363400002,
                22.63617584800002
              ],
              [
                90.8841251960001,
                22.654486395000088
              ],
              [
                90.87647545700017,
                22.68280670800011
              ],
              [
                90.86548912900011,
                22.687160549000115
              ],
              [
                90.83594811300006,
                22.684881903000047
              ],
              [
                90.83130944100003,
                22.690578518000027
              ],
              [
                90.81950931100006,
                22.726467190000022
              ],
              [
                90.81177819100006,
                22.732367255000153
              ],
              [
                90.80258222700009,
                22.736395575000106
              ],
              [
                90.79493248800007,
                22.741359768000066
              ],
              [
                90.78834069100007,
                22.75922272300014
              ],
              [
                90.77418053499997,
                22.77806224200009
              ],
              [
                90.77100670700008,
                22.784816799000097
              ],
              [
                90.76954186300001,
                22.795355536000166
              ],
              [
                90.75733483200014,
                22.822658596000064
              ],
              [
                90.75001061300006,
                22.856756903000058
              ],
              [
                90.74195397200002,
                22.874212958000122
              ],
              [
                90.732920769,
                22.88906484599999
              ],
              [
                90.72559655000009,
                22.905707098000125
              ],
              [
                90.722666863,
                22.928452867000157
              ],
              [
                90.71745853000007,
                22.94061920800006
              ],
              [
                90.64014733200017,
                23.038031317000115
              ],
              [
                90.62940514399997,
                23.064398505000025
              ],
              [
                90.627126498,
                23.075873114000053
              ],
              [
                90.62720787900007,
                23.08665599200006
              ],
              [
                90.63868248800001,
                23.147894598000082
              ],
              [
                90.64014733200017,
                23.188869533000013
              ],
              [
                90.64584394600007,
                23.210923570000187
              ],
              [
                90.65707441500005,
                23.2303734400001
              ],
              [
                90.66521243600008,
                23.24876536700005
              ],
              [
                90.6611434250001,
                23.26764557500008
              ],
              [
                90.66732832100008,
                23.26764557500008
              ],
              [
                90.650889519,
                23.300238348000125
              ],
              [
                90.65015709699998,
                23.31354401200015
              ],
              [
                90.6611434250001,
                23.322251695000123
              ],
              [
                90.6577254570001,
                23.323228257000107
              ],
              [
                90.65479576900009,
                23.323309637000083
              ],
              [
                90.65316816500007,
                23.324652411000077
              ],
              [
                90.65365644600014,
                23.3297386740001
              ],
              [
                90.6284285820001,
                23.32151927300001
              ],
              [
                90.61133873800004,
                23.34247467700007
              ],
              [
                90.60173587300007,
                23.372463283000123
              ],
              [
                90.59913170700007,
                23.39118073100009
              ],
              [
                90.6002710300001,
                23.449937242000157
              ],
              [
                90.60873457100013,
                23.472723700000106
              ],
              [
                90.63331139400006,
                23.486761786000066
              ],
              [
                90.69157962300007,
                23.486476955000025
              ],
              [
                90.71501712300005,
                23.498358466000084
              ],
              [
                90.71583092500008,
                23.535142320000162
              ],
              [
                90.71119225400012,
                23.5488141950001
              ],
              [
                90.70557701900003,
                23.554510809000092
              ],
              [
                90.7023193250386,
                23.55483657856306
              ],
              [
                90.69581139400009,
                23.55548737200007
              ],
              [
                90.67823326900006,
                23.555080471000057
              ],
              [
                90.675466342,
                23.550930080000107
              ],
              [
                90.68433678500006,
                23.541734117000125
              ],
              [
                90.70215905000002,
                23.528387762000122
              ],
              [
                90.69532311300003,
                23.507879950000067
              ],
              [
                90.67774498800007,
                23.5172793640001
              ],
              [
                90.66675866000003,
                23.518215236000085
              ],
              [
                90.64747154999999,
                23.507879950000067
              ],
              [
                90.62208092500006,
                23.50006745000018
              ],
              [
                90.60775800900015,
                23.491115627000067
              ],
              [
                90.60336347700009,
                23.49469635600004
              ],
              [
                90.58814537900011,
                23.534165757000096
              ],
              [
                90.5920516290001,
                23.562486070000134
              ],
              [
                90.60816491000007,
                23.585760809000046
              ],
              [
                90.63331139400006,
                23.59662506700011
              ],
              [
                90.627126498,
                23.603461005000053
              ],
              [
                90.6253361340001,
                23.599351304000113
              ],
              [
                90.6252547540001,
                23.598334052000045
              ],
              [
                90.62403405,
                23.598089911000013
              ],
              [
                90.6196395190001,
                23.59662506700011
              ],
              [
                90.61198978000009,
                23.606105861000046
              ],
              [
                90.59546959700003,
                23.60439687700004
              ],
              [
                90.55876712300011,
                23.590399481000077
              ],
              [
                90.56446373800007,
                23.576402085000012
              ],
              [
                90.55941816500005,
                23.567938543999997
              ],
              [
                90.5472111340001,
                23.56378815300005
              ],
              [
                90.53150475400011,
                23.562486070000134
              ],
              [
                90.51465905000002,
                23.56378815300005
              ],
              [
                90.50171959700002,
                23.567938543999997
              ],
              [
                90.47632897200009,
                23.582953192000105
              ],
              [
                90.48438561300003,
                23.56745026200009
              ],
              [
                90.49838300900008,
                23.557277736000042
              ],
              [
                90.51498457100004,
                23.55141836100009
              ],
              [
                90.53150475400011,
                23.5488141950001
              ],
              [
                90.56869550900011,
                23.547512111000106
              ],
              [
                90.57683353000003,
                23.539496161000063
              ],
              [
                90.57894941500004,
                23.4498558610001
              ],
              [
                90.57593834700003,
                23.43895091400012
              ],
              [
                90.56812584700006,
                23.432928778000104
              ],
              [
                90.55990644600004,
                23.418402411000077
              ],
              [
                90.55372155000008,
                23.40070221600018
              ],
              [
                90.55193118600009,
                23.38495514500011
              ],
              [
                90.51832115999997,
                23.398260809000046
              ],
              [
                90.3224389980001,
                23.433294989000135
              ],
              [
                90.284434441,
                23.44619375200006
              ],
              [
                90.25033613400008,
                23.466945705000143
              ],
              [
                90.24935957100008,
                23.455389716000123
              ],
              [
                90.25879967500003,
                23.444566148000032
              ],
              [
                90.3885197270001,
                23.372381903000132
              ],
              [
                90.40414472700009,
                23.360419012000005
              ],
              [
                90.41342207100003,
                23.34796784100008
              ],
              [
                90.419688347,
                23.335598049000055
              ],
              [
                90.42847741000006,
                23.326117255000057
              ],
              [
                90.46021569100002,
                23.319728908000034
              ],
              [
                90.48796634200009,
                23.30683014500001
              ],
              [
                90.50359134200008,
                23.301743881999997
              ],
              [
                90.56910241000003,
                23.294989325000053
              ],
              [
                90.57732181100012,
                23.288397528000065
              ],
              [
                90.60661868600003,
                23.247219143000002
              ],
              [
                90.61085045700014,
                23.230780341000102
              ],
              [
                90.61451256600002,
                23.195461330000168
              ],
              [
                90.61036217500006,
                23.201157945000162
              ],
              [
                90.60271243600005,
                23.211004950000074
              ],
              [
                90.59351647199998,
                23.21987539300003
              ],
              [
                90.59839928500004,
                23.200425523000114
              ],
              [
                90.6028751960001,
                23.141302802000023
              ],
              [
                90.59913170700007,
                23.117499091000028
              ],
              [
                90.57195071700005,
                23.081732489000096
              ],
              [
                90.56560306100012,
                23.075873114000053
              ],
              [
                90.55372155000008,
                23.078558661000113
              ],
              [
                90.55128014400005,
                23.0869001320001
              ],
              [
                90.55591881600007,
                23.096828518000024
              ],
              [
                90.56560306100012,
                23.103827216000163
              ],
              [
                90.56560306100012,
                23.1106631530001
              ],
              [
                90.55876712300011,
                23.1106631530001
              ],
              [
                90.54761803500008,
                23.096747137000026
              ],
              [
                90.53663170700003,
                23.08681875200003
              ],
              [
                90.52279707100004,
                23.080145575000156
              ],
              [
                90.50359134200008,
                23.075873114000053
              ],
              [
                90.46607506600006,
                23.07684967700003
              ],
              [
                90.45362389400005,
                23.072333075000067
              ],
              [
                90.44890384200004,
                23.0557315120001
              ],
              [
                90.45012454500005,
                23.04934316600011
              ],
              [
                90.45435631600007,
                23.02753327000013
              ],
              [
                90.46827233200014,
                22.996079820000023
              ],
              [
                90.48698978000002,
                22.966131903000047
              ],
              [
                90.50700931100009,
                22.942084052000116
              ],
              [
                90.50928795700005,
                22.936997789000092
              ],
              [
                90.50757897200006,
                22.92536041900009
              ],
              [
                90.51042728000009,
                22.918198960000048
              ],
              [
                90.512950066,
                22.917059637000115
              ],
              [
                90.51685631600002,
                22.916815497000066
              ],
              [
                90.52100670700013,
                22.91567617400003
              ],
              [
                90.52409915500003,
                22.91201406500008
              ],
              [
                90.53598066500007,
                22.90338776200016
              ],
              [
                90.54004967500002,
                22.896551825000135
              ],
              [
                90.53492272200003,
                22.88715241100004
              ],
              [
                90.52003014399996,
                22.880194403000047
              ],
              [
                90.50513756600003,
                22.88165924700009
              ],
              [
                90.49048912900011,
                22.88519928600008
              ],
              [
                90.47632897200009,
                22.884100653000118
              ],
              [
                90.45720462300011,
                22.861761786000102
              ],
              [
                90.44809004000011,
                22.828436591000116
              ],
              [
                90.436045769,
                22.800604559000146
              ],
              [
                90.4079695970001,
                22.794663804000038
              ],
              [
                90.42400149800011,
                22.781683661000134
              ],
              [
                90.41993248800006,
                22.768255927000055
              ],
              [
                90.40642337300007,
                22.763088283000037
              ],
              [
                90.39429772199998,
                22.774847723000025
              ],
              [
                90.3725692070001,
                22.76141998900004
              ],
              [
                90.38721764400002,
                22.75128815300006
              ],
              [
                90.41578209700009,
                22.742499091000102
              ],
              [
                90.43523196700009,
                22.73330312700004
              ],
              [
                90.44459069100003,
                22.75165436400008
              ],
              [
                90.46168053499999,
                22.748846747000034
              ],
              [
                90.47901451900007,
                22.735012111000056
              ],
              [
                90.48991946700006,
                22.72020091400007
              ],
              [
                90.49293053500004,
                22.709906317000144
              ],
              [
                90.49675540500006,
                22.678656317000062
              ],
              [
                90.50896243600012,
                22.646429755000035
              ],
              [
                90.51270592500005,
                22.611476955000043
              ],
              [
                90.51002037900008,
                22.604234117000093
              ],
              [
                90.50017337300007,
                22.592352606000148
              ],
              [
                90.49138431100012,
                22.58783600500011
              ],
              [
                90.46859785200006,
                22.584702867000033
              ],
              [
                90.45923912900014,
                22.579291082999987
              ],
              [
                90.45346113400008,
                22.564195053999985
              ],
              [
                90.44214928499999,
                22.5087344420001
              ],
              [
                90.44206790500002,
                22.493638414000102
              ],
              [
                90.44499759200004,
                22.504136460000066
              ],
              [
                90.45118248800011,
                22.510158595999982
              ],
              [
                90.45801842500012,
                22.51463450700005
              ],
              [
                90.46265709700005,
                22.52098216400006
              ],
              [
                90.46355228000004,
                22.531439520000056
              ],
              [
                90.46045983200005,
                22.551174221000075
              ],
              [
                90.46265709700005,
                22.561957098000075
              ],
              [
                90.47250410200007,
                22.575588283000123
              ],
              [
                90.48731530000005,
                22.583726304000056
              ],
              [
                90.50513756600003,
                22.586249091000067
              ],
              [
                90.52409915500003,
                22.583075262000104
              ],
              [
                90.55974368600008,
                22.562323309000003
              ],
              [
                90.5778100920001,
                22.53367747600004
              ],
              [
                90.58969160200014,
                22.50043366100003
              ],
              [
                90.60661868600003,
                22.465765692000137
              ],
              [
                90.59131920700005,
                22.470526434000142
              ],
              [
                90.58619225400015,
                22.473211981000045
              ],
              [
                90.586436394,
                22.450588283000055
              ],
              [
                90.59359785200006,
                22.432318427000087
              ],
              [
                90.61345462300014,
                22.396877346000085
              ],
              [
                90.6184188160001,
                22.376654363999975
              ],
              [
                90.61931399800008,
                22.35590241099999
              ],
              [
                90.61345462300014,
                22.314886786000063
              ],
              [
                90.58155358200013,
                22.23822663000011
              ],
              [
                90.5579533210001,
                22.20335520999998
              ],
              [
                90.53834069100003,
                22.198879299000016
              ],
              [
                90.511729363,
                22.185288804000066
              ],
              [
                90.50114993600005,
                22.176703192000137
              ],
              [
                90.49675540500006,
                22.167792059000096
              ],
              [
                90.4943953790001,
                22.15424225500013
              ],
              [
                90.48829186300001,
                22.138617255000067
              ],
              [
                90.45964603000004,
                22.091945705000064
              ],
              [
                90.45004316500007,
                22.080796617000043
              ],
              [
                90.43864993600009,
                22.075995184000053
              ],
              [
                90.42546634200004,
                22.078843492000086
              ],
              [
                90.40845787900008,
                22.085923570000066
              ],
              [
                90.39380944099999,
                22.094712632000114
              ],
              [
                90.38746178500004,
                22.102606512000094
              ],
              [
                90.3932397800001,
                22.127386786000063
              ],
              [
                90.4174910820001,
                22.175034898000035
              ],
              [
                90.42164147200005,
                22.198879299000016
              ],
              [
                90.41000410200013,
                22.227280992000132
              ],
              [
                90.4079695970001,
                22.240423895000106
              ],
              [
                90.414073113,
                22.271795966000127
              ],
              [
                90.41089928500003,
                22.284247137000065
              ],
              [
                90.39429772199998,
                22.28823476800004
              ],
              [
                90.39869225400004,
                22.267482815000132
              ],
              [
                90.38868248800007,
                22.223211981000162
              ],
              [
                90.39087975400005,
                22.20880768400011
              ],
              [
                90.39909915500006,
                22.202215887000047
              ],
              [
                90.40552819100007,
                22.19953034100006
              ],
              [
                90.41049238400002,
                22.195705471000053
              ],
              [
                90.41423587300004,
                22.185777085000044
              ],
              [
                90.41285241000007,
                22.178045966000038
              ],
              [
                90.40821373800006,
                22.17121002800011
              ],
              [
                90.40056399800012,
                22.164048570000165
              ],
              [
                90.39918053500003,
                22.16233958500008
              ],
              [
                90.39714603000002,
                22.160630600999983
              ],
              [
                90.39519290500006,
                22.157212632000057
              ],
              [
                90.39258873800006,
                22.143011786000052
              ],
              [
                90.38868248800007,
                22.143459377000124
              ],
              [
                90.383799675,
                22.145738023000106
              ],
              [
                90.38005618600008,
                22.143622137000097
              ],
              [
                90.37712649800005,
                22.13361237200002
              ],
              [
                90.37378991000003,
                22.102606512000094
              ],
              [
                90.36988366000011,
                22.08982982000006
              ],
              [
                90.36573326899997,
                22.081203518000056
              ],
              [
                90.347422722,
                22.055324611000124
              ],
              [
                90.33472741000006,
                22.041815497000055
              ],
              [
                90.33220462300012,
                22.038072007000032
              ],
              [
                90.32789147200003,
                22.020493882000096
              ],
              [
                90.3086043630001,
                21.98403554900013
              ],
              [
                90.30437259200008,
                21.965765692000055
              ],
              [
                90.29997806100008,
                21.927679755000074
              ],
              [
                90.29070071700005,
                21.890326239000025
              ],
              [
                90.28288821700005,
                21.87079498900004
              ],
              [
                90.27271569100002,
                21.857407945000137
              ],
              [
                90.21762129000014,
                21.8134626320001
              ],
              [
                90.20378665500006,
                21.804592190000072
              ],
              [
                90.18482506600004,
                21.8009707700001
              ],
              [
                90.16439863400007,
                21.804266669000125
              ],
              [
                90.12680097700007,
                21.818793036000077
              ],
              [
                90.10906009200008,
                21.8220889340001
              ],
              [
                90.09294681100002,
                21.830267645000106
              ],
              [
                90.08855228000003,
                21.846747137000104
              ],
              [
                90.09538821700005,
                21.859442450000063
              ],
              [
                90.11247806100009,
                21.8562686220001
              ],
              [
                90.10499108200013,
                21.870266018000066
              ],
              [
                90.11085045700015,
                21.88011302300008
              ],
              [
                90.12086022200005,
                21.889308986000053
              ],
              [
                90.12623131600012,
                21.90119049700001
              ],
              [
                90.1245223320001,
                21.90973541900012
              ],
              [
                90.12183678500011,
                21.915350653000033
              ],
              [
                90.12134850400012,
                21.921576239000093
              ],
              [
                90.12623131600012,
                21.931952216000074
              ],
              [
                90.11622155000005,
                21.91933828300002
              ],
              [
                90.09848066500004,
                21.87860748900003
              ],
              [
                90.08887780000005,
                21.869859117000143
              ],
              [
                90.07935631600006,
                21.86692942900003
              ],
              [
                90.06690514400003,
                21.85342031500006
              ],
              [
                90.05787194100012,
                21.849351304000095
              ],
              [
                90.04932701899999,
                21.851019598000025
              ],
              [
                90.03630618600002,
                21.861151434000156
              ],
              [
                90.02442467500008,
                21.862453518000066
              ],
              [
                90.03126061300009,
                21.889227606000087
              ],
              [
                90.03394616000006,
                21.94354889500009
              ],
              [
                90.04493248800011,
                21.96613190300016
              ],
              [
                90.05420983200017,
                21.973374742000193
              ],
              [
                90.06576582100008,
                21.979885158000094
              ],
              [
                90.07715905000008,
                21.987982489000018
              ],
              [
                90.08578535200016,
                22.00023021000008
              ],
              [
                90.09058678500006,
                22.015448309000067
              ],
              [
                90.0925399100001,
                22.02798086100005
              ],
              [
                90.0959578790001,
                22.040106512000058
              ],
              [
                90.10564212300007,
                22.05426666900007
              ],
              [
                90.14673912900015,
                22.089016018000134
              ],
              [
                90.15162194100003,
                22.094875393
              ],
              [
                90.15886478000006,
                22.106919664000092
              ],
              [
                90.16407311300006,
                22.113226630000042
              ],
              [
                90.17286217500002,
                22.117010809000067
              ],
              [
                90.18181399800005,
                22.11481354400007
              ],
              [
                90.18970787900011,
                22.1108259140001
              ],
              [
                90.19507897200008,
                22.10952383000009
              ],
              [
                90.21615644600008,
                22.123236395000117
              ],
              [
                90.231700066,
                22.145656643000024
              ],
              [
                90.23910566500008,
                22.172267971000064
              ],
              [
                90.23609459700008,
                22.198879299000016
              ],
              [
                90.2182723320001,
                22.155707098000107
              ],
              [
                90.20582116,
                22.132961330000068
              ],
              [
                90.19166100400007,
                22.12311432500014
              ],
              [
                90.16480553500008,
                22.119818427000016
              ],
              [
                90.14828535200012,
                22.11078522300019
              ],
              [
                90.08887780000005,
                22.051174221000093
              ],
              [
                90.081797722,
                22.041001695000144
              ],
              [
                90.07374108200014,
                22.0192324890001
              ],
              [
                90.06104576900009,
                22.000799872000144
              ],
              [
                90.0579533210001,
                21.993719793999997
              ],
              [
                90.05241946699999,
                21.98899974200008
              ],
              [
                90.03809655000009,
                21.986558335000048
              ],
              [
                90.0281681650001,
                21.98810455900008
              ],
              [
                89.99634850400015,
                22.00023021000008
              ],
              [
                90.00212649800002,
                22.014105535999978
              ],
              [
                90.00318444099999,
                22.029364325000053
              ],
              [
                90.01075280000003,
                22.04120514500002
              ],
              [
                90.02019290500004,
                22.048814195000134
              ],
              [
                90.02898196700002,
                22.052964584999987
              ],
              [
                90.03541100400011,
                22.05980052300012
              ],
              [
                90.03809655000009,
                22.075344143000017
              ],
              [
                90.03467858200008,
                22.1051699890001
              ],
              [
                90.03907311300007,
                22.116278387000122
              ],
              [
                90.04273522200005,
                22.13125234600006
              ],
              [
                90.05209394600007,
                22.141099351000076
              ],
              [
                90.06324303500017,
                22.145738023000106
              ],
              [
                90.07260175900011,
                22.15204498900013
              ],
              [
                90.0783797540001,
                22.164048570000165
              ],
              [
                90.05258222700014,
                22.15546295800007
              ],
              [
                90.04004967500005,
                22.138088283000087
              ],
              [
                90.02442467500008,
                22.089016018000134
              ],
              [
                90.01539147200008,
                22.07786692900002
              ],
              [
                89.98853600400007,
                22.05304596600006
              ],
              [
                89.98275800900011,
                22.0446231140001
              ],
              [
                89.98519941500004,
                21.999416408000155
              ],
              [
                89.98275800900011,
                21.986558335000048
              ],
              [
                89.96778405000006,
                21.97455475500012
              ],
              [
                89.94971764400007,
                21.980902411000066
              ],
              [
                89.9344181650001,
                21.997707424000073
              ],
              [
                89.92823326900003,
                22.017279364000142
              ],
              [
                89.92628014400009,
                22.02716705900014
              ],
              [
                89.91749108200011,
                22.049872137000182
              ],
              [
                89.91456139400009,
                22.061672268000073
              ],
              [
                89.9123641290001,
                22.135565497000158
              ],
              [
                89.90308678500006,
                22.176906643000095
              ],
              [
                89.90088951900006,
                22.201971747000083
              ],
              [
                89.89828535200014,
                22.211655992000143
              ],
              [
                89.88550866000001,
                22.23061758000006
              ],
              [
                89.8803817070001,
                22.240423895000106
              ],
              [
                89.87663821700006,
                22.253485419000082
              ],
              [
                89.87533613400007,
                22.263983466000052
              ],
              [
                89.87680097700013,
                22.274725653000058
              ],
              [
                89.8803817070001,
                22.28823476800004
              ],
              [
                89.90015709700005,
                22.333929755000057
              ],
              [
                89.98275800900011,
                22.445257880000096
              ],
              [
                89.98829186300003,
                22.457749742000196
              ],
              [
                89.99195397200008,
                22.46987539300009
              ],
              [
                89.99789472700012,
                22.48086172100005
              ],
              [
                90.01010175900008,
                22.490220445000087
              ],
              [
                89.98275800900011,
                22.473211981000045
              ],
              [
                89.97950279999998,
                22.47007884300013
              ],
              [
                89.94743899800008,
                22.439683335000087
              ],
              [
                89.93360436300009,
                22.42352936400012
              ],
              [
                89.92823326900003,
                22.40770091400009
              ],
              [
                89.92042076900003,
                22.39183177300016
              ],
              [
                89.90308678500006,
                22.396429755000092
              ],
              [
                89.87289472700004,
                22.418605861000067
              ],
              [
                89.87484785200007,
                22.397650458000015
              ],
              [
                89.88054446700006,
                22.380601304000145
              ],
              [
                89.88412519600013,
                22.363511460000023
              ],
              [
                89.8803817070001,
                22.342230536000038
              ],
              [
                89.83871504000014,
                22.267767645000067
              ],
              [
                89.85084069100004,
                22.246527411000077
              ],
              [
                89.8613387380001,
                22.21100495000001
              ],
              [
                89.87289472700004,
                22.143622137000097
              ],
              [
                89.874278191,
                22.108832098000065
              ],
              [
                89.87134850400008,
                22.091864325000174
              ],
              [
                89.86296634200012,
                22.079046942000037
              ],
              [
                89.84620201900009,
                22.070624091000084
              ],
              [
                89.8315535820001,
                22.071966864000085
              ],
              [
                89.81617272200006,
                22.075995184000053
              ],
              [
                89.79721113400004,
                22.075995184000053
              ],
              [
                89.79721113400004,
                22.068508205000086
              ],
              [
                89.81836998800006,
                22.060044664000138
              ],
              [
                89.83594811300009,
                22.049465236000007
              ],
              [
                89.8479110040001,
                22.033880927000006
              ],
              [
                89.85238691500008,
                22.010443427000027
              ],
              [
                89.8510848320001,
                22.000881252000134
              ],
              [
                89.84595787900005,
                21.982896226000083
              ],
              [
                89.84620201900009,
                21.972316799000048
              ],
              [
                89.85027103000009,
                21.963120835000083
              ],
              [
                89.86378014400013,
                21.943304755000142
              ],
              [
                89.8718367850001,
                21.92426178600006
              ],
              [
                89.88160241000003,
                21.912990627000074
              ],
              [
                89.88721764400012,
                21.90009186400015
              ],
              [
                89.8803817070001,
                21.884182033000133
              ],
              [
                89.87322024800004,
                21.881577867000047
              ],
              [
                89.85092207100011,
                21.87750885600018
              ],
              [
                89.82520592500006,
                21.8562686220001
              ],
              [
                89.81959069100006,
                21.849554755000053
              ],
              [
                89.81763756600004,
                21.844916083000022
              ],
              [
                89.81421959700002,
                21.840806382000082
              ],
              [
                89.80469811300003,
                21.83576080900013
              ],
              [
                89.78638756600006,
                21.82892487200012
              ],
              [
                89.77572675900012,
                21.827582098000022
              ],
              [
                89.77116946700008,
                21.832342841000134
              ],
              [
                89.76587975400018,
                21.846747137000104
              ],
              [
                89.75342858200008,
                21.843898830000064
              ],
              [
                89.73845462300005,
                21.834418036000052
              ],
              [
                89.72584069100006,
                21.82892487200012
              ],
              [
                89.70915774800012,
                21.83006419500015
              ],
              [
                89.69044030000005,
                21.833726304000116
              ],
              [
                89.67335045700013,
                21.840073960000048
              ],
              [
                89.661306186,
                21.849351304000095
              ],
              [
                89.65691165500003,
                21.8571231140001
              ],
              [
                89.65316816500008,
                21.86774323100004
              ],
              [
                89.65259850400012,
                21.878851630000085
              ],
              [
                89.66334069100003,
                21.89630768400013
              ],
              [
                89.661306186,
                21.90582916900013
              ],
              [
                89.646983269,
                21.925116278000058
              ],
              [
                89.61898847700009,
                21.869859117000143
              ],
              [
                89.63038170700004,
                21.851467190000115
              ],
              [
                89.64975019600007,
                21.826361395000124
              ],
              [
                89.67204837300011,
                21.804266669000125
              ],
              [
                89.69206790499999,
                21.794826565000022
              ],
              [
                89.7006942070001,
                21.78485748900003
              ],
              [
                89.68995201900007,
                21.765204169000082
              ],
              [
                89.6682235040001,
                21.750881251999996
              ],
              [
                89.6435653,
                21.756903387000097
              ],
              [
                89.63152103,
                21.764064846000124
              ],
              [
                89.62037194099997,
                21.764349676999984
              ],
              [
                89.59546959700003,
                21.759995835000066
              ],
              [
                89.59278405000005,
                21.75438060100008
              ],
              [
                89.60377037900011,
                21.72768789300005
              ],
              [
                89.60596764400012,
                21.71906159100015
              ],
              [
                89.5869246750001,
                21.70083242400007
              ],
              [
                89.56568444100003,
                21.713364975999987
              ],
              [
                89.53711998800004,
                21.753810940000008
              ],
              [
                89.53891035200013,
                21.771470445000112
              ],
              [
                89.527354363,
                21.81281159100015
              ],
              [
                89.53028405000003,
                21.83576080900013
              ],
              [
                89.53834069100006,
                21.84861888200007
              ],
              [
                89.55689537900017,
                21.86880117400001
              ],
              [
                89.5644637380001,
                21.884182033000133
              ],
              [
                89.56763756600007,
                21.90070221600003
              ],
              [
                89.56348717500003,
                21.973130601000058
              ],
              [
                89.57129967500003,
                22.03123607000011
              ],
              [
                89.57667076900009,
                22.051703191999977
              ],
              [
                89.60059655000005,
                22.091253973000025
              ],
              [
                89.60596764400012,
                22.113226630000042
              ],
              [
                89.60254967500009,
                22.134507554000013
              ],
              [
                89.59376061300003,
                22.155422268000073
              ],
              [
                89.5813908210001,
                22.174058335000062
              ],
              [
                89.56788170700011,
                22.188910223000033
              ],
              [
                89.56723066500007,
                22.202826239000004
              ],
              [
                89.59791100400005,
                22.24030182500012
              ],
              [
                89.60596764400012,
                22.256903387000182
              ],
              [
                89.60710696700005,
                22.278265692000048
              ],
              [
                89.61060631600004,
                22.298895575000145
              ],
              [
                89.61695397200006,
                22.31842682500013
              ],
              [
                89.62647545700015,
                22.336004950000078
              ],
              [
                89.6154891290001,
                22.328273830000157
              ],
              [
                89.60621178500006,
                22.3156192080001
              ],
              [
                89.59245853000004,
                22.28823476800004
              ],
              [
                89.58082116000001,
                22.277248440000083
              ],
              [
                89.57715905000008,
                22.2685000670001
              ],
              [
                89.58619225400008,
                22.24542877800005
              ],
              [
                89.58033287900015,
                22.236761786000052
              ],
              [
                89.56104576900002,
                22.22308991100001
              ],
              [
                89.54916425900004,
                22.20526764500003
              ],
              [
                89.55030358200008,
                22.192124742000082
              ],
              [
                89.57129967500003,
                22.157904364000096
              ],
              [
                89.57634524800007,
                22.145493882000064
              ],
              [
                89.5787866550001,
                22.13589101800009
              ],
              [
                89.57935631600006,
                22.113226630000042
              ],
              [
                89.57699629000011,
                22.101263739000014
              ],
              [
                89.56674238400008,
                22.08209870000005
              ],
              [
                89.5644637380001,
                22.07221100500004
              ],
              [
                89.55648847700006,
                22.008449611000078
              ],
              [
                89.55144290500012,
                21.994045315000097
              ],
              [
                89.53288821700002,
                21.98468659100007
              ],
              [
                89.52475019600008,
                22.0001488300001
              ],
              [
                89.52344811300001,
                22.0446231140001
              ],
              [
                89.52613366,
                22.05512116100008
              ],
              [
                89.53646894600008,
                22.075832424000083
              ],
              [
                89.53711998800004,
                22.089016018000134
              ],
              [
                89.49203535200007,
                22.188381252000045
              ],
              [
                89.48943118600008,
                22.20880768400011
              ],
              [
                89.494151238,
                22.253566799000136
              ],
              [
                89.49301191500004,
                22.273504950000135
              ],
              [
                89.48316491000003,
                22.295070705000143
              ],
              [
                89.47575931100006,
                22.295070705000143
              ],
              [
                89.46745853000006,
                22.228989976000047
              ],
              [
                89.47575931100006,
                22.102606512000094
              ],
              [
                89.48316491000003,
                22.102606512000094
              ],
              [
                89.48406009200012,
                22.11668528900004
              ],
              [
                89.48878014400012,
                22.12958405200005
              ],
              [
                89.494151238,
                22.13686758000015
              ],
              [
                89.49683678500006,
                22.133978583000037
              ],
              [
                89.49822024800005,
                22.12531159100004
              ],
              [
                89.50171959700005,
                22.113104559000163
              ],
              [
                89.50684655000006,
                22.10101959800006
              ],
              [
                89.51295006600004,
                22.092433986000056
              ],
              [
                89.51832116000008,
                22.081000067000012
              ],
              [
                89.5174259770001,
                22.06647370000015
              ],
              [
                89.50912519600011,
                22.04120514500002
              ],
              [
                89.50416100400014,
                22.036688544000047
              ],
              [
                89.4918725920001,
                22.03457265800014
              ],
              [
                89.48943118600008,
                22.03123607000011
              ],
              [
                89.49040774800005,
                22.023993231000155
              ],
              [
                89.49268639400002,
                22.01919179900009
              ],
              [
                89.49683678500006,
                22.013861395000035
              ],
              [
                89.50049889400002,
                22.00259023600005
              ],
              [
                89.51270592500009,
                21.978094794000008
              ],
              [
                89.52003014399999,
                21.96918366100007
              ],
              [
                89.52182050900007,
                21.962307033000055
              ],
              [
                89.51254316500004,
                21.909125067000076
              ],
              [
                89.5022892590001,
                21.897528387000055
              ],
              [
                89.48910566500014,
                21.888373113999975
              ],
              [
                89.47575931100006,
                21.876695054000066
              ],
              [
                89.46461022200003,
                21.859198309000032
              ],
              [
                89.46363366000006,
                21.845038153000175
              ],
              [
                89.46705162900005,
                21.828599351000097
              ],
              [
                89.46949303500008,
                21.80438873900001
              ],
              [
                89.46583092500013,
                21.781317450000127
              ],
              [
                89.45622806100006,
                21.762396552000027
              ],
              [
                89.44271894600007,
                21.74664948100007
              ],
              [
                89.40642337300008,
                21.71735260600005
              ],
              [
                89.39519290500007,
                21.716376044000157
              ],
              [
                89.36963951900009,
                21.743312893000052
              ],
              [
                89.36426842500005,
                21.758205471000096
              ],
              [
                89.36280358200017,
                21.783840236000056
              ],
              [
                89.36589603000007,
                21.82892487200012
              ],
              [
                89.37126712300011,
                21.84715403900011
              ],
              [
                89.38428795700011,
                21.87783437700001
              ],
              [
                89.3869735040001,
                21.90119049700001
              ],
              [
                89.38266035200009,
                21.92133209800005
              ],
              [
                89.364024285,
                21.955064195000134
              ],
              [
                89.35962975400012,
                21.972316799000048
              ],
              [
                89.35222415500003,
                21.972316799000048
              ],
              [
                89.34595787900007,
                21.957017320000077
              ],
              [
                89.34880618600002,
                21.94415924700015
              ],
              [
                89.35523522200003,
                21.931626695000155
              ],
              [
                89.35962975400012,
                21.917669988999997
              ],
              [
                89.35962975400012,
                21.90167877800009
              ],
              [
                89.35596764400006,
                21.892523505000103
              ],
              [
                89.33912194100006,
                21.876695054000066
              ],
              [
                89.32886803500004,
                21.864650783000062
              ],
              [
                89.32260175900008,
                21.85464101800015
              ],
              [
                89.30616295700008,
                21.817613023000135
              ],
              [
                89.30128014400003,
                21.80939362200006
              ],
              [
                89.29623457100008,
                21.809068101000022
              ],
              [
                89.29070071700006,
                21.8220889340001
              ],
              [
                89.28394616000013,
                21.8220889340001
              ],
              [
                89.28443444100003,
                21.796820380000053
              ],
              [
                89.29468834700003,
                21.757798570000094
              ],
              [
                89.29070071700006,
                21.733343817000147
              ],
              [
                89.2736922540001,
                21.698797919000132
              ],
              [
                89.27662194100004,
                21.68756745000014
              ],
              [
                89.29753665500009,
                21.678127346000036
              ],
              [
                89.28589928499999,
                21.66559479400013
              ],
              [
                89.26872806100015,
                21.653998114000107
              ],
              [
                89.24870853000009,
                21.64590078300008
              ],
              [
                89.22925866,
                21.643947658000137
              ],
              [
                89.21045983200023,
                21.654120184000096
              ],
              [
                89.20443769600014,
                21.672674872000172
              ],
              [
                89.20826256600006,
                21.690619208000136
              ],
              [
                89.21859785200006,
                21.69855377800009
              ],
              [
                89.22071373800006,
                21.709418036000073
              ],
              [
                89.18970787900014,
                21.79124583500006
              ],
              [
                89.18824303500008,
                21.79970937699999
              ],
              [
                89.18767337300011,
                21.811509507000064
              ],
              [
                89.18336022200002,
                21.815619208000104
              ],
              [
                89.17408287900014,
                21.81004466400009
              ],
              [
                89.16456139400006,
                21.800197658000158
              ],
              [
                89.16041100400011,
                21.791327216000116
              ],
              [
                89.15455162900018,
                21.78685130399997
              ],
              [
                89.14128665500004,
                21.79022858300008
              ],
              [
                89.11939537900011,
                21.8009707700001
              ],
              [
                89.1090600920001,
                21.80951569200002
              ],
              [
                89.10466556100013,
                21.815863348000054
              ],
              [
                89.07992597700006,
                21.89740631700008
              ],
              [
                89.07781009200002,
                21.914252019999992
              ],
              [
                89.08041425900012,
                21.934881903000015
              ],
              [
                89.09107506600006,
                21.976792710000012
              ],
              [
                89.09148196700006,
                22.00023021000008
              ],
              [
                89.08423912900005,
                22.021185614000046
              ],
              [
                89.06202233200007,
                22.049505927000084
              ],
              [
                89.05738366000004,
                22.065090235999996
              ],
              [
                89.06348717500005,
                22.111029364000128
              ],
              [
                89.06039472700007,
                22.129868882000086
              ],
              [
                89.06031334700009,
                22.13060130400011
              ],
              [
                89.04371178500013,
                22.13739655200004
              ],
              [
                89.04859459700009,
                22.122951564999994
              ],
              [
                89.04566491000007,
                22.11204661700019
              ],
              [
                89.03988691500011,
                22.100897528000086
              ],
              [
                89.03687584700002,
                22.085598049000133
              ],
              [
                89.04004967500006,
                22.069525458000044
              ],
              [
                89.05404707100004,
                22.04364655200004
              ],
              [
                89.05738366000004,
                22.03123607000011
              ],
              [
                89.06560306100006,
                21.96710846600005
              ],
              [
                89.06088300900007,
                21.93846263200008
              ],
              [
                89.03687584700002,
                21.925116278000058
              ],
              [
                89.02312259200008,
                21.93109772300007
              ],
              [
                89.01303144600003,
                21.929429429000077
              ],
              [
                89.0080672540001,
                21.92055898600012
              ],
              [
                89.00953209700003,
                21.904608466000102
              ],
              [
                88.99301191500007,
                21.912665106000038
              ],
              [
                88.96045983200008,
                21.93431224200012
              ],
              [
                88.94467207100004,
                21.93878815300001
              ],
              [
                88.93783613400012,
                21.948716539000124
              ],
              [
                88.93458092500008,
                21.969305731000134
              ],
              [
                88.92872155000002,
                21.986558335000048
              ],
              [
                88.91391035200007,
                21.986558335000048
              ],
              [
                88.90503991000003,
                21.96942780200001
              ],
              [
                88.91081790500009,
                21.946478583000026
              ],
              [
                88.92408287900011,
                21.926336981000173
              ],
              [
                88.93783613400012,
                21.917669988999997
              ],
              [
                88.95191491000007,
                21.913885809000142
              ],
              [
                88.96827233200008,
                21.904730536000088
              ],
              [
                88.995860222,
                21.884182033000133
              ],
              [
                89.01587975400007,
                21.853338934000078
              ],
              [
                89.03093509200008,
                21.770453192000065
              ],
              [
                89.04371178500013,
                21.733343817000147
              ],
              [
                89.04786217500006,
                21.728013414000173
              ],
              [
                89.06788170700004,
                21.70913320500014
              ],
              [
                89.082774285,
                21.678208726000104
              ],
              [
                89.08521569100003,
                21.674709377000124
              ],
              [
                89.08822675900004,
                21.63373444200009
              ],
              [
                89.08269290500002,
                21.617336330000096
              ],
              [
                89.06421959700008,
                21.609198309000085
              ],
              [
                89.05323326900003,
                21.609808661000045
              ],
              [
                89.04468834700009,
                21.61351146000008
              ],
              [
                89.03882897200006,
                21.619452216000095
              ],
              [
                89.03687584700002,
                21.626898505000078
              ],
              [
                89.03394616000001,
                21.6332461610001
              ],
              [
                89.02759850400014,
                21.624579169000114
              ],
              [
                89.02165774800005,
                21.611802476000076
              ],
              [
                89.01978600400015,
                21.606105861000092
              ],
              [
                89.00025475400008,
                21.603420315000015
              ],
              [
                88.97575931100005,
                21.615912177000116
              ],
              [
                88.93384850400015,
                21.643947658000137
              ],
              [
                88.89698326900007,
                21.6501325540001
              ],
              [
                88.89161217500003,
                21.65350983300004
              ],
              [
                88.8860783210001,
                21.661810614000096
              ],
              [
                88.88160241000004,
                21.67202383000013
              ],
              [
                88.87208092500005,
                21.749009507000117
              ],
              [
                88.86605879000005,
                21.766831773000007
              ],
              [
                88.85865319100006,
                21.766831773000007
              ],
              [
                88.85572350400004,
                21.748846747000147
              ],
              [
                88.84156334700002,
                21.71625397300001
              ],
              [
                88.83822675900008,
                21.701971747000012
              ],
              [
                88.84294681100009,
                21.684149481000127
              ],
              [
                88.85987389400007,
                21.65257396000011
              ],
              [
                88.85865319100006,
                21.636542059000135
              ],
              [
                88.84424889400009,
                21.622219143000052
              ],
              [
                88.82398522200006,
                21.617254950000117
              ],
              [
                88.80583743600008,
                21.622870184000103
              ],
              [
                88.79786217500002,
                21.640204169000103
              ],
              [
                88.8147892590001,
                21.653876044000047
              ],
              [
                88.81836998800007,
                21.657619533000076
              ],
              [
                88.81853274800004,
                21.665838934000078
              ],
              [
                88.81666100400017,
                21.67503489800013
              ],
              [
                88.81088300900011,
                21.691717841000088
              ],
              [
                88.80494225400008,
                21.671861070000084
              ],
              [
                88.8004663420001,
                21.661851304000002
              ],
              [
                88.79420006600007,
                21.657619533000076
              ],
              [
                88.78402754000004,
                21.655951239000053
              ],
              [
                88.77906334700009,
                21.65119049700014
              ],
              [
                88.77711022200003,
                21.643540757000032
              ],
              [
                88.77686608200008,
                21.633449611000064
              ],
              [
                88.78174889400006,
                21.614243882000103
              ],
              [
                88.79102623800001,
                21.598863023000078
              ],
              [
                88.79664147200009,
                21.58441803600012
              ],
              [
                88.79053795700011,
                21.568264065000054
              ],
              [
                88.76246178500003,
                21.55585358300002
              ],
              [
                88.72787519600011,
                21.55988190300009
              ],
              [
                88.70753014400003,
                21.578314520000124
              ],
              [
                88.72217858200013,
                21.609198309000085
              ],
              [
                88.68799889400005,
                21.678127346000036
              ],
              [
                88.68490644600016,
                21.69721100500001
              ],
              [
                88.70362389400002,
                21.81061432500006
              ],
              [
                88.69800866000003,
                21.825506903000026
              ],
              [
                88.69450931100005,
                21.8398298200002
              ],
              [
                88.71469160200016,
                21.897853908000087
              ],
              [
                88.71697024800005,
                21.951971747000048
              ],
              [
                88.72217858200013,
                21.96613190300016
              ],
              [
                88.73316491000008,
                21.977199611000113
              ],
              [
                88.74683678500003,
                21.987127997000112
              ],
              [
                88.75831139400006,
                21.99945709800006
              ],
              [
                88.76303144600008,
                22.017279364000142
              ],
              [
                88.75464928500003,
                22.03758372600004
              ],
              [
                88.71705162900011,
                22.05805084800001
              ],
              [
                88.7085067070001,
                22.07221100500004
              ],
              [
                88.71485436300003,
                22.086981512000104
              ],
              [
                88.7301538420001,
                22.103583075000067
              ],
              [
                88.76303144600008,
                22.130560614000125
              ],
              [
                88.74390709700002,
                22.1293399110001
              ],
              [
                88.72657311300001,
                22.121161200000106
              ],
              [
                88.71216881600006,
                22.10903554900001
              ],
              [
                88.7016707690001,
                22.095851955000057
              ],
              [
                88.69483483200007,
                22.081529039000067
              ],
              [
                88.69288170700011,
                22.06586334800009
              ],
              [
                88.69947350400008,
                22.05320872600003
              ],
              [
                88.71851647200009,
                22.04804108300004
              ],
              [
                88.73072350400005,
                22.037176825000127
              ],
              [
                88.72331790500007,
                22.013088283000094
              ],
              [
                88.7016707690001,
                21.976019598000097
              ],
              [
                88.69841556100003,
                21.962591864000096
              ],
              [
                88.689952019,
                21.945990302000034
              ],
              [
                88.67872155,
                21.936672268000095
              ],
              [
                88.6670028,
                21.945013738999968
              ],
              [
                88.65626061300001,
                21.94106679900008
              ],
              [
                88.64258873800006,
                21.940904039000124
              ],
              [
                88.63086998800009,
                21.945461330000054
              ],
              [
                88.62598717500009,
                21.955511786000038
              ],
              [
                88.62745201900006,
                21.970404364000096
              ],
              [
                88.63168379000007,
                21.979803778000026
              ],
              [
                88.64633222700009,
                22.00023021000008
              ],
              [
                88.65349368600003,
                22.018011786000073
              ],
              [
                88.65259850400015,
                22.031805731000077
              ],
              [
                88.64877363400011,
                22.04604726799998
              ],
              [
                88.645030144,
                22.07514069200007
              ],
              [
                88.63949629000007,
                22.097235419000047
              ],
              [
                88.63949629000007,
                22.10952383000009
              ],
              [
                88.65699303500003,
                22.15106842700007
              ],
              [
                88.67400149799998,
                22.16205475500003
              ],
              [
                88.68311608200008,
                22.18496328300012
              ],
              [
                88.67994225400012,
                22.20441315300011
              ],
              [
                88.66016686300009,
                22.20502350500008
              ],
              [
                88.66114342500008,
                22.198960679000006
              ],
              [
                88.65601647200006,
                22.183254299000037
              ],
              [
                88.64966881600012,
                22.169094143000017
              ],
              [
                88.64633222700009,
                22.167792059000096
              ],
              [
                88.64429772200006,
                22.162298895000085
              ],
              [
                88.63493899800014,
                22.144964911
              ],
              [
                88.63086998800009,
                22.125799872000123
              ],
              [
                88.622080925,
                22.116034247000087
              ],
              [
                88.61915123799999,
                22.10952383000009
              ],
              [
                88.61833743600008,
                22.102972723000097
              ],
              [
                88.6199650400001,
                22.07831452000003
              ],
              [
                88.62549889400009,
                22.05927155200003
              ],
              [
                88.62598717500009,
                22.04804108300004
              ],
              [
                88.620371941,
                22.029974677000098
              ],
              [
                88.60254967500012,
                22.006415106000052
              ],
              [
                88.59864342500003,
                21.990301825000085
              ],
              [
                88.60027103000004,
                21.94721100500006
              ],
              [
                88.59839928500007,
                21.929348049000083
              ],
              [
                88.56706790500004,
                21.850816148000074
              ],
              [
                88.56462649800001,
                21.832342841000134
              ],
              [
                88.5654403,
                21.771185614000085
              ],
              [
                88.56462649800001,
                21.766831773000007
              ],
              [
                88.58130944100006,
                21.769435939999997
              ],
              [
                88.60417728000003,
                21.778753973000136
              ],
              [
                88.62403405000005,
                21.778021552000105
              ],
              [
                88.6328231130001,
                21.750067450000074
              ],
              [
                88.63021894600011,
                21.731756903000115
              ],
              [
                88.6233830090001,
                21.710272528000097
              ],
              [
                88.61264082100008,
                21.697495835000044
              ],
              [
                88.59864342500003,
                21.705389716000106
              ],
              [
                88.59180748800001,
                21.705389716000106
              ],
              [
                88.599619988,
                21.63727448100009
              ],
              [
                88.59506269600016,
                21.612127997000098
              ],
              [
                88.57813561300007,
                21.62343984600008
              ],
              [
                88.57813561300007,
                21.571682033000066
              ],
              [
                88.57227623800003,
                21.557928778000043
              ],
              [
                88.55892988400011,
                21.555568752000084
              ],
              [
                88.54476972700009,
                21.561997789000102
              ],
              [
                88.53646894600013,
                21.575100002000156
              ],
              [
                88.53028405000005,
                21.564398505000057
              ],
              [
                88.5296330090001,
                21.55337148600008
              ],
              [
                88.534434441,
                21.542914130000025
              ],
              [
                88.54395592500008,
                21.534084377000077
              ],
              [
                88.51295006600007,
                21.524644273000128
              ],
              [
                88.49390709700006,
                21.534816798999998
              ],
              [
                88.48796634200005,
                21.556545315000058
              ],
              [
                88.49561608200015,
                21.581854559000114
              ],
              [
                88.50212649800007,
                21.589341539000074
              ],
              [
                88.50879967500013,
                21.59438711100011
              ],
              [
                88.51400800900011,
                21.600816148000114
              ],
              [
                88.51612389400003,
                21.61261627800009
              ],
              [
                88.5166121750001,
                21.626410223000093
              ],
              [
                88.518809441,
                21.639146226000047
              ],
              [
                88.52295983200013,
                21.64988841400015
              ],
              [
                88.5296330090001,
                21.657619533000076
              ],
              [
                88.50953209700005,
                21.712307033000123
              ],
              [
                88.50489342500003,
                21.74152252800006
              ],
              [
                88.51270592500002,
                21.763413804000095
              ],
              [
                88.53288821700005,
                21.795314846000103
              ],
              [
                88.53101647200006,
                21.824123440000132
              ],
              [
                88.51587975400008,
                21.850816148000074
              ],
              [
                88.49561608200015,
                21.876695054000066
              ],
              [
                88.51465905000006,
                21.916205145000028
              ],
              [
                88.51498457100008,
                21.937201239000082
              ],
              [
                88.49561608200015,
                21.951808986000177
              ],
              [
                88.49984785200009,
                21.933661200000092
              ],
              [
                88.49236087300011,
                21.92202383000009
              ],
              [
                88.48121178500003,
                21.909898178999992
              ],
              [
                88.47445722700016,
                21.890326239000025
              ],
              [
                88.47706139400006,
                21.8718122420001
              ],
              [
                88.4920353520001,
                21.837144273000042
              ],
              [
                88.49561608200015,
                21.818670966000102
              ],
              [
                88.49350019600006,
                21.805161851000044
              ],
              [
                88.48829186300006,
                21.80365631700008
              ],
              [
                88.48145592500013,
                21.805161851000044
              ],
              [
                88.47445722700016,
                21.8009707700001
              ],
              [
                88.4682723320001,
                21.7772484400001
              ],
              [
                88.45769290500004,
                21.758856512000058
              ],
              [
                88.45337975400014,
                21.741766669000103
              ],
              [
                88.45215905000005,
                21.72280508000008
              ],
              [
                88.4547632170001,
                21.705389716000106
              ],
              [
                88.46859785200013,
                21.677150783000137
              ],
              [
                88.47217858200008,
                21.663275458000065
              ],
              [
                88.4682723320001,
                21.643947658000137
              ],
              [
                88.45630944100006,
                21.62400950700005
              ],
              [
                88.441905144,
                21.616156317000065
              ],
              [
                88.42611738400015,
                21.611029364000057
              ],
              [
                88.40967858200004,
                21.59926992400008
              ],
              [
                88.393077019,
                21.600246486000138
              ],
              [
                88.383555535,
                21.631415106000038
              ],
              [
                88.38282311299999,
                21.67133209800009
              ],
              [
                88.39258873800003,
                21.69855377800009
              ],
              [
                88.38062584700006,
                21.69619375200004
              ],
              [
                88.36451256600002,
                21.686957098000093
              ],
              [
                88.35572350400007,
                21.684963283000137
              ],
              [
                88.34620201900005,
                21.688625393000006
              ],
              [
                88.34066816500012,
                21.697495835000044
              ],
              [
                88.33643639400002,
                21.70872630400005
              ],
              [
                88.3312280610001,
                21.71906159100015
              ],
              [
                88.32634524800007,
                21.711086330000096
              ],
              [
                88.32471764400003,
                21.701361395000145
              ],
              [
                88.327403191,
                21.691107489000103
              ],
              [
                88.34571373800006,
                21.67059967700015
              ],
              [
                88.34945722700009,
                21.660956122000087
              ],
              [
                88.34880618600005,
                21.65029531500016
              ],
              [
                88.34546959700002,
                21.636542059000135
              ],
              [
                88.33545983200013,
                21.615790106000063
              ],
              [
                88.3217879570001,
                21.605658270000095
              ],
              [
                88.30974368600008,
                21.610174872000137
              ],
              [
                88.3044539720001,
                21.633449611000064
              ],
              [
                88.30201256600007,
                21.745184637000104
              ],
              [
                88.29818769600006,
                21.764105536000045
              ],
              [
                88.28980553499999,
                21.780218817000012
              ],
              [
                88.27312259200015,
                21.79791901200019
              ],
              [
                88.26156660200013,
                21.798651434000032
              ],
              [
                88.26417076900003,
                21.77529531500005
              ],
              [
                88.29542076900009,
                21.67658112200009
              ],
              [
                88.29704837300011,
                21.653876044000047
              ],
              [
                88.29444420700011,
                21.6428083350001
              ],
              [
                88.2841903,
                21.62124258000008
              ],
              [
                88.28337649800017,
                21.609198309000085
              ],
              [
                88.28760826900002,
                21.600287177000038
              ],
              [
                88.30062910200009,
                21.589341539000074
              ],
              [
                88.3044539720001,
                21.581854559000114
              ],
              [
                88.30583743599999,
                21.571682033000066
              ],
              [
                88.30372155000006,
                21.56879303600013
              ],
              [
                88.29786217500003,
                21.566555080000057
              ],
              [
                88.28711998800003,
                21.55829498900006
              ],
              [
                88.2789819670001,
                21.555161851000083
              ],
              [
                88.26612389400007,
                21.553859768000077
              ],
              [
                88.25440514400009,
                21.554673570000105
              ],
              [
                88.24927819100007,
                21.55829498900006
              ],
              [
                88.24594160200014,
                21.579901434000053
              ],
              [
                88.23747806100002,
                21.601711330000107
              ],
              [
                88.22437584700005,
                21.61302317900019
              ],
              [
                88.20826256600007,
                21.602972723000025
              ],
              [
                88.18946373800003,
                21.641791083000133
              ],
              [
                88.18189537900025,
                21.665228583000022
              ],
              [
                88.180918816,
                21.684963283000137
              ],
              [
                88.19044030000009,
                21.70408763200011
              ],
              [
                88.20346113400008,
                21.724351304000038
              ],
              [
                88.21045983200005,
                21.74725983300003
              ],
              [
                88.20142662900005,
                21.774318752000063
              ],
              [
                88.20972741000003,
                21.78856028900008
              ],
              [
                88.2037866550001,
                21.80540599200016
              ],
              [
                88.15406334700002,
                21.88808828300014
              ],
              [
                88.15642337300007,
                21.897853908000087
              ],
              [
                88.15943444100007,
                21.906154690000047
              ],
              [
                88.14673912900001,
                21.959214584999987
              ],
              [
                88.14991295700017,
                21.9763858090001
              ],
              [
                88.1562606130001,
                21.990871486000145
              ],
              [
                88.16431725400004,
                22.003119208000104
              ],
              [
                88.206797722,
                22.05337148600009
              ],
              [
                88.22242272199999,
                22.07794830900009
              ],
              [
                88.21273847700013,
                22.100043036000077
              ],
              [
                88.2033797540001,
                22.15176015800012
              ],
              [
                88.19800866000004,
                22.167792059000096
              ],
              [
                88.16529381600012,
                22.185003973000025
              ],
              [
                88.11841881600006,
                22.20018138200002
              ],
              [
                88.08130944100006,
                22.217352606000134
              ],
              [
                88.07732181100008,
                22.240423895000106
              ],
              [
                88.05974368600005,
                22.22947825700003
              ],
              [
                88.04346764400002,
                22.224758205000107
              ],
              [
                88.0270288420001,
                22.227850653000015
              ],
              [
                88.00904381600007,
                22.240423895000106
              ],
              [
                87.985118035,
                22.265936591000088
              ],
              [
                87.97266686300009,
                22.28318919500018
              ],
              [
                87.9674585300001,
                22.29848867400006
              ],
              [
                87.96420332100006,
                22.31928131700014
              ],
              [
                87.95069420700008,
                22.356187242000015
              ],
              [
                87.94752037900011,
                22.373846747000123
              ],
              [
                87.94613691500012,
                22.39492422100005
              ],
              [
                87.94044030000003,
                22.41303131700005
              ],
              [
                87.92798912900012,
                22.42422109600016
              ],
              [
                87.90658613400008,
                22.424750067000048
              ],
              [
                87.90658613400008,
                22.418605861000067
              ],
              [
                87.92286217500002,
                22.39777252800008
              ],
              [
                87.9358016290001,
                22.355169989000135
              ],
              [
                87.94752037900011,
                22.27765534100008
              ],
              [
                87.95281009200008,
                22.262437242000118
              ],
              [
                87.96534264400009,
                22.244818427000084
              ],
              [
                87.99195397200012,
                22.215887762000076
              ],
              [
                88.00847415500002,
                22.204901434000117
              ],
              [
                88.025401238,
                22.20091380400004
              ],
              [
                88.05738366,
                22.198879299000016
              ],
              [
                88.09546959700008,
                22.191229559000075
              ],
              [
                88.13257897199999,
                22.17914459800006
              ],
              [
                88.16098066500012,
                22.156561591000095
              ],
              [
                88.173513217,
                22.116888739000068
              ],
              [
                88.16431725400004,
                22.08978913000005
              ],
              [
                88.14063561300011,
                22.06012604400004
              ],
              [
                88.11117597700012,
                22.034857489000075
              ],
              [
                88.08472741000004,
                22.02069733300004
              ],
              [
                88.04859459700003,
                22.020738023000035
              ],
              [
                88.04314212300008,
                22.017279364000142
              ],
              [
                88.04517662900011,
                22.00653717700011
              ],
              [
                88.04900149800012,
                21.995428778000093
              ],
              [
                88.05079186300001,
                21.98501211100019
              ],
              [
                88.04688561300001,
                21.976019598000097
              ],
              [
                88.03239993600008,
                21.95718008000014
              ],
              [
                87.98365319100007,
                21.85419342700008
              ],
              [
                87.970469597,
                21.836493231000077
              ],
              [
                87.95777428500003,
                21.82892487200012
              ],
              [
                87.94800866000018,
                21.82538483300005
              ],
              [
                87.90902754000011,
                21.798814195000098
              ],
              [
                87.90219160200009,
                21.796820380000053
              ],
              [
                87.899180535,
                21.794826565000022
              ],
              [
                87.89568118600012,
                21.78937409100008
              ],
              [
                87.89478600400011,
                21.778753973000136
              ],
              [
                87.89291425900005,
                21.774318752000063
              ],
              [
                87.8671981130001,
                21.75079987200011
              ],
              [
                87.833994988,
                21.729315497000176
              ],
              [
                87.7557072270001,
                21.691717841000088
              ],
              [
                87.70378665500012,
                21.65550364800007
              ],
              [
                87.68384850400012,
                21.6501325540001
              ],
              [
                87.64210045700008,
                21.652085679000056
              ],
              [
                87.62134850400011,
                21.650620835000012
              ],
              [
                87.47738691467433,
                21.61359284093682
              ],
              [
                87.46876061300011,
                21.611395575000152
              ],
              [
                87.40495853000007,
                21.58665599200008
              ],
              [
                87.3418074880001,
                21.5624046900001
              ],
              [
                87.29346764400007,
                21.55365631700012
              ],
              [
                87.25611412900011,
                21.561997789000102
              ],
              [
                87.24594160200007,
                21.556586004999964
              ],
              [
                87.23519941500007,
                21.55451080900004
              ],
              [
                87.21143639400006,
                21.55459219000011
              ],
              [
                87.20093834700009,
                21.55198802300011
              ],
              [
                87.11304772200002,
                21.50796133000002
              ],
              [
                87.06373131600004,
                21.47500234600011
              ],
              [
                86.91765384200005,
                21.327378648
              ],
              [
                86.86695397200008,
                21.256048895000017
              ],
              [
                86.83725019600014,
                21.174709377000127
              ],
              [
                86.84400475400008,
                21.082220770000035
              ],
              [
                86.95215905000006,
                20.84910716400008
              ],
              [
                86.96566816500012,
                20.805975653000157
              ],
              [
                86.95386803500007,
                20.78058502800013
              ],
              [
                86.93628991000004,
                20.787502346000128
              ],
              [
                86.9165145190001,
                20.788072007000096
              ],
              [
                86.87875410200004,
                20.78058502800013
              ],
              [
                86.8893335300001,
                20.76447174700006
              ],
              [
                86.91065514400006,
                20.75641510600004
              ],
              [
                86.9572046230001,
                20.75324127800007
              ],
              [
                86.97999108200013,
                20.755560614000032
              ],
              [
                86.98658287900008,
                20.751857815000072
              ],
              [
                86.99488366000007,
                20.738959052000073
              ],
              [
                87.00001061300009,
                20.72821686400006
              ],
              [
                87.00180097700007,
                20.718980209999998
              ],
              [
                86.99870853000009,
                20.711127020000117
              ],
              [
                86.98861738400002,
                20.704250393000006
              ],
              [
                86.9757593110001,
                20.710679429000095
              ],
              [
                86.96119225400007,
                20.712836005000025
              ],
              [
                86.94825280000006,
                20.709051825000003
              ],
              [
                86.94019616000003,
                20.697984117000065
              ],
              [
                86.95191491000003,
                20.69700755399999
              ],
              [
                86.96119225400007,
                20.69505442900013
              ],
              [
                86.96851647200008,
                20.691148179000034
              ],
              [
                86.97429446700005,
                20.684393622000012
              ],
              [
                86.98170006600012,
                20.685370184000085
              ],
              [
                86.98650149800002,
                20.684393622000012
              ],
              [
                86.99024498800007,
                20.679999091000028
              ],
              [
                86.99488366000007,
                20.670721747000073
              ],
              [
                87.0193791020001,
                20.680365302000045
              ],
              [
                87.03337649800007,
                20.690171617000154
              ],
              [
                87.04322350400008,
                20.697984117000065
              ],
              [
                87.02751712300012,
                20.679673570000183
              ],
              [
                87.00359134200006,
                20.65704987200012
              ],
              [
                86.97624759200008,
                20.637884833000076
              ],
              [
                86.92318769600016,
                20.621730861000195
              ],
              [
                86.77418053500006,
                20.511948960000016
              ],
              [
                86.7514754570001,
                20.489162502000077
              ],
              [
                86.73389733200015,
                20.46222565300003
              ],
              [
                86.72461998800011,
                20.431952216000116
              ],
              [
                86.72046959700008,
                20.36847565300002
              ],
              [
                86.74195397200009,
                20.379543361000135
              ],
              [
                86.75635826899999,
                20.393744208000058
              ],
              [
                86.76978600400007,
                20.400702216000152
              ],
              [
                86.78874759200008,
                20.3901227890001
              ],
              [
                86.78825931100008,
                20.402818101000065
              ],
              [
                86.78980553500004,
                20.41469961100011
              ],
              [
                86.79615319100004,
                20.437323309000085
              ],
              [
                86.80982506600009,
                20.41510651200021
              ],
              [
                86.79420006600003,
                20.378159897999986
              ],
              [
                86.76832116000001,
                20.343451239000174
              ],
              [
                86.7514754570001,
                20.328070380000074
              ],
              [
                86.73926842500003,
                20.324204820000052
              ],
              [
                86.71973717500003,
                20.315090236000156
              ],
              [
                86.70167076900005,
                20.303778387000097
              ],
              [
                86.69369550900008,
                20.293931382000157
              ],
              [
                86.70167076900005,
                20.284654039000092
              ],
              [
                86.71973717500003,
                20.29173411700016
              ],
              [
                86.75464928500007,
                20.31443919500013
              ],
              [
                86.71745853000007,
                20.28693268400008
              ],
              [
                86.62818444100004,
                20.23525625200005
              ],
              [
                86.5838322270001,
                20.218207098
              ],
              [
                86.53419029999999,
                20.206122137000165
              ],
              [
                86.51148522200005,
                20.19745514500009
              ],
              [
                86.49512780000002,
                20.184068101000086
              ],
              [
                86.49040774800011,
                20.174058335000097
              ],
              [
                86.4788517590001,
                20.12933991100006
              ],
              [
                86.468516472,
                20.1092796900001
              ],
              [
                86.4671330090001,
                20.09467194200009
              ],
              [
                86.41504967500006,
                20.03632233300008
              ],
              [
                86.39144941500003,
                20.020209052000112
              ],
              [
                86.3967391290001,
                20.00995514499999
              ],
              [
                86.40414472700009,
                20.002630927000073
              ],
              [
                86.414073113,
                19.998846747000144
              ],
              [
                86.42628014400007,
                19.999172268000073
              ],
              [
                86.39722741,
                19.98285553600006
              ],
              [
                86.3483992850001,
                20.00885651200013
              ],
              [
                86.27540123800009,
                20.067368881999997
              ],
              [
                86.23129316500008,
                20.064886785999988
              ],
              [
                86.20915774800011,
                20.066636460000144
              ],
              [
                86.19971764400009,
                20.07794830900014
              ],
              [
                86.19597415500006,
                20.080308335000097
              ],
              [
                86.17302493600009,
                20.102199611000128
              ],
              [
                86.16846764400003,
                20.113185940000093
              ],
              [
                86.16309655000006,
                20.13483307500008
              ],
              [
                86.15870201900009,
                20.14313385600015
              ],
              [
                86.1525171230001,
                20.14313385600015
              ],
              [
                86.14503014400007,
                20.122015692000048
              ],
              [
                86.1543074880001,
                20.089992580000153
              ],
              [
                86.15870201900009,
                20.081040757000117
              ],
              [
                86.16773522200009,
                20.072943427000006
              ],
              [
                86.18775475400015,
                20.06366608300005
              ],
              [
                86.21371504000005,
                20.04242584800007
              ],
              [
                86.23023522200003,
                20.035305080000107
              ],
              [
                86.26856530000006,
                20.026434637000065
              ],
              [
                86.27344811300001,
                20.026190497000027
              ],
              [
                86.28467858200013,
                20.027492580000118
              ],
              [
                86.28907311300011,
                20.026434637000065
              ],
              [
                86.29322350400005,
                20.021429755000035
              ],
              [
                86.29411868600005,
                20.01569245000013
              ],
              [
                86.29420006600012,
                20.010402736000074
              ],
              [
                86.29590905000003,
                20.006577867000164
              ],
              [
                86.30290774800011,
                19.99909088700009
              ],
              [
                86.30811608200011,
                19.99209219000002
              ],
              [
                86.31495201900003,
                19.986883856000116
              ],
              [
                86.32667076900003,
                19.98484935100008
              ],
              [
                86.34156334699998,
                19.97988515800013
              ],
              [
                86.35645592500002,
                19.97040436400003
              ],
              [
                86.37240644600014,
                19.964992580000086
              ],
              [
                86.26856530000006,
                19.910345770000124
              ],
              [
                86.1115828790001,
                19.855698960000176
              ],
              [
                86.08904056100002,
                19.844224351000033
              ],
              [
                86.07837975400008,
                19.84357330900018
              ],
              [
                86.06674238400007,
                19.851996161000038
              ],
              [
                86.05665123800001,
                19.856878973000104
              ],
              [
                86.04656009200014,
                19.852525132000025
              ],
              [
                86.03793379000012,
                19.84528229400009
              ],
              [
                86.0320744150001,
                19.841498114000068
              ],
              [
                86.01351972700007,
                19.83905670800003
              ],
              [
                85.88884524800004,
                19.80296458500009
              ],
              [
                85.84636477999999,
                19.795843817000126
              ],
              [
                85.8086043630001,
                19.773382880000124
              ],
              [
                85.78882897199999,
                19.76569245000011
              ],
              [
                85.77808678500006,
                19.764634507000068
              ],
              [
                85.74439537900015,
                19.76569245000011
              ],
              [
                85.73438561300009,
                19.76361725500009
              ],
              [
                85.7148543630001,
                19.754217841000067
              ],
              [
                85.6845809250001,
                19.747748114000068
              ],
              [
                85.62427819100006,
                19.71857330900011
              ],
              [
                85.62598717500005,
                19.72288646000003
              ],
              [
                85.63599694100006,
                19.726629950000067
              ],
              [
                85.6379500660001,
                19.7316348330001
              ],
              [
                85.61426842499999,
                19.72793203300016
              ],
              [
                85.54916425900007,
                19.690619207999994
              ],
              [
                85.48047936300004,
                19.666327216000187
              ],
              [
                85.45679772200003,
                19.663316148000096
              ],
              [
                85.44988040500012,
                19.666693427000027
              ],
              [
                85.44752037900007,
                19.67462799700009
              ],
              [
                85.44678795700004,
                19.690619207999994
              ],
              [
                85.44312584700009,
                19.692450262000065
              ],
              [
                85.43685957100004,
                19.691351630000106
              ],
              [
                85.43043053500001,
                19.691717841000123
              ],
              [
                85.4262801440001,
                19.6974551450001
              ],
              [
                85.42701256600002,
                19.704087632000068
              ],
              [
                85.43165123800004,
                19.70490143400008
              ],
              [
                85.43685957100004,
                19.704657294000043
              ],
              [
                85.43930097700016,
                19.707993881999986
              ],
              [
                85.45085696699999,
                19.716294664000134
              ],
              [
                85.47754967500005,
                19.723863023000096
              ],
              [
                85.52198326900013,
                19.73908112200006
              ],
              [
                85.52556399800012,
                19.73403554900013
              ],
              [
                85.52344811300009,
                19.728705144999974
              ],
              [
                85.51889082100006,
                19.721584377000127
              ],
              [
                85.51498457100016,
                19.711127020000053
              ],
              [
                85.5588485040002,
                19.738104559000096
              ],
              [
                85.57650800900004,
                19.745835679000002
              ],
              [
                85.56763756600007,
                19.75079987200005
              ],
              [
                85.563243035,
                19.756903387000133
              ],
              [
                85.56413821700009,
                19.764390367000193
              ],
              [
                85.57032311300006,
                19.773179429000077
              ],
              [
                85.56714928500008,
                19.791652736000106
              ],
              [
                85.57032311300006,
                19.87563711100016
              ],
              [
                85.55713951900019,
                19.881781317000126
              ],
              [
                85.51498457100016,
                19.889308986000103
              ],
              [
                85.47681725400008,
                19.901027736000085
              ],
              [
                85.46355228000016,
                19.90289948100015
              ],
              [
                85.44011478000009,
                19.896226303999995
              ],
              [
                85.41627037900011,
                19.879787502000095
              ],
              [
                85.37452233200014,
                19.837795315000108
              ],
              [
                85.31959069100007,
                19.79364655200014
              ],
              [
                85.30420983200013,
                19.792669989000064
              ],
              [
                85.29029381599997,
                19.789943752000088
              ],
              [
                85.2780867850001,
                19.7855899110001
              ],
              [
                85.268077019,
                19.780015367000182
              ],
              [
                85.24683678500001,
                19.7626406920001
              ],
              [
                85.2209578790001,
                19.736029364000085
              ],
              [
                85.20337975400015,
                19.70726146000004
              ],
              [
                85.20655358200014,
                19.68378327000008
              ],
              [
                85.18995201900009,
                19.670965887000122
              ],
              [
                85.1751408210001,
                19.6369082700001
              ],
              [
                85.16553795700013,
                19.625799872000176
              ],
              [
                85.15015709700009,
                19.613470770000045
              ],
              [
                85.1401473320001,
                19.596584377000045
              ],
              [
                85.13933353000009,
                19.579779364000128
              ],
              [
                85.15137780000012,
                19.567775783000105
              ],
              [
                85.15137780000012,
                19.56028880400005
              ],
              [
                85.13917076900003,
                19.55707428600008
              ],
              [
                85.12289472700009,
                19.54901764500005
              ],
              [
                85.10889733200011,
                19.538967190000083
              ],
              [
                85.10287519600013,
                19.52960846600006
              ],
              [
                85.10450280000005,
                19.51487864800015
              ],
              [
                85.10873457100006,
                19.50678131700011
              ],
              [
                85.11548912900011,
                19.507473048999984
              ],
              [
                85.12403405000002,
                19.519354559000128
              ],
              [
                85.12875410200012,
                19.509507554000088
              ],
              [
                85.1302189460001,
                19.498724677000187
              ],
              [
                85.12867272200008,
                19.48798248900007
              ],
              [
                85.12403405000002,
                19.4783389340001
              ],
              [
                85.13575280000012,
                19.481594143000144
              ],
              [
                85.14177493600003,
                19.487127997000076
              ],
              [
                85.14576256600002,
                19.49347565300011
              ],
              [
                85.15137780000012,
                19.498846747000073
              ],
              [
                85.16244550900015,
                19.5034854190001
              ],
              [
                85.17115319100003,
                19.50446198100007
              ],
              [
                85.17855879000012,
                19.5042992210001
              ],
              [
                85.18555748799999,
                19.505682684000085
              ],
              [
                85.20289147200008,
                19.51715729400003
              ],
              [
                85.20191491000001,
                19.527085679000137
              ],
              [
                85.19629967500009,
                19.538478908000087
              ],
              [
                85.19922936300003,
                19.554103908000087
              ],
              [
                85.20630944100009,
                19.548000393000084
              ],
              [
                85.21452884199999,
                19.547267971000153
              ],
              [
                85.22364342500006,
                19.54995351800012
              ],
              [
                85.23324629000007,
                19.554103908000087
              ],
              [
                85.20378665500006,
                19.57050202000008
              ],
              [
                85.19304446700006,
                19.573919989000007
              ],
              [
                85.19304446700006,
                19.580796617000097
              ],
              [
                85.21290123800007,
                19.581122137000115
              ],
              [
                85.22364342500006,
                19.590236721000025
              ],
              [
                85.23259524800012,
                19.601548570000084
              ],
              [
                85.24756920700013,
                19.60871002800013
              ],
              [
                85.24756920700013,
                19.614935614000075
              ],
              [
                85.24187259200006,
                19.61701080900011
              ],
              [
                85.23731530000012,
                19.6205508480001
              ],
              [
                85.234385613,
                19.625677802000098
              ],
              [
                85.23324629000007,
                19.63255442900003
              ],
              [
                85.23633873800004,
                19.63532135600008
              ],
              [
                85.24781334699999,
                19.653143622000147
              ],
              [
                85.24756920700013,
                19.656480209999987
              ],
              [
                85.2607528000001,
                19.65607330900009
              ],
              [
                85.3090926440001,
                19.642238674000076
              ],
              [
                85.35059655,
                19.67763906499999
              ],
              [
                85.36378014400005,
                19.67804596600009
              ],
              [
                85.37435957100008,
                19.674709377000056
              ],
              [
                85.38306725400008,
                19.67609284100003
              ],
              [
                85.39144941500005,
                19.690619207999994
              ],
              [
                85.39918053500006,
                19.67914459800014
              ],
              [
                85.40316816500012,
                19.671291408000066
              ],
              [
                85.40495853000004,
                19.66193268400012
              ],
              [
                85.40528405000005,
                19.645941473000125
              ],
              [
                85.40219160200006,
                19.643988348000065
              ],
              [
                85.388682488,
                19.638251044000103
              ],
              [
                85.38461347700012,
                19.635972398000124
              ],
              [
                85.38217207100008,
                19.631089585000154
              ],
              [
                85.3803817070001,
                19.61961497600011
              ],
              [
                85.37794029999998,
                19.614935614000075
              ],
              [
                85.36841881600007,
                19.608099677000162
              ],
              [
                85.35230553500008,
                19.599432684000085
              ],
              [
                85.3367619150001,
                19.596096096000068
              ],
              [
                85.33008873800003,
                19.6049665390001
              ],
              [
                85.3264266290001,
                19.618801174000097
              ],
              [
                85.31836998800006,
                19.61953359600013
              ],
              [
                85.31104576900015,
                19.61050039300003
              ],
              [
                85.3090926440001,
                19.5950381530001
              ],
              [
                85.30347741,
                19.597479559000128
              ],
              [
                85.29379316500005,
                19.599554755000053
              ],
              [
                85.2884220710001,
                19.601263739000057
              ],
              [
                85.30250084700003,
                19.58665599200014
              ],
              [
                85.30583743600006,
                19.580145575000145
              ],
              [
                85.30290774800012,
                19.573919989000007
              ],
              [
                85.33057701900003,
                19.57640208500003
              ],
              [
                85.57650800900004,
                19.690619207999994
              ],
              [
                85.5402938160001,
                19.669582424000048
              ],
              [
                85.463389519,
                19.63104889500007
              ],
              [
                85.38021894600004,
                19.593817450000174
              ],
              [
                85.33668053500003,
                19.575181382000093
              ],
              [
                85.28541100400008,
                19.536281643000013
              ],
              [
                85.24057050900007,
                19.518052476000022
              ],
              [
                85.1804305350001,
                19.475002346000004
              ],
              [
                85.06950931100005,
                19.372137762000083
              ],
              [
                84.995860222,
                19.32330963700018
              ],
              [
                84.87208092500013,
                19.219875393000127
              ],
              [
                84.7910262380001,
                19.12059153900018
              ],
              [
                84.77776126400006,
                19.11619700700004
              ],
              [
                84.77418501162902,
                19.139968980384104
              ],
              [
                84.77077436694341,
                19.146867784120907
              ],
              [
                84.76302290158574,
                19.156376247765618
              ],
              [
                84.75465132040209,
                19.15965770124195
              ],
              [
                84.74369591683305,
                19.161440537950533
              ],
              [
                84.70834923742733,
                19.16167308194712
              ],
              [
                84.69449995311028,
                19.160587877228757
              ],
              [
                84.68550825430245,
                19.157564806170846
              ],
              [
                84.68137413920518,
                19.153301499864362
              ],
              [
                84.68302778470448,
                19.147126166539405
              ],
              [
                84.68612837102744,
                19.140666612374233
              ],
              [
                84.68798872300115,
                19.134672146202508
              ],
              [
                84.68943566292548,
                19.125525417763868
              ],
              [
                84.68705854701435,
                19.111960354286843
              ],
              [
                84.68106408084263,
                19.10051402430284
              ],
              [
                84.66969526612355,
                19.090152899936342
              ],
              [
                84.6615303887164,
                19.090256252723915
              ],
              [
                84.65687950968163,
                19.093641058987714
              ],
              [
                84.6519185731836,
                19.09836945238838
              ],
              [
                84.64147993355206,
                19.10053986272453
              ],
              [
                84.5669625180058,
                19.06633006398121
              ],
              [
                84.55611046722434,
                19.059276231512865
              ],
              [
                84.52520796127831,
                19.032972926859124
              ],
              [
                84.51363244008503,
                19.029794827069644
              ],
              [
                84.50092003822913,
                19.030285753484733
              ],
              [
                84.48924116424834,
                19.032533678186752
              ],
              [
                84.47559858640561,
                19.033438014852482
              ],
              [
                84.4697074730214,
                19.030647487791327
              ],
              [
                84.46722700432277,
                19.02578990318149
              ],
              [
                84.46888064982217,
                19.0186843938697
              ],
              [
                84.47394494000697,
                19.00705719673216
              ],
              [
                84.47435835205627,
                19.001114407403982
              ],
              [
                84.4742549992687,
                19.000390936992126
              ],
              [
                84.46609012186163,
                18.98677419757123
              ],
              [
                84.46329959480047,
                18.979617011416018
              ],
              [
                84.46257612528791,
                18.97315745725086
              ],
              [
                84.46422977078728,
                18.968222358275167
              ],
              [
                84.46691694506096,
                18.964294948752844
              ],
              [
                84.46877729703458,
                18.959721584983107
              ],
              [
                84.46722700432277,
                18.953623766024005
              ],
              [
                84.46257612528791,
                18.94631155023798
              ],
              [
                84.4272294449829,
                18.904401963879618
              ],
              [
                84.41803103970074,
                18.901508084030894
              ],
              [
                84.40914269368038,
                18.90192149518082
              ],
              [
                84.39818729011135,
                18.903756007833525
              ],
              [
                84.3913660007403,
                18.90093964324985
              ],
              [
                84.38588830030476,
                18.894635117816424
              ],
              [
                84.37679324691078,
                18.867039902869266
              ],
              [
                84.36883507687733,
                18.849392402037758
              ],
              [
                84.35178185434901,
                18.827765814840518
              ],
              [
                84.3360722189578,
                18.81650035200966
              ],
              [
                84.31777876208021,
                18.80923981396625
              ],
              [
                84.2536999861654,
                18.805338242865567
              ],
              [
                84.18217980325532,
                18.78802663791904
              ],
              [
                84.1621293480909,
                18.78531362612293
              ],
              [
                84.15313764838376,
                18.787716580455864
              ],
              [
                84.13918501217859,
                18.79800019045648
              ],
              [
                84.13019331337068,
                18.80182424629203
              ],
              [
                84.10363162629844,
                18.802651069491354
              ],
              [
                84.09308963387953,
                18.806113390120846
              ],
              [
                84.08378787580978,
                18.81350311937344
              ],
              [
                84.07138553321572,
                18.817869778467482
              ],
              [
                84.05464236905011,
                18.818438219248428
              ],
              [
                83.99779829275697,
                18.8069918892644
              ],
              [
                83.9495325050211,
                18.80851634445378
              ],
              [
                83.90240359884693,
                18.805648302127562
              ],
              [
                83.89713260308714,
                18.80836131392349
              ],
              [
                83.88917443215432,
                18.814795030566138
              ],
              [
                83.88504031795634,
                18.8171979839998
              ],
              [
                83.8811129093333,
                18.82042776153188
              ],
              [
                83.87821902858529,
                18.824794419726732
              ],
              [
                83.87294803282543,
                18.83484548573058
              ],
              [
                83.8670569194413,
                18.843423774287675
              ],
              [
                83.86002892359593,
                18.85094269474957
              ],
              [
                83.85692833907159,
                18.85518016173512
              ],
              [
                83.85424116389865,
                18.86003774724434
              ],
              [
                83.85010704880126,
                18.871329046698083
              ],
              [
                83.83935835170657,
                18.90192149518082
              ],
              [
                83.82902306486251,
                18.915047309086113
              ],
              [
                83.82592247943883,
                18.92047333447688
              ],
              [
                83.81796430940528,
                18.961969508785778
              ],
              [
                83.80184126196468,
                18.99995168742048
              ],
              [
                83.78024051318906,
                19.009253445490142
              ],
              [
                83.77186893110631,
                19.009692695061872
              ],
              [
                83.76370405459842,
                19.00933095985592
              ],
              [
                83.75626264760311,
                19.006282050376264
              ],
              [
                83.74954471191892,
                19.001114407403982
              ],
              [
                83.74892459519394,
                19.00041677541393
              ],
              [
                83.74675418485776,
                18.995016588444777
              ],
              [
                83.74499718567154,
                18.988660387067203
              ],
              [
                83.74468712820837,
                18.9805988633469
              ],
              [
                83.74675418485776,
                18.97176219327059
              ],
              [
                83.74913130076891,
                18.965044256687122
              ],
              [
                83.75109500463074,
                18.95744782185955
              ],
              [
                83.75192182783007,
                18.94817190221151
              ],
              [
                83.74861453593212,
                18.93535614756822
              ],
              [
                83.74406700968473,
                18.930085150908997
              ],
              [
                83.73807254441239,
                18.92928416613136
              ],
              [
                83.73187137176633,
                18.93380585395705
              ],
              [
                83.72577355280733,
                18.943986111170094
              ],
              [
                83.70644656805463,
                19.001424464867235
              ],
              [
                83.70148562975803,
                19.011888942920304
              ],
              [
                83.68711958240276,
                19.033127957389322
              ],
              [
                83.64639855265104,
                19.076096910044328
              ],
              [
                83.6383370298301,
                19.087620754394226
              ],
              [
                83.623660923213,
                19.115009263766495
              ],
              [
                83.61280887243154,
                19.129788723171057
              ],
              [
                83.60474734871114,
                19.13133901588286
              ],
              [
                83.59844282417707,
                19.12720490258424
              ],
              [
                83.59358523956715,
                19.117257188468514
              ],
              [
                83.58955447815663,
                19.104880683396857
              ],
              [
                83.58707400855864,
                19.092013251010766
              ],
              [
                83.58118289607378,
                19.08041189229503
              ],
              [
                83.57260460841587,
                19.069947415141165
              ],
              [
                83.55389774038836,
                19.064263007331913
              ],
              [
                83.54583621576869,
                19.05857860042212
              ],
              [
                83.53963504402209,
                19.05165395826359
              ],
              [
                83.53136681472674,
                19.027624416733495
              ],
              [
                83.52485558461753,
                19.01604889643946
              ],
              [
                83.51834435360902,
                19.010002753424317
              ],
              [
                83.50883589086368,
                19.006747138369715
              ],
              [
                83.50315148305451,
                19.00878835749669
              ],
              [
                83.49912072074473,
                19.01604889643946
              ],
              [
                83.49395307777225,
                19.03987173149512
              ],
              [
                83.49012902193671,
                19.051550605476095
              ],
              [
                83.48423790855257,
                19.06092987701225
              ],
              [
                83.47565962089476,
                19.06893972388912
              ],
              [
                83.4641874533882,
                19.073461411714792
              ],
              [
                83.45798628074226,
                19.069404811882567
              ],
              [
                83.4561259296679,
                19.06108490574379
              ],
              [
                83.46635786282509,
                19.027081814374178
              ],
              [
                83.4657377461001,
                19.0186843938697
              ],
              [
                83.46294721903895,
                19.011837266976244
              ],
              [
                83.45033816907126,
                19.002871405690936
              ],
              [
                83.44940799398373,
                19.001424464867235
              ],
              [
                83.4490979347219,
                19.000856024985588
              ],
              [
                83.44899458193441,
                19.000494289779606
              ],
              [
                83.45364546096918,
                18.99235525169345
              ],
              [
                83.45550581294282,
                18.986851711037712
              ],
              [
                83.45467898974367,
                18.976903997821267
              ],
              [
                83.44961469865942,
                18.968454902271922
              ],
              [
                83.43545535687919,
                18.961891995319373
              ],
              [
                83.4236731301109,
                18.964346624696994
              ],
              [
                83.40227908691035,
                18.97953949615088
              ],
              [
                83.3914270361288,
                18.98576650631917
              ],
              [
                83.3675525251289,
                18.992768662843478
              ],
              [
                83.3555635918863,
                18.999124864221066
              ],
              [
                83.35287641761252,
                19.001088568982254
              ],
              [
                83.34140425010597,
                19.004576728033562
              ],
              [
                83.33148237531134,
                19.00403412477513
              ],
              [
                83.32238732281662,
                19.002328803331697
              ],
              [
                83.31370568237135,
                18.999719143423803
              ],
              [
                83.2998563980543,
                18.991580105337633
              ],
              [
                83.29851281091744,
                18.98284678804874
              ],
              [
                83.29954633969174,
                18.976516425092942
              ],
              [
                83.3038871603641,
                18.970754502917927
              ],
              [
                83.30967492096075,
                18.965845242364104
              ],
              [
                83.31411909442065,
                18.9606259225483
              ],
              [
                83.31814985493189,
                18.952616074772134
              ],
              [
                83.32373090995348,
                18.93520111703786
              ],
              [
                83.32683149627655,
                18.929697577281402
              ],
              [
                83.34729536259093,
                18.904712022241977
              ],
              [
                83.35225630088753,
                18.901533922452508
              ],
              [
                83.35639041508554,
                18.90031952652496
              ],
              [
                83.36135135338222,
                18.900216172838196
              ],
              [
                83.36693240840393,
                18.899518540847954
              ],
              [
                83.37199669768944,
                18.898200792132933
              ],
              [
                83.37478722475059,
                18.895048529865736
              ],
              [
                83.37819787033548,
                18.88367971424747
              ],
              [
                83.38057498624661,
                18.87869293932772
              ],
              [
                83.38491580601968,
                18.874843045070545
              ],
              [
                83.39018680177945,
                18.872595120368437
              ],
              [
                83.39421756408925,
                18.869417018780304
              ],
              [
                83.39525109196425,
                18.862828274305407
              ],
              [
                83.39204715375307,
                18.853319809761505
              ],
              [
                83.38005822140974,
                18.843113715025936
              ],
              [
                83.3660022324171,
                18.836679999282595
              ],
              [
                83.34450483642905,
                18.83076304837601
              ],
              [
                83.32920861218768,
                18.822236435762886
              ],
              [
                83.29747928304245,
                18.799188747962326
              ],
              [
                83.27257124236897,
                18.776657823199983
              ],
              [
                83.25675825419009,
                18.765340684425063
              ],
              [
                83.2016711770831,
                18.741621202156782
              ],
              [
                83.19081912630163,
                18.74286143650614
              ],
              [
                83.18193078028128,
                18.74888174109949
              ],
              [
                83.17273237499911,
                18.75846771910995
              ],
              [
                83.16146691306763,
                18.763893744500834
              ],
              [
                83.15040815581173,
                18.766348374777635
              ],
              [
                83.1373856946941,
                18.764436346859956
              ],
              [
                83.12653364481183,
                18.758157659848134
              ],
              [
                83.1089636583461,
                18.74198293736275
              ],
              [
                83.09749148994027,
                18.727539373843065
              ],
              [
                83.07547732911544,
                18.69077159293473
              ],
              [
                83.06503869038328,
                18.67637970625844
              ],
              [
                83.05325646361483,
                18.66361562845841
              ],
              [
                83.0281417173663,
                18.640852158800204
              ],
              [
                83.02586795424273,
                18.63612376629875
              ],
              [
                83.02535119030523,
                18.62935415287176
              ],
              [
                83.0255578958801,
                18.621576849991747
              ],
              [
                83.02400760316839,
                18.612171739134517
              ],
              [
                83.02121707610713,
                18.603386745901563
              ],
              [
                83.01977013528345,
                18.595299383759635
              ],
              [
                83.02163048725718,
                18.58770294803251
              ],
              [
                83.03682335781168,
                18.566128038578064
              ],
              [
                83.0442647639077,
                18.547731228013724
              ],
              [
                83.04757205580566,
                18.54331289297571
              ],
              [
                83.05377322755243,
                18.54227936420133
              ],
              [
                83.07051639171803,
                18.54424306896253
              ],
              [
                83.0760974467398,
                18.54416555369728
              ],
              [
                83.07950809142523,
                18.541840115528945
              ],
              [
                83.08198856012403,
                18.53886872041508
              ],
              [
                83.08353885283583,
                18.525329495359937
              ],
              [
                83.03651329944914,
                18.46949311031885
              ],
              [
                83.03299930197622,
                18.461896673692625
              ],
              [
                83.02969201007821,
                18.450372830241935
              ],
              [
                83.03372277238807,
                18.444714259955205
              ],
              [
                83.03899376814793,
                18.43931407298604
              ],
              [
                83.04271447119591,
                18.430115667703877
              ],
              [
                83.04385135275768,
                18.417041531541464
              ],
              [
                83.0392004737229,
                18.390350654159423
              ],
              [
                83.03000206934001,
                18.381953232755485
              ],
              [
                83.01966678339525,
                18.37900767696279
              ],
              [
                83.00674767416582,
                18.37998952889367
              ],
              [
                82.99878950413228,
                18.37916270569433
              ],
              [
                82.98855757007581,
                18.375571193855567
              ],
              [
                82.95197065632074,
                18.35815623612144
              ],
              [
                82.94328901587535,
                18.356735133719468
              ],
              [
                82.9041182797348,
                18.355339871537865
              ],
              [
                82.89471316887764,
                18.35753611939636
              ],
              [
                82.88830529155592,
                18.362497056793707
              ],
              [
                82.8848946468704,
                18.3704293893049
              ],
              [
                82.8848946468704,
                18.378749295443676
              ],
              [
                82.88768517393156,
                18.396060899490934
              ],
              [
                82.88551476359548,
                18.403889879214557
              ],
              [
                82.87838341676138,
                18.409083359709182
              ],
              [
                82.86122684144556,
                18.410116889382945
              ],
              [
                82.84923790910223,
                18.41430268042437
              ],
              [
                82.83869591668314,
                18.422467556032874
              ],
              [
                82.82877404188848,
                18.428797918988757
              ],
              [
                82.81606163913331,
                18.432105210886782
              ],
              [
                82.79539106634469,
                18.429340522247344
              ],
              [
                82.78515913318738,
                18.424147039953958
              ],
              [
                82.77968143095329,
                18.416731472279547
              ],
              [
                82.78050825415261,
                18.406370347913267
              ],
              [
                82.78681277868678,
                18.382495836013995
              ],
              [
                82.78588260269986,
                18.36988678604631
              ],
              [
                82.78143843013943,
                18.35784617775882
              ],
              [
                82.77161990813217,
                18.344436143013603
              ],
              [
                82.76014773972634,
                18.337330633701825
              ],
              [
                82.72986534960616,
                18.326401069453784
              ],
              [
                82.69751590373592,
                18.305549627713077
              ],
              [
                82.68004927005776,
                18.296532091382982
              ],
              [
                82.66971398321371,
                18.289297389962634
              ],
              [
                82.66320275310458,
                18.282321071859965
              ],
              [
                82.66041222514406,
                18.2738202994673
              ],
              [
                82.65586469889676,
                18.250462551505528
              ],
              [
                82.65204064306121,
                18.24025645587069
              ],
              [
                82.64242882662901,
                18.229481920354278
              ],
              [
                82.63571089094484,
                18.228861802730094
              ],
              [
                82.62237837056529,
                18.235889796776824
              ],
              [
                82.61380008290747,
                18.2375434431754
              ],
              [
                82.60170779777667,
                18.238008531168745
              ],
              [
                82.59354292216807,
                18.240049750295725
              ],
              [
                82.58672163279712,
                18.24439057096805
              ],
              [
                82.58238081302416,
                18.251056829808903
              ],
              [
                82.57990034432535,
                18.26025523509108
              ],
              [
                82.58021040178862,
                18.27046133072583
              ],
              [
                82.58248416491227,
                18.281855983866603
              ],
              [
                82.5954032732425,
                18.309632065967097
              ],
              [
                82.5973669780036,
                18.31707347296241
              ],
              [
                82.5973669780036,
                18.325212511048576
              ],
              [
                82.59478315561815,
                18.332989813928858
              ],
              [
                82.59023563027003,
                18.341283880746467
              ],
              [
                82.5848612808234,
                18.34838939095772
              ],
              [
                82.57845340440103,
                18.35490062106684
              ],
              [
                82.528637323054,
                18.396965237056115
              ],
              [
                82.51737186112251,
                18.410581977376484
              ],
              [
                82.51127404216331,
                18.42220917451376
              ],
              [
                82.51013715970217,
                18.433888048494556
              ],
              [
                82.51292768766271,
                18.45399018050243
              ],
              [
                82.5125142756133,
                18.46207754174527
              ],
              [
                82.51106733568898,
                18.4679944935511
              ],
              [
                82.50796675026528,
                18.47404063656614
              ],
              [
                82.50662316312844,
                18.479311632326006
              ],
              [
                82.50631310386662,
                18.487269802359556
              ],
              [
                82.5069332205917,
                18.49561554602069
              ],
              [
                82.50672651591593,
                18.502049261764032
              ],
              [
                82.50269575360613,
                18.510627550321228
              ],
              [
                82.4976314643206,
                18.512126166189596
              ],
              [
                82.4871928237898,
                18.510498359111942
              ],
              [
                82.47809777219446,
                18.512203681454746
              ],
              [
                82.46672895657605,
                18.517319648482992
              ],
              [
                82.44905561732283,
                18.52209971782768
              ],
              [
                82.438203565642,
                18.51925751392318
              ],
              [
                82.42921186683415,
                18.51047251979103
              ],
              [
                82.41711958170325,
                18.480861925037818
              ],
              [
                82.40936811724477,
                18.466547552727306
              ],
              [
                82.37412478972716,
                18.425697333565054
              ],
              [
                82.36988732274168,
                18.418979396981587
              ],
              [
                82.36823367724239,
                18.413992621162553
              ],
              [
                82.36988732274168,
                18.39585419391597
              ],
              [
                82.36988732274168,
                18.381953232755485
              ],
              [
                82.36709679568061,
                18.36660533346944
              ],
              [
                82.35252404185108,
                18.33038015402096
              ],
              [
                82.3509737491392,
                18.323042099813133
              ],
              [
                82.35180057233853,
                18.31774526653083
              ],
              [
                82.35965538868521,
                18.30159638156769
              ],
              [
                82.36079227114637,
                18.291622829929622
              ],
              [
                82.3565548032616,
                18.277902736821858
              ],
              [
                82.35004357315229,
                18.265913805377885
              ],
              [
                82.31717736244536,
                18.217389635223554
              ],
              [
                82.31128624906106,
                18.20550405476832
              ],
              [
                82.309529249875,
                18.194755356774355
              ],
              [
                82.31262983619798,
                18.186978053894077
              ],
              [
                82.32286177025445,
                18.17633270868766
              ],
              [
                82.35283410021356,
                18.155300400692976
              ],
              [
                82.3587252135977,
                18.147083849140323
              ],
              [
                82.36027550720894,
                18.139409898148244
              ],
              [
                82.35593468563724,
                18.1311933456964
              ],
              [
                82.34652957567928,
                18.12548310036471
              ],
              [
                82.33464399612345,
                18.12023794212728
              ],
              [
                82.3303031763505,
                18.112021388776153
              ],
              [
                82.33112999865054,
                18.09923147255438
              ],
              [
                82.33557417211034,
                18.08153229398009
              ],
              [
                82.33805464080905,
                18.066313585003947
              ],
              [
                82.33619428883534,
                18.052748521527086
              ],
              [
                82.32988976430117,
                18.04404104355936
              ],
              [
                82.31934777188216,
                18.041302192442267
              ],
              [
                82.29330284964682,
                18.04352427782322
              ],
              [
                82.2769730984297,
                18.04044953082113
              ],
              [
                82.26777469314754,
                18.03280141915014
              ],
              [
                82.26157352140085,
                18.02026988444767
              ],
              [
                82.25754275909098,
                18.007505804849075
              ],
              [
                82.25041141135758,
                17.997428901322806
              ],
              [
                82.24007612541283,
                17.992933051019538
              ],
              [
                82.22963748578127,
                17.99456085899649
              ],
              [
                82.221575962061,
                17.997842312472734
              ],
              [
                82.21547814310179,
                17.999211738031274
              ],
              [
                82.20824344258081,
                17.999521796393733
              ],
              [
                82.19315392391441,
                17.998669134772776
              ],
              [
                82.1810616387836,
                17.999909369122133
              ],
              [
                82.18002811090858,
                18.000426133958925
              ],
              [
                82.1628715346935,
                18.018332017208817
              ],
              [
                82.1491256040633,
                18.028899848049637
              ],
              [
                82.13186567596011,
                18.03884756126599
              ],
              [
                82.09217817588205,
                18.049880479200706
              ],
              [
                82.04236209543438,
                18.043265896304003
              ],
              [
                81.99543989483516,
                18.009986274447055
              ],
              [
                81.95823286255654,
                18.002932441079327
              ],
              [
                81.92360965356258,
                18.00021942838395
              ],
              [
                81.8252177270165,
                17.93794932670011
              ],
              [
                81.7589685398662,
                17.908933010250188
              ],
              [
                81.73943484863935,
                17.897641709897087
              ],
              [
                81.72496544759733,
                17.884722602466102
              ],
              [
                81.71659386641376,
                17.873353786847787
              ],
              [
                81.70439822759609,
                17.861028957720194
              ],
              [
                81.69054894417842,
                17.855086168392006
              ],
              [
                81.65582238239696,
                17.850874538928775
              ],
              [
                81.64031945168136,
                17.842296251270962
              ],
              [
                81.6227494652157,
                17.828291938222367
              ],
              [
                81.60610965383741,
                17.81136790600405
              ],
              [
                81.57841108610278,
                17.796950181805453
              ],
              [
                81.55784386610154,
                17.803383897548795
              ],
              [
                81.52425418498268,
                17.823486030455953
              ],
              [
                81.51123172386487,
                17.82627655751703
              ],
              [
                81.50275678899455,
                17.824209499968514
              ],
              [
                81.4983126164341,
                17.81795665137833
              ],
              [
                81.49190473821308,
                17.800619208010087
              ],
              [
                81.48694380081575,
                17.792738552342314
              ],
              [
                81.47981245308226,
                17.78751923342597
              ],
              [
                81.47268110534868,
                17.78723501168641
              ],
              [
                81.46017540906784,
                17.79046478921858
              ],
              [
                81.44994347501137,
                17.79472809552523
              ],
              [
                81.39402957560442,
                17.806691189446934
              ],
              [
                81.31940880727066,
                17.808939114148863
              ],
              [
                81.2746570170078,
                17.803848985542345
              ],
              [
                81.24520145098622,
                17.803693955911445
              ],
              [
                81.22163699744948,
                17.808887437305444
              ],
              [
                81.20303348220936,
                17.816613064241494
              ],
              [
                81.1776086766991,
                17.831495877332834
              ],
              [
                81.16737674264253,
                17.836198432311857
              ],
              [
                81.1572481631721,
                17.837903753755203
              ],
              [
                81.1477396986282,
                17.836560167517735
              ],
              [
                81.13554406070982,
                17.829945583721752
              ],
              [
                81.1086723161744,
                17.811755478732287
              ],
              [
                81.0829374532009,
                17.79989573849751
              ],
              [
                81.05792605973984,
                17.78232575113251
              ],
              [
                81.04490359862221,
                17.776072903441765
              ],
              [
                81.02940066880588,
                17.776977240107573
              ],
              [
                81.01544803260063,
                17.785219630981135
              ],
              [
                80.99994510278421,
                17.80694957096596
              ],
              [
                80.98557905542901,
                17.84046173771906
              ],
              [
                80.97896447073376,
                17.963942572092048
              ],
              [
                80.9740035342357,
                17.980194809842658
              ],
              [
                80.95519331342062,
                18.012776801508135
              ],
              [
                80.94795861200036,
                18.028615628108717
              ],
              [
                80.94155073377942,
                18.04817515685799
              ],
              [
                80.9381400899932,
                18.066158556272317
              ],
              [
                80.9375199732682,
                18.08631236422415
              ],
              [
                80.94186079304117,
                18.102564601974773
              ],
              [
                80.94919884634972,
                18.11721487106951
              ],
              [
                80.95705366359569,
                18.130133979399673
              ],
              [
                80.96139448426801,
                18.13982331019763
              ],
              [
                80.95912072114429,
                18.148246568224632
              ],
              [
                80.95147260857391,
                18.153052475991036
              ],
              [
                80.9345227397327,
                18.155300400692976
              ],
              [
                80.92139692582742,
                18.151424668913382
              ],
              [
                80.89690229720324,
                18.140675970919304
              ],
              [
                80.88491336485991,
                18.136877753505562
              ],
              [
                80.87354454924149,
                18.137575385495612
              ],
              [
                80.8642427920712,
                18.14346649798047
              ],
              [
                80.85700809065085,
                18.155558783111374
              ],
              [
                80.85483768121397,
                18.169563097059324
              ],
              [
                80.8542175635897,
                18.183128160536274
              ],
              [
                80.85235721161598,
                18.19635732722895
              ],
              [
                80.84718956864369,
                18.208036200310374
              ],
              [
                80.8365442243364,
                18.2142115345347
              ],
              [
                80.82827599504111,
                18.215296739253144
              ],
              [
                80.82031782410832,
                18.21291962334193
              ],
              [
                80.8162870626978,
                18.209302273081434
              ],
              [
                80.81349653473725,
                18.203540350906415
              ],
              [
                80.8091557149642,
                18.182947293382927
              ],
              [
                80.80719201020308,
                18.17684947442381
              ],
              [
                80.80471154240375,
                18.172456976907974
              ],
              [
                80.79944054574452,
                18.16873627386
              ],
              [
                80.79117231644916,
                18.166281643583094
              ],
              [
                80.77928673689341,
                18.164783026815165
              ],
              [
                80.75344852113231,
                18.1641887485119
              ],
              [
                80.74259647035085,
                18.166979275573144
              ],
              [
                80.73505171056796,
                18.17374888810075
              ],
              [
                80.72978071480819,
                18.187236436312446
              ],
              [
                80.72947065644556,
                18.197985134306528
              ],
              [
                80.73205447793183,
                18.207261053954557
              ],
              [
                80.73701541532915,
                18.214108180847848
              ],
              [
                80.74476687978763,
                18.219637559026122
              ],
              [
                80.7636804542895,
                18.227750758690565
              ],
              [
                80.77225874194731,
                18.232711696987266
              ],
              [
                80.77494591712035,
                18.238861191890507
              ],
              [
                80.7742224467085,
                18.248524685166057
              ],
              [
                80.77008833161125,
                18.259015000741726
              ],
              [
                80.74528364462442,
                18.29710053126454
              ],
              [
                80.72047895673842,
                18.351619168489876
              ],
              [
                80.71190066908062,
                18.38205658644225
              ],
              [
                80.70580285012153,
                18.39683604584684
              ],
              [
                80.69619103368923,
                18.41228729881975
              ],
              [
                80.67903445837354,
                18.43125255016502
              ],
              [
                80.66518517405648,
                18.44998525571497
              ],
              [
                80.64410119011782,
                18.470268255775384
              ],
              [
                80.62932172981395,
                18.490396226204872
              ],
              [
                80.5834330588885,
                18.541375027535494
              ],
              [
                80.561212193388,
                18.560469469190707
              ],
              [
                80.55180708163147,
                18.56690318403469
              ],
              [
                80.52999962818025,
                18.576980089359612
              ],
              [
                80.52038781084877,
                18.583439643524784
              ],
              [
                80.5026111179087,
                18.59995026279442
              ],
              [
                80.48659142415487,
                18.606177272962896
              ],
              [
                80.46437055865434,
                18.60666819937796
              ],
              [
                80.42788699678746,
                18.597237250099116
              ],
              [
                80.40907677597237,
                18.58886566801619
              ],
              [
                80.39429731566861,
                18.593051459057513
              ],
              [
                80.39057661262054,
                18.604213569100903
              ],
              [
                80.38354861767453,
                18.61237844470948
              ],
              [
                80.37207645106727,
                18.61555654539823
              ],
              [
                80.36969933515623,
                18.610053004742404
              ],
              [
                80.36122440028589,
                18.599381822013502
              ],
              [
                80.35202599500373,
                18.592276312701696
              ],
              [
                80.34789187990634,
                18.597547309360948
              ],
              [
                80.34448123612012,
                18.610698960788394
              ],
              [
                80.33641971239982,
                18.621189277263436
              ],
              [
                80.32711795433018,
                18.63103363679295
              ],
              [
                80.3198832538091,
                18.642247422780372
              ],
              [
                80.31750613789795,
                18.652143460052677
              ],
              [
                80.3161625507611,
                18.67330495925639
              ],
              [
                80.31368208206243,
                18.68320099473022
              ],
              [
                80.3091345558151,
                18.69418223672089
              ],
              [
                80.3031400896434,
                18.705060125924053
              ],
              [
                80.29466515477309,
                18.713380032062854
              ],
              [
                80.28267622332902,
                18.716713162382593
              ],
              [
                80.27037723172387,
                18.7136900904253
              ],
              [
                80.26479617670208,
                18.731751003306183
              ],
              [
                80.26138553291604,
                18.74451508200543
              ],
              [
                80.2605587097167,
                18.75552216241779
              ],
              [
                80.26603641105154,
                18.76820872585198
              ],
              [
                80.27482140518367,
                18.77694204404017
              ],
              [
                80.33890018109852,
                18.813348089742536
              ],
              [
                80.3492354670431,
                18.83091807710763
              ],
              [
                80.3441711768583,
                18.850710150752878
              ],
              [
                80.2839164567791,
                18.920266628002548
              ],
              [
                80.2714107595988,
                18.946957506283958
              ],
              [
                80.2718241716482,
                18.979436143363387
              ],
              [
                80.29042768778758,
                19.019304511494077
              ],
              [
                80.34623823440698,
                19.081497097013482
              ],
              [
                80.36659874883316,
                19.11738637877834
              ],
              [
                80.37062951024367,
                19.1371267773788
              ],
              [
                80.37310997894238,
                19.15136363442425
              ],
              [
                80.39708784362904,
                19.234175115888846
              ],
              [
                80.4053560729244,
                19.250401516117112
              ],
              [
                80.4139343605823,
                19.256111762347917
              ],
              [
                80.43708540206964,
                19.2653101667309
              ],
              [
                80.4473173361261,
                19.27213145610177
              ],
              [
                80.45651574140837,
                19.285128078797765
              ],
              [
                80.47108849523791,
                19.315849718489698
              ],
              [
                80.4808036635582,
                19.328562120345595
              ],
              [
                80.48979536326543,
                19.33434988004288
              ],
              [
                80.50850223219221,
                19.34047353832307
              ],
              [
                80.51697716706263,
                19.345201930824437
              ],
              [
                80.52638227702049,
                19.355330512093424
              ],
              [
                80.54271203003617,
                19.378584906368317
              ],
              [
                80.55346072803012,
                19.386904812507105
              ],
              [
                80.5759916518932,
                19.39196910179265
              ],
              [
                80.58705040914907,
                19.3819180357887
              ],
              [
                80.60027957584177,
                19.34168793425081
              ],
              [
                80.61743615115739,
                19.318562730285805
              ],
              [
                80.6335591976988,
                19.316779893577316
              ],
              [
                80.65298953613807,
                19.32241262544234
              ],
              [
                80.67996463436042,
                19.321534125399594
              ],
              [
                80.69009321473003,
                19.311147161712213
              ],
              [
                80.7104537291563,
                19.278694363054413
              ],
              [
                80.71665490090298,
                19.26270050682299
              ],
              [
                80.72047895673842,
                19.261563626160413
              ],
              [
                80.72450971904831,
                19.264483344430854
              ],
              [
                80.73722212090412,
                19.278565171845212
              ],
              [
                80.75117475800866,
                19.29104502970434
              ],
              [
                80.76119998559088,
                19.298460598278023
              ],
              [
                80.78435102707812,
                19.311612249705572
              ],
              [
                80.82300499928124,
                19.326081650747525
              ],
              [
                80.83096316931478,
                19.334246528154768
              ],
              [
                80.83220340366405,
                19.345408637298775
              ],
              [
                80.82331505674442,
                19.36308197745136
              ],
              [
                80.8054350119163,
                19.3861296661512
              ],
              [
                80.80254113206759,
                19.39432038018143
              ],
              [
                80.80574507027877,
                19.403337918310335
              ],
              [
                80.81380659399908,
                19.408453884439222
              ],
              [
                80.82548546708067,
                19.411166897134688
              ],
              [
                80.8542175635897,
                19.41444834971165
              ],
              [
                80.8694104350435,
                19.41935761206419
              ],
              [
                80.88098595623678,
                19.427910061300388
              ],
              [
                80.88894412627043,
                19.438813788025893
              ],
              [
                80.89535200359208,
                19.452197984349496
              ],
              [
                80.89700564999073,
                19.46860525173111
              ],
              [
                80.89390506366775,
                19.484444078331617
              ],
              [
                80.87819542827636,
                19.507130031825504
              ],
              [
                80.8546309747398,
                19.526715399895764
              ],
              [
                80.83809451704826,
                19.54312266727729
              ],
              [
                80.83096316931478,
                19.54710175184438
              ],
              [
                80.82238488165697,
                19.54860036951149
              ],
              [
                80.81473676998597,
                19.548910426974665
              ],
              [
                80.80636518790304,
                19.551365058150942
              ],
              [
                80.77649620983225,
                19.57312083655729
              ],
              [
                80.76119998559088,
                19.580071316238243
              ],
              [
                80.71293419785493,
                19.59260285094089
              ],
              [
                80.70135867666161,
                19.597512112394057
              ],
              [
                80.69154015465445,
                19.607718207129537
              ],
              [
                80.68502892364594,
                19.622239285015013
              ],
              [
                80.67572716737484,
                19.676551214866734
              ],
              [
                80.66766564275518,
                19.689005235203425
              ],
              [
                80.65908735509737,
                19.696007391727722
              ],
              [
                80.64978559792699,
                19.70125254996524
              ],
              [
                80.63852013509613,
                19.705179959487552
              ],
              [
                80.59996951657993,
                19.7136548934586
              ],
              [
                80.58715376193656,
                19.718900050796748
              ],
              [
                80.57454471196887,
                19.72877025054671
              ],
              [
                80.56555301316104,
                19.73977733005971
              ],
              [
                80.558111607065,
                19.755176907088572
              ],
              [
                80.54849978973344,
                19.79230642320295
              ],
              [
                80.54457238200978,
                19.802073269265982
              ],
              [
                80.53775109173945,
                19.810909939342267
              ],
              [
                80.52844933456907,
                19.815509142433005
              ],
              [
                80.51842410698694,
                19.81631012631124
              ],
              [
                80.50922570170478,
                19.814656479912664
              ],
              [
                80.50075076683444,
                19.810909939342267
              ],
              [
                80.49434288861343,
                19.80569061952655
              ],
              [
                80.48979536326543,
                19.799205226939588
              ],
              [
                80.48762495292924,
                19.79326243671213
              ],
              [
                80.48690148341679,
                19.788198147426588
              ],
              [
                80.48721154177922,
                19.783469753126653
              ],
              [
                80.48793501219106,
                19.778405462941762
              ],
              [
                80.48824506965424,
                19.77427134874377
              ],
              [
                80.48731489456671,
                19.77111908647655
              ],
              [
                80.48421430914301,
                19.768096015418802
              ],
              [
                80.47883995969637,
                19.766468207441854
              ],
              [
                80.46953820162672,
                19.766158149079317
              ],
              [
                80.45868615084517,
                19.767346707484524
              ],
              [
                80.43160770073482,
                19.773289495913517
              ],
              [
                80.41982547396644,
                19.777992051791824
              ],
              [
                80.41145389188361,
                19.783676458701628
              ],
              [
                80.40897342318488,
                19.79199636484042
              ],
              [
                80.41104047983428,
                19.799050198208132
              ],
              [
                80.41817182756776,
                19.805871487579093
              ],
              [
                80.42819705604929,
                19.81059988008036
              ],
              [
                80.44721398333863,
                19.816697699039555
              ],
              [
                80.4630269706182,
                19.824113266713876
              ],
              [
                80.47181196475027,
                19.83015940972901
              ],
              [
                80.47542931501086,
                19.83388011277697
              ],
              [
                80.47894331338323,
                19.838556830233486
              ],
              [
                80.48318078036871,
                19.846024074751305
              ],
              [
                80.48607466021744,
                19.854989936036624
              ],
              [
                80.48504113234242,
                19.8662553979682
              ],
              [
                80.48070031077071,
                19.871138820999768
              ],
              [
                80.47336225836155,
                19.873955186482625
              ],
              [
                80.44442345627746,
                19.878451035886584
              ],
              [
                80.4371887548572,
                19.880879827741886
              ],
              [
                80.43181440630978,
                19.883851222855647
              ],
              [
                80.42747358563746,
                19.888243720371406
              ],
              [
                80.42509646972621,
                19.892817084141143
              ],
              [
                80.42664676333739,
                19.901395371799047
              ],
              [
                80.4311942886855,
                19.911523953068045
              ],
              [
                80.44483686742748,
                19.931212673026415
              ],
              [
                80.45227827262416,
                19.93824066797252
              ],
              [
                80.46023644355706,
                19.94103119593297
              ],
              [
                80.46716108571549,
                19.938550727234347
              ],
              [
                80.49827029813574,
                19.92325450299289
              ],
              [
                80.50953576006731,
                19.919533799944915
              ],
              [
                80.51883751813699,
                19.918190211908794
              ],
              [
                80.52596886587047,
                19.91857778643566
              ],
              [
                80.53113650884276,
                19.920696519029118
              ],
              [
                80.53496056467829,
                19.929869085889592
              ],
              [
                80.53868126772628,
                19.94475189898102
              ],
              [
                80.54477908668547,
                19.99896047604517
              ],
              [
                80.55180708163147,
                20.024876207071316
              ],
              [
                80.55428755122946,
                20.031335761236488
              ],
              [
                80.55552778467946,
                20.036193345846236
              ],
              [
                80.55718143107819,
                20.0483373069212
              ],
              [
                80.5531506687683,
                20.073245348493955
              ],
              [
                80.53061974490534,
                20.134869493232504
              ],
              [
                80.5218347507731,
                20.138486843493087
              ],
              [
                80.51480675672637,
                20.14047638577653
              ],
              [
                80.50695193858104,
                20.141949164122668
              ],
              [
                80.42633670407557,
                20.146238307951563
              ],
              [
                80.41817182756776,
                20.148873806281188
              ],
              [
                80.41424441894475,
                20.155178330815264
              ],
              [
                80.41414106615727,
                20.16517772087514
              ],
              [
                80.424062940952,
                20.197217109282285
              ],
              [
                80.4241662937394,
                20.211583157536666
              ],
              [
                80.42323611775268,
                20.222409368997127
              ],
              [
                80.42437300021373,
                20.23408824297801
              ],
              [
                80.4311942886855,
                20.24690399852077
              ],
              [
                80.44111616437942,
                20.253311875842318
              ],
              [
                80.45382856623533,
                20.257316798831216
              ],
              [
                80.51046593605405,
                20.26287201633055
              ],
              [
                80.52121463404809,
                20.264964911401577
              ],
              [
                80.53423709516582,
                20.26938324643967
              ],
              [
                80.54736290907103,
                20.277677314156755
              ],
              [
                80.57506147680566,
                20.30286957387176
              ],
              [
                80.58560346922476,
                20.310724392017026
              ],
              [
                80.5955253440194,
                20.315814521522913
              ],
              [
                80.61588585844558,
                20.322765001203866
              ],
              [
                80.6223970885548,
                20.32589142504927
              ],
              [
                80.62673790922713,
                20.33322947835774
              ],
              [
                80.62642784996531,
                20.342608750793254
              ],
              [
                80.62095014773111,
                20.361522325295027
              ],
              [
                80.6165059751706,
                20.371444200089766
              ],
              [
                80.61288862491008,
                20.385215969141665
              ],
              [
                80.61154503777325,
                20.40123566289551
              ],
              [
                80.6144389176219,
                20.464306749356954
              ],
              [
                80.61712609189567,
                20.473505153739836
              ],
              [
                80.62405073405418,
                20.489964097964705
              ],
              [
                80.6305619650626,
                20.500480251962014
              ],
              [
                80.63490278483565,
                20.512339993096237
              ],
              [
                80.62890831866393,
                20.52381216150197
              ],
              [
                80.6249809100409,
                20.527972114121752
              ],
              [
                80.62250044134227,
                20.534095771502663
              ],
              [
                80.62095014773111,
                20.541640530386186
              ],
              [
                80.62270714691726,
                20.58561717429315
              ],
              [
                80.62363732290416,
                20.59117238999376
              ],
              [
                80.62374067569154,
                20.5961850042346
              ],
              [
                80.6223970885548,
                20.60091339853461
              ],
              [
                80.61464562409624,
                20.606184394294385
              ],
              [
                80.60813439308774,
                20.609569200558276
              ],
              [
                80.60079633977928,
                20.61243724198521
              ],
              [
                80.5860168803747,
                20.616493841817345
              ],
              [
                80.57950565026546,
                20.617010605754857
              ],
              [
                80.5714441256459,
                20.61608043156669
              ],
              [
                80.56513960201102,
                20.613780829121957
              ],
              [
                80.54725955628345,
                20.60130097126274
              ],
              [
                80.5324800959796,
                20.593136094755046
              ],
              [
                80.52369510274683,
                20.589957994066207
              ],
              [
                80.51501346230143,
                20.588846950926154
              ],
              [
                80.50643517374424,
                20.590087185275404
              ],
              [
                80.5010608260962,
                20.59264516923915
              ],
              [
                80.49703006378638,
                20.5961850042346
              ],
              [
                80.49485965434951,
                20.601171780053544
              ],
              [
                80.49454959508776,
                20.609595038080606
              ],
              [
                80.49620324058705,
                20.61894847299371
              ],
              [
                80.50302452995808,
                20.633288682826453
              ],
              [
                80.50912234891729,
                20.64132436812504
              ],
              [
                80.51718387173831,
                20.64822317096257
              ],
              [
                80.55893843026433,
                20.667188422307856
              ],
              [
                80.56606977709855,
                20.672511094911076
              ],
              [
                80.57103071539524,
                20.68238129286246
              ],
              [
                80.57299441925697,
                20.69757416431627
              ],
              [
                80.55676801992817,
                20.780824897151266
              ],
              [
                80.5565613143531,
                20.87802826619159
              ],
              [
                80.55583784394145,
                20.89898305892112
              ],
              [
                80.55470096237948,
                20.907845567419045
              ],
              [
                80.55211714089327,
                20.919317734925496
              ],
              [
                80.54756961464608,
                20.927275905858316
              ],
              [
                80.54116173732434,
                20.933993842441872
              ],
              [
                80.53392703590391,
                20.937507839015602
              ],
              [
                80.52741580579477,
                20.93786957422148
              ],
              [
                80.51883751813699,
                20.936086738412282
              ],
              [
                80.50323123643243,
                20.930944932962323
              ],
              [
                80.49796023977319,
                20.930066432919663
              ],
              [
                80.49124230318974,
                20.930169785707044
              ],
              [
                80.48132042839507,
                20.931978460837254
              ],
              [
                80.47170861196288,
                20.936267605565618
              ],
              [
                80.46333702988002,
                20.942210394893795
              ],
              [
                80.45568891820903,
                20.95081452097334
              ],
              [
                80.45010786318734,
                20.95916026553383
              ],
              [
                80.44101281069267,
                20.9788231470706
              ],
              [
                80.43532840378279,
                20.9992353383402
              ],
              [
                80.4346049342703,
                21.013653062538822
              ],
              [
                80.43625857887031,
                21.024685981373
              ],
              [
                80.4473173361261,
                21.061376247915454
              ],
              [
                80.45682579887153,
                21.125455023830295
              ],
              [
                80.45961632683198,
                21.13586782504011
              ],
              [
                80.46519738185367,
                21.147960110170935
              ],
              [
                80.47274214073718,
                21.157184352975534
              ],
              [
                80.48452436660627,
                21.167700506972754
              ],
              [
                80.54849978973344,
                21.206664537538416
              ],
              [
                80.62560102676589,
                21.242657172090755
              ],
              [
                80.63738325443363,
                21.251700547742118
              ],
              [
                80.66642540930512,
                21.279554145107735
              ],
              [
                80.67841434074924,
                21.301981716183327
              ],
              [
                80.67903445837354,
                21.35115184238365
              ],
              [
                80.69794803287537,
                21.39856496849857
              ],
              [
                80.70580285012153,
                21.434531765528565
              ],
              [
                80.72140913272534,
                21.473211575254023
              ],
              [
                80.72419965978649,
                21.497964586296593
              ],
              [
                80.71758507688979,
                21.585556138904725
              ],
              [
                80.72058231042529,
                21.602686875798735
              ],
              [
                80.72430301257398,
                21.61583852812548
              ],
              [
                80.73050418521994,
                21.714307969936872
              ],
              [
                80.73980594328968,
                21.741463935312385
              ],
              [
                80.7540686378573,
                21.75647593781427
              ],
              [
                80.78776167176373,
                21.761204332114282
              ],
              [
                80.80512495265441,
                21.77430430849705
              ],
              [
                80.82155805935693,
                21.80277802168839
              ],
              [
                80.83788781057403,
                21.846134547970994
              ],
              [
                80.832926874076,
                21.90783620887389
              ],
              [
                80.83509728441207,
                21.950986030480973
              ],
              [
                80.84439904158245,
                21.977676906963744
              ],
              [
                80.88491336485991,
                22.057361965482308
              ],
              [
                80.90341352731247,
                22.08529307721382
              ],
              [
                80.91901980991629,
                22.097462876710306
              ],
              [
                80.9347294453076,
                22.09994334630839
              ],
              [
                80.949818963974,
                22.09288951294066
              ],
              [
                80.97772423728368,
                22.052840278556005
              ],
              [
                80.98547570174225,
                22.049352117706068
              ],
              [
                80.99333051988759,
                22.051987616035678
              ],
              [
                81.00221886590795,
                22.06312388855662
              ],
              [
                81.00335574657045,
                22.077748318330205
              ],
              [
                80.99849816285989,
                22.0907449410262
              ],
              [
                80.9873360528166,
                22.10800486912941
              ],
              [
                80.98640587772907,
                22.114541938559704
              ],
              [
                80.9907466984014,
                22.11849518470499
              ],
              [
                81.00748986166772,
                22.123456122102397
              ],
              [
                81.01606815022491,
                22.129476426695735
              ],
              [
                81.02082238204726,
                22.140871079836405
              ],
              [
                81.02350955632093,
                22.1939686137605
              ],
              [
                81.03064090405442,
                22.21066010198205
              ],
              [
                81.04407677632217,
                22.225723782226737
              ],
              [
                81.05368859185499,
                22.233630276316216
              ],
              [
                81.0954431503811,
                22.256703803437773
              ],
              [
                81.11890425023097,
                22.29460846590798
              ],
              [
                81.12221154212892,
                22.31168752685783
              ],
              [
                81.12407189320335,
                22.337603257884076
              ],
              [
                81.12076460220462,
                22.365069280722754
              ],
              [
                81.12252159959209,
                22.400519313815227
              ],
              [
                81.13089318167494,
                22.422869371424323
              ],
              [
                81.16479292205571,
                22.465295721720118
              ],
              [
                81.17802208874838,
                22.47842153652468
              ],
              [
                81.19001102109172,
                22.483795885072027
              ],
              [
                81.19941613194896,
                22.481754665945065
              ],
              [
                81.20499718607128,
                22.472168687035293
              ],
              [
                81.21212853380467,
                22.45235077586762
              ],
              [
                81.22205040859951,
                22.447183131995967
              ],
              [
                81.23486616414216,
                22.444495957722292
              ],
              [
                81.25822391120447,
                22.45436615657288
              ],
              [
                81.27734419128149,
                22.469843247967496
              ],
              [
                81.29274376831023,
                22.474649155733914
              ],
              [
                81.32033898325746,
                22.477956448531323
              ],
              [
                81.34452355261982,
                22.497154242074643
              ],
              [
                81.35806277857442,
                22.497955226852252
              ],
              [
                81.37263553330322,
                22.492684231092387
              ],
              [
                81.38421105269788,
                22.4811345483207
              ],
              [
                81.40291792162478,
                22.44837169040117
              ],
              [
                81.41780073381675,
                22.437493801198
              ],
              [
                81.43206343018309,
                22.440439357890067
              ],
              [
                81.44818647672452,
                22.449792791903874
              ],
              [
                81.45965864513033,
                22.462040107564874
              ],
              [
                81.47826216037036,
                22.47247874629721
              ],
              [
                81.49149132706304,
                22.481702989101642
              ],
              [
                81.51226525263934,
                22.501598416433822
              ],
              [
                81.53955040922405,
                22.519995226098803
              ],
              [
                81.55960086528768,
                22.5234575458291
              ],
              [
                81.57820437962843,
                22.53079560003693
              ],
              [
                81.60331912587696,
                22.533689479885656
              ],
              [
                81.62398969866568,
                22.541053372515204
              ],
              [
                81.64228315644246,
                22.550846056100642
              ],
              [
                81.64879438655167,
                22.560819606839353
              ],
              [
                81.65024132737537,
                22.575314846303097
              ],
              [
                81.65499555919763,
                22.591179511325322
              ],
              [
                81.66956831302714,
                22.60929210104956
              ],
              [
                81.72734256440783,
                22.647196764419064
              ],
              [
                81.75152713377025,
                22.651072496198722
              ],
              [
                81.76640994686153,
                22.663991604528977
              ],
              [
                81.76672000522406,
                22.68223338546239
              ],
              [
                81.76082889183982,
                22.7022063262609
              ],
              [
                81.76175906782665,
                22.716365668041124
              ],
              [
                81.76796023957333,
                22.72535736684913
              ],
              [
                81.78522016767661,
                22.74429677977252
              ],
              [
                81.78346316938976,
                22.780883694426965
              ],
              [
                81.77684858559377,
                22.81292308193465
              ],
              [
                81.77932905519167,
                22.835815741003604
              ],
              [
                81.78852745957457,
                22.852946478796973
              ],
              [
                81.8071309748146,
                22.861808987294975
              ],
              [
                81.84578494701763,
                22.872712714020494
              ],
              [
                81.86531863824459,
                22.881471868831746
              ],
              [
                81.90645307824695,
                22.912736110882804
              ],
              [
                81.94024946494078,
                22.945834866485953
              ],
              [
                81.94459028471393,
                22.963043117745716
              ],
              [
                81.93342817556984,
                22.999216620350776
              ],
              [
                81.93415164598159,
                23.01732921007503
              ],
              [
                81.94614057832501,
                23.04296072026105
              ],
              [
                81.9659843279144,
                23.055466417441174
              ],
              [
                82.02045128829633,
                23.071434434351684
              ],
              [
                82.07078413268158,
                23.10034739801405
              ],
              [
                82.08980105997092,
                23.103628852389654
              ],
              [
                82.1110917503839,
                23.101613470785033
              ],
              [
                82.12938520726149,
                23.096497503756787
              ],
              [
                82.14168419796728,
                23.113214830400143
              ],
              [
                82.15656701015935,
                23.148303128286763
              ],
              [
                82.1572904796719,
                23.170472316943933
              ],
              [
                82.16462853387975,
                23.21023733228704
              ],
              [
                82.18974328012827,
                23.28873383240049
              ],
              [
                82.18633263544274,
                23.30943024271155
              ],
              [
                82.17372358637442,
                23.326354274929866
              ],
              [
                82.13527631974625,
                23.349892890044785
              ],
              [
                82.12494103380166,
                23.36219188075075
              ],
              [
                82.11326215982079,
                23.36883230206908
              ],
              [
                82.09817264205377,
                23.371726182817078
              ],
              [
                82.04339562420867,
                23.36363882157435
              ],
              [
                82.03440392360228,
                23.36761790614144
              ],
              [
                82.02995975104166,
                23.376170356276898
              ],
              [
                82.02592898963123,
                23.38769419972751
              ],
              [
                82.01735070197333,
                23.39221588845247
              ],
              [
                82.00536176962991,
                23.39221588845247
              ],
              [
                81.99140913342475,
                23.40053579369196
              ],
              [
                81.97549279155902,
                23.420043647396383
              ],
              [
                81.95058475088554,
                23.46670746557711
              ],
              [
                81.92753706308497,
                23.495413722765143
              ],
              [
                81.90717654775952,
                23.50518056882816
              ],
              [
                81.8581872896117,
                23.50771271437029
              ],
              [
                81.80061974470546,
                23.530992947066913
              ],
              [
                81.77901899592985,
                23.53649648682337
              ],
              [
                81.75948530470299,
                23.54352448176937
              ],
              [
                81.74460249161166,
                23.54259430578265
              ],
              [
                81.734060500092,
                23.535979722885873
              ],
              [
                81.71369998566576,
                23.51825470589002
              ],
              [
                81.68558800678109,
                23.507092596745927
              ],
              [
                81.65768273257203,
                23.48719717121249
              ],
              [
                81.64414350841618,
                23.482055364863257
              ],
              [
                81.6283305202373,
                23.487817287937467
              ],
              [
                81.62026899561762,
                23.500219631430827
              ],
              [
                81.61406782387094,
                23.516084296453126
              ],
              [
                81.60104536275324,
                23.536289781248392
              ],
              [
                81.59515425026855,
                23.54941559515351
              ],
              [
                81.59143354722049,
                23.561171983500248
              ],
              [
                81.5945341326441,
                23.566830552887698
              ],
              [
                81.60145877480254,
                23.57184316712846
              ],
              [
                81.60859012163675,
                23.57905202922772
              ],
              [
                81.61468794059603,
                23.591764431083703
              ],
              [
                81.61892540938007,
                23.627343655385385
              ],
              [
                81.62543663859,
                23.635379339784702
              ],
              [
                81.64693403457805,
                23.64297577641103
              ],
              [
                81.65561567592272,
                23.64847931616746
              ],
              [
                81.67070519368984,
                23.66840058012273
              ],
              [
                81.6795935397101,
                23.677754015035795
              ],
              [
                81.68620812440537,
                23.69031138815998
              ],
              [
                81.68589806514356,
                23.70651194906717
              ],
              [
                81.68093712774622,
                23.724831244366474
              ],
              [
                81.66512413866806,
                23.747878933066318
              ],
              [
                81.6394926293813,
                23.806557522011992
              ],
              [
                81.62491987465242,
                23.82441172931785
              ],
              [
                81.62202599480376,
                23.83379100175326
              ],
              [
                81.6303975768867,
                23.846219184567705
              ],
              [
                81.62926069532485,
                23.858285631276814
              ],
              [
                81.61954552610514,
                23.867561550025563
              ],
              [
                81.64124962766816,
                23.88531240544321
              ],
              [
                81.68186730283375,
                23.885131537390485
              ],
              [
                81.70171105332241,
                23.87053294513935
              ],
              [
                81.74491255087348,
                23.824876817311296
              ],
              [
                81.77819217273051,
                23.801880805454772
              ],
              [
                81.80868126842577,
                23.794749456822007
              ],
              [
                81.83606977689858,
                23.795395412868
              ],
              [
                81.86097781757223,
                23.805213934875244
              ],
              [
                81.910173781295,
                23.832137356253977
              ],
              [
                81.93694217304285,
                23.84066396706846
              ],
              [
                82.0049483575806,
                23.83640066256055
              ],
              [
                82.03026981030355,
                23.827253933222423
              ],
              [
                82.07739871557828,
                23.801364041517264
              ],
              [
                82.10768110479913,
                23.798573513556736
              ],
              [
                82.20359256444532,
                23.800485541474515
              ],
              [
                82.24297000526145,
                23.788367417921986
              ],
              [
                82.26250369738767,
                23.785576890860742
              ],
              [
                82.41536258341648,
                23.783070583740418
              ],
              [
                82.49866499219553,
                23.772399400112207
              ],
              [
                82.53173790937707,
                23.775370795225978
              ],
              [
                82.54465701680783,
                23.78286387816544
              ],
              [
                82.55302859889068,
                23.79400014888773
              ],
              [
                82.56791141108273,
                23.804128730156894
              ],
              [
                82.61214643830748,
                23.820820217479056
              ],
              [
                82.64304894425338,
                23.837072455229592
              ],
              [
                82.65080040871186,
                23.844823919688064
              ],
              [
                82.65359093577302,
                23.856761176087435
              ],
              [
                82.65390099503495,
                23.870507106717632
              ],
              [
                82.65772505087038,
                23.884537258187827
              ],
              [
                82.67002404157624,
                23.89557017702202
              ],
              [
                82.69162479035168,
                23.905104478189163
              ],
              [
                82.71963341734835,
                23.908437608508827
              ],
              [
                82.73668663897719,
                23.91407033947466
              ],
              [
                82.76810590975988,
                23.92895315256591
              ],
              [
                82.7790613142282,
                23.93900421856986
              ],
              [
                82.78422895720058,
                23.95029551802377
              ],
              [
                82.78453901556313,
                23.963137111988054
              ],
              [
                82.78650272032424,
                23.974195868344665
              ],
              [
                82.78650272032424,
                23.980862128084787
              ],
              [
                82.80086876767942,
                23.998716336289824
              ],
              [
                82.76965620337106,
                24.041297716216622
              ],
              [
                82.74929568894488,
                24.05829926190142
              ],
              [
                82.7412341652245,
                24.061916612161905
              ],
              [
                82.73451622864103,
                24.065869859206547
              ],
              [
                82.73265587756669,
                24.072639471734252
              ],
              [
                82.73482628790285,
                24.08227712748737
              ],
              [
                82.7386503437383,
                24.093904323725628
              ],
              [
                82.73875369742524,
                24.107495226523476
              ],
              [
                82.7360665222522,
                24.115039985406998
              ],
              [
                82.73048546723051,
                24.121034451578783
              ],
              [
                82.71797977094967,
                24.128811754458887
              ],
              [
                82.70030643079718,
                24.142118435517336
              ],
              [
                82.6870772641044,
                24.155812690203472
              ],
              [
                82.6794291524334,
                24.166768092873156
              ],
              [
                82.67384809831108,
                24.18033315724936
              ],
              [
                82.67498497897358,
                24.186896064201914
              ],
              [
                82.68066938678267,
                24.19097850245587
              ],
              [
                82.68852420402881,
                24.192632147955226
              ],
              [
                82.70898807214184,
                24.19423411751056
              ],
              [
                82.72170047399764,
                24.201184597191325
              ],
              [
                82.73286258314165,
                24.214129543943294
              ],
              [
                82.74113081333637,
                24.277794907808822
              ],
              [
                82.75756391824025,
                24.304511624511953
              ],
              [
                82.76221479727505,
                24.317353217576954
              ],
              [
                82.76479861876122,
                24.330039781011056
              ],
              [
                82.76696902909738,
                24.386031196582504
              ],
              [
                82.76345503072501,
                24.39905365680087
              ],
              [
                82.75694380061589,
                24.406960150890257
              ],
              [
                82.73968387161341,
                24.413910631470493
              ],
              [
                82.73410281839037,
                24.419698391167866
              ],
              [
                82.73255252477921,
                24.427294826894812
              ],
              [
                82.73286258314165,
                24.440368963956583
              ],
              [
                82.74278445793638,
                24.486180121415373
              ],
              [
                82.74330122277325,
                24.506695665472545
              ],
              [
                82.73534305184036,
                24.52723704705206
              ],
              [
                82.73389611191604,
                24.542352403240812
              ],
              [
                82.73441287585355,
                24.551628322888753
              ],
              [
                82.73968387161341,
                24.559896552184107
              ],
              [
                82.7449548691719,
                24.565245063209108
              ],
              [
                82.7502258649317,
                24.56795807500523
              ],
              [
                82.75601362462898,
                24.568345649532095
              ],
              [
                82.78298872285131,
                24.55958649292238
              ],
              [
                82.79694135905648,
                24.560904242536783
              ],
              [
                82.80841352656294,
                24.56640778229333
              ],
              [
                82.81761193184511,
                24.5809288601788
              ],
              [
                82.8180253438945,
                24.589403795049133
              ],
              [
                82.81482140478404,
                24.596302598785833
              ],
              [
                82.80148888530378,
                24.60730967919831
              ],
              [
                82.79477094872031,
                24.61676646599969
              ],
              [
                82.78918989459801,
                24.62813528071858
              ],
              [
                82.78340213400125,
                24.651570543046105
              ],
              [
                82.77895796144072,
                24.661492417840932
              ],
              [
                82.77213667206976,
                24.66831370721178
              ],
              [
                82.76469526597374,
                24.66983816240125
              ],
              [
                82.73172570157988,
                24.67149180790072
              ],
              [
                82.72356082597136,
                24.67355886544921
              ],
              [
                82.71653283102535,
                24.68043182986504
              ],
              [
                82.71529259577662,
                24.687666531285362
              ],
              [
                82.71746300701219,
                24.71086924871695
              ],
              [
                82.71456912626414,
                24.71776805335296
              ],
              [
                82.70816124894252,
                24.721514593923356
              ],
              [
                82.7007198419471,
                24.721514593923356
              ],
              [
                82.69224490797615,
                24.719809272480013
              ],
              [
                82.62392866417646,
                24.69187815984923
              ],
              [
                82.61152631978383,
                24.688906764735446
              ],
              [
                82.59509321487987,
                24.687744046550524
              ],
              [
                82.54910119026775,
                24.69187815984923
              ],
              [
                82.45339643799525,
                24.722005520338534
              ],
              [
                82.44140750475256,
                24.72143707955759
              ],
              [
                82.42714481018484,
                24.718569037231283
              ],
              [
                82.42466434058679,
                24.71063670472009
              ],
              [
                82.42342410713678,
                24.701955064274884
              ],
              [
                82.4233207543493,
                24.692730821470274
              ],
              [
                82.42404422386187,
                24.683868312972272
              ],
              [
                82.42776492690983,
                24.6675385599566
              ],
              [
                82.42745486944666,
                24.65877940514554
              ],
              [
                82.42363081271183,
                24.647513943213877
              ],
              [
                82.40967817560731,
                24.635628364557387
              ],
              [
                82.39520877456536,
                24.632166043028537
              ],
              [
                82.35707156809839,
                24.63671356927585
              ],
              [
                82.30704878117629,
                24.63201101339755
              ],
              [
                82.30270796140333,
                24.63813467077844
              ],
              [
                82.30880578036242,
                24.646661282492193
              ],
              [
                82.3261690612532,
                24.679915065927617
              ],
              [
                82.32337853419203,
                24.693764350244578
              ],
              [
                82.319037714419,
                24.702032579539935
              ],
              [
                82.31004601381241,
                24.706502590522188
              ],
              [
                82.30198449099149,
                24.70931895600506
              ],
              [
                82.29495649604547,
                24.709473984736604
              ],
              [
                82.28927208913557,
                24.70769114802811
              ],
              [
                82.28513797403822,
                24.705055649698586
              ],
              [
                82.28079715426526,
                24.704590561705036
              ],
              [
                82.27614627523039,
                24.70544322422545
              ],
              [
                82.26808475061071,
                24.71086924871695
              ],
              [
                82.26519087076207,
                24.71544261338588
              ],
              [
                82.26374393083766,
                24.722599799541168
              ],
              [
                82.26715457642254,
                24.766059679510622
              ],
              [
                82.26643110511141,
                24.785128281844734
              ],
              [
                82.26302046132518,
                24.791174424859786
              ],
              [
                82.25785281835287,
                24.791717027219
              ],
              [
                82.25320193931802,
                24.786988633818453
              ],
              [
                82.24979129373321,
                24.78233775478358
              ],
              [
                82.24234988763719,
                24.76882436815006
              ],
              [
                82.23831912622667,
                24.763915106696892
              ],
              [
                82.23325483604187,
                24.75874746282505
              ],
              [
                82.22602013462152,
                24.7562669950258
              ],
              [
                82.21878543499983,
                24.7572746853784
              ],
              [
                82.20803673700584,
                24.7643026803244
              ],
              [
                82.20493615068278,
                24.770658880802703
              ],
              [
                82.20514285715711,
                24.778151963742165
              ],
              [
                82.20917361856763,
                24.78551585547243
              ],
              [
                82.21289432161576,
                24.79458506954532
              ],
              [
                82.2164083190886,
                24.806263943526194
              ],
              [
                82.21537479031431,
                24.827296251520785
              ],
              [
                82.2123775567789,
                24.836908067053606
              ],
              [
                82.20865685373074,
                24.84310923880038
              ],
              [
                82.20483279789529,
                24.84533132597989
              ],
              [
                82.20142215410914,
                24.845925605182536
              ],
              [
                82.19553103982565,
                24.843936061999706
              ],
              [
                82.15501671744754,
                24.816315009530026
              ],
              [
                82.14664513536468,
                24.81238760000783
              ],
              [
                82.13744673008252,
                24.80918366089726
              ],
              [
                82.12969526562395,
                24.80763336818536
              ],
              [
                82.12215050674051,
                24.808098456178822
              ],
              [
                82.11822309811748,
                24.80879608816895
              ],
              [
                82.10551069536231,
                24.813369451938687
              ],
              [
                82.05662479000208,
                24.849284573024622
              ],
              [
                82.03316369015221,
                24.85949066776019
              ],
              [
                82.02386193208255,
                24.860317490959428
              ],
              [
                81.9997807146083,
                24.859929918231206
              ],
              [
                81.98024702338138,
                24.861893622092932
              ],
              [
                81.96898156055052,
                24.864994208416004
              ],
              [
                81.95606245311974,
                24.871014513009357
              ],
              [
                81.88113162642345,
                24.921528225447243
              ],
              [
                81.8731734563899,
                24.929977321895947
              ],
              [
                81.86872928293002,
                24.936953639998528
              ],
              [
                81.86655887169455,
                24.942870591804372
              ],
              [
                81.86686893095637,
                24.947702337992506
              ],
              [
                81.86934939965509,
                24.954136053735947
              ],
              [
                81.87348351385307,
                24.96186168157146
              ],
              [
                81.87524051303922,
                24.970905056323275
              ],
              [
                81.87400027868996,
                24.98020681439302
              ],
              [
                81.86170128798399,
                24.997699286492885
              ],
              [
                81.8597375832228,
                25.00005056398231
              ],
              [
                81.8597375832228,
                25.000980739969204
              ],
              [
                81.85394982262623,
                25.01361562835853
              ],
              [
                81.84206424396966,
                25.027077338148626
              ],
              [
                81.83100548671385,
                25.032865098745358
              ],
              [
                81.8171562032962,
                25.035758979493277
              ],
              [
                81.80806115080159,
                25.035500597074893
              ],
              [
                81.79999962798038,
                25.03441539235644
              ],
              [
                81.79297163303447,
                25.032012437124315
              ],
              [
                81.77746870321813,
                25.02400259024737
              ],
              [
                81.76578982923725,
                25.020669460826884
              ],
              [
                81.75276736901881,
                25.020488592774253
              ],
              [
                81.73447391124203,
                25.024700222237485
              ],
              [
                81.72672244678347,
                25.029842026788064
              ],
              [
                81.72155480291181,
                25.03805858013937
              ],
              [
                81.7195910990499,
                25.049117337395074
              ],
              [
                81.71463016075329,
                25.060511990535936
              ],
              [
                81.70760216670655,
                25.065292059880726
              ],
              [
                81.66512413866806,
                25.06446523758068
              ],
              [
                81.62481652186493,
                25.074309597110272
              ],
              [
                81.59949507004141,
                25.076376655558246
              ],
              [
                81.58523237457433,
                25.079632269713493
              ],
              [
                81.57789432216526,
                25.08454153116675
              ],
              [
                81.57345014780607,
                25.091543686791674
              ],
              [
                81.57345014780607,
                25.09815827148703
              ],
              [
                81.57510379420472,
                25.10337759040355
              ],
              [
                81.57851443889015,
                25.108390203744932
              ],
              [
                81.58058149643885,
                25.111852525273882
              ],
              [
                81.57996137881457,
                25.116503404308578
              ],
              [
                81.57634402855409,
                25.123712267307297
              ],
              [
                81.56735232884688,
                25.13448680282371
              ],
              [
                81.56332156833565,
                25.143039252059907
              ],
              [
                81.55846398282662,
                25.170996202213033
              ],
              [
                81.53696658683849,
                25.19975413714383
              ],
              [
                81.44446577277716,
                25.174691066839266
              ],
              [
                81.42534549270034,
                25.16482086798859
              ],
              [
                81.42834272713512,
                25.16079010747745
              ],
              [
                81.43340701732002,
                25.15642344838348
              ],
              [
                81.46203576014219,
                25.14009369626702
              ],
              [
                81.46792687442569,
                25.133789170833566
              ],
              [
                81.46916710787568,
                25.126942043940197
              ],
              [
                81.4655497576152,
                25.117381904351426
              ],
              [
                81.45686811716982,
                25.11141327570205
              ],
              [
                81.44570600802581,
                25.10738251429164
              ],
              [
                81.41842085234047,
                25.104126899237023
              ],
              [
                81.39144575411821,
                25.105160427111944
              ],
              [
                81.37914676341242,
                25.10777008701994
              ],
              [
                81.36963829886835,
                25.111619981277112
              ],
              [
                81.36560753835712,
                25.115883287583763
              ],
              [
                81.36488406794538,
                25.121231797709306
              ],
              [
                81.36622765508221,
                25.12849233755137
              ],
              [
                81.37056847485518,
                25.141127224142114
              ],
              [
                81.3713952980546,
                25.144512031305226
              ],
              [
                81.37077518132949,
                25.148697822346637
              ],
              [
                81.36767459500653,
                25.153271186116463
              ],
              [
                81.36054324727304,
                25.15696605074262
              ],
              [
                81.33790896972312,
                25.163348090542016
              ],
              [
                81.32529992065488,
                25.16810232236437
              ],
              [
                81.30917687411338,
                25.171926378199828
              ],
              [
                81.29677452972075,
                25.169962673438626
              ],
              [
                81.28106489522872,
                25.16458832399201
              ],
              [
                81.26876590362356,
                25.16464000083533
              ],
              [
                81.25698367685511,
                25.168257351095914
              ],
              [
                81.24323774622502,
                25.16952342386688
              ],
              [
                81.23651980964145,
                25.16502757446301
              ],
              [
                81.23403934094284,
                25.156371772439357
              ],
              [
                81.24106733588886,
                25.12562429522508
              ],
              [
                81.24148074703878,
                25.11518565469425
              ],
              [
                81.24044721916385,
                25.10461782475273
              ],
              [
                81.23900027923952,
                25.098080756221908
              ],
              [
                81.23548628086716,
                25.089114894936486
              ],
              [
                81.2225671734363,
                25.068495998991104
              ],
              [
                81.20623742131991,
                25.04929820454851
              ],
              [
                81.1805025574471,
                25.025139471809215
              ],
              [
                81.17709191276151,
                25.01873159448749
              ],
              [
                81.17461144406288,
                25.011083481917204
              ],
              [
                81.17337120971352,
                25.001290798331752
              ],
              [
                81.17337120971352,
                25.000360623244124
              ],
              [
                81.17388797365103,
                24.99943044725733
              ],
              [
                81.17740197112404,
                24.993565172294804
              ],
              [
                81.18143273343384,
                24.985348618943586
              ],
              [
                81.18329308540754,
                24.980180975971216
              ],
              [
                81.18484337811935,
                24.972920437028524
              ],
              [
                81.18453331885753,
                24.966280015710208
              ],
              [
                81.18143273343384,
                24.958140976724753
              ],
              [
                81.17523156078786,
                24.953748481007548
              ],
              [
                81.17047732896552,
                24.951733100302388
              ],
              [
                81.14825646436437,
                24.950932115524775
              ],
              [
                81.13740441268342,
                24.948684189923465
              ],
              [
                81.13120324093676,
                24.9453768989248
              ],
              [
                81.12438195156581,
                24.93902069844648
              ],
              [
                81.09813032375543,
                24.90860911711718
              ],
              [
                81.06867475773392,
                24.921295681450477
              ],
              [
                81.03095096241705,
                24.95297333375237
              ],
              [
                81.01493126776377,
                24.962378445508794
              ],
              [
                81.00469933460656,
                24.96643504534102
              ],
              [
                80.99880822122242,
                24.965659898085832
              ],
              [
                80.97245324062453,
                24.95597056728786
              ],
              [
                80.96046430918048,
                24.953360907379874
              ],
              [
                80.94372114501489,
                24.95325755549184
              ],
              [
                80.93255903497152,
                24.95713328727136
              ],
              [
                80.92491092330043,
                24.962249254299696
              ],
              [
                80.91519575408074,
                24.974444892217992
              ],
              [
                80.90754764240974,
                24.98134369595479
              ],
              [
                80.90041629377698,
                24.98390167901927
              ],
              [
                80.89297488768094,
                24.98413422301604
              ],
              [
                80.84036828017193,
                24.97056915953901
              ],
              [
                80.83323693243842,
                24.969664821974007
              ],
              [
                80.80502159986692,
                24.968812161252323
              ],
              [
                80.77866662016841,
                24.97149933552583
              ],
              [
                80.76709109897502,
                24.977002875282466
              ],
              [
                80.76171675042767,
                24.983307399816635
              ],
              [
                80.76202680879021,
                24.991033026752763
              ],
              [
                80.76450727658953,
                24.999197903260548
              ],
              [
                80.76492068863885,
                25.00005056398231
              ],
              [
                80.77649620983225,
                25.01077342445404
              ],
              [
                80.78311079272886,
                25.01873159448749
              ],
              [
                80.78652143831366,
                25.024519355084237
              ],
              [
                80.79055219882487,
                25.03255504038281
              ],
              [
                80.79179243407353,
                25.039479682541344
              ],
              [
                80.79241255079852,
                25.050745144472828
              ],
              [
                80.79385949072292,
                25.05534434756355
              ],
              [
                80.79571984179718,
                25.059943548855724
              ],
              [
                80.79975060410706,
                25.065292059880726
              ],
              [
                80.80409142388011,
                25.070020453281288
              ],
              [
                80.82207482329444,
                25.08332713523911
              ],
              [
                80.82434858641808,
                25.087357895750248
              ],
              [
                80.82744917184179,
                25.11603831631522
              ],
              [
                80.82992964143978,
                25.124849147969712
              ],
              [
                80.85886844262457,
                25.187558499225357
              ],
              [
                80.85948856024893,
                25.200684312231278
              ],
              [
                80.8561812683509,
                25.20799652801738
              ],
              [
                80.84832645110484,
                25.21401683171146
              ],
              [
                80.84305545444569,
                25.216187242047535
              ],
              [
                80.83540734187532,
                25.217737534759436
              ],
              [
                80.82868940619115,
                25.217892564390247
              ],
              [
                80.81990441295827,
                25.216704005985132
              ],
              [
                80.81184288923797,
                25.214378566917414
              ],
              [
                80.80605512864122,
                25.212156479737818
              ],
              [
                80.80223107280577,
                25.209831041569306
              ],
              [
                80.79882042812027,
                25.206523748771907
              ],
              [
                80.7963399603209,
                25.20277720820159
              ],
              [
                80.79416954908547,
                25.197893785170034
              ],
              [
                80.78776167176373,
                25.17422597884582
              ],
              [
                80.78362755666636,
                25.168128159886624
              ],
              [
                80.77742638491979,
                25.16308970812353
              ],
              [
                80.76977827324869,
                25.160014960222274
              ],
              [
                80.7610966328033,
                25.158387153144606
              ],
              [
                80.68657921725702,
                25.15621674190907
              ],
              [
                80.67624393131236,
                25.154588934831494
              ],
              [
                80.67004275866631,
                25.152263494864414
              ],
              [
                80.66642540930512,
                25.149705511799926
              ],
              [
                80.66580529168083,
                25.1461915152263
              ],
              [
                80.66828576037953,
                25.14239329691311
              ],
              [
                80.67324669777685,
                25.138698432286837
              ],
              [
                80.71727501762797,
                25.112162584535714
              ],
              [
                80.72574995339767,
                25.104152736759456
              ],
              [
                80.7291605980832,
                25.09539358194822
              ],
              [
                80.72637007012266,
                25.0878229837437
              ],
              [
                80.71789513525233,
                25.08198354720299
              ],
              [
                80.70786990767002,
                25.080226548916038
              ],
              [
                80.68616580610708,
                25.079787299344485
              ],
              [
                80.67562381368799,
                25.077694404273366
              ],
              [
                80.65722700402293,
                25.071803289989766
              ],
              [
                80.6472017764408,
                25.070097968546424
              ],
              [
                80.63883019435795,
                25.073431097966807
              ],
              [
                80.63087202342513,
                25.07846954972999
              ],
              [
                80.60586062996408,
                25.101362209698213
              ],
              [
                80.5996594582174,
                25.11001801172179
              ],
              [
                80.59469852082007,
                25.119138901738832
              ],
              [
                80.58622358594967,
                25.139111843436776
              ],
              [
                80.57950565026546,
                25.14792267509136
              ],
              [
                80.57330447761953,
                25.151488349407895
              ],
              [
                80.56462283717423,
                25.152444362916945
              ],
              [
                80.55862837100251,
                25.150945746149205
              ],
              [
                80.55242719925585,
                25.147380072732222
              ],
              [
                80.55087690564466,
                25.142341620069676
              ],
              [
                80.55160037605651,
                25.135029405182934
              ],
              [
                80.55377078639268,
                25.12588267674418
              ],
              [
                80.55428755122946,
                25.117433580295565
              ],
              [
                80.55160037605651,
                25.1112324085488
              ],
              [
                80.54643273308412,
                25.10753754302317
              ],
              [
                80.53868126772628,
                25.10528961832115
              ],
              [
                80.53020633285594,
                25.104126899237023
              ],
              [
                80.52059451732312,
                25.10373932471006
              ],
              [
                80.48824506965424,
                25.108777778271897
              ],
              [
                80.47243208237474,
                25.11603831631522
              ],
              [
                80.46282026594244,
                25.117898668288923
              ],
              [
                80.45847944527011,
                25.117046007567264
              ],
              [
                80.45744591739509,
                25.11389374440076
              ],
              [
                80.45775597485836,
                25.109501247784372
              ],
              [
                80.46033979724383,
                25.09872671226805
              ],
              [
                80.46251020668069,
                25.092990628514737
              ],
              [
                80.46530073374187,
                25.081389268000343
              ],
              [
                80.47026167203848,
                25.073741157228636
              ],
              [
                80.4783231948595,
                25.067643337370146
              ],
              [
                80.5045748226699,
                25.05699799216365
              ],
              [
                80.51108605277912,
                25.053328965958933
              ],
              [
                80.51387658073956,
                25.0504609245321
              ],
              [
                80.51511681508892,
                25.040668240047264
              ],
              [
                80.47821984207201,
                25.018344020859896
              ],
              [
                80.46953820162672,
                25.016225287367078
              ],
              [
                80.45837609158336,
                25.01514008174934
              ],
              [
                80.45196821516099,
                25.018654080121713
              ],
              [
                80.4469039240769,
                25.023589179097417
              ],
              [
                80.4300574080229,
                25.0454999862354
              ],
              [
                80.41352094943228,
                25.062424018453626
              ],
              [
                80.40669966006124,
                25.063767604691193
              ],
              [
                80.40401248578756,
                25.06175222398592
              ],
              [
                80.40370242742512,
                25.05715302179457
              ],
              [
                80.40452924972507,
                25.051132717201142
              ],
              [
                80.4113505390961,
                25.02736155898881
              ],
              [
                80.41114383262179,
                25.019506740843475
              ],
              [
                80.40700971932306,
                25.01335724504086
              ],
              [
                80.40029178273959,
                25.011238512447388
              ],
              [
                80.39181684786926,
                25.012065334747344
              ],
              [
                80.38468550013569,
                25.014364936292807
              ],
              [
                80.37621056526535,
                25.017956448131585
              ],
              [
                80.36711551277067,
                25.020669460826884
              ],
              [
                80.35130252459179,
                25.023201606369017
              ],
              [
                80.33745324117412,
                25.021057034454557
              ],
              [
                80.3083077326157,
                25.011367702757315
              ],
              [
                80.29714562437107,
                25.012065334747344
              ],
              [
                80.28825727655206,
                25.016225287367078
              ],
              [
                80.27709516830734,
                25.031418157921667
              ],
              [
                80.2718241716482,
                25.041081651197203
              ],
              [
                80.26531294063969,
                25.063819282433897
              ],
              [
                80.26531294063969,
                25.072268377983217
              ],
              [
                80.26696658703837,
                25.084464015901613
              ],
              [
                80.269860466887,
                25.088598130998975
              ],
              [
                80.27389122919688,
                25.089424954198304
              ],
              [
                80.27678510904559,
                25.086944485499682
              ],
              [
                80.28205610480536,
                25.08570425115034
              ],
              [
                80.28918745343825,
                25.084877427951
              ],
              [
                80.3046903832545,
                25.08926992456739
              ],
              [
                80.31202843566385,
                25.095006008320624
              ],
              [
                80.3197799010216,
                25.105625515105494
              ],
              [
                80.339623650611,
                25.124203192823092
              ],
              [
                80.3457214695702,
                25.131463730866503
              ],
              [
                80.35016564303001,
                25.139576931430227
              ],
              [
                80.35450646370234,
                25.143814399314994
              ],
              [
                80.36008751782465,
                25.14675995510796
              ],
              [
                80.36659874883316,
                25.148878689499885
              ],
              [
                80.37279992057984,
                25.15190176055782
              ],
              [
                80.38592573358567,
                25.15960154907223
              ],
              [
                80.40235884028827,
                25.165751043975497
              ],
              [
                80.41331424295795,
                25.171125393422216
              ],
              [
                80.41858523961709,
                25.17585378682284
              ],
              [
                80.4219958843026,
                25.18073720985441
              ],
              [
                80.4219958843026,
                25.18598236719256
              ],
              [
                80.42034223790395,
                25.191330878217496
              ],
              [
                80.41197065582111,
                25.206497911249553
              ],
              [
                80.4099035991717,
                25.212078966271335
              ],
              [
                80.40762983604814,
                25.22946808558373
              ],
              [
                80.40576948407434,
                25.235074978127667
              ],
              [
                80.40297895701326,
                25.24001007710346
              ],
              [
                80.39936160675278,
                25.244040839413252
              ],
              [
                80.39502078608037,
                25.246676336843507
              ],
              [
                80.39005984868312,
                25.247296454467858
              ],
              [
                80.38499555939751,
                25.24590119138688
              ],
              [
                80.38024132667586,
                25.24411835377893
              ],
              [
                80.37579715411533,
                25.24411835377893
              ],
              [
                80.37186974459311,
                25.246805528052704
              ],
              [
                80.3633948097226,
                25.261920885140736
              ],
              [
                80.35977746036149,
                25.266158352126286
              ],
              [
                80.3557466980516,
                25.269568996811728
              ],
              [
                80.34210412020899,
                25.277165432538673
              ],
              [
                80.3264978367058,
                25.282255561145266
              ],
              [
                80.32205366414526,
                25.288275864839232
              ],
              [
                80.31895307782219,
                25.298585313261654
              ],
              [
                80.31709272674793,
                25.3373167989312
              ],
              [
                80.31233849492567,
                25.368658556247308
              ],
              [
                80.3092379086026,
                25.37780528378687
              ],
              [
                80.30582726391708,
                25.384704088423042
              ],
              [
                80.29011762942507,
                25.40449616116891
              ],
              [
                80.28360639841655,
                25.414469712806994
              ],
              [
                80.2757515811705,
                25.416485094411613
              ],
              [
                80.26789676302516,
                25.417182726401755
              ],
              [
                80.2535307147707,
                25.41472809522539
              ],
              [
                80.2349271986313,
                25.409663805040577
              ],
              [
                80.22789920368528,
                25.40865611378853
              ],
              [
                80.22097456332541,
                25.409586289775515
              ],
              [
                80.20557498629657,
                25.415864975887878
              ],
              [
                80.19813357930126,
                25.41643341756818
              ],
              [
                80.19110558525462,
                25.41333283124521
              ],
              [
                80.18728152941907,
                25.408294379482022
              ],
              [
                80.18087365119806,
                25.394212551168383
              ],
              [
                80.17518924338887,
                25.387262071487417
              ],
              [
                80.16774783729285,
                25.380259914963045
              ],
              [
                80.1245463397418,
                25.350959378572544
              ],
              [
                80.12134240063124,
                25.34969330490201
              ],
              [
                80.1164848160214,
                25.349615790536248
              ],
              [
                80.11059370263726,
                25.35116608324815
              ],
              [
                80.08702924999983,
                25.36163056130141
              ],
              [
                80.01530236241398,
                25.330908922508833
              ],
              [
                79.99907596218587,
                25.320160224514844
              ],
              [
                79.97313439273803,
                25.297190050180678
              ],
              [
                79.9347904797968,
                25.27042165843276
              ],
              [
                79.91536014225673,
                25.259802150748698
              ],
              [
                79.90109744678975,
                25.2557713893382
              ],
              [
                79.87639611169115,
                25.254686183720377
              ],
              [
                79.85210818864203,
                25.247839056827083
              ],
              [
                79.84042931466115,
                25.240681871571155
              ],
              [
                79.83474490775124,
                25.234299831771864
              ],
              [
                79.83381473176445,
                25.228796292015318
              ],
              [
                79.83381473176445,
                25.223602809721847
              ],
              [
                79.83484825963946,
                25.21771169723708
              ],
              [
                79.837018670875,
                25.21112295186262
              ],
              [
                79.8415661971223,
                25.203087267463406
              ],
              [
                79.84776736796961,
                25.19510325810888
              ],
              [
                79.86420047377284,
                25.177429917956385
              ],
              [
                79.86771447124576,
                25.17058279106299
              ],
              [
                79.86916141117017,
                25.163864854479435
              ],
              [
                79.866991000834,
                25.155829169180848
              ],
              [
                79.86327029778595,
                25.153245347694657
              ],
              [
                79.85097130708016,
                25.150945746149205
              ],
              [
                79.83846561079932,
                25.14722504310123
              ],
              [
                79.81448774611248,
                25.134900213973648
              ],
              [
                79.80167199057,
                25.131928818859862
              ],
              [
                79.79185346856265,
                25.13384084677763
              ],
              [
                79.77934777228181,
                25.14885285107809
              ],
              [
                79.77356001168516,
                25.15355540605719
              ],
              [
                79.76756554641281,
                25.156190904386715
              ],
              [
                79.76250125532864,
                25.156914373899212
              ],
              [
                79.73666303866825,
                25.152341010129554
              ],
              [
                79.66111209524706,
                25.14807770382299
              ],
              [
                79.64850304617856,
                25.14926626222821
              ],
              [
                79.61729048007155,
                25.157353624370305
              ],
              [
                79.57822309761778,
                25.174639390895216
              ],
              [
                79.56613081338632,
                25.17836009394327
              ],
              [
                79.56003299262856,
                25.179367784295767
              ],
              [
                79.55372846899368,
                25.179031887511606
              ],
              [
                79.54163618386278,
                25.176551418812906
              ],
              [
                79.53119754423125,
                25.168722439089272
              ],
              [
                79.52220584542341,
                25.158438829088656
              ],
              [
                79.50587609240775,
                25.127562161564473
              ],
              [
                79.50081180222286,
                25.12022410735672
              ],
              [
                79.49378380727683,
                25.113997097188253
              ],
              [
                79.47952111180987,
                25.105548000739716
              ],
              [
                79.46815229709082,
                25.103842678396912
              ],
              [
                79.45854047975932,
                25.105987250311372
              ],
              [
                79.45326948399946,
                25.1111032173395
              ],
              [
                79.45078901620012,
                25.11730438908628
              ],
              [
                79.44954878095149,
                25.124435736819784
              ],
              [
                79.44820519381456,
                25.13022349741652
              ],
              [
                79.44551802044026,
                25.136347153898054
              ],
              [
                79.43807661344495,
                25.141643988978817
              ],
              [
                79.42691450430095,
                25.14508047118677
              ],
              [
                79.40862104742345,
                25.144667060036756
              ],
              [
                79.39900923009188,
                25.141333929717092
              ],
              [
                79.3938415871196,
                25.136812241891416
              ],
              [
                79.39260135277014,
                25.130740261354028
              ],
              [
                79.39353152875705,
                25.11394542124428
              ],
              [
                79.3960119965564,
                25.09947602020215
              ],
              [
                79.39621870303073,
                25.085497545575276
              ],
              [
                79.39198123604517,
                25.074128729956936
              ],
              [
                79.3576680854138,
                25.071105657999727
              ],
              [
                79.34712609209542,
                25.075213935574656
              ],
              [
                79.33741092287578,
                25.081105048059513
              ],
              [
                79.33255333916529,
                25.08898570372729
              ],
              [
                79.33089969276654,
                25.099346828993042
              ],
              [
                79.33089969276654,
                25.11193004053893
              ],
              [
                79.3330701031027,
                25.127200426358595
              ],
              [
                79.33586063016396,
                25.138362535502573
              ],
              [
                79.33906456927443,
                25.14740591115386
              ],
              [
                79.3442322122468,
                25.154201362103183
              ],
              [
                79.36872684087096,
                25.175001126101005
              ],
              [
                79.3777185396789,
                25.187920234431235
              ],
              [
                79.3903275896465,
                25.214791978067264
              ],
              [
                79.42474409396469,
                25.2571924908407
              ],
              [
                79.43962690615685,
                25.28633799939912
              ],
              [
                79.44179731559356,
                25.297267564546445
              ],
              [
                79.4379732597581,
                25.30220266442143
              ],
              [
                79.43032514808709,
                25.299334622095127
              ],
              [
                79.42257368362863,
                25.29383108233858
              ],
              [
                79.40490034437538,
                25.277863064528802
              ],
              [
                79.39776899574262,
                25.274839993470952
              ],
              [
                79.38908735529722,
                25.27553762546099
              ],
              [
                79.37947553886504,
                25.279671738759713
              ],
              [
                79.36996707611969,
                25.280989488374207
              ],
              [
                79.3589083188639,
                25.27871572525056
              ],
              [
                79.34805626808225,
                25.273496406334118
              ],
              [
                79.34061486198621,
                25.266390896122967
              ],
              [
                79.33586063016396,
                25.259569606751928
              ],
              [
                79.33255333916529,
                25.253316759061196
              ],
              [
                79.3285225768554,
                25.247968248036283
              ],
              [
                79.32387169782054,
                25.244428412141477
              ],
              [
                79.31756717328636,
                25.2424130323355
              ],
              [
                79.31033247276541,
                25.243808295416486
              ],
              [
                79.30351118429373,
                25.248459174451433
              ],
              [
                79.29451948368715,
                25.259414578020387
              ],
              [
                79.29069542785169,
                25.269698188020914
              ],
              [
                79.28955854718919,
                25.2795425484498
              ],
              [
                79.29100548711351,
                25.2873715281736
              ],
              [
                79.29286583908714,
                25.29331431750171
              ],
              [
                79.29699995328524,
                25.302848619568127
              ],
              [
                79.32170128838374,
                25.339358018058064
              ],
              [
                79.32480187380743,
                25.349796657689684
              ],
              [
                79.32356163855872,
                25.355765286338872
              ],
              [
                79.31756717328636,
                25.362173162761238
              ],
              [
                79.31157270711475,
                25.36455027957175
              ],
              [
                79.30247765462006,
                25.364576117094096
              ],
              [
                79.27591596934657,
                25.334035346354238
              ],
              [
                79.26434044815318,
                25.30894643852724
              ],
              [
                79.26196333224195,
                25.295923977409505
              ],
              [
                79.2618599785552,
                25.287190660120803
              ],
              [
                79.26310021380374,
                25.2747366397841
              ],
              [
                79.28728478406556,
                25.205567735262743
              ],
              [
                79.29069542785169,
                25.188772895153008
              ],
              [
                79.290488723176,
                25.17750743322151
              ],
              [
                79.28676802012795,
                25.16903249835118
              ],
              [
                79.27953331870768,
                25.164278266528733
              ],
              [
                79.26899132718796,
                25.164123236897833
              ],
              [
                79.24553022733818,
                25.17231395092814
              ],
              [
                79.23467817565725,
                25.17507864046687
              ],
              [
                79.22630659357442,
                25.175233670097775
              ],
              [
                79.21855512911584,
                25.174536038107647
              ],
              [
                79.20997684055875,
                25.17293406855249
              ],
              [
                79.19209679573046,
                25.180323797805098
              ],
              [
                79.1823816256115,
                25.182287503465567
              ],
              [
                79.17152957572934,
                25.181667384941857
              ],
              [
                79.16016076011098,
                25.174691066839266
              ],
              [
                79.1524092956524,
                25.166138616703797
              ],
              [
                79.14279747922019,
                25.150713202152602
              ],
              [
                79.13390913319988,
                25.145364692026885
              ],
              [
                79.12584760858027,
                25.143840236837427
              ],
              [
                79.11923302568357,
                25.147845159826222
              ],
              [
                79.11592573378555,
                25.1538137884756
              ],
              [
                79.11189497327439,
                25.186008206513556
              ],
              [
                79.109001091627,
                25.19502574284373
              ],
              [
                79.100319452081,
                25.196731065186444
              ],
              [
                79.0847131685778,
                25.195258286840424
              ],
              [
                79.05153690040764,
                25.181279812213546
              ],
              [
                79.03489708902943,
                25.17639638918208
              ],
              [
                79.02404503824786,
                25.174639390895216
              ],
              [
                79.01722374887683,
                25.178385932364897
              ],
              [
                79.01215945779273,
                25.18407033927478
              ],
              [
                79.0087488140065,
                25.191589259736595
              ],
              [
                79.0082320491697,
                25.20293223693322
              ],
              [
                79.0113326345934,
                25.213990994189025
              ],
              [
                79.0178438656019,
                25.22590241126731
              ],
              [
                79.04399214062482,
                25.250552070421755
              ],
              [
                79.04740278531025,
                25.256934109321676
              ],
              [
                79.04585249169916,
                25.260422268372974
              ],
              [
                79.04337202300039,
                25.262825221806622
              ],
              [
                79.03210656106897,
                25.267760322580802
              ],
              [
                79.02838585802091,
                25.27140351036364
              ],
              [
                79.02621544768475,
                25.274142361480823
              ],
              [
                79.02156456864988,
                25.27739797653535
              ],
              [
                79.0143298681289,
                25.28124786989332
              ],
              [
                78.99862023273752,
                25.28269480981755
              ],
              [
                78.99086876827901,
                25.28078278189986
              ],
              [
                78.98673465408103,
                25.276235256551864
              ],
              [
                78.98580447809424,
                25.268483792093456
              ],
              [
                78.98642459481921,
                25.25840688676844
              ],
              [
                78.98611453555739,
                25.247503160042832
              ],
              [
                78.983427362183,
                25.237374578773746
              ],
              [
                78.97298872255146,
                25.228176174390928
              ],
              [
                78.96151655504492,
                25.225747382535666
              ],
              [
                78.94777062441473,
                25.22414541298043
              ],
              [
                78.9378487487208,
                25.21964956357647
              ],
              [
                78.93040734172538,
                25.21378428771478
              ],
              [
                78.91686811667026,
                25.19618846282723
              ],
              [
                78.90766971228737,
                25.186395779241792
              ],
              [
                78.89113325369674,
                25.17538869882941
              ],
              [
                78.87945437971584,
                25.17479442052604
              ],
              [
                78.86984256418295,
                25.18050466585764
              ],
              [
                78.86395145079881,
                25.191615099057582
              ],
              [
                78.86209109882509,
                25.206833808033814
              ],
              [
                78.86312462759946,
                25.221070665079164
              ],
              [
                78.86767215384677,
                25.237736313979713
              ],
              [
                78.87501020715533,
                25.252283230286892
              ],
              [
                78.88503543473746,
                25.265538235401294
              ],
              [
                78.89919477741704,
                25.277010402907745
              ],
              [
                78.92306928931622,
                25.29140228958402
              ],
              [
                78.92916710827542,
                25.29607900614124
              ],
              [
                78.93547163280958,
                25.304063015495764
              ],
              [
                78.93753869035827,
                25.31279633188521
              ],
              [
                78.93722863199572,
                25.321839708435753
              ],
              [
                78.93423139756095,
                25.337239285464605
              ],
              [
                78.93412804567274,
                25.346489365791648
              ],
              [
                78.93660851437144,
                25.35721222626328
              ],
              [
                78.95490197124894,
                25.38571177787627
              ],
              [
                78.95748579273506,
                25.397726549540575
              ],
              [
                78.95996626233313,
                25.42653616041545
              ],
              [
                78.95996626233313,
                25.43333161136468
              ],
              [
                78.95810591035949,
                25.43777578392532
              ],
              [
                78.95314497296208,
                25.442349147694955
              ],
              [
                78.94818403466547,
                25.443098456528528
              ],
              [
                78.93939904233196,
                25.44185822217925
              ],
              [
                78.9288570490136,
                25.43893850390872
              ],
              [
                78.9166614110952,
                25.437982490399566
              ],
              [
                78.90911665221178,
                25.441393134185713
              ],
              [
                78.9061194186762,
                25.446586615579815
              ],
              [
                78.90849653458743,
                25.4544672712475
              ],
              [
                78.9131474136222,
                25.462890530173766
              ],
              [
                78.91748823429454,
                25.474078476840205
              ],
              [
                78.91934858626826,
                25.485343940570335
              ],
              [
                78.91914187979383,
                25.504593410957177
              ],
              [
                78.91697147035703,
                25.514360256120913
              ],
              [
                78.9131474136222,
                25.525341498111658
              ],
              [
                78.90115848217825,
                25.536193548893205
              ],
              [
                78.89113325369674,
                25.538105576810985
              ],
              [
                78.87935102692838,
                25.533868109825423
              ],
              [
                78.86973921139537,
                25.52505727817084
              ],
              [
                78.86178103956334,
                25.515032049689324
              ],
              [
                78.8552698103535,
                25.50208710383675
              ],
              [
                78.85351281116728,
                25.49725535674935
              ],
              [
                78.85247928329225,
                25.49100250905851
              ],
              [
                78.85185916476861,
                25.48126150231648
              ],
              [
                78.85475304641592,
                25.444726264505555
              ],
              [
                78.85309940001726,
                25.43402924245555
              ],
              [
                78.84638146433315,
                25.425941881212903
              ],
              [
                78.83552941265232,
                25.41974070946623
              ],
              [
                78.8169258974122,
                25.417182726401755
              ],
              [
                78.80669396425519,
                25.42064504613195
              ],
              [
                78.8008028499715,
                25.426872057199713
              ],
              [
                78.79925255725969,
                25.43893850390872
              ],
              [
                78.80028608603408,
                25.477618312734922
              ],
              [
                78.79718549971103,
                25.499761663869762
              ],
              [
                78.79553185421173,
                25.503895778967035
              ],
              [
                78.79243126788865,
                25.50965770114198
              ],
              [
                78.78188927636901,
                25.524023749396523
              ],
              [
                78.76307905465464,
                25.510872097069615
              ],
              [
                78.75481082625856,
                25.50831411400523
              ],
              [
                78.7441654801527,
                25.50668630602819
              ],
              [
                78.73424360535815,
                25.501983751049256
              ],
              [
                78.72690555204959,
                25.49446482968818
              ],
              [
                78.72411502498835,
                25.484413764583525
              ],
              [
                78.72256473227662,
                25.461727810190265
              ],
              [
                78.72618208163775,
                25.455552475966027
              ],
              [
                78.74519900892707,
                25.439300239114775
              ],
              [
                78.74788618410012,
                25.43374502251481
              ],
              [
                78.74881635918757,
                25.42614858678778
              ],
              [
                78.74571577286459,
                25.416795151874688
              ],
              [
                78.73517378134488,
                25.402739162882057
              ],
              [
                78.73145307829698,
                25.39591787441047
              ],
              [
                78.73031619673512,
                25.38788218821241
              ],
              [
                78.73207319502188,
                25.380802517322348
              ],
              [
                78.73744754356933,
                25.36829682104152
              ],
              [
                78.73827436676856,
                25.359796046850022
              ],
              [
                78.73620731011933,
                25.35173452402908
              ],
              [
                78.72752566877459,
                25.34638601300408
              ],
              [
                78.71884402922856,
                25.34780711540615
              ],
              [
                78.71098921108315,
                25.353517360737662
              ],
              [
                78.69879357316485,
                25.36672068900863
              ],
              [
                78.691042107807,
                25.373154404751997
              ],
              [
                78.67522911962811,
                25.382507838765704
              ],
              [
                78.6701648294434,
                25.388657335467688
              ],
              [
                78.66489383278407,
                25.40162811884262
              ],
              [
                78.66086307227295,
                25.40589142514918
              ],
              [
                78.65228478371574,
                25.4094570994656
              ],
              [
                78.63151085813955,
                25.415503241581373
              ],
              [
                78.61166710765087,
                25.415425727215606
              ],
              [
                78.59709435382136,
                25.41400462481362
              ],
              [
                78.58851606616355,
                25.41082652412487
              ],
              [
                78.58210818884181,
                25.40674408587094
              ],
              [
                78.57776736816948,
                25.401008002117628
              ],
              [
                78.57580366430764,
                25.394031684015033
              ],
              [
                78.57673384029447,
                25.387494615484112
              ],
              [
                78.5786975441563,
                25.38196523730585
              ],
              [
                78.58045454334253,
                25.375169786356516
              ],
              [
                78.57931766088136,
                25.369924628119083
              ],
              [
                78.57559695783331,
                25.36442108836255
              ],
              [
                78.56226443925252,
                25.354421699202124
              ],
              [
                78.55502973783217,
                25.347626248252702
              ],
              [
                78.53043175731979,
                25.315664374211515
              ],
              [
                78.52019982326323,
                25.298817857258346
              ],
              [
                78.51575564980332,
                25.289231879247843
              ],
              [
                78.5133785338922,
                25.281092841161776
              ],
              [
                78.51358524036652,
                25.27336721422546
              ],
              [
                78.51585900259099,
                25.26621002896972
              ],
              [
                78.52164676318755,
                25.25848440203349
              ],
              [
                78.5288814637086,
                25.25207652381247
              ],
              [
                78.54862186140987,
                25.237762153300725
              ],
              [
                78.56185102720312,
                25.226057440898124
              ],
              [
                78.57373660675906,
                25.212156479737818
              ],
              [
                78.60980675657653,
                25.13632131637571
              ],
              [
                78.61786828029683,
                25.108881130160007
              ],
              [
                78.6195219257962,
                25.064671943155655
              ],
              [
                78.64019249858495,
                24.96410960537394
              ],
              [
                78.64887413903023,
                24.940726019889926
              ],
              [
                78.65910607308679,
                24.924318753407682
              ],
              [
                78.6975533388155,
                24.888636176318517
              ],
              [
                78.70974897673388,
                24.87372752480545
              ],
              [
                78.72370161293905,
                24.848716132243677
              ],
              [
                78.72959272722254,
                24.830526028153674
              ],
              [
                78.73207319502188,
                24.81491974554977
              ],
              [
                78.73155643108447,
                24.768591824153305
              ],
              [
                78.73579389806996,
                24.73763764136405
              ],
              [
                78.73620731011933,
                24.725545356233237
              ],
              [
                78.73434695814562,
                24.715830186114268
              ],
              [
                78.73114301993435,
                24.70815623602147
              ],
              [
                78.71946414595355,
                24.693609321513037
              ],
              [
                78.71543338364368,
                24.685108547321704
              ],
              [
                78.7151233261806,
                24.6687012799401
              ],
              [
                78.71977420431608,
                24.656402289234226
              ],
              [
                78.72680219926211,
                24.64340566743759
              ],
              [
                78.73310672379627,
                24.635421658083054
              ],
              [
                78.74013471874228,
                24.63100332304496
              ],
              [
                78.75036665189938,
                24.62984060306146
              ],
              [
                78.76214887866784,
                24.632166043028537
              ],
              [
                78.79150109190185,
                24.642087917823098
              ],
              [
                78.81413537035104,
                24.646273708864523
              ],
              [
                78.82705447778181,
                24.64710053206385
              ],
              [
                78.84204064276145,
                24.644645900887575
              ],
              [
                78.8565100438035,
                24.63859975787253
              ],
              [
                78.87108279763301,
                24.625732327285096
              ],
              [
                78.87873091020339,
                24.613200792582536
              ],
              [
                78.88379520128747,
                24.598602200331296
              ],
              [
                78.88782596179868,
                24.582711696887284
              ],
              [
                78.8934070168204,
                24.571291205324894
              ],
              [
                78.9131474136222,
                24.547545885534195
              ],
              [
                78.92244917169194,
                24.53330902848901
              ],
              [
                78.92162234939191,
                24.523361314373183
              ],
              [
                78.91480106002086,
                24.508116766975235
              ],
              [
                78.91376753124656,
                24.50279409437195
              ],
              [
                78.9135608256716,
                24.50054617056938
              ],
              [
                78.91376753124656,
                24.498091539393016
              ],
              [
                78.91418094329595,
                24.494680893808226
              ],
              [
                78.91624799994518,
                24.486800239039813
              ],
              [
                78.92038211504254,
                24.48313121193591
              ],
              [
                78.92854699065104,
                24.4806507432373
              ],
              [
                78.93888227659582,
                24.48028900803132
              ],
              [
                78.95986290864636,
                24.477059231398435
              ],
              [
                78.9782597192107,
                24.467421576544602
              ],
              [
                78.97846642388639,
                24.440033067172244
              ],
              [
                78.97236860492718,
                24.42256643349407
              ],
              [
                78.96461714136798,
                24.40540985817846
              ],
              [
                78.95500532403652,
                24.392542425792275
              ],
              [
                78.9469438012154,
                24.38450674139305
              ],
              [
                78.93567833928391,
                24.375463364842417
              ],
              [
                78.90198530537748,
                24.346369534026714
              ],
              [
                78.88906619704743,
                24.324148668526288
              ],
              [
                78.87966108619011,
                24.296372586425782
              ],
              [
                78.86684533064754,
                24.272136339320646
              ],
              [
                78.85165246009294,
                24.254514675112187
              ],
              [
                78.82581424343255,
                24.230149237697226
              ],
              [
                78.80979454877942,
                24.220227362902488
              ],
              [
                78.7921212104255,
                24.2173851589979
              ],
              [
                78.7753780462598,
                24.2245681835748
              ],
              [
                78.76214887866784,
                24.23565277835304
              ],
              [
                78.75584435413359,
                24.24919200340827
              ],
              [
                78.75408735494744,
                24.260328274130472
              ],
              [
                78.753777296585,
                24.26996592898447
              ],
              [
                78.75140018067385,
                24.27658051188117
              ],
              [
                78.7466459488515,
                24.27942271578567
              ],
              [
                78.73620731011933,
                24.280430406138347
              ],
              [
                78.72091108587789,
                24.28012034777589
              ],
              [
                78.68876834468335,
                24.28291087483697
              ],
              [
                78.67326541486702,
                24.287070828356036
              ],
              [
                78.65590213397624,
                24.29458974881793
              ],
              [
                78.64050255694747,
                24.30474416850854
              ],
              [
                78.61084028535092,
                24.332907823337347
              ],
              [
                78.59037641813717,
                24.345361842774846
              ],
              [
                78.53580610496778,
                24.38858917874753
              ],
              [
                78.50924441879492,
                24.403006903845526
              ],
              [
                78.48940066920554,
                24.410784206725715
              ],
              [
                78.47772179612393,
                24.411636868346744
              ],
              [
                78.4688334492043,
                24.40804535650798
              ],
              [
                78.46325239508198,
                24.40176666949616
              ],
              [
                78.45736128079847,
                24.393110867472668
              ],
              [
                78.45271040176351,
                24.384480902971244
              ],
              [
                78.44919640518997,
                24.373680528133757
              ],
              [
                78.44795617084061,
                24.36339691813332
              ],
              [
                78.44743940600374,
                24.35383677854446
              ],
              [
                78.44619917165438,
                24.345568549249194
              ],
              [
                78.44237511581883,
                24.337377835218874
              ],
              [
                78.4350370616111,
                24.328076077149227
              ],
              [
                78.42346154221634,
                24.318257555142146
              ],
              [
                78.4080619651876,
                24.30843903223552
              ],
              [
                78.38553104042515,
                24.301230170136247
              ],
              [
                78.3705448754456,
                24.302470405384973
              ],
              [
                78.35648888465431,
                24.309162503546723
              ],
              [
                78.3458435403471,
                24.318903510288756
              ],
              [
                78.3357149599774,
                24.331021632942104
              ],
              [
                78.3301339049557,
                24.342028713354477
              ],
              [
                78.32920372896889,
                24.353681748913633
              ],
              [
                78.33189090414194,
                24.363706977395047
              ],
              [
                78.35018436101943,
                24.39256826421407
              ],
              [
                78.35214806488125,
                24.400733140721957
              ],
              [
                78.35049441938197,
                24.407967841242932
              ],
              [
                78.34439660042268,
                24.41473745377046
              ],
              [
                78.33499148956555,
                24.420240994426287
              ],
              [
                78.30925662569273,
                24.430834661890156
              ],
              [
                78.29199669758954,
                24.441919257567676
              ],
              [
                78.27752729744688,
                24.453107205133385
              ],
              [
                78.27225630078765,
                24.467421576544602
              ],
              [
                78.2698791848765,
                24.477679348123324
              ],
              [
                78.2632646019798,
                24.4806507432373
              ],
              [
                78.2542729022726,
                24.48207184473989
              ],
              [
                78.24435102657858,
                24.487885443758177
              ],
              [
                78.24228396992926,
                24.493001409887217
              ],
              [
                78.22740115773728,
                24.518193671400887
              ],
              [
                78.2238871602642,
                24.51922720017518
              ],
              [
                78.22884809766161,
                24.532740586808696
              ],
              [
                78.2542729022726,
                24.56485749048081
              ],
              [
                78.26481489469163,
                24.583486843243175
              ],
              [
                78.27039594881401,
                24.603175564100944
              ],
              [
                78.27225630078765,
                24.624440416092305
              ],
              [
                78.27008589135083,
                24.62867788307788
              ],
              [
                78.26057742680675,
                24.63903900834355
              ],
              [
                78.25799360532066,
                24.64493012082848
              ],
              [
                78.26378136591731,
                24.66270681376839
              ],
              [
                78.26481489469163,
                24.66914053041122
              ],
              [
                78.2613008972186,
                24.692653307104422
              ],
              [
                78.25230919841077,
                24.70722606003466
              ],
              [
                78.24114708926676,
                24.719034125224734
              ],
              [
                78.23070844873587,
                24.734304511044385
              ],
              [
                78.22688439290042,
                24.752727159131172
              ],
              [
                78.22709109937476,
                24.773294379132228
              ],
              [
                78.2249206890386,
                24.794119981551948
              ],
              [
                78.19784223802885,
                24.839440211696363
              ],
              [
                78.19308800710577,
                24.843548489271306
              ],
              [
                78.18192589706248,
                24.846571560329245
              ],
              [
                78.17365766776713,
                24.854478054418706
              ],
              [
                78.16911014241911,
                24.865459296409377
              ],
              [
                78.16921349520659,
                24.877680771850105
              ],
              [
                78.1803756043507,
                24.892511908098115
              ],
              [
                78.2259542169136,
                24.92633413321375
              ],
              [
                78.25727013490881,
                24.940209255053144
              ],
              [
                78.31266727127753,
                24.987544866802196
              ],
              [
                78.32486290919584,
                25.002169298374422
              ],
              [
                78.33654178317671,
                25.02299489989468
              ],
              [
                78.34067589737481,
                25.045810045497138
              ],
              [
                78.33034061143005,
                25.06637726549837
              ],
              [
                78.33044396421752,
                25.08198354720299
              ],
              [
                78.33509484235303,
                25.087978014273894
              ],
              [
                78.33871219261363,
                25.114720566700804
              ],
              [
                78.34222619008662,
                25.130533555778978
              ],
              [
                78.34553348198456,
                25.13924103374678
              ],
              [
                78.35958947097731,
                25.15892975550382
              ],
              [
                78.36630740756075,
                25.186008206513556
              ],
              [
                78.36475711484897,
                25.196756904507534
              ],
              [
                78.36051964696419,
                25.21045115829431
              ],
              [
                78.34811730257148,
                25.228253688756705
              ],
              [
                78.2976811053987,
                25.32780833618576
              ],
              [
                78.28424523313097,
                25.344680691560644
              ],
              [
                78.27225630078765,
                25.356204535011333
              ],
              [
                78.25644331170949,
                25.376720079068416
              ],
              [
                78.25179243357397,
                25.388424791470918
              ],
              [
                78.25117231594963,
                25.397829902328148
              ],
              [
                78.25489301989695,
                25.4039793972314
              ],
              [
                78.26192101394358,
                25.411705024167542
              ],
              [
                78.33003055216831,
                25.46477672056919
              ],
              [
                78.34656700985957,
                25.48642914528879
              ],
              [
                78.35669559112866,
                25.539604194478095
              ],
              [
                78.3705448754456,
                25.552678331539777
              ],
              [
                78.46066857269642,
                25.574640815521178
              ],
              [
                78.48175255663516,
                25.577663886579117
              ],
              [
                78.49570519373971,
                25.57825816488248
              ],
              [
                78.52640099500992,
                25.572935492279193
              ],
              [
                78.54645145107357,
                25.572573757073318
              ],
              [
                78.55844038341695,
                25.57554515218709
              ],
              [
                78.57208296125968,
                25.582443955923814
              ],
              [
                78.58262495277931,
                25.590350450013204
              ],
              [
                78.61611128111069,
                25.607610379015682
              ],
              [
                78.71450320765686,
                25.62592967431499
              ],
              [
                78.74757612483823,
                25.642724514424824
              ],
              [
                78.75171023993559,
                25.649235745433227
              ],
              [
                78.75346723822244,
                25.65393830041225
              ],
              [
                78.75439741420927,
                25.658124091453573
              ],
              [
                78.75450076699683,
                25.665100409556242
              ],
              [
                78.75357059100993,
                25.674272976416717
              ],
              [
                78.75005659443632,
                25.68610687912922
              ],
              [
                78.74488895056463,
                25.698069973050835
              ],
              [
                78.73186649034619,
                25.720781764966528
              ],
              [
                78.7284558447614,
                25.7305227735072
              ],
              [
                78.72711225762465,
                25.74021210430526
              ],
              [
                78.72783572803641,
                25.750185655043957
              ],
              [
                78.72959272722254,
                25.76070180904127
              ],
              [
                78.73331343027051,
                25.774163519730635
              ],
              [
                78.73982466037972,
                25.789795640756253
              ],
              [
                78.74881635918757,
                25.80054433785087
              ],
              [
                78.76090864521785,
                25.808760891202176
              ],
              [
                78.77455122306047,
                25.815633857416547
              ],
              [
                78.79098432796442,
                25.82679596656064
              ],
              [
                78.8083476088551,
                25.84154958844278
              ],
              [
                78.8239538923582,
                25.87653453174316
              ],
              [
                78.83521935428969,
                25.90573171624564
              ],
              [
                78.87966108619011,
                25.956090399952
              ],
              [
                78.88679243392369,
                25.96924205227882
              ],
              [
                78.89051313697166,
                25.97893138307679
              ],
              [
                78.8934070168204,
                26.00004120543724
              ],
              [
                78.91438764797154,
                26.042751777472503
              ],
              [
                78.94653038916611,
                26.088252874770358
              ],
              [
                78.95314497296208,
                26.10031932237884
              ],
              [
                78.95407514804963,
                26.109982814755107
              ],
              [
                78.9490108578648,
                26.11530548825766
              ],
              [
                78.93268110484905,
                26.124658922271472
              ],
              [
                78.9248262876031,
                26.13318553308585
              ],
              [
                78.91996870299326,
                26.144657701491685
              ],
              [
                78.91841841028143,
                26.163442083885055
              ],
              [
                78.92131229013009,
                26.172666326689576
              ],
              [
                78.9271000507268,
                26.178066515457292
              ],
              [
                78.94529015481675,
                26.184319363148102
              ],
              [
                78.95407514804963,
                26.19196747481911
              ],
              [
                78.95655561674832,
                26.197806912259185
              ],
              [
                78.95562544076141,
                26.20390473121838
              ],
              [
                78.94435997883002,
                26.219666043453106
              ],
              [
                78.93857221913264,
                26.230466417391334
              ],
              [
                78.93578169117212,
                26.244780788802373
              ],
              [
                78.93815880708325,
                26.254599310809542
              ],
              [
                78.94229292218053,
                26.261523952968073
              ],
              [
                78.95583214723575,
                26.273228665370663
              ],
              [
                78.96327355333179,
                26.278086249081205
              ],
              [
                78.97112837057776,
                26.28129018819167
              ],
              [
                78.98063683512184,
                26.28400320088706
              ],
              [
                79.0082320491697,
                26.289300035068553
              ],
              [
                79.0192908064256,
                26.293795885371882
              ],
              [
                79.02838585802091,
                26.301108100258535
              ],
              [
                79.0363440289538,
                26.31007396154403
              ],
              [
                79.05856489535364,
                26.343043525038624
              ],
              [
                79.06114871594053,
                26.34937388799451
              ],
              [
                79.060838657578,
                26.355084133326105
              ],
              [
                79.05773807215431,
                26.3586239692209
              ],
              [
                79.0532938977952,
                26.362267157003636
              ],
              [
                79.04936649007145,
                26.364540921026666
              ],
              [
                79.0396513199524,
                26.375057074124605
              ],
              [
                79.05205366434512,
                26.411488959148226
              ],
              [
                79.04926313728389,
                26.4406603052289
              ],
              [
                79.0409949079886,
                26.467997137757738
              ],
              [
                79.02807579875909,
                26.497556057466007
              ],
              [
                78.97443566337516,
                26.571582545697915
              ],
              [
                78.95996626233313,
                26.596671454424108
              ],
              [
                78.94570356596678,
                26.63558380814626
              ],
              [
                78.93815880708325,
                26.668139960490826
              ],
              [
                78.93846886634509,
                26.675943101792644
              ],
              [
                78.93774539593323,
                26.67772593850121
              ],
              [
                78.93774539593323,
                26.686950182205106
              ],
              [
                78.93578169117212,
                26.694443264245283
              ],
              [
                78.92606652195244,
                26.706225491013562
              ],
              [
                78.91934858626826,
                26.707827460568872
              ],
              [
                78.90508589080117,
                26.708085842088
              ],
              [
                78.87345991444352,
                26.70056692072682
              ],
              [
                78.86126427562576,
                26.70126455271696
              ],
              [
                78.84235070202327,
                26.711935737244442
              ],
              [
                78.81217166469057,
                26.747669990277846
              ],
              [
                78.79243126788865,
                26.762087714476454
              ],
              [
                78.7819926291565,
                26.76384471276332
              ],
              [
                78.77083052001241,
                26.76356049192312
              ],
              [
                78.76194217309285,
                26.7652399767435
              ],
              [
                78.75832482283228,
                26.772965602780435
              ],
              [
                78.75450076699683,
                26.785729682378957
              ],
              [
                78.74540571540152,
                26.78921784143025
              ],
              [
                78.73424360535815,
                26.785445462438215
              ],
              [
                78.72411502498835,
                26.77637624836516
              ],
              [
                78.71005903509644,
                26.798881333806506
              ],
              [
                78.69321251814323,
                26.79787364345392
              ],
              [
                78.65528201725122,
                26.77637624836516
              ],
              [
                78.64256961539543,
                26.77513601311651
              ],
              [
                78.6225191593317,
                26.7773064234527
              ],
              [
                78.61425093003643,
                26.77637624836516
              ],
              [
                78.60660281836535,
                26.771131090127717
              ],
              [
                78.60174523285623,
                26.764335639178395
              ],
              [
                78.595234002747,
                26.758392848950837
              ],
              [
                78.58324507040368,
                26.7558865418305
              ],
              [
                78.56350467270249,
                26.758496201738318
              ],
              [
                78.51802941292706,
                26.783197536836916
              ],
              [
                78.4987024272752,
                26.788210151077667
              ],
              [
                78.46159874868331,
                26.79226675090988
              ],
              [
                78.44609581886691,
                26.79996653942423
              ],
              [
                78.4383443544084,
                26.80869985581366
              ],
              [
                78.43348676979856,
                26.816683865168198
              ],
              [
                78.42811242125121,
                26.8225491401308
              ],
              [
                78.418707310394,
                26.82479706483265
              ],
              [
                78.39596968005668,
                26.82417694810766
              ],
              [
                78.38491092280087,
                26.826812446437273
              ],
              [
                78.37147505143241,
                26.85104869174369
              ],
              [
                78.35059777216937,
                26.858464260317362
              ],
              [
                78.3261031426459,
                26.859807848353583
              ],
              [
                78.2860022323172,
                26.854846910056892
              ],
              [
                78.28031782360867,
                26.851436266270643
              ],
              [
                78.27225630078765,
                26.84464081532131
              ],
              [
                78.25820031089563,
                26.82133474420307
              ],
              [
                78.25489301989695,
                26.817329820314907
              ],
              [
                78.23391238784635,
                26.819784451491273
              ],
              [
                78.21923628122941,
                26.823892727267637
              ],
              [
                78.2001160011525,
                26.82358266890509
              ],
              [
                78.19784223802885,
                26.83115326621033
              ],
              [
                78.19360477104337,
                26.839834907554984
              ],
              [
                78.18719689282236,
                26.847741400745115
              ],
              [
                78.17758507728944,
                26.85699148197134
              ],
              [
                78.17345096219216,
                26.86350271297984
              ],
              [
                78.17262413899275,
                26.868618679108792
              ],
              [
                78.1753113141658,
                26.87347626371863
              ],
              [
                78.17975548672632,
                26.87502655732971
              ],
              [
                78.18843712807097,
                26.874819850855467
              ],
              [
                78.1975321796664,
                26.876137600469868
              ],
              [
                78.20807417208542,
                26.882209581007256
              ],
              [
                78.24135379394237,
                26.9114842798756
              ],
              [
                78.24652143691483,
                26.91784048125319
              ],
              [
                78.24600467297724,
                26.92290477143808
              ],
              [
                78.2425940291911,
                26.927271430532134
              ],
              [
                78.23690962138184,
                26.931353867886692
              ],
              [
                78.23101850799769,
                26.934661159784742
              ],
              [
                78.22306033706487,
                26.937064114117586
              ],
              [
                78.2007361178776,
                26.9391828485096
              ],
              [
                78.19091759587033,
                26.941663316309025
              ],
              [
                78.18120242665064,
                26.94590078419396
              ],
              [
                78.1688000831573,
                26.94892385525172
              ],
              [
                78.15185021431591,
                26.95093923595707
              ],
              [
                78.1220845890326,
                26.949543971976787
              ],
              [
                78.10689171667934,
                26.94729604727477
              ],
              [
                78.09428266761103,
                26.94003550923145
              ],
              [
                78.08839155512617,
                26.93468699820636
              ],
              [
                78.07888309058217,
                26.928666694512316
              ],
              [
                78.07474897728345,
                26.923447373797305
              ],
              [
                78.0710282733361,
                26.917039496475656
              ],
              [
                78.06606733593878,
                26.912311103075016
              ],
              [
                78.05810916500599,
                26.910063178373075
              ],
              [
                78.03702518106722,
                26.91125173587892
              ],
              [
                78.02927371570938,
                26.910011502428848
              ],
              [
                78.02317589675027,
                26.905412299338128
              ],
              [
                78.02131554567585,
                26.899934597103915
              ],
              [
                78.02090213362654,
                26.892803250269804
              ],
              [
                78.02131554567585,
                26.87487152769891
              ],
              [
                78.01914513533976,
                26.86836029669041
              ],
              [
                78.01625125459164,
                26.866654975246963
              ],
              [
                78.0098433781693,
                26.8700656190332
              ],
              [
                78.00643273258459,
                26.87474233738897
              ],
              [
                78.00384891109829,
                26.880607612351394
              ],
              [
                78.00074832567469,
                26.89065867835524
              ],
              [
                77.99744103377674,
                26.895077013393525
              ],
              [
                77.98906945169381,
                26.90127818514012
              ],
              [
                77.97656375541297,
                26.90437877056372
              ],
              [
                77.91744591689555,
                26.90773773930528
              ],
              [
                77.88881717317392,
                26.915024115770393
              ],
              [
                77.87910200395432,
                26.915024115770393
              ],
              [
                77.86980024588459,
                26.913086249430922
              ],
              [
                77.85729454870446,
                26.904895535400602
              ],
              [
                77.85264367056897,
                26.902880153796072
              ],
              [
                77.84706261644655,
                26.905670680857227
              ],
              [
                77.84365197086176,
                26.909288032017095
              ],
              [
                77.83889773993877,
                26.912957058221636
              ],
              [
                77.83207645056774,
                26.916186834854614
              ],
              [
                77.82184451741055,
                26.919364936442644
              ],
              [
                77.76065962134443,
                26.926728827273536
              ],
              [
                77.73378787590966,
                26.933498439801152
              ],
              [
                77.72045535732887,
                26.933963527794603
              ],
              [
                77.70464236825072,
                26.929751899230745
              ],
              [
                77.69224002475737,
                26.922310492235443
              ],
              [
                77.66505822096016,
                26.89678233483688
              ],
              [
                77.64139041463595,
                26.88324310978175
              ],
              [
                77.51054568943196,
                26.833323676546403
              ],
              [
                77.50062381373803,
                26.831179103732673
              ],
              [
                77.49225223165519,
                26.8309982374787
              ],
              [
                77.47829959455065,
                26.835855821189174
              ],
              [
                77.47209842280398,
                26.836553453179302
              ],
              [
                77.4663106631066,
                26.83340119091227
              ],
              [
                77.45452843633825,
                26.807407945520257
              ],
              [
                77.44626020704288,
                26.795341497911878
              ],
              [
                77.43189415878832,
                26.781233832075625
              ],
              [
                77.40698611811484,
                26.77513601311651
              ],
              [
                77.39789106562024,
                26.778882555485573
              ],
              [
                77.39582400897085,
                26.78242239048101
              ],
              [
                77.39489383298402,
                26.788546046962544
              ],
              [
                77.39923465365636,
                26.810431017477566
              ],
              [
                77.40047488800572,
                26.832393500559686
              ],
              [
                77.39913130086879,
                26.84812897437271
              ],
              [
                77.3995447120188,
                26.855518704524677
              ],
              [
                77.40223188719186,
                26.86420034407069
              ],
              [
                77.40874311730107,
                26.872649441418673
              ],
              [
                77.42331587113051,
                26.884379991343533
              ],
              [
                77.4608329608724,
                26.90422374093282
              ],
              [
                77.62847130720506,
                26.973160102356868
              ],
              [
                77.649555292043,
                26.97918040605091
              ],
              [
                77.69999149011521,
                26.98871470811726
              ],
              [
                77.71229047992162,
                26.994735011811315
              ],
              [
                77.71911177019203,
                27.002925726740894
              ],
              [
                77.71921512208024,
                27.015793158227613
              ],
              [
                77.71384077263352,
                27.023363756432314
              ],
              [
                77.70743289621117,
                27.026309312225024
              ],
              [
                77.70143843003953,
                27.0252757843499
              ],
              [
                77.69596072780534,
                27.022020169295285
              ],
              [
                77.69192996639482,
                27.018092759773076
              ],
              [
                77.68335167783762,
                27.007163193726456
              ],
              [
                77.67859744691465,
                27.005070299554724
              ],
              [
                77.67404992066726,
                27.00625885706057
              ],
              [
                77.66815880728312,
                27.011969102392168
              ],
              [
                77.65255252467931,
                27.03912506776776
              ],
              [
                77.64790164564442,
                27.04434438758347
              ],
              [
                77.64304406103459,
                27.046618149807657
              ],
              [
                77.63839318199972,
                27.046463121076126
              ],
              [
                77.63394900943926,
                27.044086005165077
              ],
              [
                77.6303316591787,
                27.039771022914376
              ],
              [
                77.6278511895808,
                27.03548187908538
              ],
              [
                77.62361372259522,
                27.03132192646566
              ],
              [
                77.61896284356035,
                27.02995250090721
              ],
              [
                77.59415815567436,
                27.031115220890698
              ],
              [
                77.55974165225537,
                27.036799627800516
              ],
              [
                77.55074995344752,
                27.040081082176194
              ],
              [
                77.54341190013906,
                27.045171209883428
              ],
              [
                77.5402079610286,
                27.05238007288206
              ],
              [
                77.53659061076803,
                27.066539415561568
              ],
              [
                77.53276655493258,
                27.07026011771026
              ],
              [
                77.52842573426025,
                27.071164456174724
              ],
              [
                77.5179870946287,
                27.070957749700376
              ],
              [
                77.51178592288203,
                27.072559719255622
              ],
              [
                77.50713504384716,
                27.07578949588852
              ],
              [
                77.50341434079918,
                27.08046621334501
              ],
              [
                77.50093387210048,
                27.085582180373333
              ],
              [
                77.49979699143798,
                27.08917369221211
              ],
              [
                77.49948693217607,
                27.095090644018043
              ],
              [
                77.50072716742488,
                27.099483141533714
              ],
              [
                77.50506798719783,
                27.104883328502865
              ],
              [
                77.51343956928068,
                27.10922414827582
              ],
              [
                77.57472781813428,
                27.12371938684022
              ],
              [
                77.5913676286132,
                27.13074738178631
              ],
              [
                77.59880903470925,
                27.143356431753915
              ],
              [
                77.60035932832032,
                27.152193101830214
              ],
              [
                77.60408003136838,
                27.160668035801173
              ],
              [
                77.61730919806098,
                27.165706489363
              ],
              [
                77.64025353397344,
                27.17725617123524
              ],
              [
                77.65730675740096,
                27.202706814268105
              ],
              [
                77.65224246631675,
                27.214540716980455
              ],
              [
                77.64521447137066,
                27.217305406519344
              ],
              [
                77.64046024044778,
                27.220819403992344
              ],
              [
                77.63549930215108,
                27.225444443706053
              ],
              [
                77.62919477671764,
                27.246476751700733
              ],
              [
                77.62485395694456,
                27.25694122975388
              ],
              [
                77.61586225813667,
                27.26841339815979
              ],
              [
                77.61048790869002,
                27.279291287362966
              ],
              [
                77.60552697129269,
                27.298334052174834
              ],
              [
                77.60718061679208,
                27.308772690906903
              ],
              [
                77.60718061679208,
                27.31789358182339
              ],
              [
                77.60614708891697,
                27.3236296664759
              ],
              [
                77.60211632660717,
                27.329494941438423
              ],
              [
                77.59353803894928,
                27.332001248558836
              ],
              [
                77.57069705582448,
                27.333060614855572
              ],
              [
                77.56232547374155,
                27.335851141916717
              ],
              [
                77.55643436125678,
                27.338512477768674
              ],
              [
                77.50196740087486,
                27.374866848426276
              ],
              [
                77.49473270125317,
                27.378199977846645
              ],
              [
                77.48491417834663,
                27.380344549761194
              ],
              [
                77.46744754376911,
                27.382644151306554
              ],
              [
                77.45979943209811,
                27.385072944061125
              ],
              [
                77.45060102681593,
                27.390188910190066
              ],
              [
                77.44253950399491,
                27.396183377260968
              ],
              [
                77.43406456912457,
                27.406131090477512
              ],
              [
                77.42765669090356,
                27.417551581140632
              ],
              [
                77.41525434830949,
                27.459280300345565
              ],
              [
                77.40326541506687,
                27.473103746240913
              ],
              [
                77.38776248614982,
                27.49684906693088
              ],
              [
                77.34559451737314,
                27.541885077134662
              ],
              [
                77.34011681513887,
                27.550463364792474
              ],
              [
                77.3367061713527,
                27.56041107800892
              ],
              [
                77.33815311127712,
                27.57617239024366
              ],
              [
                77.34094363833827,
                27.585784207575145
              ],
              [
                77.34197716711257,
                27.59250214325924
              ],
              [
                77.34032352071391,
                27.59844493348689
              ],
              [
                77.33443240822905,
                27.60487864833097
              ],
              [
                77.32203006383642,
                27.61291433452893
              ],
              [
                77.31830936078836,
                27.616867581573675
              ],
              [
                77.31748253758903,
                27.621983546803254
              ],
              [
                77.3195495951377,
                27.6297350121611
              ],
              [
                77.32337365097324,
                27.634825140767717
              ],
              [
                77.33133182190599,
                27.642499090860323
              ],
              [
                77.33412234896723,
                27.64735667636947
              ],
              [
                77.33474246569232,
                27.653247788854415
              ],
              [
                77.33288211461787,
                27.67102448179439
              ],
              [
                77.32740441328305,
                27.690015571561393
              ],
              [
                77.31965294792519,
                27.70161693027722
              ],
              [
                77.31489871610293,
                27.70637116120011
              ],
              [
                77.30942101386863,
                27.70911001231713
              ],
              [
                77.30446007737068,
                27.71042776103234
              ],
              [
                77.30042931506078,
                27.711823025012517
              ],
              [
                77.29681196480038,
                27.71577627205734
              ],
              [
                77.29422814331411,
                27.722003282225643
              ],
              [
                77.29546837766347,
                27.74417247178212
              ],
              [
                77.29340132011488,
                27.768770453193852
              ],
              [
                77.28068891825899,
                27.80943980610215
              ],
              [
                77.30683719328181,
                27.832099921174322
              ],
              [
                77.31334842339095,
                27.836079005741592
              ],
              [
                77.32089318227455,
                27.839386298538823
              ],
              [
                77.32637088360939,
                27.839773871267134
              ],
              [
                77.33350223224224,
                27.8417117385059
              ],
              [
                77.34166710785065,
                27.84574249901704
              ],
              [
                77.35303592256973,
                27.853778185215084
              ],
              [
                77.39024295394915,
                27.86067698805253
              ],
              [
                77.39758100815699,
                27.864526882309793
              ],
              [
                77.42445275269237,
                27.890752671698458
              ],
              [
                77.43561486183638,
                27.89225128846621
              ],
              [
                77.44677697098037,
                27.889434922983263
              ],
              [
                77.4591793153731,
                27.884990750422812
              ],
              [
                77.4699280133672,
                27.88806549742471
              ],
              [
                77.47984988816174,
                27.89803904906287
              ],
              [
                77.48884158696967,
                27.920027371465988
              ],
              [
                77.49380252526637,
                27.925815131163272
              ],
              [
                77.50816857262154,
                27.943281764841622
              ],
              [
                77.5292525565602,
                27.952506008545505
              ],
              [
                77.5264620303984,
                27.974468492527006
              ],
              [
                77.51230268681952,
                27.999609076297798
              ],
              [
                77.50382775284857,
                28.020227973142454
              ],
              [
                77.4957662291282,
                28.02831533528455
              ],
              [
                77.47974653537428,
                28.036454373370642
              ],
              [
                77.46806766139345,
                28.046815496837652
              ],
              [
                77.47643924257694,
                28.071490994413814
              ],
              [
                77.47065148287966,
                28.09937042930198
              ],
              [
                77.46972130689275,
                28.112728787203764
              ],
              [
                77.50382775284857,
                28.09285919919267
              ],
              [
                77.4957662291282,
                28.125983792318166
              ],
              [
                77.49493940592886,
                28.15184784650098
              ],
              [
                77.50723839663465,
                28.17024465616604
              ],
              [
                77.53865766831669,
                28.180993354160027
              ],
              [
                77.5286324398352,
                28.19293061055921
              ],
              [
                77.50155398972484,
                28.19667715112962
              ],
              [
                77.49700646437684,
                28.20892446499205
              ],
              [
                77.50165734161295,
                28.211611640165007
              ],
              [
                77.51116580615704,
                28.213471991239356
              ],
              [
                77.52067426980175,
                28.217218532709122
              ],
              [
                77.52501508957472,
                28.225693468478827
              ],
              [
                77.52584191277404,
                28.232773139368888
              ],
              [
                77.52832238237204,
                28.23783742955379
              ],
              [
                77.5325598493576,
                28.241170558974183
              ],
              [
                77.53865766831669,
                28.243056749369618
              ],
              [
                77.52894249909701,
                28.253469550579243
              ],
              [
                77.50362104727353,
                28.256725164734565
              ],
              [
                77.49080529173078,
                28.2635464541056
              ],
              [
                77.48884158696967,
                28.272538153812725
              ],
              [
                77.48946170369464,
                28.286361598808774
              ],
              [
                77.48791141098276,
                28.298996487198174
              ],
              [
                77.46651736778229,
                28.315222887426273
              ],
              [
                77.47209842280398,
                28.34044098646237
              ],
              [
                77.49700646437684,
                28.39325429954626
              ],
              [
                77.47571577306455,
                28.39131643320679
              ],
              [
                77.46817101418095,
                28.396690781754213
              ],
              [
                77.46972130689275,
                28.42493195184808
              ],
              [
                77.46579389826971,
                28.434285386761157
              ],
              [
                77.45669884577512,
                28.434595445123616
              ],
              [
                77.43871544815936,
                28.428652655795414
              ],
              [
                77.42817345574035,
                28.430668036500677
              ],
              [
                77.42517622310423,
                28.435628973897995
              ],
              [
                77.42455610458049,
                28.441907660010536
              ],
              [
                77.41742475774637,
                28.453948269197298
              ],
              [
                77.41711469938383,
                28.459761868215764
              ],
              [
                77.41546105298518,
                28.464955348710376
              ],
              [
                77.40760623573921,
                28.468986111020183
              ],
              [
                77.40233523997934,
                28.467332465520798
              ],
              [
                77.38507531097677,
                28.457617296301112
              ],
              [
                77.37722049283153,
                28.45534353317747
              ],
              [
                77.37598025938144,
                28.46069204420247
              ],
              [
                77.37856408086756,
                28.472396754806418
              ],
              [
                77.37691043536827,
                28.48412730653001
              ],
              [
                77.36326785662628,
                28.48947581575628
              ],
              [
                77.35282921699475,
                28.491852932566687
              ],
              [
                77.34352745982437,
                28.498286648310142
              ],
              [
                77.33515587774153,
                28.50787262632062
              ],
              [
                77.32740441328305,
                28.519706529033137
              ],
              [
                77.30321984212196,
                28.562908027483466
              ],
              [
                77.29784549267532,
                28.56939341917097
              ],
              [
                77.30104943178587,
                28.583552760951196
              ],
              [
                77.30508019409568,
                28.590451564687907
              ],
              [
                77.31097130658044,
                28.596497707702962
              ],
              [
                77.32616417803432,
                28.608486640046486
              ],
              [
                77.33133182190599,
                28.613525091809567
              ],
              [
                77.33567264167904,
                28.619519557981278
              ],
              [
                77.33753299275338,
                28.626185817721325
              ],
              [
                77.33691287602839,
                28.633911445556826
              ],
              [
                77.3338122897054,
                28.64442759955403
              ],
              [
                77.31892947841271,
                28.68104035083154
              ],
              [
                77.317689243164,
                28.687319036943993
              ],
              [
                77.31706912643902,
                28.696000678288648
              ],
              [
                77.31314171691669,
                28.707266140220234
              ],
              [
                77.30694054606938,
                28.720598659700403
              ],
              [
                77.22715213386387,
                28.7835922308968
              ],
              [
                77.22002078613039,
                28.805089626884843
              ],
              [
                77.20627485460092,
                28.821858629472157
              ],
              [
                77.21671349513174,
                28.843511054191833
              ],
              [
                77.20079715416529,
                28.87679067604878
              ],
              [
                77.21309614487114,
                28.89728038258361
              ],
              [
                77.21991743424218,
                28.90603953739468
              ],
              [
                77.22074425744151,
                28.914385281055903
              ],
              [
                77.2169202007067,
                28.923635362282127
              ],
              [
                77.20968550018564,
                28.935133368210384
              ],
              [
                77.20224409408968,
                28.942471422418212
              ],
              [
                77.17547570234177,
                28.963064479941792
              ],
              [
                77.17764611177866,
                28.9806086288851
              ],
              [
                77.18984174969697,
                28.988205063712762
              ],
              [
                77.19573286308108,
                28.997584337047467
              ],
              [
                77.16937788338258,
                29.036470852348007
              ],
              [
                77.14819054575716,
                29.09961945227583
              ],
              [
                77.14498660664661,
                29.102642524233143
              ],
              [
                77.14012902203677,
                29.10473541930417
              ],
              [
                77.13578820226371,
                29.10845612235213
              ],
              [
                77.13392785029001,
                29.11636261644153
              ],
              [
                77.13506473185188,
                29.118998114771145
              ],
              [
                77.13764855333807,
                29.12098765705478
              ],
              [
                77.14023237482425,
                29.12416575774353
              ],
              [
                77.1413692572854,
                29.130341091068573
              ],
              [
                77.13072391117956,
                29.280590318088663
              ],
              [
                77.13403120307758,
                29.28927195943343
              ],
              [
                77.14477990107166,
                29.301648464504986
              ],
              [
                77.15005089683142,
                29.313327338485948
              ],
              [
                77.14560672427086,
                29.323843492483256
              ],
              [
                77.13795861170051,
                29.333532823281125
              ],
              [
                77.13392785029001,
                29.342602037354194
              ],
              [
                77.13289432241507,
                29.372212633006612
              ],
              [
                77.13392785029001,
                29.380170803040226
              ],
              [
                77.13878543489993,
                29.388671576332186
              ],
              [
                77.14540001779655,
                29.39551870412494
              ],
              [
                77.14984419125645,
                29.403373521370995
              ],
              [
                77.14819054575716,
                29.414923204142596
              ],
              [
                77.13062055929142,
                29.426395372548416
              ],
              [
                77.10271528508227,
                29.42693797490763
              ],
              [
                77.07698042210875,
                29.423914902950422
              ],
              [
                77.06561160738978,
                29.42484507893723
              ],
              [
                77.07274295422398,
                29.440089627234553
              ],
              [
                77.10736616411715,
                29.469235133994225
              ],
              [
                77.12028527244738,
                29.483782050301393
              ],
              [
                77.10519575378108,
                29.49540924743877
              ],
              [
                77.07749718604626,
                29.49223114675002
              ],
              [
                77.06561160738978,
                29.503677476734136
              ],
              [
                77.06871219281348,
                29.502979844743994
              ],
              [
                77.07088260314957,
                29.511118882830242
              ],
              [
                77.07243289586145,
                29.527887885417556
              ],
              [
                77.07026248642457,
                29.536388657810246
              ],
              [
                77.06044396441739,
                29.548532619784567
              ],
              [
                77.05817020129375,
                29.55548310036479
              ],
              [
                77.06468143140289,
                29.569513250935728
              ],
              [
                77.07904747875816,
                29.576334540306778
              ],
              [
                77.09331017422514,
                29.58114044897255
              ],
              [
                77.09982140523363,
                29.589021103741043
              ],
              [
                77.09589399571131,
                29.60077749298698
              ],
              [
                77.0889693535528,
                29.611526190980953
              ],
              [
                77.0858687681291,
                29.62400604884008
              ],
              [
                77.09362023258758,
                29.640852565793157
              ],
              [
                77.0878324728903,
                29.65850006842341
              ],
              [
                77.11387739512564,
                29.682219549792407
              ],
              [
                77.1066426937054,
                29.702295844277746
              ],
              [
                77.12814008969335,
                29.714233099777744
              ],
              [
                77.13754520055059,
                29.722785549013842
              ],
              [
                77.1413692572854,
                29.733327542332212
              ],
              [
                77.13930219883734,
                29.73994212522893
              ],
              [
                77.13506473185188,
                29.747564399377485
              ],
              [
                77.13227420389134,
                29.755832627773493
              ],
              [
                77.13392785029001,
                29.764359239487412
              ],
              [
                77.14054243408616,
                29.76973358803467
              ],
              [
                77.14850060411952,
                29.76996613203135
              ],
              [
                77.15614871579061,
                29.76906179536554
              ],
              [
                77.16183312359978,
                29.771206366380614
              ],
              [
                77.18043663883981,
                29.804253445140436
              ],
              [
                77.20968550018564,
                29.92884532355286
              ],
              [
                77.2209509621172,
                29.960729682329003
              ],
              [
                77.22994266092503,
                29.976646023295284
              ],
              [
                77.24007124219412,
                29.98346731176713
              ],
              [
                77.27727827267418,
                30.017599596144404
              ],
              [
                77.27913862464781,
                30.02165619597663
              ],
              [
                77.27913862464781,
                30.027082221367323
              ],
              [
                77.28006880063461,
                30.03289582038577
              ],
              [
                77.2847196796695,
                30.03808930088059
              ],
              [
                77.2892672059168,
                30.038761095348285
              ],
              [
                77.30104943178587,
                30.037004096162136
              ],
              [
                77.30528689967062,
                30.03808930088059
              ],
              [
                77.31086795379295,
                30.040414740847567
              ],
              [
                77.31520877536475,
                30.039458727338424
              ],
              [
                77.31789594873905,
                30.040414740847567
              ],
              [
                77.31913618398768,
                30.054470729840308
              ],
              [
                77.32027306465018,
                30.060103460805962
              ],
              [
                77.32327029818569,
                30.064366767112627
              ],
              [
                77.33897993357708,
                30.069663601294106
              ],
              [
                77.37008914599733,
                30.096431993042014
              ],
              [
                77.40326541506687,
                30.112839260423552
              ],
              [
                77.40574588376548,
                30.141597195354375
              ],
              [
                77.41432417232268,
                30.152449246135745
              ],
              [
                77.44429650318105,
                30.173714098127117
              ],
              [
                77.50940880697091,
                30.232366847751884
              ],
              [
                77.55137007017251,
                30.261383165101
              ],
              [
                77.57007693909941,
                30.27822968205427
              ],
              [
                77.58506310407904,
                30.32520355949664
              ],
              [
                77.58795698392768,
                30.370446275275484
              ],
              [
                77.58640669121577,
                30.380704046854294
              ],
              [
                77.58506310407904,
                30.38292613403389
              ],
              [
                77.5838228697296,
                30.38217682520024
              ],
              [
                77.53845096184237,
                30.40380341239758
              ],
              [
                77.51333621559384,
                30.42493907317963
              ],
              [
                77.49700646437684,
                30.4246290148172
              ],
              [
                77.48791141098276,
                30.420934150190938
              ],
              [
                77.47468224518944,
                30.41837616622709
              ],
              [
                77.4613497248099,
                30.417316799031074
              ],
              [
                77.44181603358307,
                30.418117783808697
              ],
              [
                77.4343746283864,
                30.42121837013168
              ],
              [
                77.4334444523995,
                30.425481676438153
              ],
              [
                77.44967085172848,
                30.441475531770365
              ],
              [
                77.45390831871397,
                30.448710232291432
              ],
              [
                77.45204796674025,
                30.45478221282892
              ],
              [
                77.44470991433107,
                30.45431712483546
              ],
              [
                77.4121537619865,
                30.43561025590866
              ],
              [
                77.39696089143197,
                30.430029201786173
              ],
              [
                77.38052778472948,
                30.429254055430356
              ],
              [
                77.37060590993484,
                30.43571360869605
              ],
              [
                77.36533491417497,
                30.442948310116414
              ],
              [
                77.35913374242828,
                30.449847113853306
              ],
              [
                77.35055545387101,
                30.453154404851983
              ],
              [
                77.30342654769701,
                30.46031159100717
              ],
              [
                77.29205773297804,
                30.464394029261037
              ],
              [
                77.27624474479907,
                30.4739800072716
              ],
              [
                77.24100141818084,
                30.489327908356312
              ],
              [
                77.21443973200799,
                30.47560781524846
              ],
              [
                77.20813520657445,
                30.476951402385286
              ],
              [
                77.20410444516402,
                30.482971706978724
              ],
              [
                77.20265750523961,
                30.487829290689277
              ],
              [
                77.20131391810287,
                30.50015411981686
              ],
              [
                77.14777713370776,
                30.5386789008107
              ],
              [
                77.13413455586513,
                30.55436269778028
              ],
              [
                77.13010379355526,
                30.56867707009069
              ],
              [
                77.13919884604987,
                30.58345652949529
              ],
              [
                77.14529666500904,
                30.595858872988547
              ],
              [
                77.14819054575716,
                30.609759833249747
              ],
              [
                77.14622684099596,
                30.63753591624951
              ],
              [
                77.15025760330576,
                30.6639942487356
              ],
              [
                77.14839725133204,
                30.67895457619272
              ],
              [
                77.14095584523609,
                30.69303640450645
              ],
              [
                77.12596968025656,
                30.711381537328
              ],
              [
                77.11511762857565,
                30.722104396900345
              ],
              [
                77.08690229690342,
                30.73822744434113
              ],
              [
                77.0432873882024,
                30.76049998578581
              ],
              [
                77.01269493971965,
                30.77049937584543
              ],
              [
                77.00153283057567,
                30.777346502738975
              ],
              [
                76.99832889236448,
                30.78403860090074
              ],
              [
                76.99874230261521,
                30.79018809670335
              ],
              [
                76.99460818931651,
                30.802047837837485
              ],
              [
                76.9866500183836,
                30.808326523950036
              ],
              [
                76.97724490842573,
                30.812899889518327
              ],
              [
                76.96401574083377,
                30.815948798098596
              ],
              [
                76.95657433473772,
                30.82075470586492
              ],
              [
                76.94892622306675,
                30.82946218473211
              ],
              [
                76.94396528477004,
                30.84088267719386
              ],
              [
                76.93931440573526,
                30.859512030855534
              ],
              [
                76.93394005718784,
                30.870364080737694
              ],
              [
                76.92370812403072,
                30.882275498715273
              ],
              [
                76.90572472461633,
                30.8993028828217
              ],
              [
                76.88970503086247,
                30.901705838054006
              ],
              [
                76.87647586506915,
                30.90046560280537
              ],
              [
                76.86210981591523,
                30.896744899757316
              ],
              [
                76.8470202981482,
                30.8986827660968
              ],
              [
                76.83771854007854,
                30.903307806709957
              ],
              [
                76.82903689963325,
                30.911937771211203
              ],
              [
                76.82045861197533,
                30.929404404889272
              ],
              [
                76.81642784966556,
                30.932815050474254
              ],
              [
                76.81012332603068,
                30.93426199039857
              ],
              [
                76.80309533108466,
                30.933047594470906
              ],
              [
                76.79627404171372,
                30.93033458087626
              ],
              [
                76.78149458230912,
                30.920438544503238
              ],
              [
                76.77239952981445,
                30.912867947198013
              ],
              [
                76.7681620619296,
                30.907596951438133
              ],
              [
                76.72175662616735,
                30.941160794135374
              ],
              [
                76.70025923017931,
                30.96188304286815
              ],
              [
                76.64517215397179,
                30.99927094230013
              ],
              [
                76.62563846184547,
                31.01660838476918
              ],
              [
                76.61530317590088,
                31.030147609824326
              ],
              [
                76.61085900334025,
                31.041206366180834
              ],
              [
                76.60755171144231,
                31.052058416962396
              ],
              [
                76.60569135856932,
                31.062264513496515
              ],
              [
                76.60589806504366,
                31.072599799441182
              ],
              [
                76.60786176980484,
                31.081229763043055
              ],
              [
                76.6115824728529,
                31.088929552456854
              ],
              [
                76.62305464125873,
                31.107274685278515
              ],
              [
                76.62171105322254,
                31.11652476740419
              ],
              [
                76.60248742125749,
                31.127247626077075
              ],
              [
                76.59980024608446,
                31.13489573774808
              ],
              [
                76.60135053879635,
                31.177528795417658
              ],
              [
                76.60279747872067,
                31.18566783350374
              ],
              [
                76.60651818176864,
                31.19279918123713
              ],
              [
                76.62181440601,
                31.208276271732476
              ],
              [
                76.62842898980608,
                31.22008433692265
              ],
              [
                76.62357140519624,
                31.2264922142443
              ],
              [
                76.61426964712649,
                31.228998521364726
              ],
              [
                76.59008507686475,
                31.226595567031783
              ],
              [
                76.5823336124063,
                31.22742239023111
              ],
              [
                76.5814034364194,
                31.231091417335023
              ],
              [
                76.58698449144116,
                31.249798285362626
              ],
              [
                76.58419396437992,
                31.25992686573233
              ],
              [
                76.57675255738461,
                31.27230337170336
              ],
              [
                76.57189497277467,
                31.27757436836239
              ],
              [
                76.56724409373989,
                31.28051992415519
              ],
              [
                76.56424686110368,
                31.28002899774004
              ],
              [
                76.56114627478078,
                31.27672170674136
              ],
              [
                76.55484175024652,
                31.26543040638817
              ],
              [
                76.55060428326104,
                31.25982351294476
              ],
              [
                76.54647016816378,
                31.256671251577007
              ],
              [
                76.54223270117821,
                31.255689398746767
              ],
              [
                76.53665164615651,
                31.25987518978818
              ],
              [
                76.53375776630789,
                31.26679983194671
              ],
              [
                76.53158735507245,
                31.278737088345906
              ],
              [
                76.52631635931247,
                31.285765082392622
              ],
              [
                76.52052859871583,
                31.28917572707823
              ],
              [
                76.5068860208732,
                31.291113593417638
              ],
              [
                76.50326867061263,
                31.290881049420854
              ],
              [
                76.50099490838826,
                31.288865667816335
              ],
              [
                76.49923790920221,
                31.286281847229414
              ],
              [
                76.49634402935348,
                31.28307790811905
              ],
              [
                76.4916931503186,
                31.28452484804327
              ],
              [
                76.48342492102333,
                31.29067434294661
              ],
              [
                76.47536339730294,
                31.303360908179354
              ],
              [
                76.46936893113123,
                31.30798594789315
              ],
              [
                76.46378787610972,
                31.307133287171375
              ],
              [
                76.45975711469912,
                31.302895820185903
              ],
              [
                76.45283247343987,
                31.29821910183012
              ],
              [
                76.44745812399316,
                31.297056382745826
              ],
              [
                76.43939660027284,
                31.299691881075436
              ],
              [
                76.43350548688873,
                31.317804469900317
              ],
              [
                76.41283491409999,
                31.355114854067327
              ],
              [
                76.37356082607134,
                31.4192453068255
              ],
              [
                76.35991824732918,
                31.430304063182007
              ],
              [
                76.35609419059443,
                31.426299140193215
              ],
              [
                76.35299360517074,
                31.42211334915179
              ],
              [
                76.3495829613845,
                31.41986542444976
              ],
              [
                76.34503543513719,
                31.418185940528684
              ],
              [
                76.32209109922474,
                31.412811591082043
              ],
              [
                76.31692345625254,
                31.4017011578821
              ],
              [
                76.3228145687373,
                31.364158229718498
              ],
              [
                76.31961062962684,
                31.35379710535212
              ],
              [
                76.31433963386698,
                31.349921373572524
              ],
              [
                76.30111046717428,
                31.351781725546214
              ],
              [
                76.29449588427767,
                31.347518419239666
              ],
              [
                76.2908785340171,
                31.33925018994421
              ],
              [
                76.28777794769412,
                31.324470730539737
              ],
              [
                76.28199018709746,
                31.31565989798587
              ],
              [
                76.27537560420076,
                31.310440579069514
              ],
              [
                76.26834760925476,
                31.309226183141863
              ],
              [
                76.26111290873371,
                31.310931505484593
              ],
              [
                76.24281945185612,
                31.31814036758394
              ],
              [
                76.23114057787532,
                31.317494412437142
              ],
              [
                76.2230790550543,
                31.315634060463513
              ],
              [
                76.20106489512874,
                31.307004095962192
              ],
              [
                76.17946414635321,
                31.31847626436819
              ],
              [
                76.15848351430276,
                31.33855255795426
              ],
              [
                76.14701134589694,
                31.35441722297647
              ],
              [
                76.14101687972516,
                31.36958425510928
              ],
              [
                76.1259273619581,
                31.430536607178702
              ],
              [
                76.07053022738812,
                31.56417186124239
              ],
              [
                75.94309614507101,
                31.771756090071506
              ],
              [
                75.92325239458235,
                31.806275947177273
              ],
              [
                75.92159874908297,
                31.814285794054054
              ],
              [
                75.92263227695797,
                31.824698595263957
              ],
              [
                75.92759321525467,
                31.829943753501478
              ],
              [
                75.93493126766387,
                31.832889309294263
              ],
              [
                75.94247602744666,
                31.833121853290855
              ],
              [
                75.95539513487752,
                31.83131317816067
              ],
              [
                75.96190636588602,
                31.831571560579043
              ],
              [
                75.96831424320776,
                31.835214749261254
              ],
              [
                75.96810753763279,
                31.841054185802047
              ],
              [
                75.96428348179724,
                31.8487539743164
              ],
              [
                75.9274898615678,
                31.907923488778057
              ],
              [
                75.89141971175025,
                31.953941351811974
              ],
              [
                75.87974083866875,
                31.972389838320375
              ],
              [
                75.8612406762162,
                31.982570095533525
              ],
              [
                75.80181277933622,
                32.00564362175571
              ],
              [
                75.7529268739761,
                32.03236033845884
              ],
              [
                75.70652143731446,
                32.04982697213709
              ],
              [
                75.69980350073092,
                32.05610565824955
              ],
              [
                75.68430057181396,
                32.0530825871917
              ],
              [
                75.66238976377662,
                32.060446478921875
              ],
              [
                75.60161827975972,
                32.06894725221392
              ],
              [
                75.59179975775257,
                32.07209951448096
              ],
              [
                75.5809477069711,
                32.07669871757176
              ],
              [
                75.57784712064803,
                32.0837008731968
              ],
              [
                75.58218794132036,
                32.09225332333215
              ],
              [
                75.63944542786416,
                32.146849474023995
              ],
              [
                75.6492639507707,
                32.16147390379767
              ],
              [
                75.65618859202993,
                32.17465139454621
              ],
              [
                75.66104617663977,
                32.1887848979047
              ],
              [
                75.65980594318968,
                32.195347804857356
              ],
              [
                75.65401818169367,
                32.198009142507956
              ],
              [
                75.64771365805889,
                32.19762156798091
              ],
              [
                75.6421326030372,
                32.195580348853944
              ],
              [
                75.63789513515235,
                32.193358263473016
              ],
              [
                75.63231408103003,
                32.191032823505914
              ],
              [
                75.62518273329646,
                32.19090363229683
              ],
              [
                75.61464074087745,
                32.19676890725924
              ],
              [
                75.60854292191834,
                32.20999807395203
              ],
              [
                75.60626915879459,
                32.225862738974314
              ],
              [
                75.60843956913085,
                32.23991872796688
              ],
              [
                75.6134005056288,
                32.25092580837934
              ],
              [
                75.618878207863,
                32.256041775407574
              ],
              [
                75.6229089701728,
                32.258522244106274
              ],
              [
                75.69267215389681,
                32.27226817473639
              ],
              [
                75.71179243397363,
                32.27908946410752
              ],
              [
                75.72760542215251,
                32.287926134183714
              ],
              [
                75.74269493991945,
                32.299346624846834
              ],
              [
                75.77928185367452,
                32.33657949554735
              ],
              [
                75.85751997316822,
                32.38996124941218
              ],
              [
                75.90578576000482,
                32.41331899737384
              ],
              [
                75.91260704937585,
                32.41905508112708
              ],
              [
                75.9138472837252,
                32.425411282504655
              ],
              [
                75.91167687428832,
                32.431354071832956
              ],
              [
                75.87064578617405,
                32.4997219915766
              ],
              [
                75.86630496640107,
                32.504863797026644
              ],
              [
                75.85658979718143,
                32.514578966246326
              ],
              [
                75.84739139189914,
                32.5167493765824
              ],
              [
                75.85503950357024,
                32.526283677749454
              ],
              [
                75.86713178870106,
                32.547471015375145
              ],
              [
                75.86589155525107,
                32.56057099085863
              ],
              [
                75.8955538268476,
                32.59684784625108
              ],
              [
                75.9129171077383,
                32.610542100937295
              ],
              [
                75.9204618666218,
                32.614469509560145
              ],
              [
                75.92263227695797,
                32.61733755098726
              ],
              [
                75.92573286328096,
                32.63056671857921
              ],
              [
                75.9260429216435,
                32.641186225364095
              ],
              [
                75.92469933540595,
                32.65196076088043
              ],
              [
                75.90485558491737,
                32.69131236417431
              ],
              [
                75.90144494023176,
                32.70286204694591
              ],
              [
                75.90340864499296,
                32.7363742127997
              ],
              [
                75.91322716700013,
                32.75567536092925
              ],
              [
                75.91240034380088,
                32.76190237109747
              ],
              [
                75.9092997583771,
                32.77270274503567
              ],
              [
                75.90330529220556,
                32.78161693037702
              ],
              [
                75.8866654799279,
                32.79972951920197
              ],
              [
                75.88087772023061,
                32.80885040921892
              ],
              [
                75.87653689955819,
                32.81760956492955
              ],
              [
                75.86961225829913,
                32.82740224941428
              ],
              [
                75.85855350104332,
                32.839546210489225
              ],
              [
                75.82424035041181,
                32.870448717334426
              ],
              [
                75.81173465413099,
                32.8842980007521
              ],
              [
                75.80491336475995,
                32.89861237216322
              ],
              [
                75.80336307204813,
                32.91199656848682
              ],
              [
                75.80687706862174,
                32.923675442467704
              ],
              [
                75.81462853397963,
                32.93178864213214
              ],
              [
                75.8264107598487,
                32.9380673282446
              ],
              [
                75.84604780476229,
                32.94222728086431
              ],
              [
                75.85855350104332,
                32.94214976739782
              ],
              [
                75.86961225829913,
                32.940005195483366
              ],
              [
                75.89379682766148,
                32.930806790201196
              ],
              [
                75.90309858573114,
                32.92892059980585
              ],
              [
                75.91167687428832,
                32.92589752874801
              ],
              [
                75.91984174989685,
                32.92026479688282
              ],
              [
                75.93596479733752,
                32.90323741277646
              ],
              [
                75.94361290900852,
                32.89812144574815
              ],
              [
                75.95467166536504,
                32.90137706080276
              ],
              [
                75.97244835830504,
                32.91104055407829
              ],
              [
                76.0514099473112,
                32.96946076150495
              ],
              [
                76.07549116388607,
                32.993283596560794
              ],
              [
                76.08169233563275,
                33.000802517022514
              ],
              [
                76.10081261570966,
                33.01304983178433
              ],
              [
                76.15279910739287,
                33.032299303070424
              ],
              [
                76.19465701690781,
                33.043280545061094
              ],
              [
                76.21594770732081,
                33.051083686363
              ],
              [
                76.23703169125955,
                33.063486029856456
              ],
              [
                76.26173302635806,
                33.08645620419044
              ],
              [
                76.27082807795348,
                33.10353526514039
              ],
              [
                76.27423872263898,
                33.11660940220216
              ],
              [
                76.2747554865764,
                33.12678965941521
              ],
              [
                76.28106001200992,
                33.136453151791464
              ],
              [
                76.29428917780334,
                33.147899481775745
              ],
              [
                76.35330366443256,
                33.18009389891425
              ],
              [
                76.3967118666593,
                33.19771556222333
              ],
              [
                76.512157016633,
                33.217223415927926
              ],
              [
                76.5424394058539,
                33.232855536054174
              ],
              [
                76.5585624532946,
                33.23146027297319
              ],
              [
                76.61189253121536,
                33.19391734480959
              ],
              [
                76.62594852110738,
                33.18929230419643
              ],
              [
                76.73984337836924,
                33.19740550386097
              ],
              [
                76.75451948408688,
                33.1945632999563
              ],
              [
                76.76867882676646,
                33.18681183549781
              ],
              [
                76.82945031078319,
                33.12554942506594
              ],
              [
                76.84836388528504,
                33.11480072707188
              ],
              [
                76.90303755124201,
                33.07376963985698
              ],
              [
                76.92753217986619,
                33.04586436654728
              ],
              [
                76.94014122893451,
                33.03428884535397
              ],
              [
                76.95605756990093,
                33.025090440071715
              ],
              [
                76.99987918507628,
                33.00723623276596
              ],
              [
                77.08845258961529,
                32.950211290218846
              ],
              [
                77.13578820226371,
                32.92675019036897
              ],
              [
                77.21991743424218,
                32.9019971793264
              ],
              [
                77.34869510279675,
                32.86724477822395
              ],
              [
                77.3713293803466,
                32.867038071749626
              ],
              [
                77.37773725766831,
                32.872205714721915
              ],
              [
                77.3849719581893,
                32.884039618333716
              ],
              [
                77.3890027195998,
                32.887682807016
              ],
              [
                77.3939636578965,
                32.88993073171785
              ],
              [
                77.44398644391923,
                32.89447825796533
              ],
              [
                77.47767947782566,
                32.90124787049284
              ],
              [
                77.4978332857775,
                32.90925771736971
              ],
              [
                77.53896772667925,
                32.91835276896513
              ],
              [
                77.5535404796094,
                32.923417060049225
              ],
              [
                77.56687299998895,
                32.92987661421438
              ],
              [
                77.58103234176917,
                32.939049181074836
              ],
              [
                77.6074906760539,
                32.96240692813723
              ],
              [
                77.61575890534917,
                32.968298041521365
              ],
              [
                77.62485395694456,
                32.971476142210214
              ],
              [
                77.6433541202964,
                32.97604950597995
              ],
              [
                77.65203575984242,
                32.98046784101804
              ],
              [
                77.65999393077524,
                32.98648814471219
              ],
              [
                77.67342980304299,
                32.99940725394152
              ],
              [
                77.67518680222913,
                33.0004149442942
              ],
              [
                77.69441043509343,
                33.008088894386994
              ],
              [
                77.70329878111379,
                33.013256537359304
              ],
              [
                77.71229047992162,
                33.014522610130264
              ],
              [
                77.72107547405386,
                33.01263641973502
              ],
              [
                77.7325476415604,
                33.00157766427778
              ],
              [
                77.74215945799251,
                32.98695323270555
              ],
              [
                77.76520714669245,
                32.96256195686886
              ],
              [
                77.82380822127237,
                32.910342922088155
              ],
              [
                77.8579146672281,
                32.8730067003989
              ],
              [
                77.8934680522088,
                32.80295929583478
              ],
              [
                77.91052127473701,
                32.79073782039415
              ],
              [
                77.92271691265542,
                32.77518321373429
              ],
              [
                77.92891808530138,
                32.762444973456766
              ],
              [
                77.93232872908762,
                32.710871893822855
              ],
              [
                77.9385299008342,
                32.69534312648418
              ],
              [
                77.94938195161575,
                32.68270823809469
              ],
              [
                77.97387658113931,
                32.660358181384964
              ],
              [
                77.98317833920905,
                32.648059189779815
              ],
              [
                77.98834598218133,
                32.63377065679041
              ],
              [
                77.9946505067155,
                32.620360622944375
              ],
              [
                78.0089132021825,
                32.61030955694053
              ],
              [
                78.04322635281399,
                32.61139476255825
              ],
              [
                78.05903934099278,
                32.61834524223912
              ],
              [
                78.06989139177425,
                32.63036001210489
              ],
              [
                78.07702274040719,
                32.640462754952146
              ],
              [
                78.08405073355455,
                32.64513947240874
              ],
              [
                78.09304243416094,
                32.64898936576673
              ],
              [
                78.09883019385832,
                32.65376943601061
              ],
              [
                78.10410118961819,
                32.661856798152805
              ],
              [
                78.11464318203727,
                32.66772207311515
              ],
              [
                78.13169640456533,
                32.67149445210727
              ],
              [
                78.1545373876903,
                32.674052436071115
              ],
              [
                78.17851525327634,
                32.68875438110984
              ],
              [
                78.19153771439397,
                32.69200999616435
              ],
              [
                78.20807417208542,
                32.69216502489607
              ],
              [
                78.22791792167472,
                32.69017548351172
              ],
              [
                78.24373090985357,
                32.692940172151246
              ],
              [
                78.25385949112255,
                32.69790110954849
              ],
              [
                78.26874230331474,
                32.71570364001099
              ],
              [
                78.27938764762185,
                32.721491401506924
              ],
              [
                78.30512251239402,
                32.72947540906291
              ],
              [
                78.31432091677694,
                32.735444036812815
              ],
              [
                78.31762820777558,
                32.743608914219976
              ],
              [
                78.3154577983387,
                32.76050710711729
              ],
              [
                78.31773156056306,
                32.76466705973708
              ],
              [
                78.3251729666591,
                32.76673411728568
              ],
              [
                78.33385460800376,
                32.76784516042583
              ],
              [
                78.35328494734242,
                32.76862030678182
              ],
              [
                78.36041629417662,
                32.76761261732844
              ],
              [
                78.36661746592331,
                32.76520966209621
              ],
              [
                78.37033816897126,
                32.761127223842195
              ],
              [
                78.37343875529425,
                32.753970037687075
              ],
              [
                78.38088016139028,
                32.72929454190955
              ],
              [
                78.38336063008899,
                32.714437568139296
              ],
              [
                78.3842908060758,
                32.699373887894616
              ],
              [
                78.38057010302784,
                32.66919485146128
              ],
              [
                78.37777957596667,
                32.65733511032704
              ],
              [
                78.3746789896436,
                32.648782660191664
              ],
              [
                78.36837446510951,
                32.63981679890609
              ],
              [
                78.35855594310227,
                32.63167776082
              ],
              [
                78.33292443201695,
                32.6179059917682
              ],
              [
                78.31339074079001,
                32.60503856118057
              ],
              [
                78.30408898272036,
                32.596150214260945
              ],
              [
                78.2994381036855,
                32.58865713132157
              ],
              [
                78.29292687357636,
                32.57540212710645
              ],
              [
                78.28651899625464,
                32.545093899463836
              ],
              [
                78.28186811721984,
                32.53238149670874
              ],
              [
                78.2740132990745,
                32.51886811007522
              ],
              [
                78.27039594881401,
                32.5041661650365
              ],
              [
                78.2740132990745,
                32.49114370391879
              ],
              [
                78.28217817558229,
                32.4806533883432
              ],
              [
                78.29365034398819,
                32.473289495713665
              ],
              [
                78.30295210205786,
                32.470653998283424
              ],
              [
                78.31339074079001,
                32.47173920300176
              ],
              [
                78.35886600056543,
                32.51558665569953
              ],
              [
                78.3809827065867,
                32.52804148452683
              ],
              [
                78.3848067620001,
                32.54754933700006
              ],
              [
                78.40816451000005,
                32.5583755500001
              ],
              [
                78.44754195200014,
                32.56625620500014
              ],
              [
                78.58985884700013,
                32.56992523200013
              ],
              [
                78.63016646300005,
                32.57801259400004
              ],
              [
                78.64773645100013,
                32.585970765000184
              ],
              [
                78.6648930260001,
                32.59901906300004
              ],
              [
                78.69445194500011,
                32.629663188000066
              ],
              [
                78.71326216700015,
                32.637518006
              ],
              [
                78.73682661900014,
                32.6298440560002
              ],
              [
                78.75098596200009,
                32.61279083300009
              ],
              [
                78.7491256110002,
                32.59586680100018
              ],
              [
                78.74065067600017,
                32.57868438700002
              ],
              [
                78.73496626800014,
                32.56064931300011
              ],
              [
                78.73692997300007,
                32.54579233800017
              ],
              [
                78.7547066650001,
                32.493805847000154
              ],
              [
                78.77144982900013,
                32.4616631060001
              ],
              [
                78.85568241400003,
                32.400452373000086
              ],
              [
                78.88152063000015,
                32.376267802000214
              ],
              [
                78.91128625500014,
                32.35474456800007
              ],
              [
                78.94342899600007,
                32.34637298600018
              ],
              [
                78.97619185400009,
                32.36161753300014
              ],
              [
                78.98983443200018,
                32.36409800300002
              ],
              [
                79.01474247300006,
                32.3739940390001
              ],
              [
                79.02817834500001,
                32.37709462600014
              ],
              [
                79.03965051300013,
                32.37598358100004
              ],
              [
                79.06631555200008,
                32.37006663100004
              ],
              [
                79.0753072510002,
                32.37079010000003
              ],
              [
                79.09174035700008,
                32.39055633500009
              ],
              [
                79.10290246600002,
                32.44985504200021
              ],
              [
                79.11292769400004,
                32.472385967000136
              ],
              [
                79.13287479700014,
                32.48546010400009
              ],
              [
                79.16140018800019,
                32.496467184000075
              ],
              [
                79.1911658120002,
                32.5042703250001
              ],
              [
                79.21524703000013,
                32.50791351300009
              ],
              [
                79.23560754400016,
                32.50429616300001
              ],
              [
                79.25617476400015,
                32.49587290500003
              ],
              [
                79.27601851500005,
                32.49018849700016
              ],
              [
                79.29431197100013,
                32.49458099400006
              ],
              [
                79.33678999900006,
                32.535663758000034
              ],
              [
                79.43476851400008,
                32.60242970800015
              ],
              [
                79.47641971900008,
                32.645424500000146
              ],
              [
                79.49574670400014,
                32.67821319600005
              ],
              [
                79.50504846300008,
                32.71417999300004
              ],
              [
                79.4999841710001,
                32.746839498000014
              ],
              [
                79.47641971900008,
                32.769809672000044
              ],
              [
                79.44872115100007,
                32.795622050000055
              ],
              [
                79.43879927600008,
                32.82461252900004
              ],
              [
                79.43197798700002,
                32.855385844000104
              ],
              [
                79.41275435400019,
                32.88654673300016
              ],
              [
                79.3542566320001,
                32.930575053000126
              ],
              [
                79.33420617700015,
                32.956826681000145
              ],
              [
                79.3335860590002,
                32.99429209500004
              ],
              [
                79.33978723100016,
                33.013257345000085
              ],
              [
                79.34423140500009,
                33.06594146800011
              ],
              [
                79.35136275200003,
                33.08485504200012
              ],
              [
                79.37317020700013,
                33.112140198000056
              ],
              [
                79.3818518470001,
                33.127333069000095
              ],
              [
                79.37864790900004,
                33.16428171800003
              ],
              [
                79.34485152200014,
                33.17931956000003
              ],
              [
                79.26444299300012,
                33.181980896000056
              ],
              [
                79.22961307800013,
                33.19216115300011
              ],
              [
                79.1536487220002,
                33.226913554000134
              ],
              [
                79.12222945200016,
                33.2289030970001
              ],
              [
                79.0873995360002,
                33.215596416000075
              ],
              [
                79.0789246010001,
                33.22117747100009
              ],
              [
                79.07716760300012,
                33.24471608500007
              ],
              [
                79.07282678200013,
                33.263629659000124
              ],
              [
                79.0602177330002,
                33.276807149000014
              ],
              [
                79.04326786400001,
                33.28587636300016
              ],
              [
                79.02611128700005,
                33.29264597600011
              ],
              [
                78.989110962,
                33.30197357200005
              ],
              [
                78.97329797400008,
                33.30957000800001
              ],
              [
                78.91769413200018,
                33.38625783300014
              ],
              [
                78.915947775,
                33.387655981000094
              ],
              [
                78.82426314300001,
                33.461059469000055
              ],
              [
                78.80090539600015,
                33.494235737999986
              ],
              [
                78.78137170400007,
                33.55278513600008
              ],
              [
                78.7940841070001,
                33.743910421000024
              ],
              [
                78.78726281700014,
                33.808428447000054
              ],
              [
                78.77031294800022,
                33.87235219300012
              ],
              [
                78.72111698400016,
                33.99438608900016
              ],
              [
                78.73010868400002,
                34.079264629000036
              ],
              [
                78.80607303900014,
                34.122982890000024
              ],
              [
                78.90322473100015,
                34.15812286400015
              ],
              [
                78.97619185400009,
                34.2171631880001
              ],
              [
                78.9854936120002,
                34.239900818000166
              ],
              [
                78.98849084500003,
                34.263129374000094
              ],
              [
                78.98539025900008,
                34.28635793100002
              ],
              [
                78.97619185400009,
                34.3091730760001
              ],
              [
                78.95693951574596,
                34.33996090557139
              ],
              [
                78.98539106604491,
                34.35010000351244
              ],
              [
                78.99872358642435,
                34.357799791127405
              ],
              [
                79.02709394682815,
                34.379503892690515
              ],
              [
                79.03768761609065,
                34.38467153656218
              ],
              [
                79.20449913922391,
                34.439448554407264
              ],
              [
                79.21891686432171,
                34.44074046470059
              ],
              [
                79.23984581862963,
                34.440533759125714
              ],
              [
                79.33839277480672,
                34.430818589905925
              ],
              [
                79.36443769704206,
                34.43448761700994
              ],
              [
                79.38092247878936,
                34.43906098077958
              ],
              [
                79.43414920392254,
                34.46172109585193
              ],
              [
                79.45306277932377,
                34.46663035730519
              ],
              [
                79.48112308136511,
                34.4711778835525
              ],
              [
                79.51264570493537,
                34.47169464838929
              ],
              [
                79.60251102066697,
                34.45867218727165
              ],
              [
                79.653877394726,
                34.44182567031849
              ],
              [
                79.70565717993487,
                34.41650421849481
              ],
              [
                79.71058839383929,
                34.41493321169833
              ],
              [
                79.71733605301647,
                34.412783515446925
              ],
              [
                79.72787804633478,
                34.41118154589161
              ],
              [
                79.74260582889592,
                34.410277208326505
              ],
              [
                79.75702355309453,
                34.41112986904827
              ],
              [
                79.76963260306213,
                34.41423045537124
              ],
              [
                79.78063968257531,
                34.41908803998109
              ],
              [
                79.79397220205539,
                34.43102529638036
              ],
              [
                79.86270185700508,
                34.52122650799694
              ],
              [
                79.87928999243914,
                34.55024282534616
              ],
              [
                79.91375817270159,
                34.625509547927344
              ],
              [
                79.93772503328368,
                34.65692385715033
              ],
              [
                79.9431103859356,
                34.663982652077756
              ],
              [
                79.95628787578475,
                34.684756578553234
              ],
              [
                79.96000857883283,
                34.69739146604336
              ],
              [
                79.96341922441762,
                34.72093008115837
              ],
              [
                79.96217899006827,
                34.735864570193684
              ],
              [
                79.95845828612102,
                34.74868032483717
              ],
              [
                79.95303226073014,
                34.75782705327599
              ],
              [
                79.91670372939356,
                34.79839305339672
              ],
              [
                79.91112267437188,
                34.80774648741052
              ],
              [
                79.90755700095481,
                34.81834015577368
              ],
              [
                79.90259606265813,
                34.85606395109045
              ],
              [
                79.8984102716167,
                34.86639923793449
              ],
              [
                79.88115034441287,
                34.893916938515865
              ],
              [
                79.88011681473921,
                34.90603506116921
              ],
              [
                79.88383751778716,
                34.919600125545344
              ],
              [
                79.90027062359042,
                34.93807444957627
              ],
              [
                79.91313805507711,
                34.94791881000498
              ],
              [
                79.92631554582576,
                34.954740099376096
              ],
              [
                79.93840783095658,
                34.95884837515238
              ],
              [
                79.95163699674998,
                34.96189728373274
              ],
              [
                80.00098799010367,
                34.96840851474114
              ],
              [
                80.00997968891141,
                34.97106985149249
              ],
              [
                80.01943647661207,
                34.975281480056246
              ],
              [
                80.0293583523061,
                34.981172594339846
              ],
              [
                80.03788496312056,
                34.98995758757261
              ],
              [
                80.04377607560532,
                35.00122304950411
              ],
              [
                80.0469283387719,
                35.0177078312514
              ],
              [
                80.04517133958568,
                35.030187690009804
              ],
              [
                80.04021040218826,
                35.04065216716376
              ],
              [
                80.03338911281732,
                35.04876536682822
              ],
              [
                80.02594770672128,
                35.0561550969802
              ],
              [
                80.01928144698115,
                35.064268297543926
              ],
              [
                80.014165479953,
                35.07341502508339
              ],
              [
                80.014165479953,
                35.0859207222635
              ],
              [
                80.0203666516996,
                35.09977000658047
              ],
              [
                80.03664472877121,
                35.119923814532385
              ],
              [
                80.09731286000051,
                35.179274197046496
              ],
              [
                80.15053958513371,
                35.21945262353981
              ],
              [
                80.1654740741692,
                35.23560150850276
              ],
              [
                80.17617109621902,
                35.25324901023364
              ],
              [
                80.2355989930991,
                35.37520539031644
              ],
              [
                80.25420250833912,
                35.40272308999863
              ],
              [
                80.25947350499828,
                35.417321682249785
              ],
              [
                80.26288414878441,
                35.4356668159707
              ],
              [
                80.26272912005287,
                35.46894643782784
              ],
              [
                80.26102379771007,
                35.48630971871861
              ],
              [
                80.25792321228637,
                35.50170929574745
              ],
              [
                80.25859413621043,
                35.50660907834632
              ],
              [
                80.25962853372981,
                35.514163316084144
              ],
              [
                80.27420128755932,
                35.52759918925109
              ],
              [
                80.31214402912363,
                35.5121345813459
              ],
              [
                80.31921146024068,
                35.509254055530256
              ],
              [
                80.36508644888052,
                35.47483921046124
              ],
              [
                80.38809614482119,
                35.45757762310887
              ],
              [
                80.48602298427329,
                35.404247545188014
              ],
              [
                80.51196455282188,
                35.396341051098624
              ],
              [
                80.54126509011174,
                35.390915024808564
              ],
              [
                80.65609012156187,
                35.38430044191187
              ],
              [
                80.67055952260391,
                35.381432400484826
              ],
              [
                80.67676069524987,
                35.379184474883616
              ],
              [
                80.71923872328846,
                35.35711863901392
              ],
              [
                80.74409508711861,
                35.34771352815678
              ],
              [
                80.75820275295466,
                35.344380397837035
              ],
              [
                80.76610924704414,
                35.34342438432787
              ],
              [
                80.79096561087428,
                35.34363108990284
              ],
              [
                80.82987796369707,
                35.34797191057526
              ],
              [
                80.84636274634366,
                35.34823029209429
              ],
              [
                80.85845503057519,
                35.347145087375935
              ],
              [
                80.8758183132646,
                35.34342438432787
              ],
              [
                80.89318159415528,
                35.33742991815616
              ],
              [
                80.95560672367145,
                35.30314260504717
              ],
              [
                80.97886111794618,
                35.29340159830505
              ],
              [
                80.98816287601592,
                35.29239390705319
              ],
              [
                80.99994510278421,
                35.292884833468364
              ],
              [
                81.01906538286111,
                35.29629547815378
              ],
              [
                81.02883222892423,
                35.29970612193994
              ],
              [
                81.0351884303019,
                35.30420197224318
              ],
              [
                81.03689375174525,
                35.31079071671826
              ],
              [
                81.03348310705972,
                35.341357326779274
              ],
              [
                81.0333280783281,
                35.34833364488187
              ],
              [
                81.03410322468407,
                35.355051581465325
              ],
              [
                81.03720381100707,
                35.36350067791395
              ],
              [
                81.04262983639786,
                35.37440440553891
              ],
              [
                81.05069135921889,
                35.38326691313755
              ],
              [
                81.06092329327532,
                35.38856374821841
              ],
              [
                81.07353234234375,
                35.38946808488416
              ],
              [
                81.09136071212717,
                35.38378367797434
              ],
              [
                81.10655358268177,
                35.374016831911234
              ],
              [
                81.13063480015592,
                35.353759671171915
              ],
              [
                81.17781538317342,
                35.3287482768115
              ],
              [
                81.21021650588699,
                35.31691437409908
              ],
              [
                81.23290246028034,
                35.314020494250435
              ],
              [
                81.25972252797222,
                35.31417552298207
              ],
              [
                81.35733930906194,
                35.33239146639306
              ],
              [
                81.37764814574534,
                35.33184886313455
              ],
              [
                81.41738732266681,
                35.32603526501549
              ],
              [
                81.44172692255935,
                35.318981432547034
              ],
              [
                81.46177737772378,
                35.310248115258226
              ],
              [
                81.54507978740229,
                35.25177623098832
              ],
              [
                81.55872236524492,
                35.244774075363225
              ],
              [
                81.57660241097248,
                35.23898631386728
              ],
              [
                81.60419762591972,
                35.23691925721806
              ],
              [
                81.71142622344136,
                35.24565257450659
              ],
              [
                81.9243331239745,
                35.29221303989994
              ],
              [
                82.00220950736289,
                35.319446520540495
              ],
              [
                82.01228641088906,
                35.32526011776029
              ],
              [
                82.02257002088979,
                35.332830715065526
              ],
              [
                82.02985639825418,
                35.34058218042328
              ],
              [
                82.03698774598766,
                35.35197683446333
              ],
              [
                82.04365400572779,
                35.368074042583046
              ],
              [
                82.0563664075836,
                35.41928538701098
              ],
              [
                82.06024214116184,
                35.42639089632284
              ],
              [
                82.06613325364671,
                35.43365143526553
              ],
              [
                82.07564171729142,
                35.44207469329253
              ],
              [
                82.08602868007952,
                35.44799164509837
              ],
              [
                82.2222477556294,
                35.505843410844726
              ],
              [
                82.2891687363481,
                35.544962470141854
              ],
              [
                82.29816043515592,
                35.55273977302213
              ],
              [
                82.30451663563416,
                35.56095632637335
              ],
              [
                82.30978763229339,
                35.571575833158136
              ],
              [
                82.3128882177171,
                35.58273794230223
              ],
              [
                82.31428348169726,
                35.61914398890395
              ],
              [
                82.31893436073214,
                35.63374258115511
              ],
              [
                82.32792606043935,
                35.64366445594992
              ],
              [
                82.33846805195898,
                35.650434068477544
              ],
              [
                82.36068891835887,
                35.65679026985505
              ],
              [
                82.37309126185224,
                35.66180288319653
              ],
              [
                82.40053144716856,
                35.67908864972143
              ],
              [
                82.41453576021715,
                35.68572907193913
              ],
              [
                82.42817833895914,
                35.689759833349626
              ],
              [
                82.45846072818006,
                35.68758942301347
              ],
              [
                82.67178103986312,
                35.65108002452354
              ],
              [
                82.71043501206609,
                35.65017568605906
              ],
              [
                82.73151899600481,
                35.657281196270205
              ],
              [
                82.78459069240647,
                35.68454051443328
              ],
              [
                82.8027807955972,
                35.689243069412036
              ],
              [
                82.82541507404639,
                35.691775214054886
              ],
              [
                82.88515302928889,
                35.68885549578453
              ],
              [
                82.91259321460512,
                35.68293854397861
              ],
              [
                82.9358992857234,
                35.67407603638004
              ],
              [
                82.9568282409305,
                35.657203681005065
              ],
              [
                82.96881717327389,
                35.64190745676369
              ],
              [
                82.97656863773238,
                35.62144359044932
              ],
              [
                82.97842898970602,
                35.60077301676133
              ],
              [
                82.96757693892455,
                35.5161786967894
              ],
              [
                82.96706017408776,
                35.50444814686457
              ],
              [
                82.96799035007456,
                35.497936916755336
              ],
              [
                82.97176272996597,
                35.490443833815874
              ],
              [
                82.98540530780868,
                35.48067698775277
              ],
              [
                83.00633426301582,
                35.46951487950805
              ],
              [
                83.04235273598992,
                35.455045478466005
              ],
              [
                83.06390180882133,
                35.44070526773398
              ],
              [
                83.08209191291142,
                35.42468557398005
              ],
              [
                83.09868004834557,
                35.41277415600239
              ],
              [
                83.12177941298947,
                35.40442841234144
              ],
              [
                83.15671268124527,
                35.40719310188017
              ],
              [
                83.21009443600946,
                35.422773546062366
              ],
              [
                83.2262174816515,
                35.42347117805241
              ],
              [
                83.2461129089836,
                35.4212490908729
              ],
              [
                83.27804894370381,
                35.41329092083935
              ],
              [
                83.31143191924768,
                35.40104360607764
              ],
              [
                83.32864017140675,
                35.397064521510465
              ],
              [
                83.35266971203755,
                35.39398977270982
              ],
              [
                83.45261193219491,
                35.393550523138174
              ],
              [
                83.49855228086298,
                35.38515310353291
              ],
              [
                83.5401518088589,
                35.36652374897188
              ],
              [
                83.56480146711397,
                35.36071015085278
              ],
              [
                83.61508263465589,
                35.35900482850998
              ],
              [
                83.87067426970178,
                35.37453359584875
              ],
              [
                83.98441409733275,
                35.4160297710571
              ],
              [
                84.00906375468854,
                35.4185102397558
              ],
              [
                84.02425662614245,
                35.41809682950505
              ],
              [
                84.03919111517783,
                35.41561635990707
              ],
              [
                84.05112837067783,
                35.41174062812746
              ],
              [
                84.11365685388078,
                35.38329275245855
              ],
              [
                84.13319054600689,
                35.37753082938424
              ],
              [
                84.1552563818765,
                35.375567125522416
              ],
              [
                84.17432498600927,
                35.3768073589725
              ],
              [
                84.21468427875647,
                35.38895132094673
              ],
              [
                84.56344852143206,
                35.559483548027316
              ],
              [
                84.58556603414519,
                35.56666657170487
              ],
              [
                84.77764733315789,
                35.600488796820486
              ],
              [
                84.84746219282586,
                35.63353587558014
              ],
              [
                84.9236332538715,
                35.68932058377788
              ],
              [
                85.1497693219966,
                35.74980784785387
              ],
              [
                85.17705447768202,
                35.75053131826571
              ],
              [
                85.21446821463641,
                35.74722402636777
              ],
              [
                85.22408003106854,
                35.74500193918808
              ],
              [
                85.2533805683586,
                35.73223786138822
              ],
              [
                85.26025353367368,
                35.73040334693693
              ],
              [
                85.2707955260927,
                35.730248318205305
              ],
              [
                85.28350792794858,
                35.731669419708
              ],
              [
                85.31596072840486,
                35.73947256100992
              ],
              [
                85.34154056174746,
                35.74895518623282
              ],
              [
                85.36743045435199,
                35.75492381398291
              ],
              [
                85.38934126238935,
                35.756706650691314
              ],
              [
                85.42933881993058,
                35.75438121252288
              ],
              [
                85.44256798662325,
                35.752055772555806
              ],
              [
                85.45202477432383,
                35.749394435804646
              ],
              [
                85.52385501469715,
                35.71626984357843
              ],
              [
                85.52757571774514,
                35.713298448464656
              ],
              [
                85.53067630406818,
                35.708156643014696
              ],
              [
                85.54354373555499,
                35.67797760748063
              ],
              [
                85.54871137942666,
                35.66898590777335
              ],
              [
                85.55460249191152,
                35.661983751249146
              ],
              [
                85.56188886927582,
                35.657410387479416
              ],
              [
                85.57134565607711,
                35.65604096102147
              ],
              [
                85.58266279485211,
                35.65777212178601
              ],
              [
                85.59832075429935,
                35.66384410322277
              ],
              [
                85.61976647344397,
                35.67539378509508
              ],
              [
                85.71686648969674,
                35.75926463555443
              ],
              [
                85.72885542204007,
                35.76608592402611
              ],
              [
                85.74528852694394,
                35.77040090627672
              ],
              [
                85.76823286285632,
                35.772571315713684
              ],
              [
                85.92992841986067,
                35.76169342740982
              ],
              [
                85.95121911027368,
                35.764070543320926
              ],
              [
                85.9732332701993,
                35.77223541892944
              ],
              [
                85.98672081931039,
                35.77988353149982
              ],
              [
                85.9932320503189,
                35.78484446889714
              ],
              [
                86.02801028804431,
                35.82644399689296
              ],
              [
                86.0733305199874,
                35.860369574796096
              ],
              [
                86.08743818582364,
                35.87558828377221
              ],
              [
                86.1107442569419,
                35.916257635781335
              ],
              [
                86.11260460801624,
                35.921063544447016
              ],
              [
                86.12014936689975,
                35.957650458202096
              ],
              [
                86.12609215712732,
                35.975659695138866
              ],
              [
                86.12857262582604,
                35.98043976538283
              ],
              [
                86.13317182801738,
                35.98534902593682
              ],
              [
                86.15911339656598,
                36.00023183902816
              ],
              [
                86.16924197783496,
                36.009404404989255
              ],
              [
                86.1785437359047,
                36.020308131714856
              ],
              [
                86.18676028835654,
                36.03433828408463
              ],
              [
                86.19187625538487,
                36.048704332339085
              ],
              [
                86.20241824690449,
                36.0956006945165
              ],
              [
                86.20675906757684,
                36.10735708286306
              ],
              [
                86.21234012169933,
                36.115935370520965
              ],
              [
                86.22432905494202,
                36.12503042301556
              ],
              [
                86.23394087137414,
                36.1306631539813
              ],
              [
                86.24525801014906,
                36.13593414974126
              ],
              [
                86.27238813710275,
                36.14564931896084
              ],
              [
                86.39951216015812,
                36.17004059479753
              ],
              [
                86.41129438692641,
                36.17451060577988
              ],
              [
                86.41935590974744,
                36.179755764017216
              ],
              [
                86.42850263908545,
                36.18761058216265
              ],
              [
                86.43764936662492,
                36.19910858809082
              ],
              [
                86.4487081238808,
                36.21029653655599
              ],
              [
                86.45940514503134,
                36.21944326409537
              ],
              [
                86.47475304611615,
                36.22393911439863
              ],
              [
                86.49645714677987,
                36.22528270153545
              ],
              [
                86.5895780775662,
                36.21654938424664
              ],
              [
                86.6613049660513,
                36.220063380820356
              ],
              [
                86.69029544497872,
                36.22510183438218
              ],
              [
                86.71385989761617,
                36.23145803486042
              ],
              [
                86.78698205008156,
                36.26026764573528
              ],
              [
                86.8201583191511,
                36.265073554401
              ],
              [
                87.00081912570212,
                36.274091090731254
              ],
              [
                87.00991417819672,
                36.27819936830618
              ],
              [
                87.03042972225381,
                36.28483978872533
              ],
              [
                87.06345096169245,
                36.29215200541071
              ],
              [
                87.17987796359718,
                36.30101451300936
              ],
              [
                87.19383060070172,
                36.30396006880215
              ],
              [
                87.34560428291127,
                36.3740591502096
              ],
              [
                87.3642077981513,
                36.37560944292148
              ],
              [
                87.39449018827159,
                36.37013174068729
              ],
              [
                87.4517476748153,
                36.34925446232361
              ],
              [
                87.50058190333218,
                36.336542060467714
              ],
              [
                87.51489627474331,
                36.33496592933419
              ],
              [
                87.57091352693766,
                36.33380320935061
              ],
              [
                87.76578535391097,
                36.35974477789918
              ],
              [
                87.85208499532624,
                36.362948717009736
              ],
              [
                87.88758670436296,
                36.369098211912984
              ],
              [
                87.92453535422328,
                36.382559923501645
              ],
              [
                87.94251875183885,
                36.3933086214958
              ],
              [
                87.96722008693746,
                36.41385000307514
              ],
              [
                87.97636681537621,
                36.42005117392254
              ],
              [
                87.98597863180841,
                36.42503794974157
              ],
              [
                87.99295494991108,
                36.42723419939872
              ],
              [
                88.00008629764457,
                36.428371080061225
              ],
              [
                88.07847944497044,
                36.42413361307584
              ],
              [
                88.14875939263177,
                36.42842275600538
              ],
              [
                88.27676191572981,
                36.44857656485659
              ],
              [
                88.39825320781927,
                36.454829413446696
              ],
              [
                88.4592313983104,
                36.44888662411832
              ],
              [
                88.47478600497016,
                36.4452175970145
              ],
              [
                88.49044396441741,
                36.43787954370603
              ],
              [
                88.49680016489572,
                36.43291860630862
              ],
              [
                88.50052086794359,
                36.42940460883562
              ],
              [
                88.5028463070114,
                36.4262781849903
              ],
              [
                88.506256951697,
                36.422867540304686
              ],
              [
                88.5108044779442,
                36.41961192525016
              ],
              [
                88.51617882739093,
                36.416743882923775
              ],
              [
                88.52237999913761,
                36.414315090169296
              ],
              [
                88.7117224470333,
                36.36840057992286
              ],
              [
                88.82809777209451,
                36.373671576582005
              ],
              [
                88.83863976361415,
                36.371656195876746
              ],
              [
                88.85124881358183,
                36.36731537520441
              ],
              [
                88.88271976120805,
                36.35018463831041
              ],
              [
                88.95827070462934,
                36.28729441990151
              ],
              [
                88.97491051600745,
                36.2787161322437
              ],
              [
                88.9829203628844,
                36.27608063391408
              ],
              [
                88.99320397288503,
                36.273961900421426
              ],
              [
                89.04007449664064,
                36.27142975487929
              ],
              [
                89.0781083521187,
                36.26432424646689
              ],
              [
                89.11050947483234,
                36.26225718801883
              ],
              [
                89.20471561123644,
                36.2663654646945
              ],
              [
                89.22362918483896,
                36.26357493673387
              ],
              [
                89.67781334810753,
                36.08195811577441
              ],
              [
                89.86679406079725,
                36.065602525236315
              ],
              [
                89.89289065987602,
                36.06596426044229
              ],
              [
                89.91878055158116,
                36.06978831627776
              ],
              [
                89.9461173850093,
                36.08002025033431
              ],
              [
                89.96255048991318,
                36.09187999146844
              ],
              [
                89.97200727671446,
                36.10492829010858
              ],
              [
                89.97665815574925,
                36.118570867951206
              ],
              [
                89.97944868370976,
                36.133143621780725
              ],
              [
                90.01376183524047,
                36.252774562795835
              ],
              [
                90.02099653486218,
                36.258510647448425
              ],
              [
                90.02957482341935,
                36.25884654423259
              ],
              [
                90.04419925319294,
                36.25050080057146
              ],
              [
                90.06884891234748,
                36.23331838593477
              ],
              [
                90.08331831338951,
                36.22101939522898
              ],
              [
                90.09804609595048,
                36.20487051026584
              ],
              [
                90.13246260026877,
                36.150713609145754
              ],
              [
                90.13850874238445,
                36.14309133589648
              ],
              [
                90.1453300308562,
                36.137071031303044
              ],
              [
                90.15421837777583,
                36.132471829111594
              ],
              [
                90.16569054618175,
                36.1292420524787
              ],
              [
                90.29245283403107,
                36.115547796893374
              ],
              [
                90.62266523561213,
                36.11112946185518
              ],
              [
                90.64256066294422,
                36.10580679015125
              ],
              [
                90.82937096619705,
                36.010412096241204
              ],
              [
                90.85340050682787,
                36.00472768843204
              ],
              [
                90.8750012547041,
                36.00364248281432
              ],
              [
                90.8942248875685,
                36.0066138779281
              ],
              [
                90.91499881404398,
                36.01333181451165
              ],
              [
                91.00594933539348,
                36.05294179932457
              ],
              [
                91.04749718564653,
                36.063380438956095
              ],
              [
                91.0920422712338,
                36.06952993385934
              ],
              [
                91.11131758004225,
                36.07392243137511
              ],
              [
                91.12371992443488,
                36.081208807840234
              ],
              [
                91.13162641762507,
                36.09113068353416
              ],
              [
                91.1359672382974,
                36.10456655490262
              ],
              [
                91.13731082633353,
                36.12043121992484
              ],
              [
                91.13576053272246,
                36.140636704720094
              ],
              [
                91.11782881105074,
                36.197635809744774
              ],
              [
                91.08382571788249,
                36.26070689530694
              ],
              [
                91.06103641160112,
                36.313546047711924
              ],
              [
                91.02455284973416,
                36.46033295320314
              ],
              [
                91.00672448085014,
                36.50348277391087
              ],
              [
                91.00052330910346,
                36.50924469698526
              ],
              [
                90.99478722535012,
                36.512939562510816
              ],
              [
                90.98527876170549,
                36.51761627906802
              ],
              [
                90.97225630058779,
                36.52231883404695
              ],
              [
                90.93690962118207,
                36.530173652192296
              ],
              [
                90.85805138496336,
                36.53908783573508
              ],
              [
                90.84053307534114,
                36.543583686038225
              ],
              [
                90.80528974782362,
                36.558518175073715
              ],
              [
                90.76027957604154,
                36.590609239424836
              ],
              [
                90.71046349469451,
                36.6361620144654
              ],
              [
                90.702298619086,
                36.64600637489437
              ],
              [
                90.69775109193934,
                36.65546316169549
              ],
              [
                90.695890740865,
                36.6605532903021
              ],
              [
                90.68813927640642,
                36.69848379209337
              ],
              [
                90.6861238948019,
                36.74574188947666
              ],
              [
                90.68999962838014,
                36.77625682179488
              ],
              [
                90.6962008001268,
                36.79690155706117
              ],
              [
                90.70147179588666,
                36.8078311222085
              ],
              [
                90.71237552261229,
                36.82149953937219
              ],
              [
                90.76586063016396,
                36.86395172808979
              ],
              [
                90.8077702174216,
                36.91056387032637
              ],
              [
                90.8264254086057,
                36.92361216896642
              ],
              [
                90.83774254827998,
                36.92777212248551
              ],
              [
                90.8911243021448,
                36.93947683398872
              ],
              [
                90.89546512191785,
                36.939295965936104
              ],
              [
                90.9637296897734,
                36.929632473559856
              ],
              [
                90.98217817628179,
                36.92958079671643
              ],
              [
                91.00036828037182,
                36.931208603794005
              ],
              [
                91.05499026858598,
                36.94513540337619
              ],
              [
                91.16113366138937,
                36.99210927991937
              ],
              [
                91.19136437376687,
                37.00146271393318
              ],
              [
                91.28758589087616,
                37.01350332311984
              ],
              [
                91.29874800002024,
                37.01763743731784
              ],
              [
                91.30820478682146,
                37.02404531553885
              ],
              [
                91.31879845608388,
                37.03549164552305
              ],
              [
                91.32324262864441,
                37.0437340363966
              ],
              [
                91.32561974455557,
                37.05298411672365
              ],
              [
                91.3259298029181,
                37.0701923688828
              ],
              [
                91.32355268790614,
                37.09267161680161
              ],
              [
                91.32065880715814,
                37.106314195543774
              ],
              [
                91.31631798738516,
                37.11897492145544
              ],
              [
                91.30991010916415,
                37.12912934024686
              ],
              [
                91.3023136743366,
                37.13706167275797
              ],
              [
                91.23497928336714,
                37.19540436491957
              ],
              [
                91.16314904209455,
                37.3001266553209
              ],
              [
                91.1516768736889,
                37.32325185838651
              ],
              [
                91.12620039313367,
                37.41859487635243
              ],
              [
                91.11767378141994,
                37.43869700836028
              ],
              [
                91.10635664264493,
                37.458127345900365
              ],
              [
                91.09131880082195,
                37.47554230453368
              ],
              [
                91.0816553084457,
                37.48329376899225
              ],
              [
                91.07374881435621,
                37.48794464802703
              ],
              [
                90.9572184587649,
                37.51941559475387
              ],
              [
                90.93908003061885,
                37.52732208884327
              ],
              [
                90.8991858258652,
                37.55344452634384
              ],
              [
                90.86662967262126,
                37.58354604841142
              ],
              [
                90.834486932326,
                37.607782293717904
              ],
              [
                90.67558190328215,
                37.66979401298325
              ],
              [
                90.56897342338476,
                37.73196076098041
              ],
              [
                90.43647505088286,
                37.7785729032169
              ],
              [
                90.42975711519867,
                37.78281037020245
              ],
              [
                90.4226257665658,
                37.78854645395568
              ],
              [
                90.41316897976459,
                37.8000186223616
              ],
              [
                90.40882815999156,
                37.80839020444444
              ],
              [
                90.40603763203103,
                37.81655508095214
              ],
              [
                90.40510745604422,
                37.82735545489035
              ],
              [
                90.40557254403767,
                37.8335049506929
              ],
              [
                90.40722619043633,
                37.84011953448888
              ],
              [
                90.41006839434091,
                37.846992498904775
              ],
              [
                90.44345136898544,
                37.900477607355654
              ],
              [
                90.44841230728213,
                37.915980536272706
              ],
              [
                90.45135786307492,
                37.9367544618489
              ],
              [
                90.44841230728213,
                37.965899970407314
              ],
              [
                90.44360639771706,
                37.98447764722564
              ],
              [
                90.43926557794401,
                37.99607900594138
              ],
              [
                90.1934924658047,
                38.325671291696736
              ],
              [
                90.16476037019495,
                38.379053046460925
              ],
              [
                90.15328820178902,
                38.408792833322615
              ],
              [
                90.1509110858778,
                38.432796536430985
              ],
              [
                90.15928266796082,
                38.44584483507105
              ],
              [
                90.17220177629096,
                38.4562834738033
              ],
              [
                90.18847985156384,
                38.46403493916106
              ],
              [
                90.20558475093547,
                38.46928009739858
              ],
              [
                90.24062137197876,
                38.473827622746605
              ],
              [
                90.2561243017951,
                38.473775946802554
              ],
              [
                90.31245161325127,
                38.4657919383473
              ],
              [
                90.32056481291582,
                38.466722114334026
              ],
              [
                90.3809228857825,
                38.48617829029581
              ],
              [
                90.40123172426463,
                38.496668605871484
              ],
              [
                90.41192874541525,
                38.503799954504274
              ],
              [
                90.47822960761032,
                38.53250621169229
              ],
              [
                90.53652062382768,
                38.57128937420517
              ],
              [
                90.54974978962109,
                38.581986396255154
              ],
              [
                90.57936038617278,
                38.60038320592023
              ],
              [
                90.62638593866009,
                38.61753978123594
              ],
              [
                90.63150190568834,
                38.620304469875386
              ],
              [
                90.63599775599158,
                38.62430939376356
              ],
              [
                90.63894331268374,
                38.62921865521673
              ],
              [
                90.64064863502645,
                38.63531647417594
              ],
              [
                90.64287072130666,
                38.654023342203445
              ],
              [
                90.64504113164283,
                38.66089630841791
              ],
              [
                90.64907189305335,
                38.66875112656326
              ],
              [
                90.65351606561379,
                38.67407379826717
              ],
              [
                90.65930382710992,
                38.67712270774674
              ],
              [
                90.66581505721912,
                38.67787201658028
              ],
              [
                90.70550255729718,
                38.671464138359354
              ],
              [
                90.7350098001621,
                38.67319529912379
              ],
              [
                90.89494835798035,
                38.70099721874672
              ],
              [
                90.92388716006434,
                38.70290924756367
              ],
              [
                91.01246056460334,
                38.698671780578195
              ],
              [
                91.11984419085672,
                38.716086738312306
              ],
              [
                91.19880577986281,
                38.740374661361514
              ],
              [
                91.22598758276065,
                38.744147040353624
              ],
              [
                91.2944071802471,
                38.745128893183875
              ],
              [
                91.34267296708379,
                38.759753322957444
              ],
              [
                91.44246015761013,
                38.80406586454795
              ],
              [
                91.46602461114685,
                38.811972357738064
              ],
              [
                91.49160444538883,
                38.81726919191971
              ],
              [
                91.62865034413805,
                38.825666612424286
              ],
              [
                91.88062462802415,
                38.875482692871955
              ],
              [
                91.97545088115326,
                38.906772773344834
              ],
              [
                92.12272871305959,
                38.94064667440452
              ],
              [
                92.24856082582144,
                38.989041653349574
              ],
              [
                92.33310346894993,
                39.0498648142098
              ],
              [
                92.34369713731292,
                39.055084133126236
              ],
              [
                92.36757164921227,
                39.062887275327434
              ],
              [
                92.39444339374758,
                39.06758983030645
              ],
              [
                92.50456587111798,
                39.07441111877803
              ],
              [
                92.81105879133014,
                39.126397610461346
              ],
              [
                92.90433475084807,
                39.15089223908551
              ],
              [
                92.9238684429742,
                39.15311432626518
              ],
              [
                92.9359607281051,
                39.15285594294733
              ],
              [
                93.00179650320608,
                39.1459829785317
              ],
              [
                93.02443077985664,
                39.14758494718756
              ],
              [
                93.03574791863151,
                39.152080797490804
              ],
              [
                93.05543663859001,
                39.16494822897753
              ],
              [
                93.06432498640893,
                39.17192454708018
              ],
              [
                93.0744018899352,
                39.17822907251364
              ],
              [
                93.11662153465602,
                39.195127265411045
              ],
              [
                93.12933393831057,
                39.1979177924722
              ],
              [
                93.14034101782366,
                39.19874461477223
              ],
              [
                93.1975468284234,
                39.187892563990694
              ],
              [
                93.25997195793948,
                39.18729828478795
              ],
              [
                93.27562991738682,
                39.18871938718992
              ],
              [
                93.40523441003991,
                39.2169863957056
              ],
              [
                93.41515628483465,
                39.22044871723454
              ],
              [
                93.43251956572534,
                39.229698798460774
              ],
              [
                93.47675459205078,
                39.25977448210672
              ],
              [
                93.50202436703084,
                39.27191844318159
              ],
              [
                93.5212996758393,
                39.27755117414734
              ],
              [
                93.5391280456228,
                39.280600084526256
              ],
              [
                93.62615115834929,
                39.27770620377823
              ],
              [
                93.64511640789583,
                39.28018667337633
              ],
              [
                93.72206261619675,
                39.30674835954908
              ],
              [
                93.73384484296503,
                39.30853119625775
              ],
              [
                93.74397342333484,
                39.308918768986054
              ],
              [
                93.7732739597254,
                39.30075389337755
              ],
              [
                93.79673506137402,
                39.29791168947288
              ],
              [
                93.81967939728641,
                39.2981700709919
              ],
              [
                93.84463911300463,
                39.295379543930835
              ],
              [
                93.85259728393756,
                39.29266653123536
              ],
              [
                93.87786705891763,
                39.28685293221698
              ],
              [
                93.89817589739974,
                39.28483755151183
              ],
              [
                93.9089245953938,
                39.28563853628943
              ],
              [
                93.96990278498549,
                39.304112861219544
              ],
              [
                93.98308027483483,
                39.306024889137326
              ],
              [
                94.03739220558576,
                39.306489977130695
              ],
              [
                94.05863121915539,
                39.308918768986054
              ],
              [
                94.1169739122163,
                39.32194123010368
              ],
              [
                94.14989179886746,
                39.32426666917148
              ],
              [
                94.17423139786072,
                39.32095937817272
              ],
              [
                94.47932905499181,
                39.31783295342804
              ],
              [
                94.52118696540612,
                39.31083079690374
              ],
              [
                94.5423226261882,
                39.30380280195773
              ],
              [
                94.5534847353323,
                39.301218980471546
              ],
              [
                94.63105106035812,
                39.295379543930835
              ],
              [
                94.64536543176925,
                39.29083201858273
              ],
              [
                94.6577677752626,
                39.28532847792699
              ]
            ]
          ]
        ]
      }
    }
  ]
}